{
  "type": "FeatureCollection",
  "features": [
    {
      "type": "Feature",
      "geometry": {
        "type": "Point",
        "coordinates": [
          121.5228233,
          25.101658
        ]
      },
      "properties": {
        "id": "139",
        "name": "捷運芝山站停車場(北側)",
        "area": "士林區",
        "address": "台北市士林區福國路70號",
        "summary": "計有30個小型車格",
        "tel": "02-26550818",
        "car": 30,
        "motor": 0,
        "charging": 0,
        "occupied_rate": -99,
        "data_time": "Sat May 02 00:00:00 CST 2026"
      }
    },
    {
      "type": "Feature",
      "geometry": {
        "type": "Point",
        "coordinates": [
          121.5239543,
          25.0551548
        ]
      },
      "properties": {
        "id": "TPE0001",
        "name": "台灣聯通長春停車場",
        "area": "中山區",
        "address": "長春路17號地下1層",
        "summary": "大型車:0格，小型車:17格(含身心障礙停車位1格)，機車:0格",
        "tel": "2523-5000",
        "car": 17,
        "motor": 0,
        "charging": 0,
        "occupied_rate": -99,
        "data_time": "Sat May 02 00:00:00 CST 2026"
      }
    },
    {
      "type": "Feature",
      "geometry": {
        "type": "Point",
        "coordinates": [
          121.5619799,
          25.0331679
        ]
      },
      "properties": {
        "id": "TPE0002",
        "name": "嘟嘟房世貿一館站停車場",
        "area": "信義區",
        "address": "信義路5段5號地下1層",
        "summary": "大型車:0格，小型車:335格(含身心障礙停車位6格，孕婦、育有六歲以下兒童停車位6格)，機車:0格，充電格位:7格",
        "tel": "0226550818",
        "car": 335,
        "motor": 0,
        "charging": 0,
        "occupied_rate": -99,
        "data_time": "Sat May 02 00:00:00 CST 2026"
      }
    },
    {
      "type": "Feature",
      "geometry": {
        "type": "Point",
        "coordinates": [
          121.5595792,
          25.0583878
        ]
      },
      "properties": {
        "id": "TPE0003",
        "name": "民生立體停車場",
        "area": "松山區",
        "address": "民生東路5段84號",
        "summary": "大型車:0格，小型車:457格(含身心障礙停車位10格，孕婦、育有六歲以下兒童停車位11格)，機車:0格，大型重機:3格，充電格位:12格",
        "tel": "0227608303",
        "car": 457,
        "motor": 0,
        "charging": 0,
        "occupied_rate": -99,
        "data_time": "Sat May 02 00:00:00 CST 2026"
      }
    },
    {
      "type": "Feature",
      "geometry": {
        "type": "Point",
        "coordinates": [
          121.5611301,
          25.0343154
        ]
      },
      "properties": {
        "id": "TPE0004",
        "name": "台北世界貿易中心國際貿易大樓地下停車場",
        "area": "信義區",
        "address": "基隆路1段333號地下3層(臨時停車區)",
        "summary": "大型車:0格，小型車:56格(含身心障礙停車位1格)，機車:0格，充電格位:1格",
        "tel": "0227576834",
        "car": 56,
        "motor": 0,
        "charging": 0,
        "occupied_rate": -99,
        "data_time": "Sat May 02 00:00:00 CST 2026"
      }
    },
    {
      "type": "Feature",
      "geometry": {
        "type": "Point",
        "coordinates": [
          121.5776152,
          24.9979279
        ]
      },
      "properties": {
        "id": "TPE0005",
        "name": "嘟嘟房動物園堤外站停車場",
        "area": "文山區",
        "address": "新光路2段2號河川高灘地",
        "summary": "大型車:8格，小型車:1228格(含身心障礙停車位26格，孕婦、育有六歲以下兒童停車位26格)，機車:0格",
        "tel": "0225573722",
        "car": 1228,
        "motor": 0,
        "charging": 0,
        "occupied_rate": -99,
        "data_time": "Sat May 02 00:00:00 CST 2026"
      }
    },
    {
      "type": "Feature",
      "geometry": {
        "type": "Point",
        "coordinates": [
          121.505312,
          25.0442367
        ]
      },
      "properties": {
        "id": "TPE0006",
        "name": "峨眉立體停車場",
        "area": "萬華區",
        "address": "峨眉街83號地下1層及地上7層",
        "summary": "大型車:0格，小型車:518格(含身心障礙停車位11格，孕婦、育有六歲以下兒童停車位11格)，機車:1653格(含身心障礙停車位12格)，充電格位:10格",
        "tel": "",
        "car": 518,
        "motor": 1653,
        "charging": 0,
        "occupied_rate": -99,
        "data_time": "Sat May 02 00:00:00 CST 2026"
      }
    },
    {
      "type": "Feature",
      "geometry": {
        "type": "Point",
        "coordinates": [
          121.52041,
          25.068917
        ]
      },
      "properties": {
        "id": "TPE0007",
        "name": "花博公園圓山地下停車場",
        "area": "中山區",
        "address": "玉門街1號地下1層",
        "summary": "大型車:0格，小型車:105格(含身心障礙停車位3格，孕婦、育有六歲以下兒童停車位4格)，機車:0格，充電格位:2格",
        "tel": "0800-021-111",
        "car": 105,
        "motor": 0,
        "charging": 0,
        "occupied_rate": -99,
        "data_time": "Sat May 02 00:00:00 CST 2026"
      }
    },
    {
      "type": "Feature",
      "geometry": {
        "type": "Point",
        "coordinates": [
          121.5525417,
          25.0490814
        ]
      },
      "properties": {
        "id": "TPE0008",
        "name": "北寧路地下停車場",
        "area": "松山區",
        "address": "八德路3段25號地下（地下共2層）",
        "summary": "大型車:0格，小型車:76格(含身心障礙停車位2格，孕婦、育有六歲以下兒童停車位2格)，機車:0格，充電格位:2格",
        "tel": "0227995657",
        "car": 76,
        "motor": 0,
        "charging": 0,
        "occupied_rate": -99,
        "data_time": "Sat May 02 00:00:00 CST 2026"
      }
    },
    {
      "type": "Feature",
      "geometry": {
        "type": "Point",
        "coordinates": [
          121.5583321,
          25.0490552
        ]
      },
      "properties": {
        "id": "TPE0009",
        "name": "光復北路平面停車場",
        "area": "松山區",
        "address": "八德路4段17巷9號",
        "summary": "大型車:0格，小型車:24格(含身心障礙停車位1格)，機車:0格，充電格位:3格",
        "tel": "0227590666",
        "car": 24,
        "motor": 0,
        "charging": 0,
        "occupied_rate": -99,
        "data_time": "Sat May 02 00:00:00 CST 2026"
      }
    },
    {
      "type": "Feature",
      "geometry": {
        "type": "Point",
        "coordinates": [
          121.5056877,
          25.047718
        ]
      },
      "properties": {
        "id": "TPE0010",
        "name": "洛陽綜合立體停車場",
        "area": "萬華區",
        "address": "環河南路1段1號",
        "summary": "大型車:0格，小型車:1295格(含身心障礙停車位29格，孕婦、育有六歲以下兒童停車位30格)，機車:0格，大型重機:20格，充電格位:46格",
        "tel": "2381-2484",
        "car": 1295,
        "motor": 0,
        "charging": 0,
        "occupied_rate": -99,
        "data_time": "Sat May 02 00:00:00 CST 2026"
      }
    },
    {
      "type": "Feature",
      "geometry": {
        "type": "Point",
        "coordinates": [
          121.5105875,
          25.0440404
        ]
      },
      "properties": {
        "id": "TPE0011",
        "name": "中山堂地下停車場",
        "area": "中正區",
        "address": "延平南路98號地下1至2層",
        "summary": "大型車:0格，小型車:441格(含身心障礙停車位9格，孕婦、育有六歲以下兒童停車位9格)，機車:0格，大型重機:1格，充電格位:9格",
        "tel": "2655-0818",
        "car": 441,
        "motor": 0,
        "charging": 0,
        "occupied_rate": -99,
        "data_time": "Sat May 02 00:00:00 CST 2026"
      }
    },
    {
      "type": "Feature",
      "geometry": {
        "type": "Point",
        "coordinates": [
          121.5299982,
          25.0628095
        ]
      },
      "properties": {
        "id": "TPE0012",
        "name": "亞都麗緻大飯店停車場",
        "area": "中山區",
        "address": "民權東路2段41號",
        "summary": "大型車:0格，小型車:17格(含身心障礙停車位1格)，機車:0格",
        "tel": "022597-1234",
        "car": 17,
        "motor": 0,
        "charging": 0,
        "occupied_rate": -99,
        "data_time": "Sat May 02 00:00:00 CST 2026"
      }
    },
    {
      "type": "Feature",
      "geometry": {
        "type": "Point",
        "coordinates": [
          121.5520652,
          25.0412288
        ]
      },
      "properties": {
        "id": "TPE0013",
        "name": "明曜百貨停車場",
        "area": "大安區",
        "address": "忠孝東路4段200號地下2至3層",
        "summary": "大型車:0格，小型車:64格(含身心障礙停車位2格，孕婦、育有六歲以下兒童停車位1格)，機車:0格，充電格位:1格",
        "tel": "27771266",
        "car": 64,
        "motor": 0,
        "charging": 0,
        "occupied_rate": -99,
        "data_time": "Sat May 02 00:00:00 CST 2026"
      }
    },
    {
      "type": "Feature",
      "geometry": {
        "type": "Point",
        "coordinates": [
          121.5242439,
          25.0541584
        ]
      },
      "properties": {
        "id": "TPE0014",
        "name": "USPACE晶華酒店附設停車場",
        "area": "中山區",
        "address": "中山北路2段39巷3號地下4層",
        "summary": "大型車:0格，小型車:145格(含身心障礙停車位4格，孕婦、育有六歲以下兒童停車位2格)，機車:0格，充電格位:3格",
        "tel": "7751-8097",
        "car": 145,
        "motor": 0,
        "charging": 0,
        "occupied_rate": -99,
        "data_time": "Sat May 02 00:00:00 CST 2026"
      }
    },
    {
      "type": "Feature",
      "geometry": {
        "type": "Point",
        "coordinates": [
          121.5320979,
          25.0553516
        ]
      },
      "properties": {
        "id": "TPE0015",
        "name": "長春路平面停車場",
        "area": "中山區",
        "address": "松江路160巷5-5號旁",
        "summary": "大型車:0格，小型車:22格(含身心障礙停車位1格)，機車:0格，充電格位:3格",
        "tel": "2759-0666",
        "car": 22,
        "motor": 0,
        "charging": 0,
        "occupied_rate": -99,
        "data_time": "Sat May 02 00:00:00 CST 2026"
      }
    },
    {
      "type": "Feature",
      "geometry": {
        "type": "Point",
        "coordinates": [
          121.5053937,
          25.0437625
        ]
      },
      "properties": {
        "id": "TPE0017",
        "name": "今日育樂大樓停車場",
        "area": "萬華區",
        "address": "峨眉街52號地下2層",
        "summary": "大型車:0格，小型車:16格(含身心障礙停車位1格)，機車:0格",
        "tel": "23814307",
        "car": 16,
        "motor": 0,
        "charging": 0,
        "occupied_rate": -99,
        "data_time": "Sat May 02 00:00:00 CST 2026"
      }
    },
    {
      "type": "Feature",
      "geometry": {
        "type": "Point",
        "coordinates": [
          121.5255228,
          25.0681091
        ]
      },
      "properties": {
        "id": "TPE0018",
        "name": "歐華酒店附設停車場",
        "area": "中山區",
        "address": "林森北路646號地下1層",
        "summary": "大型車:0格，小型車:32格(含身心障礙停車位1格)，機車:0格",
        "tel": "2585-3258#0",
        "car": 32,
        "motor": 0,
        "charging": 0,
        "occupied_rate": -99,
        "data_time": "Sat May 02 00:00:00 CST 2026"
      }
    },
    {
      "type": "Feature",
      "geometry": {
        "type": "Point",
        "coordinates": [
          121.5482062,
          25.0563944
        ]
      },
      "properties": {
        "id": "TPE0020",
        "name": "USPACE宏泰世界大樓停車場",
        "area": "松山區",
        "address": "敦化北路168號地下2至5層",
        "summary": "大型車:0格，小型車:272格(含身心障礙停車位6格)，機車:0格，充電格位:3格",
        "tel": "(02)77518097",
        "car": 272,
        "motor": 0,
        "charging": 0,
        "occupied_rate": -99,
        "data_time": "Sat May 02 00:00:00 CST 2026"
      }
    },
    {
      "type": "Feature",
      "geometry": {
        "type": "Point",
        "coordinates": [
          121.5218862,
          25.055372
        ]
      },
      "properties": {
        "id": "TPE0021",
        "name": "嘟嘟房中山北1站停車場",
        "area": "中山區",
        "address": "中山北路2段44號地下2至4層",
        "summary": "大型車:0格，小型車:96格(含身心障礙停車位2格)，機車:0格，充電格位:1格",
        "tel": "2655-0818",
        "car": 96,
        "motor": 0,
        "charging": 0,
        "occupied_rate": -99,
        "data_time": "Sat May 02 00:00:00 CST 2026"
      }
    },
    {
      "type": "Feature",
      "geometry": {
        "type": "Point",
        "coordinates": [
          121.5626203,
          25.0355624
        ]
      },
      "properties": {
        "id": "TPE0022",
        "name": "台北君悅酒店停車場",
        "area": "信義區",
        "address": "松壽路2號地下1至2層",
        "summary": "大型車:0格，小型車:490格(含身心障礙停車位13格，孕婦、育有六歲以下兒童停車位2格)，機車:0格，充電格位:5格",
        "tel": "02-27290580",
        "car": 490,
        "motor": 0,
        "charging": 0,
        "occupied_rate": -99,
        "data_time": "Sat May 02 00:00:00 CST 2026"
      }
    },
    {
      "type": "Feature",
      "geometry": {
        "type": "Point",
        "coordinates": [
          121.5213626,
          25.0520222
        ]
      },
      "properties": {
        "id": "TPE0023",
        "name": "新光三越百貨股份有限公司台北南西分公司停車場",
        "area": "中山區",
        "address": "南京西路12號地下3至4層",
        "summary": "大型車:0格，小型車:155格(含身心障礙停車位3格，孕婦、育有六歲以下兒童停車位3格)，機車:0格，充電格位:4格",
        "tel": "2568-2868",
        "car": 155,
        "motor": 0,
        "charging": 0,
        "occupied_rate": -99,
        "data_time": "Sat May 02 00:00:00 CST 2026"
      }
    },
    {
      "type": "Feature",
      "geometry": {
        "type": "Point",
        "coordinates": [
          121.5220495,
          25.0448492
        ]
      },
      "properties": {
        "id": "TPE0024",
        "name": "喜來登飯店停車場",
        "area": "中正區",
        "address": "忠孝東路1段12號",
        "summary": "大型車:0格，小型車:214格(含身心障礙停車位4格)，機車:0格，充電格位:1格",
        "tel": "23215858#8938",
        "car": 214,
        "motor": 0,
        "charging": 0,
        "occupied_rate": -99,
        "data_time": "Sat May 02 00:00:00 CST 2026"
      }
    },
    {
      "type": "Feature",
      "geometry": {
        "type": "Point",
        "coordinates": [
          121.5447185,
          25.0523649
        ]
      },
      "properties": {
        "id": "TPE0025",
        "name": "兄弟大飯店停車場",
        "area": "松山區",
        "address": "南京東路3段255號地下2至3層",
        "summary": "大型車:0格，小型車:61格(含身心障礙停車位1格，孕婦、育有六歲以下兒童停車位1格)，機車:0格，充電格位:1格",
        "tel": "0227123456",
        "car": 61,
        "motor": 0,
        "charging": 0,
        "occupied_rate": -99,
        "data_time": "Sat May 02 00:00:00 CST 2026"
      }
    },
    {
      "type": "Feature",
      "geometry": {
        "type": "Point",
        "coordinates": [
          121.5432046,
          25.0367497
        ]
      },
      "properties": {
        "id": "TPE0026",
        "name": "福華大飯店附設停車場",
        "area": "大安區",
        "address": "仁愛路3段160號地下2至3層及建物附設地面",
        "summary": "大型車:0格，小型車:85格(含身心障礙停車位6格)，機車:0格，充電格位:1格",
        "tel": "2700-2323",
        "car": 85,
        "motor": 0,
        "charging": 0,
        "occupied_rate": -99,
        "data_time": "Sat May 02 00:00:00 CST 2026"
      }
    },
    {
      "type": "Feature",
      "geometry": {
        "type": "Point",
        "coordinates": [
          121.5257761,
          25.0601161
        ]
      },
      "properties": {
        "id": "TPE0027",
        "name": "台灣捷通林森停車場",
        "area": "中山區",
        "address": "錦州街46、48號地下1層，林森北路413號、錦州街46、48、50號地下2層",
        "summary": "大型車:0格，小型車:89格(含身心障礙停車位1格)，機車:0格，充電格位:2格",
        "tel": "25235000",
        "car": 89,
        "motor": 0,
        "charging": 0,
        "occupied_rate": -99,
        "data_time": "Sat May 02 00:00:00 CST 2026"
      }
    },
    {
      "type": "Feature",
      "geometry": {
        "type": "Point",
        "coordinates": [
          121.516291,
          25.0329929
        ]
      },
      "properties": {
        "id": "TPE0028",
        "name": "仰德大樓停車場",
        "area": "中正區",
        "address": "南昌路1段5號地上1及地下1層",
        "summary": "大型車:0格，小型車:115格(含身心障礙停車位2格)，機車:20格(含身心障礙停車位1格)，充電格位:1格",
        "tel": "2341-7285",
        "car": 115,
        "motor": 20,
        "charging": 0,
        "occupied_rate": -99,
        "data_time": "Sat May 02 00:00:00 CST 2026"
      }
    },
    {
      "type": "Feature",
      "geometry": {
        "type": "Point",
        "coordinates": [
          121.5450646,
          25.0546951
        ]
      },
      "properties": {
        "id": "TPE0029",
        "name": "USPACE 長春復興停車場",
        "area": "松山區",
        "address": "長春路343號地下2層",
        "summary": "大型車:0格，小型車:22格(含身心障礙停車位1格)，機車:0格",
        "tel": "(02)77518097",
        "car": 22,
        "motor": 0,
        "charging": 0,
        "occupied_rate": -99,
        "data_time": "Sat May 02 00:00:00 CST 2026"
      }
    },
    {
      "type": "Feature",
      "geometry": {
        "type": "Point",
        "coordinates": [
          121.544522,
          25.0484091
        ]
      },
      "properties": {
        "id": "TPE0030",
        "name": "芝蔴停車場",
        "area": "松山區",
        "address": "長安東路2段215號地上1層",
        "summary": "大型車:0格，小型車:12格(含身心障礙停車位1格)，機車:0格",
        "tel": "0225573722",
        "car": 12,
        "motor": 0,
        "charging": 0,
        "occupied_rate": -99,
        "data_time": "Sat May 02 00:00:00 CST 2026"
      }
    },
    {
      "type": "Feature",
      "geometry": {
        "type": "Point",
        "coordinates": [
          121.5371114,
          25.0663049
        ]
      },
      "properties": {
        "id": "TPE0031",
        "name": "臺北魚市停車場",
        "area": "中山區",
        "address": "民族東路410巷2弄20號地下2層",
        "summary": "大型車:0格，小型車:74格(含身心障礙停車位1格，孕婦、育有六歲以下兒童停車位1格)，機車:0格，充電格位:1格",
        "tel": "0933168512",
        "car": 74,
        "motor": 0,
        "charging": 0,
        "occupied_rate": -99,
        "data_time": "Sat May 02 00:00:00 CST 2026"
      }
    },
    {
      "type": "Feature",
      "geometry": {
        "type": "Point",
        "coordinates": [
          121.5565732,
          25.0512308
        ]
      },
      "properties": {
        "id": "TPE0032",
        "name": "台灣聯通新高停車場",
        "area": "松山區",
        "address": "南京東路4段162-1號地下2樓",
        "summary": "大型車:0格，小型車:18格(含身心障礙停車位1格)，機車:0格",
        "tel": "25235000",
        "car": 18,
        "motor": 0,
        "charging": 0,
        "occupied_rate": -99,
        "data_time": "Sat May 02 00:00:00 CST 2026"
      }
    },
    {
      "type": "Feature",
      "geometry": {
        "type": "Point",
        "coordinates": [
          121.56084,
          25.033179
        ]
      },
      "properties": {
        "id": "TPE0033",
        "name": "嘟嘟房世貿站停車場",
        "area": "信義區",
        "address": "信義路5段1號地下1至地下2層",
        "summary": "大型車:9格，小型車:382格(含身心障礙停車位8格，孕婦、育有六歲以下兒童停車位7格)，機車:0格，充電格位:8格",
        "tel": "",
        "car": 382,
        "motor": 0,
        "charging": 0,
        "occupied_rate": -99,
        "data_time": "Sat May 02 00:00:00 CST 2026"
      }
    },
    {
      "type": "Feature",
      "geometry": {
        "type": "Point",
        "coordinates": [
          121.5502192,
          25.0238182
        ]
      },
      "properties": {
        "id": "TPE0034",
        "name": "樂業停車場",
        "area": "大安區",
        "address": "樂業街17號地下1層",
        "summary": "大型車:0格，小型車:10格(含身心障礙停車位1格)，機車:0格",
        "tel": "8732-0505",
        "car": 10,
        "motor": 0,
        "charging": 0,
        "occupied_rate": -99,
        "data_time": "Sat May 02 00:00:00 CST 2026"
      }
    },
    {
      "type": "Feature",
      "geometry": {
        "type": "Point",
        "coordinates": [
          121.5270262,
          25.0538958
        ]
      },
      "properties": {
        "id": "TPE0035",
        "name": "欣欣停車場",
        "area": "中山區",
        "address": "新生北路2段28巷1號地下2層",
        "summary": "大型車:0格，小型車:101格(含身心障礙停車位2格，孕婦、育有六歲以下兒童停車位2格)，機車:0格",
        "tel": "2521-2211",
        "car": 101,
        "motor": 0,
        "charging": 0,
        "occupied_rate": -99,
        "data_time": "Sat May 02 00:00:00 CST 2026"
      }
    },
    {
      "type": "Feature",
      "geometry": {
        "type": "Point",
        "coordinates": [
          121.5396658,
          25.0456191
        ]
      },
      "properties": {
        "id": "TPE0037",
        "name": "辰淵中崙停車場",
        "area": "中山區",
        "address": "八德路2段210巷8號對面空地",
        "summary": "大型車:0格，小型車:95格(含身心障礙停車位2格)，機車:0格",
        "tel": "8919-3669",
        "car": 95,
        "motor": 0,
        "charging": 0,
        "occupied_rate": -99,
        "data_time": "Sat May 02 00:00:00 CST 2026"
      }
    },
    {
      "type": "Feature",
      "geometry": {
        "type": "Point",
        "coordinates": [
          121.5485773,
          25.0527863
        ]
      },
      "properties": {
        "id": "TPE0038",
        "name": "王朝大酒店",
        "area": "松山區",
        "address": "敦化北路100號地下3層",
        "summary": "大型車:0格，小型車:241格(含身心障礙停車位8格，孕婦、育有六歲以下兒童停車位5格)，機車:0格",
        "tel": "2719-8399",
        "car": 241,
        "motor": 0,
        "charging": 0,
        "occupied_rate": -99,
        "data_time": "Sat May 02 00:00:00 CST 2026"
      }
    },
    {
      "type": "Feature",
      "geometry": {
        "type": "Point",
        "coordinates": [
          121.5576876,
          25.0539847
        ]
      },
      "properties": {
        "id": "TPE0039",
        "name": "三軍總醫院松山分院附設民眾停車場",
        "area": "松山區",
        "address": "健康路131號",
        "summary": "大型車:0格，小型車:97格(含身心障礙停車位2格，孕婦、育有六歲以下兒童停車位2格)，機車:78格(含身心障礙停車位1格)，充電格位:2格",
        "tel": "27642151",
        "car": 97,
        "motor": 78,
        "charging": 0,
        "occupied_rate": -99,
        "data_time": "Sat May 02 00:00:00 CST 2026"
      }
    },
    {
      "type": "Feature",
      "geometry": {
        "type": "Point",
        "coordinates": [
          121.5477048,
          25.0573848
        ]
      },
      "properties": {
        "id": "TPE0041",
        "name": "168停車聯盟-宏泰民生場",
        "area": "松山區",
        "address": "民生東路3段156號地下2-5層",
        "summary": "大型車:0格，小型車:361格(含身心障礙停車位7格)，機車:0格",
        "tel": "0227546661",
        "car": 361,
        "motor": 0,
        "charging": 0,
        "occupied_rate": -99,
        "data_time": "Sat May 02 00:00:00 CST 2026"
      }
    },
    {
      "type": "Feature",
      "geometry": {
        "type": "Point",
        "coordinates": [
          121.5127274,
          25.0455114
        ]
      },
      "properties": {
        "id": "TPE0042",
        "name": "一銀大樓停車場",
        "area": "中正區",
        "address": "重慶南路1段30號地面層",
        "summary": "大型車:0格，小型車:15格(含身心障礙停車位2格)，機車:0格",
        "tel": "2348-1111",
        "car": 15,
        "motor": 0,
        "charging": 0,
        "occupied_rate": -99,
        "data_time": "Sat May 02 00:00:00 CST 2026"
      }
    },
    {
      "type": "Feature",
      "geometry": {
        "type": "Point",
        "coordinates": [
          121.550365,
          25.0412215
        ]
      },
      "properties": {
        "id": "TPE0043",
        "name": "建成大廈停車場",
        "area": "大安區",
        "address": "忠孝東路4段162、166號地下室",
        "summary": "大型車:0格，小型車:22格(含身心障礙停車位1格)，機車:0格",
        "tel": "27127977",
        "car": 22,
        "motor": 0,
        "charging": 0,
        "occupied_rate": -99,
        "data_time": "Sat May 02 00:00:00 CST 2026"
      }
    },
    {
      "type": "Feature",
      "geometry": {
        "type": "Point",
        "coordinates": [
          121.5076493,
          25.0337923
        ]
      },
      "properties": {
        "id": "TPE0044",
        "name": "台灣聯通南門停車場",
        "area": "中正區",
        "address": "延平南路189號地下2層",
        "summary": "大型車:0格，小型車:59格(含身心障礙停車位1格)，機車:0格",
        "tel": "2523-5000 #1138黃小姐",
        "car": 59,
        "motor": 0,
        "charging": 0,
        "occupied_rate": -99,
        "data_time": "Sat May 02 00:00:00 CST 2026"
      }
    },
    {
      "type": "Feature",
      "geometry": {
        "type": "Point",
        "coordinates": [
          121.5293889,
          25.0430334
        ]
      },
      "properties": {
        "id": "TPE0045",
        "name": "台灣聯通華山停車場",
        "area": "中正區",
        "address": "忠孝東路2段88號地下2至5層",
        "summary": "大型車:0格，小型車:150格(含身心障礙停車位3格)，機車:0格",
        "tel": "2523-5000",
        "car": 150,
        "motor": 0,
        "charging": 0,
        "occupied_rate": -99,
        "data_time": "Sat May 02 00:00:00 CST 2026"
      }
    },
    {
      "type": "Feature",
      "geometry": {
        "type": "Point",
        "coordinates": [
          121.5511645,
          25.0626715
        ]
      },
      "properties": {
        "id": "TPE0046",
        "name": "臺北國際航空站第1號停車場",
        "area": "松山區",
        "address": "敦化北路340號之9",
        "summary": "大型車:0格，小型車:111格(含身心障礙停車位4格，孕婦、育有六歲以下兒童停車位3格)，機車:0格",
        "tel": "0227057716",
        "car": 111,
        "motor": 0,
        "charging": 0,
        "occupied_rate": -99,
        "data_time": "Sat May 02 00:00:00 CST 2026"
      }
    },
    {
      "type": "Feature",
      "geometry": {
        "type": "Point",
        "coordinates": [
          121.5176873,
          25.047688
        ]
      },
      "properties": {
        "id": "TPE0047",
        "name": "臺北車站東區地下停車場",
        "area": "中正區",
        "address": "北平西路3號地下1層（東區）",
        "summary": "大型車:0格，小型車:258格(含身心障礙停車位8格，孕婦、育有六歲以下兒童停車位6格)，機車:172格(含身心障礙停車位4格)",
        "tel": "2799-5657",
        "car": 258,
        "motor": 172,
        "charging": 0,
        "occupied_rate": -99,
        "data_time": "Sat May 02 00:00:00 CST 2026"
      }
    },
    {
      "type": "Feature",
      "geometry": {
        "type": "Point",
        "coordinates": [
          121.5297759,
          25.0163359
        ]
      },
      "properties": {
        "id": "TPE0048",
        "name": "三軍總醫院汀州院區停車場",
        "area": "中正區",
        "address": "汀州路3段40號",
        "summary": "大型車:0格，小型車:75格(含身心障礙停車位2格，孕婦、育有六歲以下兒童停車位2格)，機車:0格，充電格位:2格",
        "tel": "0800021111",
        "car": 75,
        "motor": 0,
        "charging": 0,
        "occupied_rate": -99,
        "data_time": "Sat May 02 00:00:00 CST 2026"
      }
    },
    {
      "type": "Feature",
      "geometry": {
        "type": "Point",
        "coordinates": [
          121.5203577,
          25.0963918
        ]
      },
      "properties": {
        "id": "TPE0049",
        "name": "叭叭房新光醫院地下停車場",
        "area": "士林區",
        "address": "文昌路95號地下3層",
        "summary": "大型車:0格，小型車:85格(含身心障礙停車位4格，孕婦、育有六歲以下兒童停車位4格)，機車:0格",
        "tel": "(02)26550000",
        "car": 85,
        "motor": 0,
        "charging": 0,
        "occupied_rate": -99,
        "data_time": "Sat May 02 00:00:00 CST 2026"
      }
    },
    {
      "type": "Feature",
      "geometry": {
        "type": "Point",
        "coordinates": [
          121.5201655,
          25.1211292
        ]
      },
      "properties": {
        "id": "TPE0050",
        "name": "臺北榮民總醫院地面停車場",
        "area": "北投區",
        "address": "石牌路2段201號",
        "summary": "大型車:3格，小型車:209格(含身心障礙停車位4格，孕婦、育有六歲以下兒童停車位4格)，機車:0格，充電格位:3格",
        "tel": "0228712121#27614",
        "car": 209,
        "motor": 0,
        "charging": 0,
        "occupied_rate": -99,
        "data_time": "Sat May 02 00:00:00 CST 2026"
      }
    },
    {
      "type": "Feature",
      "geometry": {
        "type": "Point",
        "coordinates": [
          121.5714041,
          25.0495901
        ]
      },
      "properties": {
        "id": "TPE0051",
        "name": "八德立體停車場",
        "area": "松山區",
        "address": "八德路4段580號(地下1層及地上10層)",
        "summary": "大型車:0格，小型車:310格(含身心障礙停車位8格，孕婦、育有六歲以下兒童停車位12格)，機車:382格(含身心障礙停車位9格)，大型重機:8格，充電格位:7格",
        "tel": "0226550818",
        "car": 310,
        "motor": 382,
        "charging": 0,
        "occupied_rate": -99,
        "data_time": "Sat May 02 00:00:00 CST 2026"
      }
    },
    {
      "type": "Feature",
      "geometry": {
        "type": "Point",
        "coordinates": [
          121.5051969,
          25.0465099
        ]
      },
      "properties": {
        "id": "TPE0052",
        "name": "嘟嘟房昆明站",
        "area": "萬華區",
        "address": "昆明街46號地下2至3層",
        "summary": "大型車:0格，小型車:107格(含身心障礙停車位2格)，機車:0格，充電格位:4格",
        "tel": "2655-0818",
        "car": 107,
        "motor": 0,
        "charging": 0,
        "occupied_rate": -99,
        "data_time": "Sat May 02 00:00:00 CST 2026"
      }
    },
    {
      "type": "Feature",
      "geometry": {
        "type": "Point",
        "coordinates": [
          121.5621501,
          25.0512166
        ]
      },
      "properties": {
        "id": "TPE0053",
        "name": "台灣聯通大千停車場",
        "area": "松山區",
        "address": "南京東路5段108號地下1至2層",
        "summary": "大型車:0格，小型車:31格(含身心障礙停車位1格)，機車:0格",
        "tel": "(02)25235000",
        "car": 31,
        "motor": 0,
        "charging": 0,
        "occupied_rate": -99,
        "data_time": "Sat May 02 00:00:00 CST 2026"
      }
    },
    {
      "type": "Feature",
      "geometry": {
        "type": "Point",
        "coordinates": [
          121.5629765,
          25.0598488
        ]
      },
      "properties": {
        "id": "TPE0054",
        "name": "民生社區中心地下停車場",
        "area": "松山區",
        "address": "民生東路5段163之1號地下室［地下2至3］層",
        "summary": "大型車:0格，小型車:151格(含身心障礙停車位4格，孕婦、育有六歲以下兒童停車位3格)，機車:0格，充電格位:3格",
        "tel": "0222408767",
        "car": 151,
        "motor": 0,
        "charging": 0,
        "occupied_rate": -99,
        "data_time": "Sat May 02 00:00:00 CST 2026"
      }
    },
    {
      "type": "Feature",
      "geometry": {
        "type": "Point",
        "coordinates": [
          121.5317434,
          25.1115275
        ]
      },
      "properties": {
        "id": "TPE0055",
        "name": "大葉天母停車場",
        "area": "士林區",
        "address": "忠誠路2段55號地下1至3層、地上6至11層",
        "summary": "大型車:0格，小型車:1502格(含身心障礙停車位34格，孕婦、育有六歲以下兒童停車位30格)，機車:1132格(含身心障礙停車位22格)，充電格位:15格",
        "tel": "0228312345",
        "car": 1502,
        "motor": 1132,
        "charging": 0,
        "occupied_rate": -99,
        "data_time": "Sat May 02 00:00:00 CST 2026"
      }
    },
    {
      "type": "Feature",
      "geometry": {
        "type": "Point",
        "coordinates": [
          121.5106542,
          25.050967
        ]
      },
      "properties": {
        "id": "TPE0056",
        "name": "塔城公園地下停車場",
        "area": "大同區",
        "address": "塔城街11號地下共2層",
        "summary": "大型車:0格，小型車:157格(含身心障礙停車位4格，孕婦、育有六歲以下兒童停車位5格)，機車:0格，大型重機:2格，充電格位:4格",
        "tel": "0226550818",
        "car": 157,
        "motor": 0,
        "charging": 0,
        "occupied_rate": -99,
        "data_time": "Sat May 02 00:00:00 CST 2026"
      }
    },
    {
      "type": "Feature",
      "geometry": {
        "type": "Point",
        "coordinates": [
          121.5473285,
          25.0452615
        ]
      },
      "properties": {
        "id": "TPE0057",
        "name": "Times敦南市民",
        "area": "松山區",
        "address": "市民大道4段83號旁",
        "summary": "大型車:0格，小型車:4格(含身心障礙停車位1格)，機車:0格",
        "tel": "0809008924",
        "car": 4,
        "motor": 0,
        "charging": 0,
        "occupied_rate": -99,
        "data_time": "Sat May 02 00:00:00 CST 2026"
      }
    },
    {
      "type": "Feature",
      "geometry": {
        "type": "Point",
        "coordinates": [
          121.5235941,
          25.0858357
        ]
      },
      "properties": {
        "id": "TPE0058",
        "name": "百齡高中地下停車場",
        "area": "士林區",
        "address": "承德路4段175號地下",
        "summary": "大型車:0格，小型車:231格(含身心障礙停車位5格，孕婦、育有六歲以下兒童停車位6格)，機車:0格，充電格位:4格",
        "tel": "0800021111",
        "car": 231,
        "motor": 0,
        "charging": 0,
        "occupied_rate": -99,
        "data_time": "Sat May 02 00:00:00 CST 2026"
      }
    },
    {
      "type": "Feature",
      "geometry": {
        "type": "Point",
        "coordinates": [
          121.5442197,
          25.0473517
        ]
      },
      "properties": {
        "id": "TPE0059",
        "name": "台灣聯通中興停車場",
        "area": "松山區",
        "address": "復興南路1段1號地下2層",
        "summary": "大型車:0格，小型車:18格(含身心障礙停車位1格)，機車:0格",
        "tel": "0225235000",
        "car": 18,
        "motor": 0,
        "charging": 0,
        "occupied_rate": -99,
        "data_time": "Sat May 02 00:00:00 CST 2026"
      }
    },
    {
      "type": "Feature",
      "geometry": {
        "type": "Point",
        "coordinates": [
          121.518604,
          25.0403201
        ]
      },
      "properties": {
        "id": "TPE0060",
        "name": "台大醫院停車場",
        "area": "中正區",
        "address": "中山南路7號地下1至2層",
        "summary": "大型車:0格，小型車:196格(含身心障礙停車位4格，孕婦、育有六歲以下兒童停車位4格)，機車:0格",
        "tel": "23123456",
        "car": 196,
        "motor": 0,
        "charging": 0,
        "occupied_rate": -99,
        "data_time": "Sat May 02 00:00:00 CST 2026"
      }
    },
    {
      "type": "Feature",
      "geometry": {
        "type": "Point",
        "coordinates": [
          121.515314,
          25.0462766
        ]
      },
      "properties": {
        "id": "TPE0061",
        "name": "新光摩天大樓停車場",
        "area": "中正區",
        "address": "忠孝西路1段66號地下3至5層",
        "summary": "大型車:0格，小型車:288格(含身心障礙停車位8格，孕婦、育有六歲以下兒童停車位8格)，機車:0格，充電格位:5格",
        "tel": "0800208333",
        "car": 288,
        "motor": 0,
        "charging": 0,
        "occupied_rate": -99,
        "data_time": "Sat May 02 00:00:00 CST 2026"
      }
    },
    {
      "type": "Feature",
      "geometry": {
        "type": "Point",
        "coordinates": [
          121.521325,
          25.0860355
        ]
      },
      "properties": {
        "id": "TPE0062",
        "name": "前港公園地下停車場",
        "area": "士林區",
        "address": "前港街45號地下",
        "summary": "大型車:0格，小型車:528格(含身心障礙停車位11格，孕婦、育有六歲以下兒童停車位12格)，機車:0格，充電格位:14格",
        "tel": "0228817033",
        "car": 528,
        "motor": 0,
        "charging": 0,
        "occupied_rate": -99,
        "data_time": "Sat May 02 00:00:00 CST 2026"
      }
    },
    {
      "type": "Feature",
      "geometry": {
        "type": "Point",
        "coordinates": [
          121.5434348,
          25.0419129
        ]
      },
      "properties": {
        "id": "TPE0064",
        "name": "停車棧忠孝復興站",
        "area": "大安區",
        "address": "忠孝東路3段305號地下2層",
        "summary": "大型車:0格，小型車:19格(含身心障礙停車位1格)，機車:0格",
        "tel": "8792-5646",
        "car": 19,
        "motor": 0,
        "charging": 0,
        "occupied_rate": -99,
        "data_time": "Sat May 02 00:00:00 CST 2026"
      }
    },
    {
      "type": "Feature",
      "geometry": {
        "type": "Point",
        "coordinates": [
          121.5696601,
          24.9895489
        ]
      },
      "properties": {
        "id": "TPE0065",
        "name": "臺北市文山區行政中心停車場",
        "area": "文山區",
        "address": "木柵路3段220號",
        "summary": "大型車:0格，小型車:132格(含身心障礙停車位2格，孕婦、育有六歲以下兒童停車位2格)，機車:0格，充電格位:3格",
        "tel": "",
        "car": 132,
        "motor": 0,
        "charging": 0,
        "occupied_rate": -99,
        "data_time": "Sat May 02 00:00:00 CST 2026"
      }
    },
    {
      "type": "Feature",
      "geometry": {
        "type": "Point",
        "coordinates": [
          121.5256676,
          25.0260174
        ]
      },
      "properties": {
        "id": "TPE0066",
        "name": "國立臺灣師範大學和平校區Ⅰ運動場地下停車場",
        "area": "大安區",
        "address": "和平東路1段162號地下1層",
        "summary": "大型車:0格，小型車:426格(含身心障礙停車位12格)，機車:0格，充電格位:9格",
        "tel": "7749-3266",
        "car": 426,
        "motor": 0,
        "charging": 0,
        "occupied_rate": -99,
        "data_time": "Sat May 02 00:00:00 CST 2026"
      }
    },
    {
      "type": "Feature",
      "geometry": {
        "type": "Point",
        "coordinates": [
          121.5296197,
          25.0267482
        ]
      },
      "properties": {
        "id": "TPE0067",
        "name": "國立臺灣師範大學和平校區Ⅱ羅馬廣場地下停車場",
        "area": "大安區",
        "address": "和平東路1段127-2號地下1至3層",
        "summary": "大型車:0格，小型車:80格(含身心障礙停車位2格)，機車:0格，充電格位:3格",
        "tel": "77493266",
        "car": 80,
        "motor": 0,
        "charging": 0,
        "occupied_rate": -99,
        "data_time": "Sat May 02 00:00:00 CST 2026"
      }
    },
    {
      "type": "Feature",
      "geometry": {
        "type": "Point",
        "coordinates": [
          121.550539,
          25.0559863
        ]
      },
      "properties": {
        "id": "TPE0068",
        "name": "敦北翠苑停車場",
        "area": "松山區",
        "address": "敦化北路199巷8號地下1至2層",
        "summary": "大型車:0格，小型車:179格(含身心障礙停車位3格)，機車:0格",
        "tel": "0225474157",
        "car": 179,
        "motor": 0,
        "charging": 0,
        "occupied_rate": -99,
        "data_time": "Sat May 02 00:00:00 CST 2026"
      }
    },
    {
      "type": "Feature",
      "geometry": {
        "type": "Point",
        "coordinates": [
          121.5492328,
          25.0260699
        ]
      },
      "properties": {
        "id": "TPE0069",
        "name": "遠企中心地下停車場",
        "area": "大安區",
        "address": "敦化南路2段207號地下4至5層",
        "summary": "大型車:0格，小型車:422格(含身心障礙停車位8格，孕婦、育有六歲以下兒童停車位8格)，機車:0格，充電格位:7格",
        "tel": "27363033",
        "car": 422,
        "motor": 0,
        "charging": 0,
        "occupied_rate": -99,
        "data_time": "Sat May 02 00:00:00 CST 2026"
      }
    },
    {
      "type": "Feature",
      "geometry": {
        "type": "Point",
        "coordinates": [
          121.5664143,
          25.0371573
        ]
      },
      "properties": {
        "id": "TPE0070",
        "name": "松壽廣場地下停車場",
        "area": "信義區",
        "address": "松智路15號（地下共3層）",
        "summary": "大型車:0格，小型車:446格(含身心障礙停車位9格，孕婦、育有六歲以下兒童停車位8格)，機車:0格，充電格位:8格",
        "tel": "0226550818",
        "car": 446,
        "motor": 0,
        "charging": 0,
        "occupied_rate": -99,
        "data_time": "Sat May 02 00:00:00 CST 2026"
      }
    },
    {
      "type": "Feature",
      "geometry": {
        "type": "Point",
        "coordinates": [
          121.5726184,
          25.0413789
        ]
      },
      "properties": {
        "id": "TPE0071",
        "name": "永春場",
        "area": "信義區",
        "address": "忠孝東路5段297號地下4、5層",
        "summary": "大型車:0格，小型車:141格(含身心障礙停車位3格，孕婦、育有六歲以下兒童停車位2格)，機車:0格，充電格位:2格",
        "tel": "0227495888",
        "car": 141,
        "motor": 0,
        "charging": 0,
        "occupied_rate": -99,
        "data_time": "Sat May 02 00:00:00 CST 2026"
      }
    },
    {
      "type": "Feature",
      "geometry": {
        "type": "Point",
        "coordinates": [
          121.5640667,
          25.0440794
        ]
      },
      "properties": {
        "id": "TPE0072",
        "name": "松山高中地下停車場",
        "area": "信義區",
        "address": "基隆路1段156號地下",
        "summary": "大型車:0格，小型車:226格(含身心障礙停車位5格，孕婦、育有六歲以下兒童停車位4格)，機車:0格，大型重機:1格，充電格位:6格",
        "tel": "0227685492",
        "car": 226,
        "motor": 0,
        "charging": 0,
        "occupied_rate": -99,
        "data_time": "Sat May 02 00:00:00 CST 2026"
      }
    },
    {
      "type": "Feature",
      "geometry": {
        "type": "Point",
        "coordinates": [
          121.5214028,
          25.1196443
        ]
      },
      "properties": {
        "id": "TPE0073",
        "name": "臺北榮民總醫院立體停車場",
        "area": "北投區",
        "address": "石牌路2段201號地下1至地上10層",
        "summary": "大型車:0格，小型車:812格(含身心障礙停車位47格，孕婦、育有六歲以下兒童停車位20格)，機車:0格，充電格位:10格",
        "tel": "0228712121#27614",
        "car": 812,
        "motor": 0,
        "charging": 0,
        "occupied_rate": -99,
        "data_time": "Sat May 02 00:00:00 CST 2026"
      }
    },
    {
      "type": "Feature",
      "geometry": {
        "type": "Point",
        "coordinates": [
          121.5916008,
          25.0548759
        ]
      },
      "properties": {
        "id": "TPE0074",
        "name": "南港遠東智慧科學園區管理委員會停車場",
        "area": "南港區",
        "address": "南港路3段50巷1-33號",
        "summary": "大型車:7格，小型車:25格(含身心障礙停車位1格)，機車:0格",
        "tel": "02-27885282",
        "car": 25,
        "motor": 0,
        "charging": 0,
        "occupied_rate": -99,
        "data_time": "Sat May 02 00:00:00 CST 2026"
      }
    },
    {
      "type": "Feature",
      "geometry": {
        "type": "Point",
        "coordinates": [
          121.5802886,
          25.046766
        ]
      },
      "properties": {
        "id": "TPE0075",
        "name": "五分埔公園地下停車場",
        "area": "信義區",
        "address": "中坡北路57號地下",
        "summary": "大型車:0格，小型車:209格(含身心障礙停車位5格，孕婦、育有六歲以下兒童停車位4格)，機車:0格，大型重機:1格，充電格位:5格",
        "tel": "0227606275",
        "car": 209,
        "motor": 0,
        "charging": 0,
        "occupied_rate": -99,
        "data_time": "Sat May 02 00:00:00 CST 2026"
      }
    },
    {
      "type": "Feature",
      "geometry": {
        "type": "Point",
        "coordinates": [
          121.5259048,
          25.0777677
        ]
      },
      "properties": {
        "id": "TPE0076",
        "name": "圓山大飯店停車場",
        "area": "中山區",
        "address": "中山北路4段1巷1號",
        "summary": "大型車:9格，小型車:357格(含身心障礙停車位9格，孕婦、育有六歲以下兒童停車位2格)，機車:0格，充電格位:4格",
        "tel": "022886-8888",
        "car": 357,
        "motor": 0,
        "charging": 0,
        "occupied_rate": -99,
        "data_time": "Sat May 02 00:00:00 CST 2026"
      }
    },
    {
      "type": "Feature",
      "geometry": {
        "type": "Point",
        "coordinates": [
          121.5555279,
          25.0433826
        ]
      },
      "properties": {
        "id": "TPE0077",
        "name": "延吉廢鐵道停車場",
        "area": "大安區",
        "address": "忠孝東路廢鐵道處(忠孝東路-延吉街)",
        "summary": "大型車:0格，小型車:232格(含身心障礙停車位6格)，機車:0格",
        "tel": "27590666",
        "car": 232,
        "motor": 0,
        "charging": 0,
        "occupied_rate": -99,
        "data_time": "Sat May 02 00:00:00 CST 2026"
      }
    },
    {
      "type": "Feature",
      "geometry": {
        "type": "Point",
        "coordinates": [
          121.5383408,
          25.0981084
        ]
      },
      "properties": {
        "id": "TPE0078",
        "name": "至善公園平面停車場",
        "area": "士林區",
        "address": "至善路1段雙溪公園斜對面",
        "summary": "大型車:0格，小型車:13格(含身心障礙停車位1格)，機車:0格",
        "tel": "0227590666",
        "car": 13,
        "motor": 0,
        "charging": 0,
        "occupied_rate": -99,
        "data_time": "Sat May 02 00:00:00 CST 2026"
      }
    },
    {
      "type": "Feature",
      "geometry": {
        "type": "Point",
        "coordinates": [
          121.5471295,
          24.9996659
        ]
      },
      "properties": {
        "id": "TPE0080",
        "name": "興隆市場旁平面停車場",
        "area": "文山區",
        "address": "興隆路2段97號旁",
        "summary": "大型車:0格，小型車:35格(含身心障礙停車位1格，孕婦、育有六歲以下兒童停車位1格)，機車:0格，充電格位:2格",
        "tel": "2246-1708",
        "car": 35,
        "motor": 0,
        "charging": 0,
        "occupied_rate": -99,
        "data_time": "Sat May 02 00:00:00 CST 2026"
      }
    },
    {
      "type": "Feature",
      "geometry": {
        "type": "Point",
        "coordinates": [
          121.5418022,
          25.0460785
        ]
      },
      "properties": {
        "id": "TPE0081",
        "name": "台灣聯通安東停車場",
        "area": "中山區",
        "address": "安東街8號旁",
        "summary": "大型車:0格，小型車:38格(含身心障礙停車位1格)，機車:0格",
        "tel": "25235000",
        "car": 38,
        "motor": 0,
        "charging": 0,
        "occupied_rate": -99,
        "data_time": "Sat May 02 00:00:00 CST 2026"
      }
    },
    {
      "type": "Feature",
      "geometry": {
        "type": "Point",
        "coordinates": [
          121.5589649,
          25.0613603
        ]
      },
      "properties": {
        "id": "TPE0082",
        "name": "民權公園地下停車場",
        "area": "松山區",
        "address": "民權東路4段180號地下(地下共3層)",
        "summary": "大型車:0格，小型車:716格(含身心障礙停車位15格，孕婦、育有六歲以下兒童停車位14格)，機車:0格，大型重機:4格，充電格位:14格",
        "tel": "0227676903",
        "car": 716,
        "motor": 0,
        "charging": 0,
        "occupied_rate": -99,
        "data_time": "Sat May 02 00:00:00 CST 2026"
      }
    },
    {
      "type": "Feature",
      "geometry": {
        "type": "Point",
        "coordinates": [
          121.498791,
          25.1304993
        ]
      },
      "properties": {
        "id": "TPE0084",
        "name": "中壽北投站停車場",
        "area": "北投區",
        "address": "大業路452巷60、62號地下3至5層",
        "summary": "大型車:0格，小型車:291格(含身心障礙停車位6格)，機車:0格，充電格位:3格",
        "tel": "0800208333",
        "car": 291,
        "motor": 0,
        "charging": 0,
        "occupied_rate": -99,
        "data_time": "Sat May 02 00:00:00 CST 2026"
      }
    },
    {
      "type": "Feature",
      "geometry": {
        "type": "Point",
        "coordinates": [
          121.5165325,
          25.0476288
        ]
      },
      "properties": {
        "id": "TPE0085",
        "name": "臺北車站西側地上停車場",
        "area": "中正區",
        "address": "北平西路3號（西側）",
        "summary": "大型車:0格，小型車:96格(含身心障礙停車位2格，孕婦、育有六歲以下兒童停車位2格)，機車:150格(含身心障礙停車位3格)",
        "tel": "2799-5657",
        "car": 96,
        "motor": 150,
        "charging": 0,
        "occupied_rate": -99,
        "data_time": "Sat May 02 00:00:00 CST 2026"
      }
    },
    {
      "type": "Feature",
      "geometry": {
        "type": "Point",
        "coordinates": [
          121.5315712,
          25.0295783
        ]
      },
      "properties": {
        "id": "TPE0086",
        "name": "金華公園地下停車場",
        "area": "大安區",
        "address": "金華街190號地下",
        "summary": "大型車:0格，小型車:193格(含身心障礙停車位4格，孕婦、育有六歲以下兒童停車位5格)，機車:0格，大型重機:1格，充電格位:5格",
        "tel": "022357-8564",
        "car": 193,
        "motor": 0,
        "charging": 0,
        "occupied_rate": -99,
        "data_time": "Sat May 02 00:00:00 CST 2026"
      }
    },
    {
      "type": "Feature",
      "geometry": {
        "type": "Point",
        "coordinates": [
          121.5332621,
          25.0514066
        ]
      },
      "properties": {
        "id": "TPE0087",
        "name": "嘟嘟房松江南京站停車場",
        "area": "中山區",
        "address": "松江路111號地下2層",
        "summary": "大型車:0格，小型車:36格(含身心障礙停車位1格)，機車:0格",
        "tel": "022655-0818",
        "car": 36,
        "motor": 0,
        "charging": 0,
        "occupied_rate": -99,
        "data_time": "Sat May 02 00:00:00 CST 2026"
      }
    },
    {
      "type": "Feature",
      "geometry": {
        "type": "Point",
        "coordinates": [
          121.5174706,
          25.035397
        ]
      },
      "properties": {
        "id": "TPE0088",
        "name": "歐特儀股份有限公司兩廳院地下停車場",
        "area": "中正區",
        "address": "中山南路21-1號地下1層",
        "summary": "大型車:0格，小型車:695格(含身心障礙停車位14格，孕婦、育有六歲以下兒童停車位13格)，機車:0格",
        "tel": "2705-7716",
        "car": 695,
        "motor": 0,
        "charging": 0,
        "occupied_rate": -99,
        "data_time": "Sat May 02 00:00:00 CST 2026"
      }
    },
    {
      "type": "Feature",
      "geometry": {
        "type": "Point",
        "coordinates": [
          121.5335558,
          25.116439
        ]
      },
      "properties": {
        "id": "TPE0089",
        "name": "新光天母傑仕堡停車場",
        "area": "士林區",
        "address": "忠誠路2段180、182、184、186、188號地下1-3層",
        "summary": "大型車:0格，小型車:187格(含身心障礙停車位4格)，機車:0格",
        "tel": "(02)22461708",
        "car": 187,
        "motor": 0,
        "charging": 0,
        "occupied_rate": -99,
        "data_time": "Sat May 02 00:00:00 CST 2026"
      }
    },
    {
      "type": "Feature",
      "geometry": {
        "type": "Point",
        "coordinates": [
          121.5537214,
          25.0373654
        ]
      },
      "properties": {
        "id": "TPE0090",
        "name": "國泰綜合醫院-本館停車場",
        "area": "大安區",
        "address": "仁愛路4段280號",
        "summary": "大型車:0格，小型車:18格(含身心障礙停車位1格)，機車:0格",
        "tel": "2731-7288 #1632",
        "car": 18,
        "motor": 0,
        "charging": 0,
        "occupied_rate": -99,
        "data_time": "Sat May 02 00:00:00 CST 2026"
      }
    },
    {
      "type": "Feature",
      "geometry": {
        "type": "Point",
        "coordinates": [
          121.5228233,
          25.1016577
        ]
      },
      "properties": {
        "id": "TPE0091",
        "name": "嘟嘟房捷運芝山站停車場",
        "area": "士林區",
        "address": "福國路70號",
        "summary": "大型車:0格，小型車:164格(含身心障礙停車位3格)，機車:167格(含身心障礙停車位4格)，充電格位:5格",
        "tel": "0226550818",
        "car": 164,
        "motor": 167,
        "charging": 0,
        "occupied_rate": -99,
        "data_time": "Sat May 02 00:00:00 CST 2026"
      }
    },
    {
      "type": "Feature",
      "geometry": {
        "type": "Point",
        "coordinates": [
          121.5100119,
          25.0238465
        ]
      },
      "properties": {
        "id": "TPE0092",
        "name": "古亭國中地下停車場",
        "area": "萬華區",
        "address": "中華路2段606巷1號地下",
        "summary": "大型車:0格，小型車:260格(含身心障礙停車位6格，孕婦、育有六歲以下兒童停車位7格)，機車:0格，大型重機:1格，充電格位:7格",
        "tel": "23390684",
        "car": 260,
        "motor": 0,
        "charging": 0,
        "occupied_rate": -99,
        "data_time": "Sat May 02 00:00:00 CST 2026"
      }
    },
    {
      "type": "Feature",
      "geometry": {
        "type": "Point",
        "coordinates": [
          121.5304578,
          25.0339203
        ]
      },
      "properties": {
        "id": "TPE0093",
        "name": "黎明大樓停車場",
        "area": "中正區",
        "address": "信義路2段213號地下1層",
        "summary": "大型車:0格，小型車:44格(含身心障礙停車位1格)，機車:0格",
        "tel": "0939020585",
        "car": 44,
        "motor": 0,
        "charging": 0,
        "occupied_rate": -99,
        "data_time": "Sat May 02 00:00:00 CST 2026"
      }
    },
    {
      "type": "Feature",
      "geometry": {
        "type": "Point",
        "coordinates": [
          121.5373333,
          25.0318597
        ]
      },
      "properties": {
        "id": "TPE0095",
        "name": "大安森林公園地下停車場",
        "area": "大安區",
        "address": "建國南路2段2號地下",
        "summary": "大型車:0格，小型車:1360格(含身心障礙停車位27格，孕婦、育有六歲以下兒童停車位29格)，機車:344格(含身心障礙停車位8格)，大型重機:2格，充電格位:37格",
        "tel": "022709-2940",
        "car": 1360,
        "motor": 344,
        "charging": 0,
        "occupied_rate": -99,
        "data_time": "Sat May 02 00:00:00 CST 2026"
      }
    },
    {
      "type": "Feature",
      "geometry": {
        "type": "Point",
        "coordinates": [
          121.562115,
          25.0365371
        ]
      },
      "properties": {
        "id": "TPE0096",
        "name": "府前廣場地下停車場",
        "area": "信義區",
        "address": "松壽路1號(地下共2層)",
        "summary": "大型車:0格，小型車:1998格(含身心障礙停車位45格，孕婦、育有六歲以下兒童停車位40格)，機車:1405格(含身心障礙停車位29格)，大型重機:28格，充電格位:40格",
        "tel": "0226550818",
        "car": 1998,
        "motor": 1405,
        "charging": 0,
        "occupied_rate": -99,
        "data_time": "Sat May 02 00:00:00 CST 2026"
      }
    },
    {
      "type": "Feature",
      "geometry": {
        "type": "Point",
        "coordinates": [
          121.5409294,
          25.0325757
        ]
      },
      "properties": {
        "id": "TPE0098",
        "name": "大安高工地下停車場",
        "area": "大安區",
        "address": "信義路3段166巷6弄12號地下(共2層)",
        "summary": "大型車:0格，小型車:522格(含身心障礙停車位11格，孕婦、育有六歲以下兒童停車位12格)，機車:0格，大型重機:4格，充電格位:14格",
        "tel": "022655-0818",
        "car": 522,
        "motor": 0,
        "charging": 0,
        "occupied_rate": -99,
        "data_time": "Sat May 02 00:00:00 CST 2026"
      }
    },
    {
      "type": "Feature",
      "geometry": {
        "type": "Point",
        "coordinates": [
          121.5191726,
          25.0483464
        ]
      },
      "properties": {
        "id": "TPE0099",
        "name": "市民大道公中段停車場",
        "area": "中山區",
        "address": "公園路至中山北路地下室",
        "summary": "大型車:0格，小型車:186格(含身心障礙停車位4格，孕婦、育有六歲以下兒童停車位3格)，機車:0格，大型重機:2格，充電格位:8格",
        "tel": "2655-0818",
        "car": 186,
        "motor": 0,
        "charging": 0,
        "occupied_rate": -99,
        "data_time": "Sat May 02 00:00:00 CST 2026"
      }
    },
    {
      "type": "Feature",
      "geometry": {
        "type": "Point",
        "coordinates": [
          121.5227373,
          25.0479028
        ]
      },
      "properties": {
        "id": "TPE0100",
        "name": "市民大道中林段停車場",
        "area": "中山區",
        "address": "市民大道2段(中山北路至林森北路)地下1-2層",
        "summary": "大型車:0格，小型車:496格(含身心障礙停車位10格，孕婦、育有六歲以下兒童停車位9格)，機車:0格，大型重機:1格，充電格位:10格",
        "tel": "2655-0818",
        "car": 496,
        "motor": 0,
        "charging": 0,
        "occupied_rate": -99,
        "data_time": "Sat May 02 00:00:00 CST 2026"
      }
    },
    {
      "type": "Feature",
      "geometry": {
        "type": "Point",
        "coordinates": [
          121.518365,
          25.0958277
        ]
      },
      "properties": {
        "id": "TPE0101",
        "name": "臺北市立天文科學教育館地下及戶外平面停車場",
        "area": "士林區",
        "address": "基河路363號地上1層及地下1至2層",
        "summary": "大型車:0格，小型車:279格(含身心障礙停車位5格，孕婦、育有六歲以下兒童停車位5格)，機車:422格(含身心障礙停車位8格)，充電格位:6格",
        "tel": "0228314551",
        "car": 279,
        "motor": 422,
        "charging": 0,
        "occupied_rate": -99,
        "data_time": "Sat May 02 00:00:00 CST 2026"
      }
    },
    {
      "type": "Feature",
      "geometry": {
        "type": "Point",
        "coordinates": [
          121.5014491,
          25.1368754
        ]
      },
      "properties": {
        "id": "TPE0102",
        "name": "嘟嘟房捷運新北投站停車場",
        "area": "北投區",
        "address": "大業路700號",
        "summary": "大型車:0格，小型車:24格(含身心障礙停車位1格)，機車:0格，充電格位:1格",
        "tel": "0226550818",
        "car": 24,
        "motor": 0,
        "charging": 0,
        "occupied_rate": -99,
        "data_time": "Sat May 02 00:00:00 CST 2026"
      }
    },
    {
      "type": "Feature",
      "geometry": {
        "type": "Point",
        "coordinates": [
          121.5145333,
          25.1160074
        ]
      },
      "properties": {
        "id": "TPE0103",
        "name": "嘟嘟房捷運石牌站停車場",
        "area": "北投區",
        "address": "石牌路1段200號",
        "summary": "大型車:0格，小型車:64格(含身心障礙停車位2格)，機車:0格，充電格位:2格",
        "tel": "0226550818",
        "car": 64,
        "motor": 0,
        "charging": 0,
        "occupied_rate": -99,
        "data_time": "Sat May 02 00:00:00 CST 2026"
      }
    },
    {
      "type": "Feature",
      "geometry": {
        "type": "Point",
        "coordinates": [
          121.5064403,
          25.1208292
        ]
      },
      "properties": {
        "id": "TPE0104",
        "name": "嘟嘟房捷運唭哩岸站停車場",
        "area": "北投區",
        "address": "東華街2段301號",
        "summary": "大型車:0格，小型車:37格(含身心障礙停車位1格)，機車:0格，充電格位:1格",
        "tel": "0226550818",
        "car": 37,
        "motor": 0,
        "charging": 0,
        "occupied_rate": -99,
        "data_time": "Sat May 02 00:00:00 CST 2026"
      }
    },
    {
      "type": "Feature",
      "geometry": {
        "type": "Point",
        "coordinates": [
          121.5424606,
          25.0362242
        ]
      },
      "properties": {
        "id": "TPE0106",
        "name": "附中公園地下停車場",
        "area": "大安區",
        "address": "復興南路1段340巷11號地下1至2層",
        "summary": "大型車:0格，小型車:115格(含身心障礙停車位2格，孕婦、育有六歲以下兒童停車位2格)，機車:0格，大型重機:1格，充電格位:2格",
        "tel": "022655-0818",
        "car": 115,
        "motor": 0,
        "charging": 0,
        "occupied_rate": -99,
        "data_time": "Sat May 02 00:00:00 CST 2026"
      }
    },
    {
      "type": "Feature",
      "geometry": {
        "type": "Point",
        "coordinates": [
          121.518559,
          25.02697
        ]
      },
      "properties": {
        "id": "TPE0107",
        "name": "容易停牯嶺和平停車場",
        "area": "中正區",
        "address": "牯嶺街76號旁空地",
        "summary": "大型車:0格，小型車:4格(含身心障礙停車位1格)，機車:0格",
        "tel": "0800076080",
        "car": 4,
        "motor": 0,
        "charging": 0,
        "occupied_rate": -99,
        "data_time": "Sat May 02 00:00:00 CST 2026"
      }
    },
    {
      "type": "Feature",
      "geometry": {
        "type": "Point",
        "coordinates": [
          121.5728017,
          25.0349096
        ]
      },
      "properties": {
        "id": "TPE0108",
        "name": "興雅國中地下停車場",
        "area": "信義區",
        "address": "松德路200巷18號地下",
        "summary": "大型車:0格，小型車:447格(含身心障礙停車位9格，孕婦、育有六歲以下兒童停車位8格)，機車:0格，大型重機:2格，充電格位:11格",
        "tel": "0227585499",
        "car": 447,
        "motor": 0,
        "charging": 0,
        "occupied_rate": -99,
        "data_time": "Sat May 02 00:00:00 CST 2026"
      }
    },
    {
      "type": "Feature",
      "geometry": {
        "type": "Point",
        "coordinates": [
          121.5408847,
          25.0445561
        ]
      },
      "properties": {
        "id": "TPE0109",
        "name": "市民大道建復段停車場",
        "area": "中山區",
        "address": "市民大道3段(建國南路至復興南路)地下(地下共1層)",
        "summary": "大型車:0格，小型車:178格(含身心障礙停車位4格，孕婦、育有六歲以下兒童停車位5格)，機車:0格，充電格位:4格",
        "tel": "2799-5657",
        "car": 178,
        "motor": 0,
        "charging": 0,
        "occupied_rate": -99,
        "data_time": "Sat May 02 00:00:00 CST 2026"
      }
    },
    {
      "type": "Feature",
      "geometry": {
        "type": "Point",
        "coordinates": [
          121.5279275,
          25.0468688
        ]
      },
      "properties": {
        "id": "TPE0110",
        "name": "市民大道林金段停車場",
        "area": "中山區",
        "address": "市民大道2段(林森北路至金山北路)地下1至2層",
        "summary": "大型車:0格，小型車:973格(含身心障礙停車位20格，孕婦、育有六歲以下兒童停車位19格)，機車:0格，大型重機:2格，充電格位:19格",
        "tel": "2655-0818",
        "car": 973,
        "motor": 0,
        "charging": 0,
        "occupied_rate": -99,
        "data_time": "Sat May 02 00:00:00 CST 2026"
      }
    },
    {
      "type": "Feature",
      "geometry": {
        "type": "Point",
        "coordinates": [
          121.5267626,
          25.0488839
        ]
      },
      "properties": {
        "id": "TPE0111",
        "name": "長安東三停車場",
        "area": "中山區",
        "address": "長安東路1段59號空地",
        "summary": "大型車:0格，小型車:15格(含身心障礙停車位1格)，機車:0格",
        "tel": "2778-5756",
        "car": 15,
        "motor": 0,
        "charging": 0,
        "occupied_rate": -99,
        "data_time": "Sat May 02 00:00:00 CST 2026"
      }
    },
    {
      "type": "Feature",
      "geometry": {
        "type": "Point",
        "coordinates": [
          121.5057372,
          25.0451426
        ]
      },
      "properties": {
        "id": "TPE0112",
        "name": "台灣聯通誠品停車場",
        "area": "萬華區",
        "address": "武昌街2段77號地下2層",
        "summary": "大型車:0格，小型車:17格(含身心障礙停車位1格)，機車:0格",
        "tel": "23811665",
        "car": 17,
        "motor": 0,
        "charging": 0,
        "occupied_rate": -99,
        "data_time": "Sat May 02 00:00:00 CST 2026"
      }
    },
    {
      "type": "Feature",
      "geometry": {
        "type": "Point",
        "coordinates": [
          121.5589269,
          25.0490237
        ]
      },
      "properties": {
        "id": "TPE0113",
        "name": "臺北市區監理所平面停車場",
        "area": "松山區",
        "address": "八德路4段21號內",
        "summary": "大型車:0格，小型車:124格(含身心障礙停車位3格，孕婦、育有六歲以下兒童停車位2格)，機車:0格",
        "tel": "(02)22504586",
        "car": 124,
        "motor": 0,
        "charging": 0,
        "occupied_rate": -99,
        "data_time": "Sat May 02 00:00:00 CST 2026"
      }
    },
    {
      "type": "Feature",
      "geometry": {
        "type": "Point",
        "coordinates": [
          121.4733741,
          25.1311017
        ]
      },
      "properties": {
        "id": "TPE0114",
        "name": "嘟嘟房捷運忠義站停車場",
        "area": "北投區",
        "address": "中央北路4段301號",
        "summary": "大型車:0格，小型車:44格(含身心障礙停車位1格)，機車:0格，充電格位:1格",
        "tel": "0226550818",
        "car": 44,
        "motor": 0,
        "charging": 0,
        "occupied_rate": -99,
        "data_time": "Sat May 02 00:00:00 CST 2026"
      }
    },
    {
      "type": "Feature",
      "geometry": {
        "type": "Point",
        "coordinates": [
          121.5311623,
          25.1223158
        ]
      },
      "properties": {
        "id": "TPE0115",
        "name": "中華民國農民團體幹部聯合訓練協會",
        "area": "士林區",
        "address": "中山北路7段113號地下2層",
        "summary": "大型車:0格，小型車:56格(含身心障礙停車位1格，孕婦、育有六歲以下兒童停車位1格)，機車:0格",
        "tel": "2876-2676",
        "car": 56,
        "motor": 0,
        "charging": 0,
        "occupied_rate": -99,
        "data_time": "Sat May 02 00:00:00 CST 2026"
      }
    },
    {
      "type": "Feature",
      "geometry": {
        "type": "Point",
        "coordinates": [
          121.5530997,
          25.0141068
        ]
      },
      "properties": {
        "id": "TPE0116",
        "name": "助安企業股份有限公司辛亥路高架橋下停車場",
        "area": "大安區",
        "address": "辛亥路3段330號(懷愛館)對面橋下空間",
        "summary": "大型車:0格，小型車:150格(含身心障礙停車位4格，孕婦、育有六歲以下兒童停車位3格)，機車:0格，充電格位:3格",
        "tel": "0930034631",
        "car": 150,
        "motor": 0,
        "charging": 0,
        "occupied_rate": -99,
        "data_time": "Sat May 02 00:00:00 CST 2026"
      }
    },
    {
      "type": "Feature",
      "geometry": {
        "type": "Point",
        "coordinates": [
          121.4981472,
          25.1328352
        ]
      },
      "properties": {
        "id": "TPE0117",
        "name": "嘟嘟房捷運北投站停車場",
        "area": "北投區",
        "address": "光明路1號",
        "summary": "大型車:0格，小型車:85格(含身心障礙停車位2格，孕婦、育有六歲以下兒童停車位1格)，機車:562格(含身心障礙停車位11格)，充電格位:2格",
        "tel": "0226550818",
        "car": 85,
        "motor": 562,
        "charging": 0,
        "occupied_rate": -99,
        "data_time": "Sat May 02 00:00:00 CST 2026"
      }
    },
    {
      "type": "Feature",
      "geometry": {
        "type": "Point",
        "coordinates": [
          121.531649,
          25.1056596
        ]
      },
      "properties": {
        "id": "TPE0118",
        "name": "臺北市立聯合醫院-陽明院區停車場",
        "area": "士林區",
        "address": "雨聲街105號",
        "summary": "大型車:0格，小型車:57格(含身心障礙停車位1格，孕婦、育有六歲以下兒童停車位1格)，機車:0格，充電格位:1格",
        "tel": "0800000269",
        "car": 57,
        "motor": 0,
        "charging": 0,
        "occupied_rate": -99,
        "data_time": "Sat May 02 00:00:00 CST 2026"
      }
    },
    {
      "type": "Feature",
      "geometry": {
        "type": "Point",
        "coordinates": [
          121.5536999,
          25.048576
        ]
      },
      "properties": {
        "id": "TPE0119",
        "name": "愛馬屋中崙停車場",
        "area": "松山區",
        "address": "八德路3段99巷1號",
        "summary": "大型車:0格，小型車:7格(含身心障礙停車位1格)，機車:0格",
        "tel": "",
        "car": 7,
        "motor": 0,
        "charging": 0,
        "occupied_rate": -99,
        "data_time": "Sat May 02 00:00:00 CST 2026"
      }
    },
    {
      "type": "Feature",
      "geometry": {
        "type": "Point",
        "coordinates": [
          121.5377004,
          25.0460415
        ]
      },
      "properties": {
        "id": "TPE0120",
        "name": "進安公園地下停車場",
        "area": "中山區",
        "address": "八德路2段158號地下1至3層",
        "summary": "大型車:0格，小型車:151格(含身心障礙停車位3格，孕婦、育有六歲以下兒童停車位3格)，機車:0格，充電格位:3格",
        "tel": "2502-3333",
        "car": 151,
        "motor": 0,
        "charging": 0,
        "occupied_rate": -99,
        "data_time": "Sat May 02 00:00:00 CST 2026"
      }
    },
    {
      "type": "Feature",
      "geometry": {
        "type": "Point",
        "coordinates": [
          121.5405232,
          24.9905175
        ]
      },
      "properties": {
        "id": "TPE0121",
        "name": "景文平面停車場",
        "area": "文山區",
        "address": "景文街90巷內廣場停車場",
        "summary": "大型車:0格，小型車:53格(含身心障礙停車位1格)，機車:0格，充電格位:2格",
        "tel": "2759-0666",
        "car": 53,
        "motor": 0,
        "charging": 0,
        "occupied_rate": -99,
        "data_time": "Sat May 02 00:00:00 CST 2026"
      }
    },
    {
      "type": "Feature",
      "geometry": {
        "type": "Point",
        "coordinates": [
          121.5105056,
          25.058375
        ]
      },
      "properties": {
        "id": "TPE0122",
        "name": "大稻埕公園地下停車場",
        "area": "大同區",
        "address": "歸綏街243號地下",
        "summary": "大型車:0格，小型車:198格(含身心障礙停車位5格，孕婦、育有六歲以下兒童停車位6格)，機車:0格，充電格位:4格",
        "tel": "2455-1299",
        "car": 198,
        "motor": 0,
        "charging": 0,
        "occupied_rate": -99,
        "data_time": "Sat May 02 00:00:00 CST 2026"
      }
    },
    {
      "type": "Feature",
      "geometry": {
        "type": "Point",
        "coordinates": [
          121.5236481,
          25.0680164
        ]
      },
      "properties": {
        "id": "TPE0123",
        "name": "中山北路3段55巷平面停車場",
        "area": "中山區",
        "address": "中山北路3段55巷",
        "summary": "大型車:0格，小型車:59格(含身心障礙停車位2格)，機車:0格，充電格位:2格",
        "tel": "2504-6290 分機85082鍾先生",
        "car": 59,
        "motor": 0,
        "charging": 0,
        "occupied_rate": -99,
        "data_time": "Sat May 02 00:00:00 CST 2026"
      }
    },
    {
      "type": "Feature",
      "geometry": {
        "type": "Point",
        "coordinates": [
          121.5481403,
          25.033504
        ]
      },
      "properties": {
        "id": "TPE0124",
        "name": "四維廣場停車場",
        "area": "大安區",
        "address": "四維路52巷-信義路",
        "summary": "大型車:0格，小型車:37格(含身心障礙停車位1格)，機車:0格",
        "tel": "27590666",
        "car": 37,
        "motor": 0,
        "charging": 0,
        "occupied_rate": -99,
        "data_time": "Sat May 02 00:00:00 CST 2026"
      }
    },
    {
      "type": "Feature",
      "geometry": {
        "type": "Point",
        "coordinates": [
          121.5309363,
          25.0686134
        ]
      },
      "properties": {
        "id": "TPE0125",
        "name": "新生公園停車場",
        "area": "中山區",
        "address": "民族東路與吉林路口(新生公園溫水游泳池旁)",
        "summary": "大型車:0格，小型車:114格(含身心障礙停車位3格)，機車:68格(含身心障礙停車位2格)，大型重機:1格，充電格位:3格",
        "tel": "0226550818",
        "car": 114,
        "motor": 68,
        "charging": 0,
        "occupied_rate": -99,
        "data_time": "Sat May 02 00:00:00 CST 2026"
      }
    },
    {
      "type": "Feature",
      "geometry": {
        "type": "Point",
        "coordinates": [
          121.5149306,
          25.0764949
        ]
      },
      "properties": {
        "id": "TPE0126",
        "name": "慶昌橋下停車場",
        "area": "大同區",
        "address": "哈密街59巷-延平北路",
        "summary": "大型車:0格，小型車:69格(含身心障礙停車位3格)，機車:138格(含身心障礙停車位2格)，充電格位:2格",
        "tel": "2759-0666",
        "car": 69,
        "motor": 138,
        "charging": 0,
        "occupied_rate": -99,
        "data_time": "Sat May 02 00:00:00 CST 2026"
      }
    },
    {
      "type": "Feature",
      "geometry": {
        "type": "Point",
        "coordinates": [
          121.533674,
          25.0224115
        ]
      },
      "properties": {
        "id": "TPE0127",
        "name": "辛亥高架橋下停車場",
        "area": "大安區",
        "address": "新生南路、辛亥高架橋下",
        "summary": "大型車:0格，小型車:89格(含身心障礙停車位2格，孕婦、育有六歲以下兒童停車位1格)，機車:0格，充電格位:3格",
        "tel": "0225046290",
        "car": 89,
        "motor": 0,
        "charging": 0,
        "occupied_rate": -99,
        "data_time": "Sat May 02 00:00:00 CST 2026"
      }
    },
    {
      "type": "Feature",
      "geometry": {
        "type": "Point",
        "coordinates": [
          121.5584545,
          25.006027
        ]
      },
      "properties": {
        "id": "TPE0128",
        "name": "辛亥國小地下停車場",
        "area": "文山區",
        "address": "辛亥路4段103號地下共2層",
        "summary": "大型車:0格，小型車:129格(含身心障礙停車位4格，孕婦、育有六歲以下兒童停車位8格)，機車:0格，充電格位:3格",
        "tel": "2557-3722#0",
        "car": 129,
        "motor": 0,
        "charging": 0,
        "occupied_rate": -99,
        "data_time": "Sat May 02 00:00:00 CST 2026"
      }
    },
    {
      "type": "Feature",
      "geometry": {
        "type": "Point",
        "coordinates": [
          121.544503,
          25.0373656
        ]
      },
      "properties": {
        "id": "TPE0129",
        "name": "臺北市立聯合醫院-仁愛院區停車場",
        "area": "大安區",
        "address": "仁愛路4段10號",
        "summary": "大型車:0格，小型車:60格(含身心障礙停車位2格，孕婦、育有六歲以下兒童停車位2格)，機車:0格，充電格位:1格",
        "tel": "0800000269",
        "car": 60,
        "motor": 0,
        "charging": 0,
        "occupied_rate": -99,
        "data_time": "Sat May 02 00:00:00 CST 2026"
      }
    },
    {
      "type": "Feature",
      "geometry": {
        "type": "Point",
        "coordinates": [
          121.5662101,
          25.0361311
        ]
      },
      "properties": {
        "id": "TPE0130",
        "name": "新光三越百貨股份有限公司台北信義分公司停車場",
        "area": "信義區",
        "address": "松壽路11號地下3、4、5層",
        "summary": "大型車:0格，小型車:284格(含身心障礙停車位5格，孕婦、育有六歲以下兒童停車位5格)，機車:469格(含身心障礙停車位10格)，充電格位:9格",
        "tel": "",
        "car": 284,
        "motor": 469,
        "charging": 0,
        "occupied_rate": -99,
        "data_time": "Sat May 02 00:00:00 CST 2026"
      }
    },
    {
      "type": "Feature",
      "geometry": {
        "type": "Point",
        "coordinates": [
          121.4962567,
          25.01577
        ]
      },
      "properties": {
        "id": "TPE0131",
        "name": "華中橋堤外停車場",
        "area": "萬華區",
        "address": "華中橋堤外",
        "summary": "大型車:105格，小型車:641格(含身心障礙停車位13格)，機車:0格",
        "tel": "2307-7130、2516-2519",
        "car": 641,
        "motor": 0,
        "charging": 0,
        "occupied_rate": -99,
        "data_time": "Sat May 02 00:00:00 CST 2026"
      }
    },
    {
      "type": "Feature",
      "geometry": {
        "type": "Point",
        "coordinates": [
          121.506322,
          25.0520065
        ]
      },
      "properties": {
        "id": "TPE0132",
        "name": "三號水門堤外停車場",
        "area": "大同區",
        "address": "鄭州路、民生西路底堤防外",
        "summary": "大型車:17格，小型車:167格(含身心障礙停車位4格，孕婦、育有六歲以下兒童停車位1格)，機車:0格",
        "tel": "2759-0666",
        "car": 167,
        "motor": 0,
        "charging": 0,
        "occupied_rate": -99,
        "data_time": "Sat May 02 00:00:00 CST 2026"
      }
    },
    {
      "type": "Feature",
      "geometry": {
        "type": "Point",
        "coordinates": [
          121.4958481,
          25.0390617
        ]
      },
      "properties": {
        "id": "TPE0133",
        "name": "桂林路底堤外停車場",
        "area": "萬華區",
        "address": "桂林路底堤外",
        "summary": "大型車:0格，小型車:102格(含身心障礙停車位3格)，機車:0格",
        "tel": "2302-4504",
        "car": 102,
        "motor": 0,
        "charging": 0,
        "occupied_rate": -99,
        "data_time": "Sat May 02 00:00:00 CST 2026"
      }
    },
    {
      "type": "Feature",
      "geometry": {
        "type": "Point",
        "coordinates": [
          121.5418875,
          25.0540726
        ]
      },
      "properties": {
        "id": "TPE0134",
        "name": "龍江平面停車場",
        "area": "中山區",
        "address": "龍江路155巷與遼寧街口",
        "summary": "大型車:0格，小型車:26格(含身心障礙停車位1格)，機車:0格，充電格位:2格",
        "tel": "2754-6661",
        "car": 26,
        "motor": 0,
        "charging": 0,
        "occupied_rate": -99,
        "data_time": "Sat May 02 00:00:00 CST 2026"
      }
    },
    {
      "type": "Feature",
      "geometry": {
        "type": "Point",
        "coordinates": [
          121.5448933,
          25.0419527
        ]
      },
      "properties": {
        "id": "TPE0135",
        "name": "太平洋崇光百貨股份有限公司忠孝店停車場",
        "area": "大安區",
        "address": "忠孝東路4段45號地下2至3層",
        "summary": "大型車:0格，小型車:104格(含身心障礙停車位2格，孕婦、育有六歲以下兒童停車位2格)，機車:0格，充電格位:1格",
        "tel": "2776-5555分機3898",
        "car": 104,
        "motor": 0,
        "charging": 0,
        "occupied_rate": -99,
        "data_time": "Sat May 02 00:00:00 CST 2026"
      }
    },
    {
      "type": "Feature",
      "geometry": {
        "type": "Point",
        "coordinates": [
          121.5666598,
          25.0356735
        ]
      },
      "properties": {
        "id": "TPE0136",
        "name": "威秀A16停車場",
        "area": "信義區",
        "address": "松壽路18號地下1層",
        "summary": "大型車:0格，小型車:75格(含身心障礙停車位2格，孕婦、育有六歲以下兒童停車位1格)，機車:73格(含身心障礙停車位2格)",
        "tel": "",
        "car": 75,
        "motor": 73,
        "charging": 0,
        "occupied_rate": -99,
        "data_time": "Sat May 02 00:00:00 CST 2026"
      }
    },
    {
      "type": "Feature",
      "geometry": {
        "type": "Point",
        "coordinates": [
          121.5674001,
          25.0356413
        ]
      },
      "properties": {
        "id": "TPE0137",
        "name": "威秀A17停車場",
        "area": "信義區",
        "address": "松壽路20號地下1至2層",
        "summary": "大型車:0格，小型車:105格(含身心障礙停車位2格，孕婦、育有六歲以下兒童停車位2格)，機車:157格(含身心障礙停車位3格)，充電格位:2格",
        "tel": "",
        "car": 105,
        "motor": 157,
        "charging": 0,
        "occupied_rate": -99,
        "data_time": "Sat May 02 00:00:00 CST 2026"
      }
    },
    {
      "type": "Feature",
      "geometry": {
        "type": "Point",
        "coordinates": [
          121.506425,
          25.0456549
        ]
      },
      "properties": {
        "id": "TPE0138",
        "name": "新光育樂股份有限公司獅子林停車場",
        "area": "萬華區",
        "address": "西寧南路36號地下2至3層",
        "summary": "大型車:0格，小型車:94格(含身心障礙停車位2格，孕婦、育有六歲以下兒童停車位2格)，機車:0格",
        "tel": "27991001#166",
        "car": 94,
        "motor": 0,
        "charging": 0,
        "occupied_rate": -99,
        "data_time": "Sat May 02 00:00:00 CST 2026"
      }
    },
    {
      "type": "Feature",
      "geometry": {
        "type": "Point",
        "coordinates": [
          121.5839306,
          25.0006974
        ]
      },
      "properties": {
        "id": "TPE0139",
        "name": "嘟嘟房捷運木柵機廠站停車場",
        "area": "文山區",
        "address": "新光路2段19號地上2至4層",
        "summary": "大型車:0格，小型車:678格(含身心障礙停車位14格)，機車:0格，充電格位:14格",
        "tel": "0225573722",
        "car": 678,
        "motor": 0,
        "charging": 0,
        "occupied_rate": -99,
        "data_time": "Sat May 02 00:00:00 CST 2026"
      }
    },
    {
      "type": "Feature",
      "geometry": {
        "type": "Point",
        "coordinates": [
          121.5263706,
          25.0921567
        ]
      },
      "properties": {
        "id": "TPE0140",
        "name": "嘟嘟房捷運士林站停車場",
        "area": "士林區",
        "address": "福德路1號",
        "summary": "大型車:0格，小型車:61格(含身心障礙停車位2格)，機車:0格，充電格位:2格",
        "tel": "0226550818",
        "car": 61,
        "motor": 0,
        "charging": 0,
        "occupied_rate": -99,
        "data_time": "Sat May 02 00:00:00 CST 2026"
      }
    },
    {
      "type": "Feature",
      "geometry": {
        "type": "Point",
        "coordinates": [
          121.5867066,
          25.04647
        ]
      },
      "properties": {
        "id": "TPE0142",
        "name": "臺北市立聯合醫院-忠孝院區停車場",
        "area": "南港區",
        "address": "同德路87號",
        "summary": "大型車:0格，小型車:20格(含身心障礙停車位1格)，機車:0格，充電格位:1格",
        "tel": "0800000269",
        "car": 20,
        "motor": 0,
        "charging": 0,
        "occupied_rate": -99,
        "data_time": "Sat May 02 00:00:00 CST 2026"
      }
    },
    {
      "type": "Feature",
      "geometry": {
        "type": "Point",
        "coordinates": [
          121.5105595,
          25.0896774
        ]
      },
      "properties": {
        "id": "TPE0144",
        "name": "社中街平面停車場",
        "area": "士林區",
        "address": "社中街94號旁",
        "summary": "大型車:0格，小型車:31格(含身心障礙停車位2格，孕婦、育有六歲以下兒童停車位1格)，機車:0格，充電格位:2格",
        "tel": "0222740068",
        "car": 31,
        "motor": 0,
        "charging": 0,
        "occupied_rate": -99,
        "data_time": "Sat May 02 00:00:00 CST 2026"
      }
    },
    {
      "type": "Feature",
      "geometry": {
        "type": "Point",
        "coordinates": [
          121.5665999,
          25.0363824
        ]
      },
      "properties": {
        "id": "TPE0145",
        "name": "新光三越百貨公司台北信義分公司三館停車場",
        "area": "信義區",
        "address": "松壽路9號地下3、4、5層",
        "summary": "大型車:0格，小型車:186格(含身心障礙停車位3格，孕婦、育有六歲以下兒童停車位3格)，機車:420格(含身心障礙停車位8格)，充電格位:3格",
        "tel": "",
        "car": 186,
        "motor": 420,
        "charging": 0,
        "occupied_rate": -99,
        "data_time": "Sat May 02 00:00:00 CST 2026"
      }
    },
    {
      "type": "Feature",
      "geometry": {
        "type": "Point",
        "coordinates": [
          121.5429354,
          25.0361706
        ]
      },
      "properties": {
        "id": "TPE0147",
        "name": "台北市農會C區停車場",
        "area": "大安區",
        "address": "復興南路1段340巷附中公園東側空地(使用面積1,707平方公尺)",
        "summary": "大型車:0格，小型車:48格(含身心障礙停車位1格)，機車:0格",
        "tel": "2707-0612",
        "car": 48,
        "motor": 0,
        "charging": 0,
        "occupied_rate": -99,
        "data_time": "Sat May 02 00:00:00 CST 2026"
      }
    },
    {
      "type": "Feature",
      "geometry": {
        "type": "Point",
        "coordinates": [
          121.5432503,
          25.0362958
        ]
      },
      "properties": {
        "id": "TPE0148",
        "name": "台北市農會A區停車場",
        "area": "大安區",
        "address": "復興南路1段340巷空地(使用面積1,167平方公尺)",
        "summary": "大型車:0格，小型車:40格(含身心障礙停車位1格)，機車:0格",
        "tel": "2707-0612",
        "car": 40,
        "motor": 0,
        "charging": 0,
        "occupied_rate": -99,
        "data_time": "Sat May 02 00:00:00 CST 2026"
      }
    },
    {
      "type": "Feature",
      "geometry": {
        "type": "Point",
        "coordinates": [
          121.5418148,
          25.0366848
        ]
      },
      "properties": {
        "id": "TPE0149",
        "name": "大安文山保管場停車場",
        "area": "大安區",
        "address": "信義路3段147巷10號空地",
        "summary": "大型車:0格，小型車:46格(含身心障礙停車位1格)，機車:11格(含身心障礙停車位1格)",
        "tel": "2705-2484",
        "car": 46,
        "motor": 11,
        "charging": 0,
        "occupied_rate": -99,
        "data_time": "Sat May 02 00:00:00 CST 2026"
      }
    },
    {
      "type": "Feature",
      "geometry": {
        "type": "Point",
        "coordinates": [
          121.5425171,
          25.0367431
        ]
      },
      "properties": {
        "id": "TPE0150",
        "name": "台北市農會B區停車場",
        "area": "大安區",
        "address": "復興南路1段340巷附中公園旁(使用面積2,611平方公尺)",
        "summary": "大型車:0格，小型車:49格(含身心障礙停車位1格)，機車:0格",
        "tel": "2707-0612",
        "car": 49,
        "motor": 0,
        "charging": 0,
        "occupied_rate": -99,
        "data_time": "Sat May 02 00:00:00 CST 2026"
      }
    },
    {
      "type": "Feature",
      "geometry": {
        "type": "Point",
        "coordinates": [
          121.5519456,
          25.0513158
        ]
      },
      "properties": {
        "id": "TPE0151",
        "name": "臺北體育館地下停車場",
        "area": "松山區",
        "address": "南京東路4段10號地下1至2層",
        "summary": "大型車:0格，小型車:151格(含身心障礙停車位4格，孕婦、育有六歲以下兒童停車位2格)，機車:0格，充電格位:1格",
        "tel": "0225798373",
        "car": 151,
        "motor": 0,
        "charging": 0,
        "occupied_rate": -99,
        "data_time": "Sat May 02 00:00:00 CST 2026"
      }
    },
    {
      "type": "Feature",
      "geometry": {
        "type": "Point",
        "coordinates": [
          121.5057979,
          25.0393847
        ]
      },
      "properties": {
        "id": "TPE0152",
        "name": "貴陽二停車場",
        "area": "萬華區",
        "address": "貴陽街2段26號",
        "summary": "大型車:0格，小型車:2格(含身心障礙停車位1格)，機車:0格",
        "tel": "2778-5756",
        "car": 2,
        "motor": 0,
        "charging": 0,
        "occupied_rate": -99,
        "data_time": "Sat May 02 00:00:00 CST 2026"
      }
    },
    {
      "type": "Feature",
      "geometry": {
        "type": "Point",
        "coordinates": [
          121.55181,
          25.0016145
        ]
      },
      "properties": {
        "id": "TPE0153",
        "name": "驛林交通股份有限公司興隆站",
        "area": "文山區",
        "address": "興隆路2段160號地下1、2層",
        "summary": "大型車:0格，小型車:46格(含身心障礙停車位2格，孕婦、育有六歲以下兒童停車位1格)，機車:0格，充電格位:1格",
        "tel": "",
        "car": 46,
        "motor": 0,
        "charging": 0,
        "occupied_rate": -99,
        "data_time": "Sat May 02 00:00:00 CST 2026"
      }
    },
    {
      "type": "Feature",
      "geometry": {
        "type": "Point",
        "coordinates": [
          121.5289188,
          25.0194266
        ]
      },
      "properties": {
        "id": "TPE0154",
        "name": "耕莘文教院前平面停車場",
        "area": "中正區",
        "address": "辛亥路1段22號前（耕莘文教院前）",
        "summary": "大型車:0格，小型車:58格(含身心障礙停車位2格)，機車:0格，充電格位:2格",
        "tel": "0800208333",
        "car": 58,
        "motor": 0,
        "charging": 0,
        "occupied_rate": -99,
        "data_time": "Sat May 02 00:00:00 CST 2026"
      }
    },
    {
      "type": "Feature",
      "geometry": {
        "type": "Point",
        "coordinates": [
          121.5467724,
          25.0450785
        ]
      },
      "properties": {
        "id": "TPE0155",
        "name": "市民大道復敦段停車場",
        "area": "松山區",
        "address": "市民大道4段(復興南路至敦化南路)地下(地下共2層)",
        "summary": "大型車:0格，小型車:214格(含身心障礙停車位5格，孕婦、育有六歲以下兒童停車位4格)，機車:0格，充電格位:4格",
        "tel": "2799-5657",
        "car": 214,
        "motor": 0,
        "charging": 0,
        "occupied_rate": -99,
        "data_time": "Sat May 02 00:00:00 CST 2026"
      }
    },
    {
      "type": "Feature",
      "geometry": {
        "type": "Point",
        "coordinates": [
          121.5201868,
          25.0604382
        ]
      },
      "properties": {
        "id": "TPE0156",
        "name": "成淵高中地下停車場",
        "area": "大同區",
        "address": "承德路2段235號之1地下",
        "summary": "大型車:0格，小型車:269格(含身心障礙停車位4格，孕婦、育有六歲以下兒童停車位5格)，機車:0格，大型重機:1格，充電格位:8格",
        "tel": "2799-5657",
        "car": 269,
        "motor": 0,
        "charging": 0,
        "occupied_rate": -99,
        "data_time": "Sat May 02 00:00:00 CST 2026"
      }
    },
    {
      "type": "Feature",
      "geometry": {
        "type": "Point",
        "coordinates": [
          121.586183,
          25.045971
        ]
      },
      "properties": {
        "id": "TPE0157",
        "name": "成德立體停車場",
        "area": "南港區",
        "address": "成福路1號",
        "summary": "大型車:0格，小型車:180格(含身心障礙停車位5格)，機車:0格",
        "tel": "0222408767",
        "car": 180,
        "motor": 0,
        "charging": 0,
        "occupied_rate": -99,
        "data_time": "Sat May 02 00:00:00 CST 2026"
      }
    },
    {
      "type": "Feature",
      "geometry": {
        "type": "Point",
        "coordinates": [
          121.5471976,
          25.1770435
        ]
      },
      "properties": {
        "id": "TPE0158",
        "name": "歐特儀股份有限公司小油坑停車場",
        "area": "北投區",
        "address": "竹子湖路69號",
        "summary": "大型車:6格，小型車:60格(含身心障礙停車位2格，孕婦、育有六歲以下兒童停車位2格)，機車:23格(含身心障礙停車位2格)",
        "tel": "0227057716",
        "car": 60,
        "motor": 23,
        "charging": 0,
        "occupied_rate": -99,
        "data_time": "Sat May 02 00:00:00 CST 2026"
      }
    },
    {
      "type": "Feature",
      "geometry": {
        "type": "Point",
        "coordinates": [
          121.5389234,
          25.1551337
        ]
      },
      "properties": {
        "id": "TPE0160",
        "name": "陽明山立體停車場",
        "area": "北投區",
        "address": "湖山路(陽明山公園大門口旁)",
        "summary": "大型車:0格，小型車:209格(含身心障礙停車位5格，孕婦、育有六歲以下兒童停車位4格)，機車:350格(含身心障礙停車位7格)，充電格位:6格",
        "tel": "0975-024268或(02)26546264",
        "car": 209,
        "motor": 350,
        "charging": 0,
        "occupied_rate": -99,
        "data_time": "Sat May 02 00:00:00 CST 2026"
      }
    },
    {
      "type": "Feature",
      "geometry": {
        "type": "Point",
        "coordinates": [
          121.5216864,
          25.0754737
        ]
      },
      "properties": {
        "id": "TPE0161",
        "name": "兒童育樂中心平面停車場",
        "area": "中山區",
        "address": "玉門街與敦煌路口兒童育樂中心旁",
        "summary": "大型車:0格，小型車:86格(含身心障礙停車位2格，孕婦、育有六歲以下兒童停車位1格)，機車:0格，充電格位:2格",
        "tel": "2504-6290 分機85082鍾先生",
        "car": 86,
        "motor": 0,
        "charging": 0,
        "occupied_rate": -99,
        "data_time": "Sat May 02 00:00:00 CST 2026"
      }
    },
    {
      "type": "Feature",
      "geometry": {
        "type": "Point",
        "coordinates": [
          121.5308232,
          25.1255219
        ]
      },
      "properties": {
        "id": "TPE0162",
        "name": "天母公園平面停車場",
        "area": "士林區",
        "address": "中山北路7段191巷21號對面",
        "summary": "大型車:0格，小型車:14格(含身心障礙停車位1格)，機車:0格",
        "tel": "0225573722",
        "car": 14,
        "motor": 0,
        "charging": 0,
        "occupied_rate": -99,
        "data_time": "Sat May 02 00:00:00 CST 2026"
      }
    },
    {
      "type": "Feature",
      "geometry": {
        "type": "Point",
        "coordinates": [
          121.5506092,
          25.0446671
        ]
      },
      "properties": {
        "id": "TPE0163",
        "name": "市民大道敦延段停車場",
        "area": "松山區",
        "address": "市民大道4段(敦化南路至延吉街)地下(地下共2層)",
        "summary": "大型車:0格，小型車:217格(含身心障礙停車位5格，孕婦、育有六歲以下兒童停車位6格)，機車:0格，充電格位:4格",
        "tel": "022799-5657",
        "car": 217,
        "motor": 0,
        "charging": 0,
        "occupied_rate": -99,
        "data_time": "Sat May 02 00:00:00 CST 2026"
      }
    },
    {
      "type": "Feature",
      "geometry": {
        "type": "Point",
        "coordinates": [
          121.5535757,
          25.0443672
        ]
      },
      "properties": {
        "id": "TPE0164",
        "name": "市民大道延吉段停車場",
        "area": "松山區",
        "address": "市民大道4段(延吉街兩側)地下(地下共1層)",
        "summary": "大型車:0格，小型車:79格(含身心障礙停車位2格，孕婦、育有六歲以下兒童停車位4格)，機車:0格，充電格位:2格",
        "tel": "022799-5657",
        "car": 79,
        "motor": 0,
        "charging": 0,
        "occupied_rate": -99,
        "data_time": "Sat May 02 00:00:00 CST 2026"
      }
    },
    {
      "type": "Feature",
      "geometry": {
        "type": "Point",
        "coordinates": [
          121.5451925,
          25.0581231
        ]
      },
      "properties": {
        "id": "TPE0165",
        "name": "鴻構大樓計時收費停車場",
        "area": "松山區",
        "address": "民生東路3段109號地下1層",
        "summary": "大型車:0格，小型車:18格(含身心障礙停車位1格)，機車:0格",
        "tel": "2717-7799",
        "car": 18,
        "motor": 0,
        "charging": 0,
        "occupied_rate": -99,
        "data_time": "Sat May 02 00:00:00 CST 2026"
      }
    },
    {
      "type": "Feature",
      "geometry": {
        "type": "Point",
        "coordinates": [
          121.6146926,
          25.0449439
        ]
      },
      "properties": {
        "id": "TPE0167",
        "name": "研究院路平面停車場",
        "area": "南港區",
        "address": "研究院路2段84巷",
        "summary": "大型車:0格，小型車:7格(含身心障礙停車位1格)，機車:0格",
        "tel": "0227590666",
        "car": 7,
        "motor": 0,
        "charging": 0,
        "occupied_rate": -99,
        "data_time": "Sat May 02 00:00:00 CST 2026"
      }
    },
    {
      "type": "Feature",
      "geometry": {
        "type": "Point",
        "coordinates": [
          121.5205004,
          25.0634028
        ]
      },
      "properties": {
        "id": "TPE0168",
        "name": "嘟嘟房天祥站停車場",
        "area": "中山區",
        "address": "民權西路53號",
        "summary": "大型車:0格，小型車:104格(含身心障礙停車位3格)，機車:0格",
        "tel": "2655-0818",
        "car": 104,
        "motor": 0,
        "charging": 0,
        "occupied_rate": -99,
        "data_time": "Sat May 02 00:00:00 CST 2026"
      }
    },
    {
      "type": "Feature",
      "geometry": {
        "type": "Point",
        "coordinates": [
          121.504209,
          25.1311332
        ]
      },
      "properties": {
        "id": "TPE0169",
        "name": "大豐公園地下停車場",
        "area": "北投區",
        "address": "大興街145號地下",
        "summary": "大型車:0格，小型車:234格(含身心障礙停車位5格，孕婦、育有六歲以下兒童停車位6格)，機車:0格，充電格位:6格",
        "tel": "0228921209",
        "car": 234,
        "motor": 0,
        "charging": 0,
        "occupied_rate": -99,
        "data_time": "Sat May 02 00:00:00 CST 2026"
      }
    },
    {
      "type": "Feature",
      "geometry": {
        "type": "Point",
        "coordinates": [
          121.5090751,
          25.0880687
        ]
      },
      "properties": {
        "id": "TPE0170",
        "name": "社正路平面停車場",
        "area": "士林區",
        "address": "社正路12號旁",
        "summary": "大型車:0格，小型車:31格(含身心障礙停車位2格，孕婦、育有六歲以下兒童停車位1格)，機車:0格，充電格位:2格",
        "tel": "0222740068",
        "car": 31,
        "motor": 0,
        "charging": 0,
        "occupied_rate": -99,
        "data_time": "Sat May 02 00:00:00 CST 2026"
      }
    },
    {
      "type": "Feature",
      "geometry": {
        "type": "Point",
        "coordinates": [
          121.5247526,
          25.0970624
        ]
      },
      "properties": {
        "id": "TPE0171",
        "name": "美德街平面停車場",
        "area": "士林區",
        "address": "美德街與前街路口",
        "summary": "大型車:0格，小型車:15格(含身心障礙停車位1格)，機車:30格",
        "tel": "0227590666",
        "car": 15,
        "motor": 30,
        "charging": 0,
        "occupied_rate": -99,
        "data_time": "Sat May 02 00:00:00 CST 2026"
      }
    },
    {
      "type": "Feature",
      "geometry": {
        "type": "Point",
        "coordinates": [
          121.5233056,
          25.0668778
        ]
      },
      "properties": {
        "id": "TPE0172",
        "name": "德惠街停車場",
        "area": "中山區",
        "address": "德惠街5-1號旁空地",
        "summary": "大型車:0格，小型車:10格(含身心障礙停車位1格)，機車:0格",
        "tel": "2778-5756",
        "car": 10,
        "motor": 0,
        "charging": 0,
        "occupied_rate": -99,
        "data_time": "Sat May 02 00:00:00 CST 2026"
      }
    },
    {
      "type": "Feature",
      "geometry": {
        "type": "Point",
        "coordinates": [
          121.5697276,
          25.0446198
        ]
      },
      "properties": {
        "id": "TPE0173",
        "name": "永吉路120巷平面",
        "area": "信義區",
        "address": "永吉路120巷",
        "summary": "大型車:0格，小型車:10格(含身心障礙停車位1格)，機車:0格",
        "tel": "0227590666",
        "car": 10,
        "motor": 0,
        "charging": 0,
        "occupied_rate": -99,
        "data_time": "Sat May 02 00:00:00 CST 2026"
      }
    },
    {
      "type": "Feature",
      "geometry": {
        "type": "Point",
        "coordinates": [
          121.5415757,
          25.0724074
        ]
      },
      "properties": {
        "id": "TPE0174",
        "name": "濱江橋下平面停車場",
        "area": "中山區",
        "address": "濱江橋下",
        "summary": "大型車:0格，小型車:18格(含身心障礙停車位2格)，機車:0格",
        "tel": "2759-0666",
        "car": 18,
        "motor": 0,
        "charging": 0,
        "occupied_rate": -99,
        "data_time": "Sat May 02 00:00:00 CST 2026"
      }
    },
    {
      "type": "Feature",
      "geometry": {
        "type": "Point",
        "coordinates": [
          121.5498247,
          25.0410407
        ]
      },
      "properties": {
        "id": "TPE0175",
        "name": "上通停車場",
        "area": "大安區",
        "address": "忠孝東路4段146巷1號地下1層",
        "summary": "大型車:0格，小型車:11格(含身心障礙停車位1格)，機車:0格",
        "tel": "27402828",
        "car": 11,
        "motor": 0,
        "charging": 0,
        "occupied_rate": -99,
        "data_time": "Sat May 02 00:00:00 CST 2026"
      }
    },
    {
      "type": "Feature",
      "geometry": {
        "type": "Point",
        "coordinates": [
          121.5335052,
          25.0643994
        ]
      },
      "properties": {
        "id": "TPE0176",
        "name": "中山區行政中心停車場",
        "area": "中山區",
        "address": "松江路367號地下2層",
        "summary": "大型車:0格，小型車:63格(含身心障礙停車位2格，孕婦、育有六歲以下兒童停車位1格)，機車:58格(含身心障礙停車位1格)，充電格位:1格",
        "tel": "022503-1369#205",
        "car": 63,
        "motor": 58,
        "charging": 0,
        "occupied_rate": -99,
        "data_time": "Sat May 02 00:00:00 CST 2026"
      }
    },
    {
      "type": "Feature",
      "geometry": {
        "type": "Point",
        "coordinates": [
          121.5626763,
          25.0561688
        ]
      },
      "properties": {
        "id": "TPE0177",
        "name": "健康國小地下停車場",
        "area": "松山區",
        "address": "延壽街168號地下層［地下2層］",
        "summary": "大型車:0格，小型車:193格(含身心障礙停車位5格，孕婦、育有六歲以下兒童停車位4格)，機車:0格，大型重機:1格，充電格位:4格",
        "tel": "0226550818",
        "car": 193,
        "motor": 0,
        "charging": 0,
        "occupied_rate": -99,
        "data_time": "Sat May 02 00:00:00 CST 2026"
      }
    },
    {
      "type": "Feature",
      "geometry": {
        "type": "Point",
        "coordinates": [
          121.4913497,
          25.0354337
        ]
      },
      "properties": {
        "id": "TPE0178",
        "name": "華江橋下與雙層小型車停車場",
        "area": "萬華區",
        "address": "和平西路3段382巷對面(華江橋下)",
        "summary": "大型車:0格，小型車:153格(含身心障礙停車位4格，孕婦、育有六歲以下兒童停車位3格)，機車:228格(含身心障礙停車位5格)，充電格位:5格",
        "tel": "0909566815",
        "car": 153,
        "motor": 228,
        "charging": 0,
        "occupied_rate": -99,
        "data_time": "Sat May 02 00:00:00 CST 2026"
      }
    },
    {
      "type": "Feature",
      "geometry": {
        "type": "Point",
        "coordinates": [
          121.5481399,
          25.0399004
        ]
      },
      "properties": {
        "id": "TPE0179",
        "name": "皇翔敦南停車場",
        "area": "大安區",
        "address": "敦化南路1段246號地下3至4層",
        "summary": "大型車:0格，小型車:53格(含身心障礙停車位2格，孕婦、育有六歲以下兒童停車位2格)，機車:0格，充電格位:1格",
        "tel": "2776-5555分機3898",
        "car": 53,
        "motor": 0,
        "charging": 0,
        "occupied_rate": -99,
        "data_time": "Sat May 02 00:00:00 CST 2026"
      }
    },
    {
      "type": "Feature",
      "geometry": {
        "type": "Point",
        "coordinates": [
          121.5739181,
          25.1667001
        ]
      },
      "properties": {
        "id": "TPE0181",
        "name": "歐特儀股份有限公司擎天崗停車場",
        "area": "士林區",
        "address": "菁山路101巷246號",
        "summary": "大型車:2格，小型車:81格(含身心障礙停車位4格，孕婦、育有六歲以下兒童停車位2格)，機車:87格(含身心障礙停車位1格)",
        "tel": "0227057716",
        "car": 81,
        "motor": 87,
        "charging": 0,
        "occupied_rate": -99,
        "data_time": "Sat May 02 00:00:00 CST 2026"
      }
    },
    {
      "type": "Feature",
      "geometry": {
        "type": "Point",
        "coordinates": [
          121.5157782,
          25.0663173
        ]
      },
      "properties": {
        "id": "TPE0182",
        "name": "臺北市大同區行政中心地下停車場",
        "area": "大同區",
        "address": "昌吉街57號地下1層",
        "summary": "大型車:0格，小型車:79格(含身心障礙停車位2格，孕婦、育有六歲以下兒童停車位1格)，機車:0格，充電格位:2格",
        "tel": "2597-5323",
        "car": 79,
        "motor": 0,
        "charging": 0,
        "occupied_rate": -99,
        "data_time": "Sat May 02 00:00:00 CST 2026"
      }
    },
    {
      "type": "Feature",
      "geometry": {
        "type": "Point",
        "coordinates": [
          121.5197667,
          25.0928368
        ]
      },
      "properties": {
        "id": "TPE0183",
        "name": "臺北市士林區行政中心地下停車場",
        "area": "士林區",
        "address": "中正路439號地下1至2層",
        "summary": "大型車:0格，小型車:103格(含身心障礙停車位3格，孕婦、育有六歲以下兒童停車位1格)，機車:0格，充電格位:2格",
        "tel": "0228826200",
        "car": 103,
        "motor": 0,
        "charging": 0,
        "occupied_rate": -99,
        "data_time": "Sat May 02 00:00:00 CST 2026"
      }
    },
    {
      "type": "Feature",
      "geometry": {
        "type": "Point",
        "coordinates": [
          121.5890085,
          25.0692137
        ]
      },
      "properties": {
        "id": "TPE0184",
        "name": "內湖區行政中心停車場",
        "area": "內湖區",
        "address": "民權東路6段99號地上1層及地下1層",
        "summary": "大型車:0格，小型車:45格(含身心障礙停車位1格，孕婦、育有六歲以下兒童停車位1格)，機車:0格，充電格位:1格",
        "tel": "0227925828",
        "car": 45,
        "motor": 0,
        "charging": 0,
        "occupied_rate": -99,
        "data_time": "Sat May 02 00:00:00 CST 2026"
      }
    },
    {
      "type": "Feature",
      "geometry": {
        "type": "Point",
        "coordinates": [
          121.5345547,
          25.0267102
        ]
      },
      "properties": {
        "id": "TPE0185",
        "name": "大安區行政中心地下停車場",
        "area": "大安區",
        "address": "新生南路2段86號地下1至2層",
        "summary": "大型車:0格，小型車:115格(含身心障礙停車位2格，孕婦、育有六歲以下兒童停車位2格)，機車:0格",
        "tel": "23511711#9001",
        "car": 115,
        "motor": 0,
        "charging": 0,
        "occupied_rate": -99,
        "data_time": "Sat May 02 00:00:00 CST 2026"
      }
    },
    {
      "type": "Feature",
      "geometry": {
        "type": "Point",
        "coordinates": [
          121.6067291,
          25.0546095
        ]
      },
      "properties": {
        "id": "TPE0186",
        "name": "南港區行政中心地下停車場",
        "area": "南港區",
        "address": "南港路1段360號地下1層",
        "summary": "大型車:0格，小型車:8格(含身心障礙停車位1格，孕婦、育有六歲以下兒童停車位1格)，機車:0格",
        "tel": "27831343分機203",
        "car": 8,
        "motor": 0,
        "charging": 0,
        "occupied_rate": -99,
        "data_time": "Sat May 02 00:00:00 CST 2026"
      }
    },
    {
      "type": "Feature",
      "geometry": {
        "type": "Point",
        "coordinates": [
          121.5393479,
          25.0256862
        ]
      },
      "properties": {
        "id": "TPE0187",
        "name": "台北瑞安停車場",
        "area": "大安區",
        "address": "和平東路2段89號旁空地",
        "summary": "大型車:0格，小型車:46格(含身心障礙停車位1格)，機車:0格",
        "tel": "0800208333",
        "car": 46,
        "motor": 0,
        "charging": 0,
        "occupied_rate": -99,
        "data_time": "Sat May 02 00:00:00 CST 2026"
      }
    },
    {
      "type": "Feature",
      "geometry": {
        "type": "Point",
        "coordinates": [
          121.5182399,
          25.0322999
        ]
      },
      "properties": {
        "id": "TPE0188",
        "name": "富山停車中正區南門市場停車場",
        "area": "中正區",
        "address": "羅斯福路1段8號地下1至5層",
        "summary": "大型車:0格，小型車:193格(含身心障礙停車位4格，孕婦、育有六歲以下兒童停車位6格)，機車:260格(含身心障礙停車位6格)，充電格位:3格",
        "tel": "2265-1151",
        "car": 193,
        "motor": 260,
        "charging": 0,
        "occupied_rate": -99,
        "data_time": "Sat May 02 00:00:00 CST 2026"
      }
    },
    {
      "type": "Feature",
      "geometry": {
        "type": "Point",
        "coordinates": [
          121.5318433,
          25.0281983
        ]
      },
      "properties": {
        "id": "TPE0190",
        "name": "嘟嘟房青田站停車場",
        "area": "大安區",
        "address": "青田街6巷3號旁空地",
        "summary": "大型車:0格，小型車:13格(含身心障礙停車位1格)，機車:0格",
        "tel": "2655-0818",
        "car": 13,
        "motor": 0,
        "charging": 0,
        "occupied_rate": -99,
        "data_time": "Sat May 02 00:00:00 CST 2026"
      }
    },
    {
      "type": "Feature",
      "geometry": {
        "type": "Point",
        "coordinates": [
          121.5771845,
          25.0498228
        ]
      },
      "properties": {
        "id": "TPE0191",
        "name": "松山區行政中心地下停車場",
        "area": "松山區",
        "address": "八德路4段692號地下2、3層",
        "summary": "大型車:0格，小型車:22格(含身心障礙停車位1格，孕婦、育有六歲以下兒童停車位1格)，機車:0格",
        "tel": "8787-8787",
        "car": 22,
        "motor": 0,
        "charging": 0,
        "occupied_rate": -99,
        "data_time": "Sat May 02 00:00:00 CST 2026"
      }
    },
    {
      "type": "Feature",
      "geometry": {
        "type": "Point",
        "coordinates": [
          121.5261891,
          25.1239608
        ]
      },
      "properties": {
        "id": "TPE0192",
        "name": "行義路平面停車場",
        "area": "北投區",
        "address": "行義路與石牌路2段交叉口（行義路1號對面）",
        "summary": "大型車:0格，小型車:18格(含身心障礙停車位1格)，機車:0格",
        "tel": "0225573722",
        "car": 18,
        "motor": 0,
        "charging": 0,
        "occupied_rate": -99,
        "data_time": "Sat May 02 00:00:00 CST 2026"
      }
    },
    {
      "type": "Feature",
      "geometry": {
        "type": "Point",
        "coordinates": [
          121.5254253,
          25.0623924
        ]
      },
      "properties": {
        "id": "TPE0193",
        "name": "台灣聯通新興停車場",
        "area": "中山區",
        "address": "林森北路522號",
        "summary": "大型車:0格，小型車:35格(含身心障礙停車位1格)，機車:0格",
        "tel": "2523-5000",
        "car": 35,
        "motor": 0,
        "charging": 0,
        "occupied_rate": -99,
        "data_time": "Sat May 02 00:00:00 CST 2026"
      }
    },
    {
      "type": "Feature",
      "geometry": {
        "type": "Point",
        "coordinates": [
          121.466403,
          25.1201796
        ]
      },
      "properties": {
        "id": "TPE0194",
        "name": "臺北市立關渡醫院停車場",
        "area": "北投區",
        "address": "知行路225巷12號地下2層",
        "summary": "大型車:0格，小型車:51格(含身心障礙停車位2格)，機車:0格",
        "tel": "(02)28587000",
        "car": 51,
        "motor": 0,
        "charging": 0,
        "occupied_rate": -99,
        "data_time": "Sat May 02 00:00:00 CST 2026"
      }
    },
    {
      "type": "Feature",
      "geometry": {
        "type": "Point",
        "coordinates": [
          121.5506624,
          25.0291747
        ]
      },
      "properties": {
        "id": "TPE0195",
        "name": "台灣捷通安和停車場",
        "area": "大安區",
        "address": "安和路2段86號",
        "summary": "大型車:0格，小型車:50格(含身心障礙停車位1格)，機車:0格",
        "tel": "2523-5000 #1138黃小姐",
        "car": 50,
        "motor": 0,
        "charging": 0,
        "occupied_rate": -99,
        "data_time": "Sat May 02 00:00:00 CST 2026"
      }
    },
    {
      "type": "Feature",
      "geometry": {
        "type": "Point",
        "coordinates": [
          121.538196,
          24.993512
        ]
      },
      "properties": {
        "id": "TPE0196",
        "name": "萬慶街平面停車場",
        "area": "文山區",
        "address": "萬慶街48號對面",
        "summary": "大型車:0格，小型車:18格(含身心障礙停車位1格)，機車:0格",
        "tel": "2759-0666",
        "car": 18,
        "motor": 0,
        "charging": 0,
        "occupied_rate": -99,
        "data_time": "Sat May 02 00:00:00 CST 2026"
      }
    },
    {
      "type": "Feature",
      "geometry": {
        "type": "Point",
        "coordinates": [
          121.608763,
          25.0759749
        ]
      },
      "properties": {
        "id": "TPE0197",
        "name": "芳美妍康寧停車場",
        "area": "內湖區",
        "address": "成功路5段420巷26號地下3層",
        "summary": "大型車:0格，小型車:146格(含身心障礙停車位3格，孕婦、育有六歲以下兒童停車位2格)，機車:0格",
        "tel": "0968572828",
        "car": 146,
        "motor": 0,
        "charging": 0,
        "occupied_rate": -99,
        "data_time": "Sat May 02 00:00:00 CST 2026"
      }
    },
    {
      "type": "Feature",
      "geometry": {
        "type": "Point",
        "coordinates": [
          121.522532,
          25.0651471
        ]
      },
      "properties": {
        "id": "TPE0200",
        "name": "萬萬電腦收費停車場",
        "area": "中山區",
        "address": "中山北路3段25號地下1層",
        "summary": "大型車:0格，小型車:21格(含身心障礙停車位1格)，機車:0格",
        "tel": "022550-5987",
        "car": 21,
        "motor": 0,
        "charging": 0,
        "occupied_rate": -99,
        "data_time": "Sat May 02 00:00:00 CST 2026"
      }
    },
    {
      "type": "Feature",
      "geometry": {
        "type": "Point",
        "coordinates": [
          121.5402545,
          25.0197289
        ]
      },
      "properties": {
        "id": "TPE0201U01",
        "name": "國立臺灣大學校總區平面停車場",
        "area": "大安區",
        "address": "羅斯福路4段1號",
        "summary": "大型車:0格，小型車:100格(含身心障礙停車位6格)，機車:0格",
        "tel": "33663366",
        "car": 100,
        "motor": 0,
        "charging": 0,
        "occupied_rate": -99,
        "data_time": "Sat May 02 00:00:00 CST 2026"
      }
    },
    {
      "type": "Feature",
      "geometry": {
        "type": "Point",
        "coordinates": [
          121.5384412,
          25.0124114
        ]
      },
      "properties": {
        "id": "TPE0201U02",
        "name": "國立臺灣大學公館平面停車場",
        "area": "大安區",
        "address": "羅斯福路4段1號",
        "summary": "大型車:0格，小型車:421格(含身心障礙停車位3格，孕婦、育有六歲以下兒童停車位9格)，機車:0格，充電格位:13格",
        "tel": "33663366",
        "car": 421,
        "motor": 0,
        "charging": 0,
        "occupied_rate": -99,
        "data_time": "Sat May 02 00:00:00 CST 2026"
      }
    },
    {
      "type": "Feature",
      "geometry": {
        "type": "Point",
        "coordinates": [
          121.5338675,
          25.0191178
        ]
      },
      "properties": {
        "id": "TPE0201U03",
        "name": "國立臺灣大學新南地下停車場",
        "area": "大安區",
        "address": "羅斯福路4段1號",
        "summary": "大型車:0格，小型車:353格(含身心障礙停車位8格，孕婦、育有六歲以下兒童停車位6格)，機車:1330格(含身心障礙停車位27格)，充電格位:3格",
        "tel": "33663366",
        "car": 353,
        "motor": 1330,
        "charging": 0,
        "occupied_rate": -99,
        "data_time": "Sat May 02 00:00:00 CST 2026"
      }
    },
    {
      "type": "Feature",
      "geometry": {
        "type": "Point",
        "coordinates": [
          121.536135,
          25.0222536
        ]
      },
      "properties": {
        "id": "TPE0201U04",
        "name": "國立臺灣大學綜合體育館地下停車場",
        "area": "大安區",
        "address": "羅斯福路4段1號",
        "summary": "大型車:0格，小型車:208格(含身心障礙停車位4格，孕婦、育有六歲以下兒童停車位5格)，機車:0格，充電格位:6格",
        "tel": "33663366",
        "car": 208,
        "motor": 0,
        "charging": 0,
        "occupied_rate": -99,
        "data_time": "Sat May 02 00:00:00 CST 2026"
      }
    },
    {
      "type": "Feature",
      "geometry": {
        "type": "Point",
        "coordinates": [
          121.5258996,
          25.0605332
        ]
      },
      "properties": {
        "id": "TPE0202",
        "name": "薇閣停車場",
        "area": "中山區",
        "address": "錦州街27至31號旁空地",
        "summary": "大型車:0格，小型車:22格(含身心障礙停車位1格)，機車:0格",
        "tel": "2531-8000",
        "car": 22,
        "motor": 0,
        "charging": 0,
        "occupied_rate": -99,
        "data_time": "Sat May 02 00:00:00 CST 2026"
      }
    },
    {
      "type": "Feature",
      "geometry": {
        "type": "Point",
        "coordinates": [
          121.5046347,
          25.1407556
        ]
      },
      "properties": {
        "id": "TPE0203",
        "name": "復興路平面停車場",
        "area": "北投區",
        "address": "進賢路與復興路口",
        "summary": "大型車:0格，小型車:69格(含身心障礙停車位2格，孕婦、育有六歲以下兒童停車位1格)，機車:0格，充電格位:2格",
        "tel": "(02)25683773",
        "car": 69,
        "motor": 0,
        "charging": 0,
        "occupied_rate": -99,
        "data_time": "Sat May 02 00:00:00 CST 2026"
      }
    },
    {
      "type": "Feature",
      "geometry": {
        "type": "Point",
        "coordinates": [
          121.5049804,
          25.1406483
        ]
      },
      "properties": {
        "id": "TPE0204",
        "name": "開勝平面停車場",
        "area": "北投區",
        "address": "珠海路88號",
        "summary": "大型車:0格，小型車:29格(含身心障礙停車位1格)，機車:21格(含身心障礙停車位1格)，充電格位:2格",
        "tel": "(02)25683773",
        "car": 29,
        "motor": 21,
        "charging": 0,
        "occupied_rate": -99,
        "data_time": "Sat May 02 00:00:00 CST 2026"
      }
    },
    {
      "type": "Feature",
      "geometry": {
        "type": "Point",
        "coordinates": [
          121.5515072,
          24.9882134
        ]
      },
      "properties": {
        "id": "TPE0205",
        "name": "永建市場旁平面停車場",
        "area": "文山區",
        "address": "木柵路1段191巷內",
        "summary": "大型車:0格，小型車:18格(含身心障礙停車位1格)，機車:0格",
        "tel": "2759-0666",
        "car": 18,
        "motor": 0,
        "charging": 0,
        "occupied_rate": -99,
        "data_time": "Sat May 02 00:00:00 CST 2026"
      }
    },
    {
      "type": "Feature",
      "geometry": {
        "type": "Point",
        "coordinates": [
          121.565989,
          24.984374
        ]
      },
      "properties": {
        "id": "TPE0206",
        "name": "保儀路平面停車場",
        "area": "文山區",
        "address": "保儀路157號對面",
        "summary": "大型車:0格，小型車:44格(含身心障礙停車位1格)，機車:0格，充電格位:2格",
        "tel": "2246-1708",
        "car": 44,
        "motor": 0,
        "charging": 0,
        "occupied_rate": -99,
        "data_time": "Sat May 02 00:00:00 CST 2026"
      }
    },
    {
      "type": "Feature",
      "geometry": {
        "type": "Point",
        "coordinates": [
          121.4657166,
          25.120333
        ]
      },
      "properties": {
        "id": "TPE0207",
        "name": "關渡醫院旁平面停車場",
        "area": "北投區",
        "address": "大度路3段301巷",
        "summary": "大型車:0格，小型車:36格(含身心障礙停車位1格，孕婦、育有六歲以下兒童停車位1格)，機車:0格，充電格位:2格",
        "tel": "(02)25683773",
        "car": 36,
        "motor": 0,
        "charging": 0,
        "occupied_rate": -99,
        "data_time": "Sat May 02 00:00:00 CST 2026"
      }
    },
    {
      "type": "Feature",
      "geometry": {
        "type": "Point",
        "coordinates": [
          121.5444283,
          25.059304
        ]
      },
      "properties": {
        "id": "TPE0208",
        "name": "台灣聯通復有停車場",
        "area": "松山區",
        "address": "復興北路321號",
        "summary": "大型車:0格，小型車:14格(含身心障礙停車位1格)，機車:0格",
        "tel": "(02)25235000分機1138黃小姐",
        "car": 14,
        "motor": 0,
        "charging": 0,
        "occupied_rate": -99,
        "data_time": "Sat May 02 00:00:00 CST 2026"
      }
    },
    {
      "type": "Feature",
      "geometry": {
        "type": "Point",
        "coordinates": [
          121.5915668,
          25.0717878
        ]
      },
      "properties": {
        "id": "TPE0209",
        "name": "三軍總醫院內湖院區停車場",
        "area": "內湖區",
        "address": "成功路2段325號",
        "summary": "大型車:0格，小型車:493格(含身心障礙停車位10格，孕婦、育有六歲以下兒童停車位12格)，機車:421格(含身心障礙停車位9格)，充電格位:17格",
        "tel": "0800021111",
        "car": 493,
        "motor": 421,
        "charging": 0,
        "occupied_rate": -99,
        "data_time": "Sat May 02 00:00:00 CST 2026"
      }
    },
    {
      "type": "Feature",
      "geometry": {
        "type": "Point",
        "coordinates": [
          121.5266217,
          25.0393733
        ]
      },
      "properties": {
        "id": "TPE0210",
        "name": "Times杭州南路第2",
        "area": "中正區",
        "address": "杭州南路1段71巷12號旁空地",
        "summary": "大型車:0格，小型車:18格(含身心障礙停車位1格)，機車:0格",
        "tel": "0809008924",
        "car": 18,
        "motor": 0,
        "charging": 0,
        "occupied_rate": -99,
        "data_time": "Sat May 02 00:00:00 CST 2026"
      }
    },
    {
      "type": "Feature",
      "geometry": {
        "type": "Point",
        "coordinates": [
          121.5296796,
          25.0348055
        ]
      },
      "properties": {
        "id": "TPE0211",
        "name": "東門連雲平面停車場",
        "area": "中正區",
        "address": "臨沂街75巷31號",
        "summary": "大型車:0格，小型車:11格(含身心障礙停車位1格)，機車:0格",
        "tel": "25185299",
        "car": 11,
        "motor": 0,
        "charging": 0,
        "occupied_rate": -99,
        "data_time": "Sat May 02 00:00:00 CST 2026"
      }
    },
    {
      "type": "Feature",
      "geometry": {
        "type": "Point",
        "coordinates": [
          121.5263309,
          25.0479375
        ]
      },
      "properties": {
        "id": "TPE0212",
        "name": "長安林森停車場",
        "area": "中山區",
        "address": "長安東路1段30巷1號旁空地",
        "summary": "大型車:0格，小型車:21格(含身心障礙停車位1格)，機車:0格",
        "tel": "25185299",
        "car": 21,
        "motor": 0,
        "charging": 0,
        "occupied_rate": -99,
        "data_time": "Sat May 02 00:00:00 CST 2026"
      }
    },
    {
      "type": "Feature",
      "geometry": {
        "type": "Point",
        "coordinates": [
          121.5253995,
          25.0595464
        ]
      },
      "properties": {
        "id": "TPE0213",
        "name": "柏盛股份有限公司停車場",
        "area": "中山區",
        "address": "林森北路410號地下2層",
        "summary": "大型車:0格，小型車:26格(含身心障礙停車位1格)，機車:0格",
        "tel": "2561-5609",
        "car": 26,
        "motor": 0,
        "charging": 0,
        "occupied_rate": -99,
        "data_time": "Sat May 02 00:00:00 CST 2026"
      }
    },
    {
      "type": "Feature",
      "geometry": {
        "type": "Point",
        "coordinates": [
          121.5218967,
          25.058437
        ]
      },
      "properties": {
        "id": "TPE0214",
        "name": "馬偕醫院地下停車場",
        "area": "中山區",
        "address": "中山北路2段92號地下3-4層",
        "summary": "大型車:0格，小型車:342格(含身心障礙停車位6格，孕婦、育有六歲以下兒童停車位12格)，機車:0格",
        "tel": "2246-1708",
        "car": 342,
        "motor": 0,
        "charging": 0,
        "occupied_rate": -99,
        "data_time": "Sat May 02 00:00:00 CST 2026"
      }
    },
    {
      "type": "Feature",
      "geometry": {
        "type": "Point",
        "coordinates": [
          121.5608838,
          25.0864758
        ]
      },
      "properties": {
        "id": "TPE0215",
        "name": "文湖平面停車場",
        "area": "內湖區",
        "address": "文湖街21巷口文湖國小旁",
        "summary": "大型車:0格，小型車:34格(含身心障礙停車位1格，孕婦、育有六歲以下兒童停車位1格)，機車:0格，充電格位:2格",
        "tel": "02-27546661",
        "car": 34,
        "motor": 0,
        "charging": 0,
        "occupied_rate": -99,
        "data_time": "Sat May 02 00:00:00 CST 2026"
      }
    },
    {
      "type": "Feature",
      "geometry": {
        "type": "Point",
        "coordinates": [
          121.565764,
          25.0547058
        ]
      },
      "properties": {
        "id": "TPE0216",
        "name": "嘟嘟房西松高中站停車場",
        "area": "松山區",
        "address": "健康路325巷5弄11號",
        "summary": "大型車:0格，小型車:52格(含身心障礙停車位1格)，機車:0格",
        "tel": "0226550818",
        "car": 52,
        "motor": 0,
        "charging": 0,
        "occupied_rate": -99,
        "data_time": "Sat May 02 00:00:00 CST 2026"
      }
    },
    {
      "type": "Feature",
      "geometry": {
        "type": "Point",
        "coordinates": [
          121.5167781,
          25.1134537
        ]
      },
      "properties": {
        "id": "TPE0217",
        "name": "東華停車場",
        "area": "北投區",
        "address": "東華街1段鄰裕民二路口空地",
        "summary": "大型車:0格，小型車:85格(含身心障礙停車位2格)，機車:0格，充電格位:1格",
        "tel": "0937838514",
        "car": 85,
        "motor": 0,
        "charging": 0,
        "occupied_rate": -99,
        "data_time": "Sat May 02 00:00:00 CST 2026"
      }
    },
    {
      "type": "Feature",
      "geometry": {
        "type": "Point",
        "coordinates": [
          121.5443282,
          25.0407788
        ]
      },
      "properties": {
        "id": "TPE0218",
        "name": "錢櫃忠孝停車場",
        "area": "大安區",
        "address": "忠孝東路4段22號",
        "summary": "大型車:0格，小型車:98格(含身心障礙停車位1格)，機車:0格",
        "tel": "2771-5000",
        "car": 98,
        "motor": 0,
        "charging": 0,
        "occupied_rate": -99,
        "data_time": "Sat May 02 00:00:00 CST 2026"
      }
    },
    {
      "type": "Feature",
      "geometry": {
        "type": "Point",
        "coordinates": [
          121.6135143,
          25.0565949
        ]
      },
      "properties": {
        "id": "TPE0219",
        "name": "嘟嘟房南港軟體園區站停車場",
        "area": "南港區",
        "address": "三重路19-2、19-3、19-4號地下1層",
        "summary": "大型車:0格，小型車:100格(含身心障礙停車位2格)，機車:0格，充電格位:2格",
        "tel": "0226550818",
        "car": 100,
        "motor": 0,
        "charging": 0,
        "occupied_rate": -99,
        "data_time": "Sat May 02 00:00:00 CST 2026"
      }
    },
    {
      "type": "Feature",
      "geometry": {
        "type": "Point",
        "coordinates": [
          121.5180107,
          25.0485129
        ]
      },
      "properties": {
        "id": "TPE0220",
        "name": "台北地下街停車場",
        "area": "中正區",
        "address": "市民大道1段100號地下2層",
        "summary": "大型車:0格，小型車:392格(含身心障礙停車位9格，孕婦、育有六歲以下兒童停車位7格)，機車:0格，充電格位:8格",
        "tel": "25594566#508",
        "car": 392,
        "motor": 0,
        "charging": 0,
        "occupied_rate": -99,
        "data_time": "Sat May 02 00:00:00 CST 2026"
      }
    },
    {
      "type": "Feature",
      "geometry": {
        "type": "Point",
        "coordinates": [
          121.5546863,
          25.0447828
        ]
      },
      "properties": {
        "id": "TPE0222",
        "name": "嘟嘟房市民延吉1站停車場",
        "area": "松山區",
        "address": "市民大道4段259號旁空地",
        "summary": "大型車:0格，小型車:16格(含身心障礙停車位1格)，機車:0格",
        "tel": "(02)26550818",
        "car": 16,
        "motor": 0,
        "charging": 0,
        "occupied_rate": -99,
        "data_time": "Sat May 02 00:00:00 CST 2026"
      }
    },
    {
      "type": "Feature",
      "geometry": {
        "type": "Point",
        "coordinates": [
          121.5481721,
          25.0540269
        ]
      },
      "properties": {
        "id": "TPE0223",
        "name": "中國人壽敦北大樓停車場",
        "area": "松山區",
        "address": "敦化北路122號1層",
        "summary": "大型車:0格，小型車:15格(含身心障礙停車位1格)，機車:0格",
        "tel": "22461708 #15",
        "car": 15,
        "motor": 0,
        "charging": 0,
        "occupied_rate": -99,
        "data_time": "Sat May 02 00:00:00 CST 2026"
      }
    },
    {
      "type": "Feature",
      "geometry": {
        "type": "Point",
        "coordinates": [
          121.5635969,
          25.0488932
        ]
      },
      "properties": {
        "id": "TPE0225",
        "name": "嘟嘟房八德站停車場",
        "area": "松山區",
        "address": "八德路4段195號",
        "summary": "大型車:0格，小型車:2格(含身心障礙停車位1格)，機車:0格",
        "tel": "(02)26550818",
        "car": 2,
        "motor": 0,
        "charging": 0,
        "occupied_rate": -99,
        "data_time": "Sat May 02 00:00:00 CST 2026"
      }
    },
    {
      "type": "Feature",
      "geometry": {
        "type": "Point",
        "coordinates": [
          121.528128,
          25.0487053
        ]
      },
      "properties": {
        "id": "TPE0226",
        "name": "嘟嘟房長安東站停車場",
        "area": "中山區",
        "address": "長安東路1段77巷4弄",
        "summary": "大型車:0格，小型車:14格(含身心障礙停車位1格)，機車:0格",
        "tel": "2655-0818",
        "car": 14,
        "motor": 0,
        "charging": 0,
        "occupied_rate": -99,
        "data_time": "Sat May 02 00:00:00 CST 2026"
      }
    },
    {
      "type": "Feature",
      "geometry": {
        "type": "Point",
        "coordinates": [
          121.5270141,
          25.1070597
        ]
      },
      "properties": {
        "id": "TPE0227",
        "name": "和雲台北德行東路停車場",
        "area": "士林區",
        "address": "德行東路74巷旁",
        "summary": "大型車:0格，小型車:47格(含身心障礙停車位1格)，機車:0格",
        "tel": "0225573722",
        "car": 47,
        "motor": 0,
        "charging": 0,
        "occupied_rate": -99,
        "data_time": "Sat May 02 00:00:00 CST 2026"
      }
    },
    {
      "type": "Feature",
      "geometry": {
        "type": "Point",
        "coordinates": [
          121.5367013,
          25.0468938
        ]
      },
      "properties": {
        "id": "TPE0228U01",
        "name": "建國北路高架橋下O區",
        "area": "中山區",
        "address": "建國北路高架橋下(八德路-民族東路)",
        "summary": "大型車:0格，小型車:137格(含身心障礙停車位4格，孕婦、育有六歲以下兒童停車位3格)，機車:0格，充電格位:3格",
        "tel": "2655-0818",
        "car": 137,
        "motor": 0,
        "charging": 0,
        "occupied_rate": -99,
        "data_time": "Sat May 02 00:00:00 CST 2026"
      }
    },
    {
      "type": "Feature",
      "geometry": {
        "type": "Point",
        "coordinates": [
          121.5367542,
          25.0492251
        ]
      },
      "properties": {
        "id": "TPE0228U02",
        "name": "建國北路高架橋下A區",
        "area": "中山區",
        "address": "建國北路高架橋下(八德路-民族東路)",
        "summary": "大型車:0格，小型車:173格(含身心障礙停車位4格，孕婦、育有六歲以下兒童停車位4格)，機車:0格，充電格位:4格",
        "tel": "2655-0818",
        "car": 173,
        "motor": 0,
        "charging": 0,
        "occupied_rate": -99,
        "data_time": "Sat May 02 00:00:00 CST 2026"
      }
    },
    {
      "type": "Feature",
      "geometry": {
        "type": "Point",
        "coordinates": [
          121.5367652,
          25.0498931
        ]
      },
      "properties": {
        "id": "TPE0228U03",
        "name": "建國北路高架橋下B區",
        "area": "中山區",
        "address": "建國北路高架橋下(八德路-民族東路)",
        "summary": "大型車:0格，小型車:374格(含身心障礙停車位10格，孕婦、育有六歲以下兒童停車位7格)，機車:0格，充電格位:6格",
        "tel": "2655-0818",
        "car": 374,
        "motor": 0,
        "charging": 0,
        "occupied_rate": -99,
        "data_time": "Sat May 02 00:00:00 CST 2026"
      }
    },
    {
      "type": "Feature",
      "geometry": {
        "type": "Point",
        "coordinates": [
          121.5368492,
          25.0534002
        ]
      },
      "properties": {
        "id": "TPE0228U04",
        "name": "建國北路高架橋下C區",
        "area": "中山區",
        "address": "建國北路高架橋下(八德路-民族東路)",
        "summary": "大型車:0格，小型車:134格(含身心障礙停車位3格，孕婦、育有六歲以下兒童停車位2格)，機車:0格，充電格位:2格",
        "tel": "2655-0818",
        "car": 134,
        "motor": 0,
        "charging": 0,
        "occupied_rate": -99,
        "data_time": "Sat May 02 00:00:00 CST 2026"
      }
    },
    {
      "type": "Feature",
      "geometry": {
        "type": "Point",
        "coordinates": [
          121.5368623,
          25.0541991
        ]
      },
      "properties": {
        "id": "TPE0228U05",
        "name": "建國北路高架橋下D區",
        "area": "中山區",
        "address": "建國北路高架橋下(八德路-民族東路)",
        "summary": "大型車:0格，小型車:121格(含身心障礙停車位3格，孕婦、育有六歲以下兒童停車位2格)，機車:0格，充電格位:2格",
        "tel": "2655-0818",
        "car": 121,
        "motor": 0,
        "charging": 0,
        "occupied_rate": -99,
        "data_time": "Sat May 02 00:00:00 CST 2026"
      }
    },
    {
      "type": "Feature",
      "geometry": {
        "type": "Point",
        "coordinates": [
          121.5369693,
          25.0565686
        ]
      },
      "properties": {
        "id": "TPE0228U06",
        "name": "建國北路高架橋下E區",
        "area": "中山區",
        "address": "建國北路高架橋下(八德路-民族東路)",
        "summary": "大型車:0格，小型車:69格(含身心障礙停車位2格，孕婦、育有六歲以下兒童停車位1格)，機車:0格，充電格位:2格",
        "tel": "2655-0818",
        "car": 69,
        "motor": 0,
        "charging": 0,
        "occupied_rate": -99,
        "data_time": "Sat May 02 00:00:00 CST 2026"
      }
    },
    {
      "type": "Feature",
      "geometry": {
        "type": "Point",
        "coordinates": [
          121.5369308,
          25.0571894
        ]
      },
      "properties": {
        "id": "TPE0228U07",
        "name": "建國北路高架橋下F區",
        "area": "中山區",
        "address": "建國北路高架橋下(八德路-民族東路)",
        "summary": "大型車:0格，小型車:105格(含身心障礙停車位2格，孕婦、育有六歲以下兒童停車位2格)，機車:0格，充電格位:2格",
        "tel": "2655-0818",
        "car": 105,
        "motor": 0,
        "charging": 0,
        "occupied_rate": -99,
        "data_time": "Sat May 02 00:00:00 CST 2026"
      }
    },
    {
      "type": "Feature",
      "geometry": {
        "type": "Point",
        "coordinates": [
          121.5369756,
          25.0593018
        ]
      },
      "properties": {
        "id": "TPE0228U08",
        "name": "建國北路高架橋下G區",
        "area": "中山區",
        "address": "建國北路高架橋下(八德路-民族東路)",
        "summary": "大型車:0格，小型車:255格(含身心障礙停車位6格，孕婦、育有六歲以下兒童停車位5格)，機車:0格，充電格位:5格",
        "tel": "2655-0818",
        "car": 255,
        "motor": 0,
        "charging": 0,
        "occupied_rate": -99,
        "data_time": "Sat May 02 00:00:00 CST 2026"
      }
    },
    {
      "type": "Feature",
      "geometry": {
        "type": "Point",
        "coordinates": [
          121.5369534,
          25.0607577
        ]
      },
      "properties": {
        "id": "TPE0228U09",
        "name": "建國北路高架橋下H區",
        "area": "中山區",
        "address": "建國北路高架橋下(八德路-民族東路)",
        "summary": "大型車:0格，小型車:246格(含身心障礙停車位4格，孕婦、育有六歲以下兒童停車位5格)，機車:0格，充電格位:5格",
        "tel": "2655-0818",
        "car": 246,
        "motor": 0,
        "charging": 0,
        "occupied_rate": -99,
        "data_time": "Sat May 02 00:00:00 CST 2026"
      }
    },
    {
      "type": "Feature",
      "geometry": {
        "type": "Point",
        "coordinates": [
          121.5370441,
          25.063371
        ]
      },
      "properties": {
        "id": "TPE0228U10",
        "name": "建國北路高架橋下IA區",
        "area": "中山區",
        "address": "建國北路高架橋下(八德路-民族東路)",
        "summary": "大型車:0格，小型車:57格(含身心障礙停車位2格，孕婦、育有六歲以下兒童停車位2格)，機車:0格，充電格位:2格",
        "tel": "2655-0818",
        "car": 57,
        "motor": 0,
        "charging": 0,
        "occupied_rate": -99,
        "data_time": "Sat May 02 00:00:00 CST 2026"
      }
    },
    {
      "type": "Feature",
      "geometry": {
        "type": "Point",
        "coordinates": [
          121.5370132,
          25.0644409
        ]
      },
      "properties": {
        "id": "TPE0228U11",
        "name": "建國北路高架橋下IB區",
        "area": "中山區",
        "address": "建國北路高架橋下(八德路-民族東路)",
        "summary": "大型車:0格，小型車:142格(含身心障礙停車位3格，孕婦、育有六歲以下兒童停車位3格)，機車:0格，充電格位:3格",
        "tel": "2655-0818",
        "car": 142,
        "motor": 0,
        "charging": 0,
        "occupied_rate": -99,
        "data_time": "Sat May 02 00:00:00 CST 2026"
      }
    },
    {
      "type": "Feature",
      "geometry": {
        "type": "Point",
        "coordinates": [
          121.5360773,
          25.0658414
        ]
      },
      "properties": {
        "id": "TPE0228U12",
        "name": "建國北路高架橋下J區",
        "area": "中山區",
        "address": "建國北路高架橋下(八德路-民族東路)",
        "summary": "大型車:0格，小型車:122格(含身心障礙停車位3格，孕婦、育有六歲以下兒童停車位3格)，機車:0格，充電格位:3格",
        "tel": "2655-0818",
        "car": 122,
        "motor": 0,
        "charging": 0,
        "occupied_rate": -99,
        "data_time": "Sat May 02 00:00:00 CST 2026"
      }
    },
    {
      "type": "Feature",
      "geometry": {
        "type": "Point",
        "coordinates": [
          121.6067848,
          25.0562411
        ]
      },
      "properties": {
        "id": "TPE0229",
        "name": "興中立體停車場",
        "area": "南港區",
        "address": "興中路44巷1號",
        "summary": "大型車:0格，小型車:638格(含身心障礙停車位13格，孕婦、育有六歲以下兒童停車位14格)，機車:155格(含身心障礙停車位4格)，大型重機:1格，充電格位:16格",
        "tel": "0227832912",
        "car": 638,
        "motor": 155,
        "charging": 0,
        "occupied_rate": -99,
        "data_time": "Sat May 02 00:00:00 CST 2026"
      }
    },
    {
      "type": "Feature",
      "geometry": {
        "type": "Point",
        "coordinates": [
          121.5682191,
          25.0402628
        ]
      },
      "properties": {
        "id": "TPE0230",
        "name": "忠信廣場地下停車場",
        "area": "信義區",
        "address": "松仁路2號地下",
        "summary": "大型車:0格，小型車:314格(含身心障礙停車位7格，孕婦、育有六歲以下兒童停車位6格)，機車:255格(含身心障礙停車位5格)，大型重機:2格，充電格位:8格",
        "tel": "0223459578",
        "car": 314,
        "motor": 255,
        "charging": 0,
        "occupied_rate": -99,
        "data_time": "Sat May 02 00:00:00 CST 2026"
      }
    },
    {
      "type": "Feature",
      "geometry": {
        "type": "Point",
        "coordinates": [
          121.5098582,
          25.0502655
        ]
      },
      "properties": {
        "id": "TPE0231",
        "name": "市民大道塔城段停車場",
        "area": "大同區",
        "address": "西寧北路至塔城街(地下)",
        "summary": "大型車:0格，小型車:254格(含身心障礙停車位11格，孕婦、育有六歲以下兒童停車位5格)，機車:0格，大型重機:2格，充電格位:8格",
        "tel": "0226550818",
        "car": 254,
        "motor": 0,
        "charging": 0,
        "occupied_rate": -99,
        "data_time": "Sat May 02 00:00:00 CST 2026"
      }
    },
    {
      "type": "Feature",
      "geometry": {
        "type": "Point",
        "coordinates": [
          121.5748042,
          24.9995074
        ]
      },
      "properties": {
        "id": "TPE0232",
        "name": "和平東路四段381巷平面停車場",
        "area": "文山區",
        "address": "和平東路4段381巷內",
        "summary": "大型車:0格，小型車:26格(含身心障礙停車位1格)，機車:0格，充電格位:2格",
        "tel": "2518-5299",
        "car": 26,
        "motor": 0,
        "charging": 0,
        "occupied_rate": -99,
        "data_time": "Sat May 02 00:00:00 CST 2026"
      }
    },
    {
      "type": "Feature",
      "geometry": {
        "type": "Point",
        "coordinates": [
          121.575573,
          25.0483259
        ]
      },
      "properties": {
        "id": "TPE0233",
        "name": "松隆平面停車場",
        "area": "信義區",
        "address": "松隆路286號旁",
        "summary": "大型車:0格，小型車:18格(含身心障礙停車位1格)，機車:6格",
        "tel": "02-2455-1299",
        "car": 18,
        "motor": 6,
        "charging": 0,
        "occupied_rate": -99,
        "data_time": "Sat May 02 00:00:00 CST 2026"
      }
    },
    {
      "type": "Feature",
      "geometry": {
        "type": "Point",
        "coordinates": [
          121.5612234,
          25.0503354
        ]
      },
      "properties": {
        "id": "TPE0234",
        "name": "吉祥平面停車場",
        "area": "松山區",
        "address": "光復北路11巷81號旁",
        "summary": "大型車:0格，小型車:32格(含身心障礙停車位1格)，機車:0格，充電格位:2格",
        "tel": "0277518097",
        "car": 32,
        "motor": 0,
        "charging": 0,
        "occupied_rate": -99,
        "data_time": "Sat May 02 00:00:00 CST 2026"
      }
    },
    {
      "type": "Feature",
      "geometry": {
        "type": "Point",
        "coordinates": [
          121.5189146,
          25.0797469
        ]
      },
      "properties": {
        "id": "TPE0235",
        "name": "劍潭抽水站堤外平面停車場",
        "area": "士林區",
        "address": "通河街323巷底",
        "summary": "大型車:0格，小型車:256格(含身心障礙停車位6格，孕婦、育有六歲以下兒童停車位1格)，機車:80格(含身心障礙停車位2格)",
        "tel": "0227590666",
        "car": 256,
        "motor": 80,
        "charging": 0,
        "occupied_rate": -99,
        "data_time": "Sat May 02 00:00:00 CST 2026"
      }
    },
    {
      "type": "Feature",
      "geometry": {
        "type": "Point",
        "coordinates": [
          121.5118963,
          25.0906478
        ]
      },
      "properties": {
        "id": "TPE0236",
        "name": "百齡橋堤外平面停車場",
        "area": "士林區",
        "address": "通河西街旁堤防外",
        "summary": "大型車:0格，小型車:447格(含身心障礙停車位9格)，機車:125格(含身心障礙停車位3格)",
        "tel": "0227590666",
        "car": 447,
        "motor": 125,
        "charging": 0,
        "occupied_rate": -99,
        "data_time": "Sat May 02 00:00:00 CST 2026"
      }
    },
    {
      "type": "Feature",
      "geometry": {
        "type": "Point",
        "coordinates": [
          121.5333269,
          25.1200984
        ]
      },
      "properties": {
        "id": "TPE0237",
        "name": "東和公園平面停車場",
        "area": "士林區",
        "address": "天母東路69巷旁",
        "summary": "大型車:0格，小型車:40格(含身心障礙停車位2格)，機車:0格，充電格位:2格",
        "tel": "(02)25573722",
        "car": 40,
        "motor": 0,
        "charging": 0,
        "occupied_rate": -99,
        "data_time": "Sat May 02 00:00:00 CST 2026"
      }
    },
    {
      "type": "Feature",
      "geometry": {
        "type": "Point",
        "coordinates": [
          121.5735101,
          25.0314785
        ]
      },
      "properties": {
        "id": "TPE0238",
        "name": "松德臨時平面停車場",
        "area": "信義區",
        "address": "松德路底(中強公園旁)",
        "summary": "大型車:0格，小型車:86格(含身心障礙停車位2格，孕婦、育有六歲以下兒童停車位1格)，機車:5格(含身心障礙停車位1格)，充電格位:3格",
        "tel": "0800208333",
        "car": 86,
        "motor": 5,
        "charging": 0,
        "occupied_rate": -99,
        "data_time": "Sat May 02 00:00:00 CST 2026"
      }
    },
    {
      "type": "Feature",
      "geometry": {
        "type": "Point",
        "coordinates": [
          121.519748,
          25.0516532
        ]
      },
      "properties": {
        "id": "TPE0239",
        "name": "建成國中地下停車場",
        "area": "大同區",
        "address": "長安西路37號之一地下",
        "summary": "大型車:0格，小型車:326格(含身心障礙停車位7格，孕婦、育有六歲以下兒童停車位7格)，機車:160格(含身心障礙停車位3格)，大型重機:2格，充電格位:2格",
        "tel": "2759-0666",
        "car": 326,
        "motor": 160,
        "charging": 0,
        "occupied_rate": -99,
        "data_time": "Sat May 02 00:00:00 CST 2026"
      }
    },
    {
      "type": "Feature",
      "geometry": {
        "type": "Point",
        "coordinates": [
          121.5416065,
          25.0737728
        ]
      },
      "properties": {
        "id": "TPE0240",
        "name": "基隆河大佳段河濱公園停車場",
        "area": "中山區",
        "address": "自大佳網球場至大直橋",
        "summary": "大型車:31格，小型車:269格(含身心障礙停車位5格)，機車:163格(含身心障礙停車位5格)",
        "tel": "2759-0666",
        "car": 269,
        "motor": 163,
        "charging": 0,
        "occupied_rate": -99,
        "data_time": "Sat May 02 00:00:00 CST 2026"
      }
    },
    {
      "type": "Feature",
      "geometry": {
        "type": "Point",
        "coordinates": [
          121.591695,
          25.0457347
        ]
      },
      "properties": {
        "id": "TPE0241",
        "name": "南港公園平面停車場",
        "area": "南港區",
        "address": "東新街170-1號對面(南港公園大門旁)",
        "summary": "大型車:0格，小型車:84格(含身心障礙停車位2格，孕婦、育有六歲以下兒童停車位1格)，機車:0格",
        "tel": "(02)24551299",
        "car": 84,
        "motor": 0,
        "charging": 0,
        "occupied_rate": -99,
        "data_time": "Sat May 02 00:00:00 CST 2026"
      }
    },
    {
      "type": "Feature",
      "geometry": {
        "type": "Point",
        "coordinates": [
          121.5059452,
          25.0895848
        ]
      },
      "properties": {
        "id": "TPE0242",
        "name": "社園立體停車場",
        "area": "士林區",
        "address": "延平北路6段180號",
        "summary": "大型車:0格，小型車:266格(含身心障礙停車位6格)，機車:0格",
        "tel": "0229942818",
        "car": 266,
        "motor": 0,
        "charging": 0,
        "occupied_rate": -99,
        "data_time": "Sat May 02 00:00:00 CST 2026"
      }
    },
    {
      "type": "Feature",
      "geometry": {
        "type": "Point",
        "coordinates": [
          121.5060416,
          25.0205828
        ]
      },
      "properties": {
        "id": "TPE0243",
        "name": "馬場町紀念公園平面停車場",
        "area": "萬華區",
        "address": "馬場町公園1區、2區停車場",
        "summary": "大型車:0格，小型車:63格(含身心障礙停車位2格)，機車:0格",
        "tel": "23077130#7124",
        "car": 63,
        "motor": 0,
        "charging": 0,
        "occupied_rate": -99,
        "data_time": "Sat May 02 00:00:00 CST 2026"
      }
    },
    {
      "type": "Feature",
      "geometry": {
        "type": "Point",
        "coordinates": [
          121.5397762,
          25.0620543
        ]
      },
      "properties": {
        "id": "TPE0244",
        "name": "榮星停車場",
        "area": "中山區",
        "address": "民權東路3段12號地下1、2層",
        "summary": "大型車:0格，小型車:47格(含身心障礙停車位2格)，機車:0格",
        "tel": "022706-1185",
        "car": 47,
        "motor": 0,
        "charging": 0,
        "occupied_rate": -99,
        "data_time": "Sat May 02 00:00:00 CST 2026"
      }
    },
    {
      "type": "Feature",
      "geometry": {
        "type": "Point",
        "coordinates": [
          121.6113639,
          25.0701209
        ]
      },
      "properties": {
        "id": "TPE0245",
        "name": "哈拉生活有限公司",
        "area": "內湖區",
        "address": "康寧路3段72號地下2至3層",
        "summary": "大型車:0格，小型車:135格(含身心障礙停車位2格)，機車:0格，充電格位:1格",
        "tel": "0226333666#259",
        "car": 135,
        "motor": 0,
        "charging": 0,
        "occupied_rate": -99,
        "data_time": "Sat May 02 00:00:00 CST 2026"
      }
    },
    {
      "type": "Feature",
      "geometry": {
        "type": "Point",
        "coordinates": [
          121.5341894,
          25.0236555
        ]
      },
      "properties": {
        "id": "TPE0246",
        "name": "公務人力發展學院福華國際文教會館停車場",
        "area": "大安區",
        "address": "新生南路3段30號地下2層",
        "summary": "大型車:0格，小型車:111格(含身心障礙停車位3格，孕婦、育有六歲以下兒童停車位2格)，機車:0格",
        "tel": "7712-2323#2029",
        "car": 111,
        "motor": 0,
        "charging": 0,
        "occupied_rate": -99,
        "data_time": "Sat May 02 00:00:00 CST 2026"
      }
    },
    {
      "type": "Feature",
      "geometry": {
        "type": "Point",
        "coordinates": [
          121.5157329,
          25.0457244
        ]
      },
      "properties": {
        "id": "TPE0247",
        "name": "永田停車場",
        "area": "中正區",
        "address": "忠孝西路1段50號地下5層",
        "summary": "大型車:0格，小型車:94格(含身心障礙停車位2格)，機車:0格，充電格位:1格",
        "tel": "2370-5266",
        "car": 94,
        "motor": 0,
        "charging": 0,
        "occupied_rate": -99,
        "data_time": "Sat May 02 00:00:00 CST 2026"
      }
    },
    {
      "type": "Feature",
      "geometry": {
        "type": "Point",
        "coordinates": [
          121.5238259,
          25.0507586
        ]
      },
      "properties": {
        "id": "TPE0248",
        "name": "禾典中南站",
        "area": "中山區",
        "address": "中山北路1段105巷17號空地",
        "summary": "大型車:0格，小型車:17格(含身心障礙停車位1格)，機車:0格",
        "tel": "2709-8677",
        "car": 17,
        "motor": 0,
        "charging": 0,
        "occupied_rate": -99,
        "data_time": "Sat May 02 00:00:00 CST 2026"
      }
    },
    {
      "type": "Feature",
      "geometry": {
        "type": "Point",
        "coordinates": [
          121.5223421,
          25.0501815
        ]
      },
      "properties": {
        "id": "TPE0249",
        "name": "五條通停車場",
        "area": "中山區",
        "address": "中山北路1段83巷4弄6號旁空地",
        "summary": "大型車:0格，小型車:9格(含身心障礙停車位1格)，機車:0格",
        "tel": "2778-5756",
        "car": 9,
        "motor": 0,
        "charging": 0,
        "occupied_rate": -99,
        "data_time": "Sat May 02 00:00:00 CST 2026"
      }
    },
    {
      "type": "Feature",
      "geometry": {
        "type": "Point",
        "coordinates": [
          121.5148278,
          25.0464114
        ]
      },
      "properties": {
        "id": "TPE0250",
        "name": "館前商業大樓停車場",
        "area": "中正區",
        "address": "館前路2號地下3層",
        "summary": "大型車:0格，小型車:6格(含身心障礙停車位1格)，機車:0格",
        "tel": "23810989",
        "car": 6,
        "motor": 0,
        "charging": 0,
        "occupied_rate": -99,
        "data_time": "Sat May 02 00:00:00 CST 2026"
      }
    },
    {
      "type": "Feature",
      "geometry": {
        "type": "Point",
        "coordinates": [
          121.5351232,
          25.0109202
        ]
      },
      "properties": {
        "id": "TPE0251",
        "name": "公館停車場",
        "area": "中正區",
        "address": "汀州路3段230巷內空地",
        "summary": "大型車:0格，小型車:133格(含身心障礙停車位3格，孕婦、育有六歲以下兒童停車位2格)，機車:0格，充電格位:3格",
        "tel": "8369-5098",
        "car": 133,
        "motor": 0,
        "charging": 0,
        "occupied_rate": -99,
        "data_time": "Sat May 02 00:00:00 CST 2026"
      }
    },
    {
      "type": "Feature",
      "geometry": {
        "type": "Point",
        "coordinates": [
          121.5499905,
          25.0420422
        ]
      },
      "properties": {
        "id": "TPE0252",
        "name": "敦南錢櫃後方車位",
        "area": "大安區",
        "address": "忠孝東路4段155號",
        "summary": "大型車:0格，小型車:11格(含身心障礙停車位1格)，機車:0格",
        "tel": "7751-8097",
        "car": 11,
        "motor": 0,
        "charging": 0,
        "occupied_rate": -99,
        "data_time": "Sat May 02 00:00:00 CST 2026"
      }
    },
    {
      "type": "Feature",
      "geometry": {
        "type": "Point",
        "coordinates": [
          121.5691262,
          25.039659
        ]
      },
      "properties": {
        "id": "TPE0253",
        "name": "中油大樓停車場",
        "area": "信義區",
        "address": "松仁路3號地下1至5層",
        "summary": "大型車:0格，小型車:495格(含身心障礙停車位13格，孕婦、育有六歲以下兒童停車位12格)，機車:450格(含身心障礙停車位13格)，充電格位:8格",
        "tel": "0287258847",
        "car": 495,
        "motor": 450,
        "charging": 0,
        "occupied_rate": -99,
        "data_time": "Sat May 02 00:00:00 CST 2026"
      }
    },
    {
      "type": "Feature",
      "geometry": {
        "type": "Point",
        "coordinates": [
          121.559886,
          25.0327831
        ]
      },
      "properties": {
        "id": "TPE0254",
        "name": "震旦國際大樓附設停車場",
        "area": "信義區",
        "address": "信義路5段2號地下2層",
        "summary": "大型車:0格，小型車:19格(含身心障礙停車位1格)，機車:0格",
        "tel": "2345-8035",
        "car": 19,
        "motor": 0,
        "charging": 0,
        "occupied_rate": -99,
        "data_time": "Sat May 02 00:00:00 CST 2026"
      }
    },
    {
      "type": "Feature",
      "geometry": {
        "type": "Point",
        "coordinates": [
          121.5529338,
          25.0137712
        ]
      },
      "properties": {
        "id": "TPE0255",
        "name": "助安企業股份有限公司懷愛館地下停車場",
        "area": "大安區",
        "address": "辛亥路3段330號",
        "summary": "大型車:0格，小型車:245格(含身心障礙停車位6格，孕婦、育有六歲以下兒童停車位6格)，機車:394格(含身心障礙停車位8格)，充電格位:7格",
        "tel": "27546661",
        "car": 245,
        "motor": 394,
        "charging": 0,
        "occupied_rate": -99,
        "data_time": "Sat May 02 00:00:00 CST 2026"
      }
    },
    {
      "type": "Feature",
      "geometry": {
        "type": "Point",
        "coordinates": [
          121.5355299,
          25.0633877
        ]
      },
      "properties": {
        "id": "TPE0256",
        "name": "第一停車場",
        "area": "中山區",
        "address": "民權東路2段145號",
        "summary": "大型車:4格，小型車:315格(含身心障礙停車位7格，孕婦、育有六歲以下兒童停車位7格)，機車:128格(含身心障礙停車位3格)",
        "tel": "27057716",
        "car": 315,
        "motor": 128,
        "charging": 0,
        "occupied_rate": -99,
        "data_time": "Sat May 02 00:00:00 CST 2026"
      }
    },
    {
      "type": "Feature",
      "geometry": {
        "type": "Point",
        "coordinates": [
          121.5399718,
          25.0559483
        ]
      },
      "properties": {
        "id": "TPE0257",
        "name": "興安街旅館地下停車場",
        "area": "中山區",
        "address": "興安街62號地下2至4層",
        "summary": "大型車:0格，小型車:81格(含身心障礙停車位2格)，機車:0格，充電格位:1格",
        "tel": "2501-2222",
        "car": 81,
        "motor": 0,
        "charging": 0,
        "occupied_rate": -99,
        "data_time": "Sat May 02 00:00:00 CST 2026"
      }
    },
    {
      "type": "Feature",
      "geometry": {
        "type": "Point",
        "coordinates": [
          121.527748,
          25.0486321
        ]
      },
      "properties": {
        "id": "TPE0258",
        "name": "長安東一站停車場",
        "area": "中山區",
        "address": "長安東路1段73號空地",
        "summary": "大型車:0格，小型車:4格(含身心障礙停車位1格)，機車:0格",
        "tel": "2778-5756",
        "car": 4,
        "motor": 0,
        "charging": 0,
        "occupied_rate": -99,
        "data_time": "Sat May 02 00:00:00 CST 2026"
      }
    },
    {
      "type": "Feature",
      "geometry": {
        "type": "Point",
        "coordinates": [
          121.5237929,
          25.0655715
        ]
      },
      "properties": {
        "id": "TPE0259",
        "name": "雙城停車場",
        "area": "中山區",
        "address": "雙城街18巷5號空地",
        "summary": "大型車:0格，小型車:23格(含身心障礙停車位1格)，機車:0格",
        "tel": "2365-6779",
        "car": 23,
        "motor": 0,
        "charging": 0,
        "occupied_rate": -99,
        "data_time": "Sat May 02 00:00:00 CST 2026"
      }
    },
    {
      "type": "Feature",
      "geometry": {
        "type": "Point",
        "coordinates": [
          121.5303853,
          25.0559603
        ]
      },
      "properties": {
        "id": "TPE0260",
        "name": "安婷停車場吉林場",
        "area": "中山區",
        "address": "吉林路99號地下1至3層及99之1號層",
        "summary": "大型車:0格，小型車:77格(含身心障礙停車位1格)，機車:0格",
        "tel": "25420819",
        "car": 77,
        "motor": 0,
        "charging": 0,
        "occupied_rate": -99,
        "data_time": "Sat May 02 00:00:00 CST 2026"
      }
    },
    {
      "type": "Feature",
      "geometry": {
        "type": "Point",
        "coordinates": [
          121.549531,
          25.0353767
        ]
      },
      "properties": {
        "id": "TPE0261",
        "name": "敦安停車場",
        "area": "大安區",
        "address": "敦化南路1段295巷4號",
        "summary": "大型車:0格，小型車:4格(含身心障礙停車位1格)，機車:0格",
        "tel": "2755-3879",
        "car": 4,
        "motor": 0,
        "charging": 0,
        "occupied_rate": -99,
        "data_time": "Sat May 02 00:00:00 CST 2026"
      }
    },
    {
      "type": "Feature",
      "geometry": {
        "type": "Point",
        "coordinates": [
          121.5208025,
          25.0264069
        ]
      },
      "properties": {
        "id": "TPE0262",
        "name": "安婷停車場中正場",
        "area": "中正區",
        "address": "和平西路1段20號地下1及5層",
        "summary": "大型車:0格，小型車:60格(含身心障礙停車位1格)，機車:0格",
        "tel": "2542-0819",
        "car": 60,
        "motor": 0,
        "charging": 0,
        "occupied_rate": -99,
        "data_time": "Sat May 02 00:00:00 CST 2026"
      }
    },
    {
      "type": "Feature",
      "geometry": {
        "type": "Point",
        "coordinates": [
          121.5441791,
          25.0461398
        ]
      },
      "properties": {
        "id": "TPE0263",
        "name": "微風廣場地下停車場",
        "area": "松山區",
        "address": "復興南路1段39號地下2至5層",
        "summary": "大型車:0格，小型車:331格(含身心障礙停車位9格，孕婦、育有六歲以下兒童停車位6格)，機車:179格(含身心障礙停車位4格)，充電格位:6格",
        "tel": "0266008888#3620",
        "car": 331,
        "motor": 179,
        "charging": 0,
        "occupied_rate": -99,
        "data_time": "Sat May 02 00:00:00 CST 2026"
      }
    },
    {
      "type": "Feature",
      "geometry": {
        "type": "Point",
        "coordinates": [
          121.5361646,
          25.0352066
        ]
      },
      "properties": {
        "id": "TPE0265",
        "name": "通通停建國南路停車場",
        "area": "大安區",
        "address": "建國南路1段318巷24、28號空地",
        "summary": "大型車:0格，小型車:16格(含身心障礙停車位1格)，機車:73格(含身心障礙停車位2格)",
        "tel": "7755-0885",
        "car": 16,
        "motor": 73,
        "charging": 0,
        "occupied_rate": -99,
        "data_time": "Sat May 02 00:00:00 CST 2026"
      }
    },
    {
      "type": "Feature",
      "geometry": {
        "type": "Point",
        "coordinates": [
          121.5258301,
          25.048666
        ]
      },
      "properties": {
        "id": "TPE0266",
        "name": "通通停長安停車場",
        "area": "中山區",
        "address": "長安東路1段26號空地",
        "summary": "大型車:0格，小型車:16格(含身心障礙停車位1格)，機車:0格",
        "tel": "77550885",
        "car": 16,
        "motor": 0,
        "charging": 0,
        "occupied_rate": -99,
        "data_time": "Sat May 02 00:00:00 CST 2026"
      }
    },
    {
      "type": "Feature",
      "geometry": {
        "type": "Point",
        "coordinates": [
          121.53882,
          25.0454709
        ]
      },
      "properties": {
        "id": "TPE0267",
        "name": "通通停中崙停車場",
        "area": "中山區",
        "address": "八德路2段174巷11弄5號空地",
        "summary": "大型車:0格，小型車:20格(含身心障礙停車位1格)，機車:0格",
        "tel": "7755-0885",
        "car": 20,
        "motor": 0,
        "charging": 0,
        "occupied_rate": -99,
        "data_time": "Sat May 02 00:00:00 CST 2026"
      }
    },
    {
      "type": "Feature",
      "geometry": {
        "type": "Point",
        "coordinates": [
          121.5724953,
          25.0812133
        ]
      },
      "properties": {
        "id": "TPE0268",
        "name": "通通停西湖停車場",
        "area": "內湖區",
        "address": "內湖路1段與麗山街口",
        "summary": "大型車:0格，小型車:5格(含身心障礙停車位1格)，機車:0格",
        "tel": "027755-0885",
        "car": 5,
        "motor": 0,
        "charging": 0,
        "occupied_rate": -99,
        "data_time": "Sat May 02 00:00:00 CST 2026"
      }
    },
    {
      "type": "Feature",
      "geometry": {
        "type": "Point",
        "coordinates": [
          121.5012691,
          25.0193306
        ]
      },
      "properties": {
        "id": "TPE0269",
        "name": "通通停萬華青年站停車場",
        "area": "萬華區",
        "address": "青年路168巷51弄富民路145巷口",
        "summary": "大型車:0格，小型車:24格(含身心障礙停車位1格)，機車:0格",
        "tel": "77550885",
        "car": 24,
        "motor": 0,
        "charging": 0,
        "occupied_rate": -99,
        "data_time": "Sat May 02 00:00:00 CST 2026"
      }
    },
    {
      "type": "Feature",
      "geometry": {
        "type": "Point",
        "coordinates": [
          121.5579804,
          24.9998513
        ]
      },
      "properties": {
        "id": "TPE0270",
        "name": "萬芳醫院附設停車場",
        "area": "文山區",
        "address": "興隆路3段111號地下2、3層",
        "summary": "大型車:0格，小型車:255格(含身心障礙停車位7格，孕婦、育有六歲以下兒童停車位8格)，機車:176格(含身心障礙停車位8格)，充電格位:6格",
        "tel": "2930-7930",
        "car": 255,
        "motor": 176,
        "charging": 0,
        "occupied_rate": -99,
        "data_time": "Sat May 02 00:00:00 CST 2026"
      }
    },
    {
      "type": "Feature",
      "geometry": {
        "type": "Point",
        "coordinates": [
          121.5505199,
          25.0524022
        ]
      },
      "properties": {
        "id": "TPE0271",
        "name": "敦北停車場",
        "area": "松山區",
        "address": "南京東路4段53巷3弄12號地下2至3層",
        "summary": "大型車:0格，小型車:3格(含身心障礙停車位1格)，機車:0格",
        "tel": "27127700",
        "car": 3,
        "motor": 0,
        "charging": 0,
        "occupied_rate": -99,
        "data_time": "Sat May 02 00:00:00 CST 2026"
      }
    },
    {
      "type": "Feature",
      "geometry": {
        "type": "Point",
        "coordinates": [
          121.5346501,
          25.0590033
        ]
      },
      "properties": {
        "id": "TPE0272",
        "name": "長揚停車場松江站",
        "area": "中山區",
        "address": "松江路235巷31號",
        "summary": "大型車:0格，小型車:5格(含身心障礙停車位1格)，機車:0格",
        "tel": "0980140062",
        "car": 5,
        "motor": 0,
        "charging": 0,
        "occupied_rate": -99,
        "data_time": "Sat May 02 00:00:00 CST 2026"
      }
    },
    {
      "type": "Feature",
      "geometry": {
        "type": "Point",
        "coordinates": [
          121.5107443,
          25.1124703
        ]
      },
      "properties": {
        "id": "TPE0273",
        "name": "愛馬屋石牌場",
        "area": "北投區",
        "address": "自強街5巷143號",
        "summary": "大型車:0格，小型車:15格(含身心障礙停車位1格)，機車:0格",
        "tel": "0223457749",
        "car": 15,
        "motor": 0,
        "charging": 0,
        "occupied_rate": -99,
        "data_time": "Sat May 02 00:00:00 CST 2026"
      }
    },
    {
      "type": "Feature",
      "geometry": {
        "type": "Point",
        "coordinates": [
          121.5295018,
          25.0425658
        ]
      },
      "properties": {
        "id": "TPE0274",
        "name": "金山南路停車場",
        "area": "中正區",
        "address": "金山南路1段與齊東街口空地",
        "summary": "大型車:0格，小型車:11格(含身心障礙停車位1格)，機車:0格",
        "tel": "27785756",
        "car": 11,
        "motor": 0,
        "charging": 0,
        "occupied_rate": -99,
        "data_time": "Sat May 02 00:00:00 CST 2026"
      }
    },
    {
      "type": "Feature",
      "geometry": {
        "type": "Point",
        "coordinates": [
          121.5431002,
          25.0397519
        ]
      },
      "properties": {
        "id": "TPE0275",
        "name": "通通停復興SOGO三站停車場",
        "area": "大安區",
        "address": "仁愛路3段123巷13弄與仁愛路3段143巷口（東南側）",
        "summary": "大型車:0格，小型車:6格(含身心障礙停車位1格)，機車:0格",
        "tel": "77550885",
        "car": 6,
        "motor": 0,
        "charging": 0,
        "occupied_rate": -99,
        "data_time": "Sat May 02 00:00:00 CST 2026"
      }
    },
    {
      "type": "Feature",
      "geometry": {
        "type": "Point",
        "coordinates": [
          121.5428999,
          25.0397097
        ]
      },
      "properties": {
        "id": "TPE0276",
        "name": "通通停復興SOGO二站停車場",
        "area": "大安區",
        "address": "仁愛路3段123巷13弄與仁愛路3段143巷口(西南側)",
        "summary": "大型車:0格，小型車:8格(含身心障礙停車位1格)，機車:0格",
        "tel": "77550885",
        "car": 8,
        "motor": 0,
        "charging": 0,
        "occupied_rate": -99,
        "data_time": "Sat May 02 00:00:00 CST 2026"
      }
    },
    {
      "type": "Feature",
      "geometry": {
        "type": "Point",
        "coordinates": [
          121.54289,
          25.0399783
        ]
      },
      "properties": {
        "id": "TPE0277",
        "name": "通通停復興SOGO一站停車場",
        "area": "大安區",
        "address": "仁愛路3段123巷13弄與仁愛路3段143巷口(西北側)",
        "summary": "大型車:0格，小型車:17格(含身心障礙停車位1格)，機車:0格",
        "tel": "77550885",
        "car": 17,
        "motor": 0,
        "charging": 0,
        "occupied_rate": -99,
        "data_time": "Sat May 02 00:00:00 CST 2026"
      }
    },
    {
      "type": "Feature",
      "geometry": {
        "type": "Point",
        "coordinates": [
          121.5721421,
          25.0808084
        ]
      },
      "properties": {
        "id": "TPE0278",
        "name": "Times 內湖路一段",
        "area": "內湖區",
        "address": "內湖路1段388號旁",
        "summary": "大型車:0格，小型車:37格(含身心障礙停車位1格)，機車:0格",
        "tel": "2504-6098",
        "car": 37,
        "motor": 0,
        "charging": 0,
        "occupied_rate": -99,
        "data_time": "Sat May 02 00:00:00 CST 2026"
      }
    },
    {
      "type": "Feature",
      "geometry": {
        "type": "Point",
        "coordinates": [
          121.5923645,
          25.0686474
        ]
      },
      "properties": {
        "id": "TPE0279",
        "name": "石潭平面停車場",
        "area": "內湖區",
        "address": "民權東路6段與民權東路6段174巷口",
        "summary": "大型車:0格，小型車:70格(含身心障礙停車位2格，孕婦、育有六歲以下兒童停車位1格)，機車:0格，充電格位:2格",
        "tel": "022655-0818",
        "car": 70,
        "motor": 0,
        "charging": 0,
        "occupied_rate": -99,
        "data_time": "Sat May 02 00:00:00 CST 2026"
      }
    },
    {
      "type": "Feature",
      "geometry": {
        "type": "Point",
        "coordinates": [
          121.4694191,
          25.1191996
        ]
      },
      "properties": {
        "id": "TPE0280",
        "name": "關渡自然公園停車場",
        "area": "北投區",
        "address": "關渡路55號",
        "summary": "大型車:0格，小型車:57格(含身心障礙停車位1格，孕婦、育有六歲以下兒童停車位2格)，機車:52格(含身心障礙停車位1格)，充電格位:1格",
        "tel": "0228587417",
        "car": 57,
        "motor": 52,
        "charging": 0,
        "occupied_rate": -99,
        "data_time": "Sat May 02 00:00:00 CST 2026"
      }
    },
    {
      "type": "Feature",
      "geometry": {
        "type": "Point",
        "coordinates": [
          121.5460554,
          25.0539286
        ]
      },
      "properties": {
        "id": "TPE0281",
        "name": "通泰商業大樓收費停車場",
        "area": "松山區",
        "address": "慶城街28號地下2、3、4層",
        "summary": "大型車:0格，小型車:122格(含身心障礙停車位2格)，機車:0格，充電格位:2格",
        "tel": "0225466928",
        "car": 122,
        "motor": 0,
        "charging": 0,
        "occupied_rate": -99,
        "data_time": "Sat May 02 00:00:00 CST 2026"
      }
    },
    {
      "type": "Feature",
      "geometry": {
        "type": "Point",
        "coordinates": [
          121.5263105,
          25.0455587
        ]
      },
      "properties": {
        "id": "TPE0282",
        "name": "華山停車場",
        "area": "中正區",
        "address": "北平東路30之1號地下1至3層",
        "summary": "大型車:0格，小型車:42格(含身心障礙停車位1格)，機車:0格",
        "tel": "0800208333",
        "car": 42,
        "motor": 0,
        "charging": 0,
        "occupied_rate": -99,
        "data_time": "Sat May 02 00:00:00 CST 2026"
      }
    },
    {
      "type": "Feature",
      "geometry": {
        "type": "Point",
        "coordinates": [
          121.6189744,
          25.0698479
        ]
      },
      "properties": {
        "id": "TPE0283",
        "name": "嘟嘟房東湖站停車場",
        "area": "內湖區",
        "address": "康樂街91號旁空地",
        "summary": "大型車:0格，小型車:94格(含身心障礙停車位2格)，機車:0格，充電格位:1格",
        "tel": "0226550818",
        "car": 94,
        "motor": 0,
        "charging": 0,
        "occupied_rate": -99,
        "data_time": "Sat May 02 00:00:00 CST 2026"
      }
    },
    {
      "type": "Feature",
      "geometry": {
        "type": "Point",
        "coordinates": [
          121.551164,
          25.0417761
        ]
      },
      "properties": {
        "id": "TPE0284",
        "name": "大統領停車場",
        "area": "大安區",
        "address": "忠孝東路4段191號地下1層",
        "summary": "大型車:0格，小型車:8格(含身心障礙停車位1格)，機車:0格",
        "tel": "87719740",
        "car": 8,
        "motor": 0,
        "charging": 0,
        "occupied_rate": -99,
        "data_time": "Sat May 02 00:00:00 CST 2026"
      }
    },
    {
      "type": "Feature",
      "geometry": {
        "type": "Point",
        "coordinates": [
          121.5494144,
          25.0274934
        ]
      },
      "properties": {
        "id": "TPE0285",
        "name": "敦南一站停車場",
        "area": "大安區",
        "address": "敦化南路2段201號旁空地",
        "summary": "大型車:0格，小型車:37格(含身心障礙停車位1格)，機車:0格",
        "tel": "0800208333",
        "car": 37,
        "motor": 0,
        "charging": 0,
        "occupied_rate": -99,
        "data_time": "Sat May 02 00:00:00 CST 2026"
      }
    },
    {
      "type": "Feature",
      "geometry": {
        "type": "Point",
        "coordinates": [
          121.5668,
          25.0388125
        ]
      },
      "properties": {
        "id": "TPE0287",
        "name": "新光三越百貨股份有限公司台北信義店A8停車場",
        "area": "信義區",
        "address": "松高路12號地下3、4、5層",
        "summary": "大型車:0格，小型車:284格(含身心障礙停車位5格，孕婦、育有六歲以下兒童停車位6格)，機車:468格(含身心障礙停車位9格)，充電格位:6格",
        "tel": "0287809966#6086",
        "car": 284,
        "motor": 468,
        "charging": 0,
        "occupied_rate": -99,
        "data_time": "Sat May 02 00:00:00 CST 2026"
      }
    },
    {
      "type": "Feature",
      "geometry": {
        "type": "Point",
        "coordinates": [
          121.4915889,
          25.027829
        ]
      },
      "properties": {
        "id": "TPE0288",
        "name": "雙園國中地下停車場",
        "area": "萬華區",
        "address": "西園路2段320巷55弄3號地下",
        "summary": "大型車:0格，小型車:321格(含身心障礙停車位7格，孕婦、育有六歲以下兒童停車位8格)，機車:0格，大型重機:1格，充電格位:8格",
        "tel": "23016115",
        "car": 321,
        "motor": 0,
        "charging": 0,
        "occupied_rate": -99,
        "data_time": "Sat May 02 00:00:00 CST 2026"
      }
    },
    {
      "type": "Feature",
      "geometry": {
        "type": "Point",
        "coordinates": [
          121.5387053,
          25.1366656
        ]
      },
      "properties": {
        "id": "TPE0289",
        "name": "中國文化大學大恩館停車塔",
        "area": "士林區",
        "address": "華岡路55號",
        "summary": "大型車:0格，小型車:40格(含身心障礙停車位1格)，機車:0格",
        "tel": "0228610511#13210",
        "car": 40,
        "motor": 0,
        "charging": 0,
        "occupied_rate": -99,
        "data_time": "Sat May 02 00:00:00 CST 2026"
      }
    },
    {
      "type": "Feature",
      "geometry": {
        "type": "Point",
        "coordinates": [
          121.5381395,
          25.0260089
        ]
      },
      "properties": {
        "id": "TPE0290",
        "name": "中國文化大學大夏館停車塔",
        "area": "大安區",
        "address": "建國南路2段229號",
        "summary": "大型車:0格，小型車:40格(含身心障礙停車位1格)，機車:0格",
        "tel": "27005858#8953",
        "car": 40,
        "motor": 0,
        "charging": 0,
        "occupied_rate": -99,
        "data_time": "Sat May 02 00:00:00 CST 2026"
      }
    },
    {
      "type": "Feature",
      "geometry": {
        "type": "Point",
        "coordinates": [
          121.5133083,
          25.0605321
        ]
      },
      "properties": {
        "id": "TPE0292",
        "name": "168停車聯盟-涼州場",
        "area": "大同區",
        "address": "重慶北路2段與涼州街交叉口",
        "summary": "大型車:0格，小型車:49格(含身心障礙停車位1格)，機車:0格",
        "tel": "0227546661",
        "car": 49,
        "motor": 0,
        "charging": 0,
        "occupied_rate": -99,
        "data_time": "Sat May 02 00:00:00 CST 2026"
      }
    },
    {
      "type": "Feature",
      "geometry": {
        "type": "Point",
        "coordinates": [
          121.5690184,
          24.9884724
        ]
      },
      "properties": {
        "id": "TPE0293",
        "name": "木農停車場",
        "area": "文山區",
        "address": "保儀路13巷與集英街口",
        "summary": "大型車:0格，小型車:47格(含身心障礙停車位1格)，機車:0格",
        "tel": "2935-7273",
        "car": 47,
        "motor": 0,
        "charging": 0,
        "occupied_rate": -99,
        "data_time": "Sat May 02 00:00:00 CST 2026"
      }
    },
    {
      "type": "Feature",
      "geometry": {
        "type": "Point",
        "coordinates": [
          121.55611,
          25.0471948
        ]
      },
      "properties": {
        "id": "TPE0294",
        "name": "台灣聯通復源停車場",
        "area": "松山區",
        "address": "光復南路6巷48弄7號對面空地",
        "summary": "大型車:0格，小型車:21格(含身心障礙停車位1格)，機車:0格",
        "tel": "0225235000",
        "car": 21,
        "motor": 0,
        "charging": 0,
        "occupied_rate": -99,
        "data_time": "Sat May 02 00:00:00 CST 2026"
      }
    },
    {
      "type": "Feature",
      "geometry": {
        "type": "Point",
        "coordinates": [
          121.5424797,
          25.0544225
        ]
      },
      "properties": {
        "id": "TPE0295",
        "name": "長寧大廈地下B1停車場",
        "area": "中山區",
        "address": "長春路362號地下1層",
        "summary": "大型車:0格，小型車:36格(含身心障礙停車位1格)，機車:0格",
        "tel": "25460339",
        "car": 36,
        "motor": 0,
        "charging": 0,
        "occupied_rate": -99,
        "data_time": "Sat May 02 00:00:00 CST 2026"
      }
    },
    {
      "type": "Feature",
      "geometry": {
        "type": "Point",
        "coordinates": [
          121.5634885,
          25.0402154
        ]
      },
      "properties": {
        "id": "TPE0297",
        "name": "城市車旅遠雄國際中心停車場",
        "area": "信義區",
        "address": "基隆路1段200號地下3層",
        "summary": "大型車:0格，小型車:32格(含身心障礙停車位1格，孕婦、育有六歲以下兒童停車位1格)，機車:0格",
        "tel": "2246-1708",
        "car": 32,
        "motor": 0,
        "charging": 0,
        "occupied_rate": -99,
        "data_time": "Sat May 02 00:00:00 CST 2026"
      }
    },
    {
      "type": "Feature",
      "geometry": {
        "type": "Point",
        "coordinates": [
          121.5840758,
          25.0684432
        ]
      },
      "properties": {
        "id": "TPE0298",
        "name": "內湖加油站停車場",
        "area": "內湖區",
        "address": "民權東路6段50號",
        "summary": "大型車:0格，小型車:110格(含身心障礙停車位2格，孕婦、育有六歲以下兒童停車位2格)，機車:0格，充電格位:1格",
        "tel": "0222504586",
        "car": 110,
        "motor": 0,
        "charging": 0,
        "occupied_rate": -99,
        "data_time": "Sat May 02 00:00:00 CST 2026"
      }
    },
    {
      "type": "Feature",
      "geometry": {
        "type": "Point",
        "coordinates": [
          121.5491812,
          25.027343
        ]
      },
      "properties": {
        "id": "TPE0299",
        "name": "敦南二站停車場",
        "area": "大安區",
        "address": "敦化南路2段201號旁空地",
        "summary": "大型車:0格，小型車:49格(含身心障礙停車位1格)，機車:0格",
        "tel": "0800208333",
        "car": 49,
        "motor": 0,
        "charging": 0,
        "occupied_rate": -99,
        "data_time": "Sat May 02 00:00:00 CST 2026"
      }
    },
    {
      "type": "Feature",
      "geometry": {
        "type": "Point",
        "coordinates": [
          121.6055347,
          25.0725327
        ]
      },
      "properties": {
        "id": "TPE0300",
        "name": "康寧平面停車場",
        "area": "內湖區",
        "address": "民權東路6段與民權東路6段296巷口",
        "summary": "大型車:0格，小型車:20格(含身心障礙停車位1格)，機車:0格，充電格位:2格",
        "tel": "0226550818",
        "car": 20,
        "motor": 0,
        "charging": 0,
        "occupied_rate": -99,
        "data_time": "Sat May 02 00:00:00 CST 2026"
      }
    },
    {
      "type": "Feature",
      "geometry": {
        "type": "Point",
        "coordinates": [
          121.5282682,
          25.0577848
        ]
      },
      "properties": {
        "id": "TPE0301",
        "name": "Times 民生東路",
        "area": "中山區",
        "address": "民生東路2段16號旁",
        "summary": "大型車:0格，小型車:5格(含身心障礙停車位1格)，機車:0格",
        "tel": "0800-88-8924；2504-6098",
        "car": 5,
        "motor": 0,
        "charging": 0,
        "occupied_rate": -99,
        "data_time": "Sat May 02 00:00:00 CST 2026"
      }
    },
    {
      "type": "Feature",
      "geometry": {
        "type": "Point",
        "coordinates": [
          121.5298132,
          25.1185379
        ]
      },
      "properties": {
        "id": "TPE0302",
        "name": "士林一號廣場(西側)地下停車場",
        "area": "士林區",
        "address": "天母西路1號地下1至5層",
        "summary": "大型車:0格，小型車:222格(含身心障礙停車位6格，孕婦、育有六歲以下兒童停車位4格)，機車:70格(含身心障礙停車位2格)，充電格位:4格",
        "tel": "0228765986",
        "car": 222,
        "motor": 70,
        "charging": 0,
        "occupied_rate": -99,
        "data_time": "Sat May 02 00:00:00 CST 2026"
      }
    },
    {
      "type": "Feature",
      "geometry": {
        "type": "Point",
        "coordinates": [
          121.5305967,
          25.1184922
        ]
      },
      "properties": {
        "id": "TPE0303",
        "name": "士林一號廣場(東側)地下停車場",
        "area": "士林區",
        "address": "中山北路7段2號地下1至4層",
        "summary": "大型車:0格，小型車:99格(含身心障礙停車位4格，孕婦、育有六歲以下兒童停車位1格)，機車:0格，充電格位:1格",
        "tel": "0228765986",
        "car": 99,
        "motor": 0,
        "charging": 0,
        "occupied_rate": -99,
        "data_time": "Sat May 02 00:00:00 CST 2026"
      }
    },
    {
      "type": "Feature",
      "geometry": {
        "type": "Point",
        "coordinates": [
          121.5767803,
          25.0727623
        ]
      },
      "properties": {
        "id": "TPE0304",
        "name": "Times 陽光街",
        "area": "內湖區",
        "address": "陽光街381號旁空地",
        "summary": "大型車:0格，小型車:88格(含身心障礙停車位2格)，機車:0格，充電格位:1格",
        "tel": "0809008924",
        "car": 88,
        "motor": 0,
        "charging": 0,
        "occupied_rate": -99,
        "data_time": "Sat May 02 00:00:00 CST 2026"
      }
    },
    {
      "type": "Feature",
      "geometry": {
        "type": "Point",
        "coordinates": [
          121.5072973,
          25.0249188
        ]
      },
      "properties": {
        "id": "TPE0305",
        "name": "青年公園高爾夫球場地下停車場",
        "area": "萬華區",
        "address": "國興路5號地下共2層",
        "summary": "大型車:0格，小型車:331格(含身心障礙停車位9格，孕婦、育有六歲以下兒童停車位8格)，機車:155格(含身心障礙停車位7格)，大型重機:1格，充電格位:8格",
        "tel": "23379616",
        "car": 331,
        "motor": 155,
        "charging": 0,
        "occupied_rate": -99,
        "data_time": "Sat May 02 00:00:00 CST 2026"
      }
    },
    {
      "type": "Feature",
      "geometry": {
        "type": "Point",
        "coordinates": [
          121.5745978,
          25.0731838
        ]
      },
      "properties": {
        "id": "TPE0306",
        "name": "台新銀行內湖大樓停車場",
        "area": "內湖區",
        "address": "舊宗路2段207號地下1-3層",
        "summary": "大型車:0格，小型車:329格(含身心障礙停車位7格)，機車:0格",
        "tel": "0287989999#8556",
        "car": 329,
        "motor": 0,
        "charging": 0,
        "occupied_rate": -99,
        "data_time": "Sat May 02 00:00:00 CST 2026"
      }
    },
    {
      "type": "Feature",
      "geometry": {
        "type": "Point",
        "coordinates": [
          121.5147824,
          25.0456329
        ]
      },
      "properties": {
        "id": "TPE0307",
        "name": "長揚停車場館前站",
        "area": "中正區",
        "address": "館前路12號",
        "summary": "大型車:0格，小型車:48格(含身心障礙停車位1格)，機車:0格",
        "tel": "2761-9188",
        "car": 48,
        "motor": 0,
        "charging": 0,
        "occupied_rate": -99,
        "data_time": "Sat May 02 00:00:00 CST 2026"
      }
    },
    {
      "type": "Feature",
      "geometry": {
        "type": "Point",
        "coordinates": [
          121.4999097,
          25.019466
        ]
      },
      "properties": {
        "id": "TPE0308",
        "name": "冠華停車場",
        "area": "萬華區",
        "address": "萬大路493巷48弄23-10號對面空地",
        "summary": "大型車:0格，小型車:41格(含身心障礙停車位1格)，機車:0格",
        "tel": "0800808178",
        "car": 41,
        "motor": 0,
        "charging": 0,
        "occupied_rate": -99,
        "data_time": "Sat May 02 00:00:00 CST 2026"
      }
    },
    {
      "type": "Feature",
      "geometry": {
        "type": "Point",
        "coordinates": [
          121.5493864,
          25.0351673
        ]
      },
      "properties": {
        "id": "TPE0309",
        "name": "榕樹下停車場",
        "area": "大安區",
        "address": "敦化南路1段303號之1空地",
        "summary": "大型車:0格，小型車:23格(含身心障礙停車位1格)，機車:0格",
        "tel": "2755-7896",
        "car": 23,
        "motor": 0,
        "charging": 0,
        "occupied_rate": -99,
        "data_time": "Sat May 02 00:00:00 CST 2026"
      }
    },
    {
      "type": "Feature",
      "geometry": {
        "type": "Point",
        "coordinates": [
          121.5208023,
          25.0528931
        ]
      },
      "properties": {
        "id": "TPE0310",
        "name": "新光三越百貨股份有限公司台北南西分公司三館停車場",
        "area": "中山區",
        "address": "南京西路15號地下2層",
        "summary": "大型車:0格，小型車:31格(含身心障礙停車位1格，孕婦、育有六歲以下兒童停車位2格)，機車:0格",
        "tel": "2564-1399",
        "car": 31,
        "motor": 0,
        "charging": 0,
        "occupied_rate": -99,
        "data_time": "Sat May 02 00:00:00 CST 2026"
      }
    },
    {
      "type": "Feature",
      "geometry": {
        "type": "Point",
        "coordinates": [
          121.5564808,
          25.0336987
        ]
      },
      "properties": {
        "id": "TPE0311",
        "name": "便利停車場大安地政事務所站",
        "area": "大安區",
        "address": "信義路4段335巷6號地下1至3層",
        "summary": "大型車:0格，小型車:70格(含身心障礙停車位2格，孕婦、育有六歲以下兒童停車位1格)，機車:154格(含身心障礙停車位3格)，充電格位:1格",
        "tel": "2799-1001#115",
        "car": 70,
        "motor": 154,
        "charging": 0,
        "occupied_rate": -99,
        "data_time": "Sat May 02 00:00:00 CST 2026"
      }
    },
    {
      "type": "Feature",
      "geometry": {
        "type": "Point",
        "coordinates": [
          121.5650634,
          25.0800997
        ]
      },
      "properties": {
        "id": "TPE0312",
        "name": "嘟嘟房內湖基湖站停車場",
        "area": "內湖區",
        "address": "基湖路35巷11號旁",
        "summary": "大型車:0格，小型車:41格(含身心障礙停車位1格)，機車:0格",
        "tel": "2655-0818",
        "car": 41,
        "motor": 0,
        "charging": 0,
        "occupied_rate": -99,
        "data_time": "Sat May 02 00:00:00 CST 2026"
      }
    },
    {
      "type": "Feature",
      "geometry": {
        "type": "Point",
        "coordinates": [
          121.5566326,
          25.033987
        ]
      },
      "properties": {
        "id": "TPE0313",
        "name": "便利停車場大安地政事務所一站",
        "area": "大安區",
        "address": "信義路4段335巷6號旁空地",
        "summary": "大型車:0格，小型車:5格(含身心障礙停車位1格)，機車:0格",
        "tel": "2799-1001#166",
        "car": 5,
        "motor": 0,
        "charging": 0,
        "occupied_rate": -99,
        "data_time": "Sat May 02 00:00:00 CST 2026"
      }
    },
    {
      "type": "Feature",
      "geometry": {
        "type": "Point",
        "coordinates": [
          121.5566008,
          25.0334071
        ]
      },
      "properties": {
        "id": "TPE0314",
        "name": "便利停車場大安地政事務所二站",
        "area": "大安區",
        "address": "信義路4段335巷6號旁空地",
        "summary": "大型車:0格，小型車:8格(含身心障礙停車位1格)，機車:0格",
        "tel": "2799-1001#166",
        "car": 8,
        "motor": 0,
        "charging": 0,
        "occupied_rate": -99,
        "data_time": "Sat May 02 00:00:00 CST 2026"
      }
    },
    {
      "type": "Feature",
      "geometry": {
        "type": "Point",
        "coordinates": [
          121.5313508,
          25.101975
        ]
      },
      "properties": {
        "id": "TPE0315",
        "name": "至誠平面停車場",
        "area": "士林區",
        "address": "至誠路1段295號對面",
        "summary": "大型車:0格，小型車:83格(含身心障礙停車位4格，孕婦、育有六歲以下兒童停車位1格)，機車:0格，充電格位:2格",
        "tel": "(02)25573722",
        "car": 83,
        "motor": 0,
        "charging": 0,
        "occupied_rate": -99,
        "data_time": "Sat May 02 00:00:00 CST 2026"
      }
    },
    {
      "type": "Feature",
      "geometry": {
        "type": "Point",
        "coordinates": [
          121.513407,
          25.1196632
        ]
      },
      "properties": {
        "id": "TPE0316",
        "name": "陽明大學停車場",
        "area": "北投區",
        "address": "立農街2段201號圖書資訊暨研究發展大樓室外東側及西南側",
        "summary": "大型車:0格，小型車:15格(含身心障礙停車位1格)，機車:30格(含身心障礙停車位1格)",
        "tel": "0800208333",
        "car": 15,
        "motor": 30,
        "charging": 0,
        "occupied_rate": -99,
        "data_time": "Sat May 02 00:00:00 CST 2026"
      }
    },
    {
      "type": "Feature",
      "geometry": {
        "type": "Point",
        "coordinates": [
          121.5574301,
          25.0534801
        ]
      },
      "properties": {
        "id": "TPE0317",
        "name": "健康21世紀大樓停車場",
        "area": "松山區",
        "address": "健康路156號地下3、4層",
        "summary": "大型車:0格，小型車:218格(含身心障礙停車位6格)，機車:0格，充電格位:3格",
        "tel": "",
        "car": 218,
        "motor": 0,
        "charging": 0,
        "occupied_rate": -99,
        "data_time": "Sat May 02 00:00:00 CST 2026"
      }
    },
    {
      "type": "Feature",
      "geometry": {
        "type": "Point",
        "coordinates": [
          121.5030794,
          25.0238069
        ]
      },
      "properties": {
        "id": "TPE0318",
        "name": "青年公園棒球場地下停車場",
        "area": "萬華區",
        "address": "青年路69號地下",
        "summary": "大型車:0格，小型車:276格(含身心障礙停車位6格，孕婦、育有六歲以下兒童停車位7格)，機車:118格(含身心障礙停車位6格)，大型重機:1格，充電格位:7格",
        "tel": "23092133",
        "car": 276,
        "motor": 118,
        "charging": 0,
        "occupied_rate": -99,
        "data_time": "Sat May 02 00:00:00 CST 2026"
      }
    },
    {
      "type": "Feature",
      "geometry": {
        "type": "Point",
        "coordinates": [
          121.5222615,
          25.0390366
        ]
      },
      "properties": {
        "id": "TPE0319",
        "name": "臺北市政府青年局停車場",
        "area": "中正區",
        "address": "仁愛路1段17號",
        "summary": "大型車:0格，小型車:137格(含身心障礙停車位5格，孕婦、育有六歲以下兒童停車位2格)，機車:0格",
        "tel": "2351-4078#0",
        "car": 137,
        "motor": 0,
        "charging": 0,
        "occupied_rate": -99,
        "data_time": "Sat May 02 00:00:00 CST 2026"
      }
    },
    {
      "type": "Feature",
      "geometry": {
        "type": "Point",
        "coordinates": [
          121.5408332,
          25.0516591
        ]
      },
      "properties": {
        "id": "TPE0320",
        "name": "國泰新安停車場",
        "area": "中山區",
        "address": "南京東路3段128、130號地下1-6層",
        "summary": "大型車:0格，小型車:111格(含身心障礙停車位2格)，機車:0格",
        "tel": "2246-1708",
        "car": 111,
        "motor": 0,
        "charging": 0,
        "occupied_rate": -99,
        "data_time": "Sat May 02 00:00:00 CST 2026"
      }
    },
    {
      "type": "Feature",
      "geometry": {
        "type": "Point",
        "coordinates": [
          121.5747004,
          25.0728719
        ]
      },
      "properties": {
        "id": "TPE0321",
        "name": "便利停車場大眾站",
        "area": "內湖區",
        "address": "陽光街300號地下1至3層",
        "summary": "大型車:0格，小型車:162格(含身心障礙停車位4格)，機車:0格",
        "tel": "27991001#167",
        "car": 162,
        "motor": 0,
        "charging": 0,
        "occupied_rate": -99,
        "data_time": "Sat May 02 00:00:00 CST 2026"
      }
    },
    {
      "type": "Feature",
      "geometry": {
        "type": "Point",
        "coordinates": [
          121.5321088,
          25.0550039
        ]
      },
      "properties": {
        "id": "TPE0322",
        "name": "長春金融大樓停車場",
        "area": "中山區",
        "address": "長春路143號地下2至5層",
        "summary": "大型車:0格，小型車:181格(含身心障礙停車位4格)，機車:0格，充電格位:2格",
        "tel": "25117767",
        "car": 181,
        "motor": 0,
        "charging": 0,
        "occupied_rate": -99,
        "data_time": "Sat May 02 00:00:00 CST 2026"
      }
    },
    {
      "type": "Feature",
      "geometry": {
        "type": "Point",
        "coordinates": [
          121.5337002,
          25.0585779
        ]
      },
      "properties": {
        "id": "TPE0323",
        "name": "佳佳廣場計時收費停車場",
        "area": "中山區",
        "address": "松江路223號地下4層",
        "summary": "大型車:0格，小型車:8格(含身心障礙停車位1格)，機車:0格",
        "tel": "25036958",
        "car": 8,
        "motor": 0,
        "charging": 0,
        "occupied_rate": -99,
        "data_time": "Sat May 02 00:00:00 CST 2026"
      }
    },
    {
      "type": "Feature",
      "geometry": {
        "type": "Point",
        "coordinates": [
          121.5672298,
          25.0808588
        ]
      },
      "properties": {
        "id": "TPE0324",
        "name": "便利停車場元吉站",
        "area": "內湖區",
        "address": "基湖路3巷47號地下1、2層",
        "summary": "大型車:0格，小型車:81格(含身心障礙停車位2格)，機車:0格",
        "tel": "2799-1001#168",
        "car": 81,
        "motor": 0,
        "charging": 0,
        "occupied_rate": -99,
        "data_time": "Sat May 02 00:00:00 CST 2026"
      }
    },
    {
      "type": "Feature",
      "geometry": {
        "type": "Point",
        "coordinates": [
          121.5709324,
          25.0281864
        ]
      },
      "properties": {
        "id": "TPE0325",
        "name": "環球世貿大樓停車場",
        "area": "信義區",
        "address": "信義路5段150巷2號地下3層",
        "summary": "大型車:0格，小型車:24格(含身心障礙停車位1格)，機車:0格",
        "tel": "022720-7679",
        "car": 24,
        "motor": 0,
        "charging": 0,
        "occupied_rate": -99,
        "data_time": "Sat May 02 00:00:00 CST 2026"
      }
    },
    {
      "type": "Feature",
      "geometry": {
        "type": "Point",
        "coordinates": [
          121.5293069,
          25.0476764
        ]
      },
      "properties": {
        "id": "TPE0326",
        "name": "長安東停車場",
        "area": "中山區",
        "address": "長安東路1段56巷1弄15號旁空地",
        "summary": "大型車:0格，小型車:5格(含身心障礙停車位1格)，機車:0格",
        "tel": "7738-1111",
        "car": 5,
        "motor": 0,
        "charging": 0,
        "occupied_rate": -99,
        "data_time": "Sat May 02 00:00:00 CST 2026"
      }
    },
    {
      "type": "Feature",
      "geometry": {
        "type": "Point",
        "coordinates": [
          121.5472957,
          25.0520237
        ]
      },
      "properties": {
        "id": "TPE0327",
        "name": "台灣聯通敦北停車場",
        "area": "松山區",
        "address": "南京東路3段331號地下2至3層",
        "summary": "大型車:0格，小型車:40格(含身心障礙停車位1格)，機車:0格",
        "tel": "(02)25235000",
        "car": 40,
        "motor": 0,
        "charging": 0,
        "occupied_rate": -99,
        "data_time": "Sat May 02 00:00:00 CST 2026"
      }
    },
    {
      "type": "Feature",
      "geometry": {
        "type": "Point",
        "coordinates": [
          121.5214728,
          25.0548588
        ]
      },
      "properties": {
        "id": "TPE0328",
        "name": "臺北市中山運動中心停車場",
        "area": "中山區",
        "address": "中山北路2段44巷2號地下1、3層",
        "summary": "大型車:0格，小型車:57格(含身心障礙停車位1格，孕婦、育有六歲以下兒童停車位1格)，機車:81格(含身心障礙停車位1格)",
        "tel": "0225811060",
        "car": 57,
        "motor": 81,
        "charging": 0,
        "occupied_rate": -99,
        "data_time": "Sat May 02 00:00:00 CST 2026"
      }
    },
    {
      "type": "Feature",
      "geometry": {
        "type": "Point",
        "coordinates": [
          121.5089316,
          25.0427912
        ]
      },
      "properties": {
        "id": "TPE0329",
        "name": "錢櫃新聲停車場",
        "area": "中正區",
        "address": "中華路1段55號地下3層",
        "summary": "大型車:0格，小型車:26格(含身心障礙停車位1格)，機車:0格",
        "tel": "2361-9898",
        "car": 26,
        "motor": 0,
        "charging": 0,
        "occupied_rate": -99,
        "data_time": "Sat May 02 00:00:00 CST 2026"
      }
    },
    {
      "type": "Feature",
      "geometry": {
        "type": "Point",
        "coordinates": [
          121.5264346,
          25.0523586
        ]
      },
      "properties": {
        "id": "TPE0330",
        "name": "林森公園地下停車場",
        "area": "中山區",
        "address": "南京東路1段35號地下",
        "summary": "大型車:0格，小型車:850格(含身心障礙停車位17格，孕婦、育有六歲以下兒童停車位19格)，機車:0格，充電格位:17格",
        "tel": "2655-0818",
        "car": 850,
        "motor": 0,
        "charging": 0,
        "occupied_rate": -99,
        "data_time": "Sat May 02 00:00:00 CST 2026"
      }
    },
    {
      "type": "Feature",
      "geometry": {
        "type": "Point",
        "coordinates": [
          121.5168903,
          25.0313341
        ]
      },
      "properties": {
        "id": "TPE0331",
        "name": "中正南昌停車場",
        "area": "中正區",
        "address": "南昌路1段56號旁空地",
        "summary": "大型車:0格，小型車:1格(含身心障礙停車位1格)，機車:0格",
        "tel": "0800208333",
        "car": 1,
        "motor": 0,
        "charging": 0,
        "occupied_rate": -99,
        "data_time": "Sat May 02 00:00:00 CST 2026"
      }
    },
    {
      "type": "Feature",
      "geometry": {
        "type": "Point",
        "coordinates": [
          121.5494497,
          25.0615448
        ]
      },
      "properties": {
        "id": "TPE0333",
        "name": "民權東路停車場",
        "area": "松山區",
        "address": "民權東路3段178號地下2、5層",
        "summary": "大型車:0格，小型車:49格(含身心障礙停車位1格)，機車:0格",
        "tel": "0225117767",
        "car": 49,
        "motor": 0,
        "charging": 0,
        "occupied_rate": -99,
        "data_time": "Sat May 02 00:00:00 CST 2026"
      }
    },
    {
      "type": "Feature",
      "geometry": {
        "type": "Point",
        "coordinates": [
          121.5664701,
          25.0330651
        ]
      },
      "properties": {
        "id": "TPE0334",
        "name": "信義廣場地下停車場",
        "area": "信義區",
        "address": "信義路5段11號地下(地下共2層)",
        "summary": "大型車:0格，小型車:369格(含身心障礙停車位8格，孕婦、育有六歲以下兒童停車位8格)，機車:188格(含身心障礙停車位4格)，大型重機:9格，充電格位:9格",
        "tel": "",
        "car": 369,
        "motor": 188,
        "charging": 0,
        "occupied_rate": -99,
        "data_time": "Sat May 02 00:00:00 CST 2026"
      }
    },
    {
      "type": "Feature",
      "geometry": {
        "type": "Point",
        "coordinates": [
          121.5329116,
          25.0612936
        ]
      },
      "properties": {
        "id": "TPE0335",
        "name": "台灣聯通將捷二場停車場",
        "area": "中山區",
        "address": "松江路336、338號停車塔及地下2層",
        "summary": "大型車:0格，小型車:56格(含身心障礙停車位1格)，機車:0格",
        "tel": "2523-5000",
        "car": 56,
        "motor": 0,
        "charging": 0,
        "occupied_rate": -99,
        "data_time": "Sat May 02 00:00:00 CST 2026"
      }
    },
    {
      "type": "Feature",
      "geometry": {
        "type": "Point",
        "coordinates": [
          121.5689904,
          25.0806761
        ]
      },
      "properties": {
        "id": "TPE0336",
        "name": "便利停車場創世紀站",
        "area": "內湖區",
        "address": "洲子街118號地下1至3層",
        "summary": "大型車:0格，小型車:65格(含身心障礙停車位2格，孕婦、育有六歲以下兒童停車位2格)，機車:0格，充電格位:2格",
        "tel": "0227991001",
        "car": 65,
        "motor": 0,
        "charging": 0,
        "occupied_rate": -99,
        "data_time": "Sat May 02 00:00:00 CST 2026"
      }
    },
    {
      "type": "Feature",
      "geometry": {
        "type": "Point",
        "coordinates": [
          121.5225523,
          25.0568819
        ]
      },
      "properties": {
        "id": "TPE0338",
        "name": "台灣聯通國賓停車場",
        "area": "中山區",
        "address": "中山北路2段66、68號",
        "summary": "大型車:0格，小型車:78格(含身心障礙停車位1格)，機車:0格",
        "tel": "2523-5000",
        "car": 78,
        "motor": 0,
        "charging": 0,
        "occupied_rate": -99,
        "data_time": "Sat May 02 00:00:00 CST 2026"
      }
    },
    {
      "type": "Feature",
      "geometry": {
        "type": "Point",
        "coordinates": [
          121.527195,
          25.041134
        ]
      },
      "properties": {
        "id": "TPE0339",
        "name": "Times濟南路二段",
        "area": "中正區",
        "address": "濟南路2段14號旁空地",
        "summary": "大型車:0格，小型車:39格(含身心障礙停車位1格)，機車:0格",
        "tel": "0800-88-8924；2504-6098",
        "car": 39,
        "motor": 0,
        "charging": 0,
        "occupied_rate": -99,
        "data_time": "Sat May 02 00:00:00 CST 2026"
      }
    },
    {
      "type": "Feature",
      "geometry": {
        "type": "Point",
        "coordinates": [
          121.5252044,
          25.0559133
        ]
      },
      "properties": {
        "id": "TPE0340",
        "name": "嘟嘟房林森站停車場",
        "area": "中山區",
        "address": "中山北路2段59巷61號",
        "summary": "大型車:0格，小型車:84格(含身心障礙停車位1格)，機車:0格",
        "tel": "022655-0818",
        "car": 84,
        "motor": 0,
        "charging": 0,
        "occupied_rate": -99,
        "data_time": "Sat May 02 00:00:00 CST 2026"
      }
    },
    {
      "type": "Feature",
      "geometry": {
        "type": "Point",
        "coordinates": [
          121.5109975,
          25.0459055
        ]
      },
      "properties": {
        "id": "TPE0341",
        "name": "168停車聯盟-博愛場",
        "area": "中正區",
        "address": "博愛路38號地下3至5層",
        "summary": "大型車:0格，小型車:36格(含身心障礙停車位1格)，機車:0格",
        "tel": "2754-6661",
        "car": 36,
        "motor": 0,
        "charging": 0,
        "occupied_rate": -99,
        "data_time": "Sat May 02 00:00:00 CST 2026"
      }
    },
    {
      "type": "Feature",
      "geometry": {
        "type": "Point",
        "coordinates": [
          121.5642118,
          25.0498681
        ]
      },
      "properties": {
        "id": "TPE0342",
        "name": "台灣聯通八德停車場",
        "area": "松山區",
        "address": "八德路4段245巷32弄9號",
        "summary": "大型車:0格，小型車:74格(含身心障礙停車位2格)，機車:0格",
        "tel": "2523-5000 #1138",
        "car": 74,
        "motor": 0,
        "charging": 0,
        "occupied_rate": -99,
        "data_time": "Sat May 02 00:00:00 CST 2026"
      }
    },
    {
      "type": "Feature",
      "geometry": {
        "type": "Point",
        "coordinates": [
          121.5677638,
          25.0356783
        ]
      },
      "properties": {
        "id": "TPE0343",
        "name": "USPACE 宏泰A19購物中心停車場",
        "area": "信義區",
        "address": "松壽路22號地下2層",
        "summary": "大型車:0格，小型車:77格(含身心障礙停車位2格，孕婦、育有六歲以下兒童停車位1格)，機車:0格",
        "tel": "02-77518097",
        "car": 77,
        "motor": 0,
        "charging": 0,
        "occupied_rate": -99,
        "data_time": "Sat May 02 00:00:00 CST 2026"
      }
    },
    {
      "type": "Feature",
      "geometry": {
        "type": "Point",
        "coordinates": [
          121.5250927,
          25.105033
        ]
      },
      "properties": {
        "id": "TPE0345",
        "name": "士林電機仰德大樓停車場",
        "area": "士林區",
        "address": "中山北路6段88號地下3至4層",
        "summary": "大型車:0格，小型車:233格(含身心障礙停車位4格)，機車:0格，充電格位:2格",
        "tel": "0277153180",
        "car": 233,
        "motor": 0,
        "charging": 0,
        "occupied_rate": -99,
        "data_time": "Sat May 02 00:00:00 CST 2026"
      }
    },
    {
      "type": "Feature",
      "geometry": {
        "type": "Point",
        "coordinates": [
          121.5995826,
          25.0849319
        ]
      },
      "properties": {
        "id": "TPE0346",
        "name": "驛林交通股份有限公司內湖成湖站",
        "area": "內湖區",
        "address": "成功路4段344、346號地下4層",
        "summary": "大型車:0格，小型車:63格(含身心障礙停車位2格，孕婦、育有六歲以下兒童停車位2格)，機車:0格",
        "tel": "0223621685",
        "car": 63,
        "motor": 0,
        "charging": 0,
        "occupied_rate": -99,
        "data_time": "Sat May 02 00:00:00 CST 2026"
      }
    },
    {
      "type": "Feature",
      "geometry": {
        "type": "Point",
        "coordinates": [
          121.5266242,
          25.0425851
        ]
      },
      "properties": {
        "id": "TPE0347",
        "name": "台灣聯通杭州停車場",
        "area": "中正區",
        "address": "杭州南路1段19號地下3至4層",
        "summary": "大型車:0格，小型車:54格(含身心障礙停車位1格)，機車:0格",
        "tel": "2523-5000",
        "car": 54,
        "motor": 0,
        "charging": 0,
        "occupied_rate": -99,
        "data_time": "Sat May 02 00:00:00 CST 2026"
      }
    },
    {
      "type": "Feature",
      "geometry": {
        "type": "Point",
        "coordinates": [
          121.604511,
          25.0627663
        ]
      },
      "properties": {
        "id": "TPE0348",
        "name": "內湖垃圾焚化廠停車場",
        "area": "內湖區",
        "address": "安康路290號地下1層",
        "summary": "大型車:0格，小型車:87格(含身心障礙停車位2格，孕婦、育有六歲以下兒童停車位2格)，機車:0格，充電格位:2格",
        "tel": "02-27961833轉352",
        "car": 87,
        "motor": 0,
        "charging": 0,
        "occupied_rate": -99,
        "data_time": "Sat May 02 00:00:00 CST 2026"
      }
    },
    {
      "type": "Feature",
      "geometry": {
        "type": "Point",
        "coordinates": [
          121.5375768,
          25.0535443
        ]
      },
      "properties": {
        "id": "TPE0350",
        "name": "便利停車場建國站(中山大同保管場)",
        "area": "中山區",
        "address": "建國北路2段11巷新光大樓後對面空地",
        "summary": "大型車:0格，小型車:42格(含身心障礙停車位1格)，機車:10格(含身心障礙停車位1格)",
        "tel": "022799-1001",
        "car": 42,
        "motor": 10,
        "charging": 0,
        "occupied_rate": -99,
        "data_time": "Sat May 02 00:00:00 CST 2026"
      }
    },
    {
      "type": "Feature",
      "geometry": {
        "type": "Point",
        "coordinates": [
          121.5589803,
          25.0481726
        ]
      },
      "properties": {
        "id": "TPE0351",
        "name": "八德路監理所站",
        "area": "松山區",
        "address": "八德路4段32號停車塔(車位編號1至32及41至72號)",
        "summary": "大型車:0格，小型車:64格(含身心障礙停車位1格)，機車:0格",
        "tel": "0989476688",
        "car": 64,
        "motor": 0,
        "charging": 0,
        "occupied_rate": -99,
        "data_time": "Sat May 02 00:00:00 CST 2026"
      }
    },
    {
      "type": "Feature",
      "geometry": {
        "type": "Point",
        "coordinates": [
          121.5818267,
          25.0694948
        ]
      },
      "properties": {
        "id": "TPE0352",
        "name": "便利停車場中時站",
        "area": "內湖區",
        "address": "瑞光路26巷36弄6號旁空地",
        "summary": "大型車:0格，小型車:49格(含身心障礙停車位1格，孕婦、育有六歲以下兒童停車位1格)，機車:0格",
        "tel": "0227991001#167",
        "car": 49,
        "motor": 0,
        "charging": 0,
        "occupied_rate": -99,
        "data_time": "Sat May 02 00:00:00 CST 2026"
      }
    },
    {
      "type": "Feature",
      "geometry": {
        "type": "Point",
        "coordinates": [
          121.5103011,
          25.0723467
        ]
      },
      "properties": {
        "id": "TPE0353",
        "name": "迪化污水處理場平面停車場",
        "area": "大同區",
        "address": "酒泉街235號",
        "summary": "大型車:0格，小型車:91格(含身心障礙停車位3格，孕婦、育有六歲以下兒童停車位1格)，機車:0格",
        "tel": "0225046290",
        "car": 91,
        "motor": 0,
        "charging": 0,
        "occupied_rate": -99,
        "data_time": "Sat May 02 00:00:00 CST 2026"
      }
    },
    {
      "type": "Feature",
      "geometry": {
        "type": "Point",
        "coordinates": [
          121.5136967,
          25.0561386
        ]
      },
      "properties": {
        "id": "TPE0354",
        "name": "朝陽公園地下停車場",
        "area": "大同區",
        "address": "重慶北路2段68號地下室［地下共3層］",
        "summary": "大型車:0格，小型車:244格(含身心障礙停車位5格，孕婦、育有六歲以下兒童停車位4格)，機車:0格，充電格位:10格",
        "tel": "2959-9991",
        "car": 244,
        "motor": 0,
        "charging": 0,
        "occupied_rate": -99,
        "data_time": "Sat May 02 00:00:00 CST 2026"
      }
    },
    {
      "type": "Feature",
      "geometry": {
        "type": "Point",
        "coordinates": [
          121.5613942,
          25.0500187
        ]
      },
      "properties": {
        "id": "TPE0355",
        "name": "中崙高中地下停車場",
        "area": "松山區",
        "address": "八德路4段101號地下室（地下2層）",
        "summary": "大型車:0格，小型車:347格(含身心障礙停車位7格，孕婦、育有六歲以下兒童停車位7格)，機車:0格，大型重機:3格，充電格位:7格",
        "tel": "0226550818",
        "car": 347,
        "motor": 0,
        "charging": 0,
        "occupied_rate": -99,
        "data_time": "Sat May 02 00:00:00 CST 2026"
      }
    },
    {
      "type": "Feature",
      "geometry": {
        "type": "Point",
        "coordinates": [
          121.5617656,
          25.0470426
        ]
      },
      "properties": {
        "id": "TPE0356",
        "name": "偶戲博物館地下停車場",
        "area": "松山區",
        "address": "市民大道5段99號地下1層",
        "summary": "大型車:0格，小型車:69格(含身心障礙停車位2格，孕婦、育有六歲以下兒童停車位2格)，機車:35格(含身心障礙停車位2格)，充電格位:2格",
        "tel": "0226550818",
        "car": 69,
        "motor": 35,
        "charging": 0,
        "occupied_rate": -99,
        "data_time": "Sat May 02 00:00:00 CST 2026"
      }
    },
    {
      "type": "Feature",
      "geometry": {
        "type": "Point",
        "coordinates": [
          121.4912688,
          25.0286291
        ]
      },
      "properties": {
        "id": "TPE0357",
        "name": "萬板地下停車場",
        "area": "萬華區",
        "address": "艋舺大道462號地下1至2層",
        "summary": "大型車:0格，小型車:181格(含身心障礙停車位4格，孕婦、育有六歲以下兒童停車位4格)，機車:0格，充電格位:6格",
        "tel": "2303-2268",
        "car": 181,
        "motor": 0,
        "charging": 0,
        "occupied_rate": -99,
        "data_time": "Sat May 02 00:00:00 CST 2026"
      }
    },
    {
      "type": "Feature",
      "geometry": {
        "type": "Point",
        "coordinates": [
          121.61064,
          25.0664991
        ]
      },
      "properties": {
        "id": "TPE0358",
        "name": "南湖高中運動中心停車場",
        "area": "內湖區",
        "address": "康寧路3段220號地下2層",
        "summary": "大型車:0格，小型車:162格(含身心障礙停車位4格，孕婦、育有六歲以下兒童停車位4格)，機車:0格，充電格位:4格",
        "tel": "0226341717",
        "car": 162,
        "motor": 0,
        "charging": 0,
        "occupied_rate": -99,
        "data_time": "Sat May 02 00:00:00 CST 2026"
      }
    },
    {
      "type": "Feature",
      "geometry": {
        "type": "Point",
        "coordinates": [
          121.5219555,
          25.0994128
        ]
      },
      "properties": {
        "id": "TPE0359",
        "name": "文昌國小地下停車場",
        "area": "士林區",
        "address": "文林路615巷20號地下1至2層",
        "summary": "大型車:0格，小型車:222格(含身心障礙停車位5格，孕婦、育有六歲以下兒童停車位4格)，機車:290格(含身心障礙停車位6格)，大型重機:13格，充電格位:4格",
        "tel": "0228318671",
        "car": 222,
        "motor": 290,
        "charging": 0,
        "occupied_rate": -99,
        "data_time": "Sat May 02 00:00:00 CST 2026"
      }
    },
    {
      "type": "Feature",
      "geometry": {
        "type": "Point",
        "coordinates": [
          121.6158397,
          25.0685518
        ]
      },
      "properties": {
        "id": "TPE0360",
        "name": "東湖國小地下停車場",
        "area": "內湖區",
        "address": "東湖路115號之1地下",
        "summary": "大型車:0格，小型車:359格(含身心障礙停車位7格，孕婦、育有六歲以下兒童停車位7格)，機車:109格(含身心障礙停車位2格)，大型重機:4格，充電格位:10格",
        "tel": "0226306731",
        "car": 359,
        "motor": 109,
        "charging": 0,
        "occupied_rate": -99,
        "data_time": "Sat May 02 00:00:00 CST 2026"
      }
    },
    {
      "type": "Feature",
      "geometry": {
        "type": "Point",
        "coordinates": [
          121.5127583,
          25.0869614
        ]
      },
      "properties": {
        "id": "TPE0361",
        "name": "百齡橋堤外槌球場南側臨時平面停車場",
        "area": "士林區",
        "address": "通河西街1段129號旁堤外",
        "summary": "大型車:0格，小型車:299格(含身心障礙停車位6格，孕婦、育有六歲以下兒童停車位1格)，機車:103格",
        "tel": "0227590666",
        "car": 299,
        "motor": 103,
        "charging": 0,
        "occupied_rate": -99,
        "data_time": "Sat May 02 00:00:00 CST 2026"
      }
    },
    {
      "type": "Feature",
      "geometry": {
        "type": "Point",
        "coordinates": [
          121.5203616,
          25.0492315
        ]
      },
      "properties": {
        "id": "TPE0362",
        "name": "華陰街平面停車場",
        "area": "中山區",
        "address": "華陰街18號對面",
        "summary": "大型車:0格，小型車:24格(含身心障礙停車位1格)，機車:0格",
        "tel": "2518-5299",
        "car": 24,
        "motor": 0,
        "charging": 0,
        "occupied_rate": -99,
        "data_time": "Sat May 02 00:00:00 CST 2026"
      }
    },
    {
      "type": "Feature",
      "geometry": {
        "type": "Point",
        "coordinates": [
          121.5239827,
          25.0651172
        ]
      },
      "properties": {
        "id": "TPE0363",
        "name": "嘟嘟房晴光站停車場",
        "area": "中山區",
        "address": "農安街19號地下1層",
        "summary": "大型車:0格，小型車:69格(含身心障礙停車位1格)，機車:0格",
        "tel": "022655-0818",
        "car": 69,
        "motor": 0,
        "charging": 0,
        "occupied_rate": -99,
        "data_time": "Sat May 02 00:00:00 CST 2026"
      }
    },
    {
      "type": "Feature",
      "geometry": {
        "type": "Point",
        "coordinates": [
          121.5419444,
          24.9900158
        ]
      },
      "properties": {
        "id": "TPE0364",
        "name": "景新地下停車場",
        "area": "文山區",
        "address": "景後街151號地下2至3層",
        "summary": "大型車:0格，小型車:47格(含身心障礙停車位1格，孕婦、育有六歲以下兒童停車位1格)，機車:0格，充電格位:1格",
        "tel": "29407436",
        "car": 47,
        "motor": 0,
        "charging": 0,
        "occupied_rate": -99,
        "data_time": "Sat May 02 00:00:00 CST 2026"
      }
    },
    {
      "type": "Feature",
      "geometry": {
        "type": "Point",
        "coordinates": [
          121.5803941,
          25.0449668
        ]
      },
      "properties": {
        "id": "TPE0365",
        "name": "中坡北停車場",
        "area": "信義區",
        "address": "中坡北路15巷8號旁空地",
        "summary": "大型車:0格，小型車:15格(含身心障礙停車位1格)，機車:0格",
        "tel": "2778-5756",
        "car": 15,
        "motor": 0,
        "charging": 0,
        "occupied_rate": -99,
        "data_time": "Sat May 02 00:00:00 CST 2026"
      }
    },
    {
      "type": "Feature",
      "geometry": {
        "type": "Point",
        "coordinates": [
          121.5029666,
          25.0410961
        ]
      },
      "properties": {
        "id": "TPE0366",
        "name": "嘟嘟房內江站停車場",
        "area": "萬華區",
        "address": "內江街126巷4號",
        "summary": "大型車:0格，小型車:5格(含身心障礙停車位1格)，機車:0格",
        "tel": "26550818",
        "car": 5,
        "motor": 0,
        "charging": 0,
        "occupied_rate": -99,
        "data_time": "Sat May 02 00:00:00 CST 2026"
      }
    },
    {
      "type": "Feature",
      "geometry": {
        "type": "Point",
        "coordinates": [
          121.5032751,
          25.0410996
        ]
      },
      "properties": {
        "id": "TPE0367",
        "name": "嘟嘟房內江1站停車場",
        "area": "萬華區",
        "address": "內江街126巷4號",
        "summary": "大型車:0格，小型車:5格(含身心障礙停車位1格)，機車:0格",
        "tel": "26550818",
        "car": 5,
        "motor": 0,
        "charging": 0,
        "occupied_rate": -99,
        "data_time": "Sat May 02 00:00:00 CST 2026"
      }
    },
    {
      "type": "Feature",
      "geometry": {
        "type": "Point",
        "coordinates": [
          121.5698552,
          25.0243897
        ]
      },
      "properties": {
        "id": "TPE0368",
        "name": "宏達經營管理顧問有限公司松仁停車場",
        "area": "信義區",
        "address": "松仁路277號地下2至4層",
        "summary": "大型車:0格，小型車:198格(含身心障礙停車位3格)，機車:0格，充電格位:2格",
        "tel": "0222835158",
        "car": 198,
        "motor": 0,
        "charging": 0,
        "occupied_rate": -99,
        "data_time": "Sat May 02 00:00:00 CST 2026"
      }
    },
    {
      "type": "Feature",
      "geometry": {
        "type": "Point",
        "coordinates": [
          121.5477823,
          25.0474289
        ]
      },
      "properties": {
        "id": "TPE0371",
        "name": "臺安停車場",
        "area": "松山區",
        "address": "八德路2段428號地下1至5層",
        "summary": "大型車:0格，小型車:202格(含身心障礙停車位4格，孕婦、育有六歲以下兒童停車位5格)，機車:0格，充電格位:2格",
        "tel": "(02)87726424",
        "car": 202,
        "motor": 0,
        "charging": 0,
        "occupied_rate": -99,
        "data_time": "Sat May 02 00:00:00 CST 2026"
      }
    },
    {
      "type": "Feature",
      "geometry": {
        "type": "Point",
        "coordinates": [
          121.5461213,
          25.0836081
        ]
      },
      "properties": {
        "id": "TPE0372",
        "name": "實踐大學",
        "area": "中山區",
        "address": "大直街70號地下2至3層",
        "summary": "大型車:0格，小型車:219格(含身心障礙停車位5格，孕婦、育有六歲以下兒童停車位1格)，機車:0格，充電格位:3格",
        "tel": "022538-1111",
        "car": 219,
        "motor": 0,
        "charging": 0,
        "occupied_rate": -99,
        "data_time": "Sat May 02 00:00:00 CST 2026"
      }
    },
    {
      "type": "Feature",
      "geometry": {
        "type": "Point",
        "coordinates": [
          121.5161521,
          25.0960273
        ]
      },
      "properties": {
        "id": "TPE0373",
        "name": "國立臺灣科學教育館地下停車場",
        "area": "士林區",
        "address": "士商路189號地下2至3層",
        "summary": "大型車:0格，小型車:455格(含身心障礙停車位10格，孕婦、育有六歲以下兒童停車位10格)，機車:682格(含身心障礙停車位14格)，充電格位:10格",
        "tel": "0228360118",
        "car": 455,
        "motor": 682,
        "charging": 0,
        "occupied_rate": -99,
        "data_time": "Sat May 02 00:00:00 CST 2026"
      }
    },
    {
      "type": "Feature",
      "geometry": {
        "type": "Point",
        "coordinates": [
          121.56362,
          25.0337576
        ]
      },
      "properties": {
        "id": "TPE0374",
        "name": "台北101停車場",
        "area": "信義區",
        "address": "市府路45號地下2至4層",
        "summary": "大型車:0格，小型車:1298格(含身心障礙停車位26格，孕婦、育有六歲以下兒童停車位26格)，機車:1509格(含身心障礙停車位60格)，充電格位:33格",
        "tel": "",
        "car": 1298,
        "motor": 1509,
        "charging": 0,
        "occupied_rate": -99,
        "data_time": "Sat May 02 00:00:00 CST 2026"
      }
    },
    {
      "type": "Feature",
      "geometry": {
        "type": "Point",
        "coordinates": [
          121.5691712,
          25.0382053
        ]
      },
      "properties": {
        "id": "TPE0375",
        "name": "國泰金融大樓停車場",
        "area": "信義區",
        "address": "松仁路7、9號地下3層",
        "summary": "大型車:0格，小型車:176格(含身心障礙停車位4格)，機車:0格，充電格位:2格",
        "tel": "0222462098",
        "car": 176,
        "motor": 0,
        "charging": 0,
        "occupied_rate": -99,
        "data_time": "Sat May 02 00:00:00 CST 2026"
      }
    },
    {
      "type": "Feature",
      "geometry": {
        "type": "Point",
        "coordinates": [
          121.5326423,
          25.0170231
        ]
      },
      "properties": {
        "id": "TPE0376",
        "name": "公館站停車場",
        "area": "大安區",
        "address": "羅斯福路3段333巷1號空地",
        "summary": "大型車:0格，小型車:12格(含身心障礙停車位1格)，機車:0格",
        "tel": "2246-1708 #69",
        "car": 12,
        "motor": 0,
        "charging": 0,
        "occupied_rate": -99,
        "data_time": "Sat May 02 00:00:00 CST 2026"
      }
    },
    {
      "type": "Feature",
      "geometry": {
        "type": "Point",
        "coordinates": [
          121.5484026,
          25.0985613
        ]
      },
      "properties": {
        "id": "TPE0377",
        "name": "故宮廣場平面停車場",
        "area": "士林區",
        "address": "至善路2段〔故宮博物院斜對面，至善天下旁〕",
        "summary": "大型車:103格，小型車:87格(含身心障礙停車位3格，孕婦、育有六歲以下兒童停車位1格)，機車:179格(含身心障礙停車位4格)，充電格位:2格",
        "tel": "0222740068",
        "car": 87,
        "motor": 179,
        "charging": 0,
        "occupied_rate": -99,
        "data_time": "Sat May 02 00:00:00 CST 2026"
      }
    },
    {
      "type": "Feature",
      "geometry": {
        "type": "Point",
        "coordinates": [
          121.5377926,
          25.027897
        ]
      },
      "properties": {
        "id": "TPE0378U01",
        "name": "建國南路高架橋下停車場A區",
        "area": "大安區",
        "address": "建國南路橋下(忠孝東路-和平東路)",
        "summary": "大型車:0格，小型車:287格(含身心障礙停車位5格，孕婦、育有六歲以下兒童停車位5格)，機車:0格",
        "tel": "2655-0818",
        "car": 287,
        "motor": 0,
        "charging": 0,
        "occupied_rate": -99,
        "data_time": "Sat May 02 00:00:00 CST 2026"
      }
    },
    {
      "type": "Feature",
      "geometry": {
        "type": "Point",
        "coordinates": [
          121.5378282,
          25.0328104
        ]
      },
      "properties": {
        "id": "TPE0378U02",
        "name": "建國南路高架橋下停車場D區",
        "area": "大安區",
        "address": "建國南路橋下(忠孝東路-和平東路)",
        "summary": "大型車:0格，小型車:64格(含身心障礙停車位1格，孕婦、育有六歲以下兒童停車位1格)，機車:0格",
        "tel": "2655-0818",
        "car": 64,
        "motor": 0,
        "charging": 0,
        "occupied_rate": -99,
        "data_time": "Sat May 02 00:00:00 CST 2026"
      }
    },
    {
      "type": "Feature",
      "geometry": {
        "type": "Point",
        "coordinates": [
          121.5378625,
          25.0316434
        ]
      },
      "properties": {
        "id": "TPE0378U03",
        "name": "建國南路高架橋下停車場C區",
        "area": "大安區",
        "address": "建國南路橋下(忠孝東路-和平東路)",
        "summary": "大型車:0格，小型車:108格(含身心障礙停車位2格，孕婦、育有六歲以下兒童停車位2格)，機車:0格",
        "tel": "2655-0818",
        "car": 108,
        "motor": 0,
        "charging": 0,
        "occupied_rate": -99,
        "data_time": "Sat May 02 00:00:00 CST 2026"
      }
    },
    {
      "type": "Feature",
      "geometry": {
        "type": "Point",
        "coordinates": [
          121.5378067,
          25.0291564
        ]
      },
      "properties": {
        "id": "TPE0378U04",
        "name": "建國南路高架橋下停車場B區",
        "area": "大安區",
        "address": "建國南路橋下(忠孝東路-和平東路)",
        "summary": "大型車:0格，小型車:236格(含身心障礙停車位4格，孕婦、育有六歲以下兒童停車位4格)，機車:0格",
        "tel": "2655-0818",
        "car": 236,
        "motor": 0,
        "charging": 0,
        "occupied_rate": -99,
        "data_time": "Sat May 02 00:00:00 CST 2026"
      }
    },
    {
      "type": "Feature",
      "geometry": {
        "type": "Point",
        "coordinates": [
          121.5380981,
          25.0347685
        ]
      },
      "properties": {
        "id": "TPE0378U05",
        "name": "建國南路高架橋下E區",
        "area": "大安區",
        "address": "建國南路橋下(忠孝東路-和平東路)",
        "summary": "大型車:0格，小型車:52格(含身心障礙停車位1格，孕婦、育有六歲以下兒童停車位1格)，機車:0格",
        "tel": "2655-0818",
        "car": 52,
        "motor": 0,
        "charging": 0,
        "occupied_rate": -99,
        "data_time": "Sat May 02 00:00:00 CST 2026"
      }
    },
    {
      "type": "Feature",
      "geometry": {
        "type": "Point",
        "coordinates": [
          121.5380199,
          25.0347349
        ]
      },
      "properties": {
        "id": "TPE0378U06",
        "name": "建國南路高架橋下F區",
        "area": "大安區",
        "address": "建國南路橋下(忠孝東路-和平東路)",
        "summary": "大型車:0格，小型車:175格(含身心障礙停車位4格，孕婦、育有六歲以下兒童停車位4格)，機車:0格",
        "tel": "2655-0818",
        "car": 175,
        "motor": 0,
        "charging": 0,
        "occupied_rate": -99,
        "data_time": "Sat May 02 00:00:00 CST 2026"
      }
    },
    {
      "type": "Feature",
      "geometry": {
        "type": "Point",
        "coordinates": [
          121.53779,
          25.0372524
        ]
      },
      "properties": {
        "id": "TPE0378U07",
        "name": "建國南路高架橋下G區",
        "area": "大安區",
        "address": "建國南路橋下(忠孝東路-和平東路)",
        "summary": "大型車:0格，小型車:84格(含身心障礙停車位2格，孕婦、育有六歲以下兒童停車位2格)，機車:0格",
        "tel": "2655-0818",
        "car": 84,
        "motor": 0,
        "charging": 0,
        "occupied_rate": -99,
        "data_time": "Sat May 02 00:00:00 CST 2026"
      }
    },
    {
      "type": "Feature",
      "geometry": {
        "type": "Point",
        "coordinates": [
          121.5379509,
          25.0385744
        ]
      },
      "properties": {
        "id": "TPE0378U08",
        "name": "建國南路高架橋下H區",
        "area": "大安區",
        "address": "建國南路橋下(忠孝東路-和平東路)",
        "summary": "大型車:0格，小型車:218格(含身心障礙停車位4格，孕婦、育有六歲以下兒童停車位4格)，機車:0格",
        "tel": "2655-0818",
        "car": 218,
        "motor": 0,
        "charging": 0,
        "occupied_rate": -99,
        "data_time": "Sat May 02 00:00:00 CST 2026"
      }
    },
    {
      "type": "Feature",
      "geometry": {
        "type": "Point",
        "coordinates": [
          121.5373238,
          25.0411406
        ]
      },
      "properties": {
        "id": "TPE0378U09",
        "name": "建國南路高架橋下停車場I區",
        "area": "大安區",
        "address": "建國南路橋下(忠孝東路-和平東路)",
        "summary": "大型車:0格，小型車:92格(含身心障礙停車位4格，孕婦、育有六歲以下兒童停車位4格)，機車:0格",
        "tel": "2655-0818",
        "car": 92,
        "motor": 0,
        "charging": 0,
        "occupied_rate": -99,
        "data_time": "Sat May 02 00:00:00 CST 2026"
      }
    },
    {
      "type": "Feature",
      "geometry": {
        "type": "Point",
        "coordinates": [
          121.535332,
          25.0038144
        ]
      },
      "properties": {
        "id": "TPE0379",
        "name": "水源快速道路高架橋下",
        "area": "文山區",
        "address": "汀州路4段51號至137巷間",
        "summary": "大型車:0格，小型車:171格(含身心障礙停車位3格)，機車:122格，充電格位:4格",
        "tel": "2759-0666",
        "car": 171,
        "motor": 122,
        "charging": 0,
        "occupied_rate": -99,
        "data_time": "Sat May 02 00:00:00 CST 2026"
      }
    },
    {
      "type": "Feature",
      "geometry": {
        "type": "Point",
        "coordinates": [
          121.5354188,
          25.004191
        ]
      },
      "properties": {
        "id": "TPE0380",
        "name": "溪洲街平面停車場",
        "area": "文山區",
        "address": "汀州路4段與溪洲街交叉口",
        "summary": "大型車:0格，小型車:17格(含身心障礙停車位1格)，機車:0格",
        "tel": "2246-1708",
        "car": 17,
        "motor": 0,
        "charging": 0,
        "occupied_rate": -99,
        "data_time": "Sat May 02 00:00:00 CST 2026"
      }
    },
    {
      "type": "Feature",
      "geometry": {
        "type": "Point",
        "coordinates": [
          121.5720693,
          25.0857267
        ]
      },
      "properties": {
        "id": "TPE0381",
        "name": "環山平面停車場",
        "area": "內湖區",
        "address": "環山路2段與內湖路1段411巷口",
        "summary": "大型車:0格，小型車:31格(含身心障礙停車位1格)，機車:0格，充電格位:2格",
        "tel": "02-27546661",
        "car": 31,
        "motor": 0,
        "charging": 0,
        "occupied_rate": -99,
        "data_time": "Sat May 02 00:00:00 CST 2026"
      }
    },
    {
      "type": "Feature",
      "geometry": {
        "type": "Point",
        "coordinates": [
          121.5395655,
          25.1576366
        ]
      },
      "properties": {
        "id": "TPE0382",
        "name": "陽明山花鐘停車場",
        "area": "北投區",
        "address": "湖山路2段(陽明山公園花鐘前)",
        "summary": "大型車:12格，小型車:34格(含身心障礙停車位4格，孕婦、育有六歲以下兒童停車位1格)，機車:0格，充電格位:2格",
        "tel": "0975-024268或(02)26546264",
        "car": 34,
        "motor": 0,
        "charging": 0,
        "occupied_rate": -99,
        "data_time": "Sat May 02 00:00:00 CST 2026"
      }
    },
    {
      "type": "Feature",
      "geometry": {
        "type": "Point",
        "coordinates": [
          121.5455438,
          25.1548702
        ]
      },
      "properties": {
        "id": "TPE0383",
        "name": "陽明山第二停車場",
        "area": "北投區",
        "address": "陽金公路(陽明山國家公園遊客服務中心對面)",
        "summary": "大型車:83格，小型車:112格(含身心障礙停車位7格，孕婦、育有六歲以下兒童停車位1格)，機車:149格(含身心障礙停車位3格)，充電格位:3格",
        "tel": "0975-024268或(02)26546264",
        "car": 112,
        "motor": 149,
        "charging": 0,
        "occupied_rate": -99,
        "data_time": "Sat May 02 00:00:00 CST 2026"
      }
    },
    {
      "type": "Feature",
      "geometry": {
        "type": "Point",
        "coordinates": [
          121.6159092,
          25.0454648
        ]
      },
      "properties": {
        "id": "TPE0384",
        "name": "福山平面停車場",
        "area": "南港區",
        "address": "福山街4號旁",
        "summary": "大型車:0格，小型車:48格(含身心障礙停車位1格，孕婦、育有六歲以下兒童停車位1格)，機車:0格，充電格位:2格",
        "tel": "(02)24551299",
        "car": 48,
        "motor": 0,
        "charging": 0,
        "occupied_rate": -99,
        "data_time": "Sat May 02 00:00:00 CST 2026"
      }
    },
    {
      "type": "Feature",
      "geometry": {
        "type": "Point",
        "coordinates": [
          121.5485645,
          24.9848455
        ]
      },
      "properties": {
        "id": "TPE0385",
        "name": "和興路平面停車場",
        "area": "文山區",
        "address": "和興路78巷與84巷間",
        "summary": "大型車:0格，小型車:21格(含身心障礙停車位1格)，機車:0格",
        "tel": "2759-0666",
        "car": 21,
        "motor": 0,
        "charging": 0,
        "occupied_rate": -99,
        "data_time": "Sat May 02 00:00:00 CST 2026"
      }
    },
    {
      "type": "Feature",
      "geometry": {
        "type": "Point",
        "coordinates": [
          121.5282663,
          25.0503366
        ]
      },
      "properties": {
        "id": "TPE0386U01",
        "name": "新生高架(南京東路-長安東路)",
        "area": "中山區",
        "address": "新生北路1段新生北路（長安東路至民族東路）",
        "summary": "大型車:0格，小型車:211格(含身心障礙停車位5格)，機車:220格(含身心障礙停車位4格)，充電格位:4格",
        "tel": "(02)27590666",
        "car": 211,
        "motor": 220,
        "charging": 0,
        "occupied_rate": -99,
        "data_time": "Sat May 02 00:00:00 CST 2026"
      }
    },
    {
      "type": "Feature",
      "geometry": {
        "type": "Point",
        "coordinates": [
          121.5301934,
          25.0476349
        ]
      },
      "properties": {
        "id": "TPE0386U02",
        "name": "新生高架(長安東路-新生北路一段62巷)",
        "area": "中山區",
        "address": "新生北路1段新生北路（長安東路至民族東路）",
        "summary": "大型車:0格，小型車:116格(含身心障礙停車位4格)，機車:14格",
        "tel": "(02)27590666",
        "car": 116,
        "motor": 14,
        "charging": 0,
        "occupied_rate": -99,
        "data_time": "Sat May 02 00:00:00 CST 2026"
      }
    },
    {
      "type": "Feature",
      "geometry": {
        "type": "Point",
        "coordinates": [
          121.531883,
          25.0463175
        ]
      },
      "properties": {
        "id": "TPE0386U03",
        "name": "新生高架(松江-金山北(橋外))",
        "area": "中山區",
        "address": "新生北路1段新生北路（長安東路至民族東路）",
        "summary": "大型車:0格，小型車:54格(含身心障礙停車位2格)，機車:29格",
        "tel": "(02)27590666",
        "car": 54,
        "motor": 29,
        "charging": 0,
        "occupied_rate": -99,
        "data_time": "Sat May 02 00:00:00 CST 2026"
      }
    },
    {
      "type": "Feature",
      "geometry": {
        "type": "Point",
        "coordinates": [
          121.5275474,
          25.053578
        ]
      },
      "properties": {
        "id": "TPE0386U04",
        "name": "新生高架(南京東路-長春路)",
        "area": "中山區",
        "address": "新生北路1段新生北路（長安東路至民族東路）",
        "summary": "大型車:0格，小型車:25格(含身心障礙停車位1格，孕婦、育有六歲以下兒童停車位1格)，機車:168格(含身心障礙停車位3格)",
        "tel": "(02)27590666",
        "car": 25,
        "motor": 168,
        "charging": 0,
        "occupied_rate": -99,
        "data_time": "Sat May 02 00:00:00 CST 2026"
      }
    },
    {
      "type": "Feature",
      "geometry": {
        "type": "Point",
        "coordinates": [
          121.5275739,
          25.0566023
        ]
      },
      "properties": {
        "id": "TPE0386U05",
        "name": "新生高架(長春路-民生東路)",
        "area": "中山區",
        "address": "新生北路1段新生北路（長安東路至民族東路）",
        "summary": "大型車:0格，小型車:56格(含身心障礙停車位2格)，機車:36格(含身心障礙停車位1格)",
        "tel": "(02)27590666",
        "car": 56,
        "motor": 36,
        "charging": 0,
        "occupied_rate": -99,
        "data_time": "Sat May 02 00:00:00 CST 2026"
      }
    },
    {
      "type": "Feature",
      "geometry": {
        "type": "Point",
        "coordinates": [
          121.5276389,
          25.0591863
        ]
      },
      "properties": {
        "id": "TPE0386U06",
        "name": "新生高架(民生東-錦州街)",
        "area": "中山區",
        "address": "新生北路1段新生北路（長安東路至民族東路）",
        "summary": "大型車:0格，小型車:34格(含身心障礙停車位1格)，機車:0格",
        "tel": "(02)27590666",
        "car": 34,
        "motor": 0,
        "charging": 0,
        "occupied_rate": -99,
        "data_time": "Sat May 02 00:00:00 CST 2026"
      }
    },
    {
      "type": "Feature",
      "geometry": {
        "type": "Point",
        "coordinates": [
          121.5276872,
          25.0614138
        ]
      },
      "properties": {
        "id": "TPE0386U07",
        "name": "新生高架(錦州街-民權東路)",
        "area": "中山區",
        "address": "新生北路1段新生北路（長安東路至民族東路）",
        "summary": "大型車:0格，小型車:50格(含身心障礙停車位1格)，機車:56格(含身心障礙停車位1格)，充電格位:4格",
        "tel": "(02)27590666",
        "car": 50,
        "motor": 56,
        "charging": 0,
        "occupied_rate": -99,
        "data_time": "Sat May 02 00:00:00 CST 2026"
      }
    },
    {
      "type": "Feature",
      "geometry": {
        "type": "Point",
        "coordinates": [
          121.5277409,
          25.0637564
        ]
      },
      "properties": {
        "id": "TPE0386U08",
        "name": "新生高架(民權東路-農安街)",
        "area": "中山區",
        "address": "新生北路1段新生北路（長安東路至民族東路）",
        "summary": "大型車:0格，小型車:77格(含身心障礙停車位2格)，機車:80格(含身心障礙停車位2格)",
        "tel": "(02)27590666",
        "car": 77,
        "motor": 80,
        "charging": 0,
        "occupied_rate": -99,
        "data_time": "Sat May 02 00:00:00 CST 2026"
      }
    },
    {
      "type": "Feature",
      "geometry": {
        "type": "Point",
        "coordinates": [
          121.5278155,
          25.0666474
        ]
      },
      "properties": {
        "id": "TPE0386U09",
        "name": "新生高架(農安街-民族東路)",
        "area": "中山區",
        "address": "新生北路1段新生北路（長安東路至民族東路）",
        "summary": "大型車:0格，小型車:150格(含身心障礙停車位3格)，機車:0格",
        "tel": "(02)27590666",
        "car": 150,
        "motor": 0,
        "charging": 0,
        "occupied_rate": -99,
        "data_time": "Sat May 02 00:00:00 CST 2026"
      }
    },
    {
      "type": "Feature",
      "geometry": {
        "type": "Point",
        "coordinates": [
          121.5188539,
          25.0443706
        ]
      },
      "properties": {
        "id": "TPE0387",
        "name": "臺大醫院兒童醫院停車場",
        "area": "中正區",
        "address": "中山南路8號地上1及地下2至3層",
        "summary": "大型車:0格，小型車:314格(含身心障礙停車位7格，孕婦、育有六歲以下兒童停車位8格)，機車:102格(含身心障礙停車位2格)",
        "tel": "0800208333",
        "car": 314,
        "motor": 102,
        "charging": 0,
        "occupied_rate": -99,
        "data_time": "Sat May 02 00:00:00 CST 2026"
      }
    },
    {
      "type": "Feature",
      "geometry": {
        "type": "Point",
        "coordinates": [
          121.5431409,
          25.0369801
        ]
      },
      "properties": {
        "id": "TPE0388",
        "name": "福華大飯店平面停車場",
        "area": "大安區",
        "address": "復興南路1段318號旁空地",
        "summary": "大型車:0格，小型車:44格(含身心障礙停車位1格，孕婦、育有六歲以下兒童停車位1格)，機車:0格，充電格位:1格",
        "tel": "27002323",
        "car": 44,
        "motor": 0,
        "charging": 0,
        "occupied_rate": -99,
        "data_time": "Sat May 02 00:00:00 CST 2026"
      }
    },
    {
      "type": "Feature",
      "geometry": {
        "type": "Point",
        "coordinates": [
          121.5373512,
          25.0676514
        ]
      },
      "properties": {
        "id": "TPE0389",
        "name": "臺北農產運銷股份有限公司第二果菜批發市場地下三樓停車場(濱江市場地下停車場)",
        "area": "中山區",
        "address": "民族東路336號地下3層",
        "summary": "大型車:0格，小型車:349格(含身心障礙停車位8格)，機車:0格，充電格位:7格",
        "tel": "2516-2519#1125、1116、1117",
        "car": 349,
        "motor": 0,
        "charging": 0,
        "occupied_rate": -99,
        "data_time": "Sat May 02 00:00:00 CST 2026"
      }
    },
    {
      "type": "Feature",
      "geometry": {
        "type": "Point",
        "coordinates": [
          121.4989923,
          25.0392994
        ]
      },
      "properties": {
        "id": "TPE0391",
        "name": "佳音國際-西園停車場",
        "area": "萬華區",
        "address": "西園路1段72巷22號",
        "summary": "大型車:0格，小型車:19格(含身心障礙停車位1格)，機車:0格",
        "tel": "2754-6661 #18",
        "car": 19,
        "motor": 0,
        "charging": 0,
        "occupied_rate": -99,
        "data_time": "Sat May 02 00:00:00 CST 2026"
      }
    },
    {
      "type": "Feature",
      "geometry": {
        "type": "Point",
        "coordinates": [
          121.5088672,
          25.027245
        ]
      },
      "properties": {
        "id": "TPE0392",
        "name": "佳音國際-詔安停車場",
        "area": "中正區",
        "address": "詔安街250巷口旁空地",
        "summary": "大型車:0格，小型車:6格(含身心障礙停車位1格)，機車:0格",
        "tel": "27546661",
        "car": 6,
        "motor": 0,
        "charging": 0,
        "occupied_rate": -99,
        "data_time": "Sat May 02 00:00:00 CST 2026"
      }
    },
    {
      "type": "Feature",
      "geometry": {
        "type": "Point",
        "coordinates": [
          121.5563553,
          25.0307334
        ]
      },
      "properties": {
        "id": "TPE0393",
        "name": "愛馬屋通化場",
        "area": "大安區",
        "address": "光復南路676巷18之1號",
        "summary": "大型車:0格，小型車:31格(含身心障礙停車位1格)，機車:0格",
        "tel": "2345-7749",
        "car": 31,
        "motor": 0,
        "charging": 0,
        "occupied_rate": -99,
        "data_time": "Sat May 02 00:00:00 CST 2026"
      }
    },
    {
      "type": "Feature",
      "geometry": {
        "type": "Point",
        "coordinates": [
          121.5451503,
          25.0277889
        ]
      },
      "properties": {
        "id": "TPE0394",
        "name": "成功國宅第10棟停車場",
        "area": "大安區",
        "address": "復興南路2段171巷23、25、27、29號",
        "summary": "大型車:0格，小型車:6格(含身心障礙停車位1格)，機車:0格",
        "tel": "2720-8889",
        "car": 6,
        "motor": 0,
        "charging": 0,
        "occupied_rate": -99,
        "data_time": "Sat May 02 00:00:00 CST 2026"
      }
    },
    {
      "type": "Feature",
      "geometry": {
        "type": "Point",
        "coordinates": [
          121.553855,
          25.028163
        ]
      },
      "properties": {
        "id": "TPE0395",
        "name": "台北通化停車場",
        "area": "大安區",
        "address": "通化街163號旁空地",
        "summary": "大型車:0格，小型車:49格(含身心障礙停車位1格)，機車:0格",
        "tel": "0800208333",
        "car": 49,
        "motor": 0,
        "charging": 0,
        "occupied_rate": -99,
        "data_time": "Sat May 02 00:00:00 CST 2026"
      }
    },
    {
      "type": "Feature",
      "geometry": {
        "type": "Point",
        "coordinates": [
          121.5492283,
          25.0292906
        ]
      },
      "properties": {
        "id": "TPE0396",
        "name": "敦南大樓停車場",
        "area": "大安區",
        "address": "敦化南路2段93-95號地下3至5層",
        "summary": "大型車:0格，小型車:122格(含身心障礙停車位2格，孕婦、育有六歲以下兒童停車位2格)，機車:0格，充電格位:4格",
        "tel": "27024488",
        "car": 122,
        "motor": 0,
        "charging": 0,
        "occupied_rate": -99,
        "data_time": "Sat May 02 00:00:00 CST 2026"
      }
    },
    {
      "type": "Feature",
      "geometry": {
        "type": "Point",
        "coordinates": [
          121.5051467,
          25.0431043
        ]
      },
      "properties": {
        "id": "TPE0397",
        "name": "台灣聯通大世界停車場",
        "area": "萬華區",
        "address": "成都路81號地下2至4層",
        "summary": "大型車:0格，小型車:91格(含身心障礙停車位1格)，機車:0格",
        "tel": "2523-5000 #1138黃小姐",
        "car": 91,
        "motor": 0,
        "charging": 0,
        "occupied_rate": -99,
        "data_time": "Sat May 02 00:00:00 CST 2026"
      }
    },
    {
      "type": "Feature",
      "geometry": {
        "type": "Point",
        "coordinates": [
          121.5229121,
          25.0441397
        ]
      },
      "properties": {
        "id": "TPE0398",
        "name": "便利停車場林森三站",
        "area": "中正區",
        "address": "林森南路4-1、4-2號及青島東路9號地下1層",
        "summary": "大型車:0格，小型車:26格(含身心障礙停車位1格)，機車:0格",
        "tel": "2799-1001#166",
        "car": 26,
        "motor": 0,
        "charging": 0,
        "occupied_rate": -99,
        "data_time": "Sat May 02 00:00:00 CST 2026"
      }
    },
    {
      "type": "Feature",
      "geometry": {
        "type": "Point",
        "coordinates": [
          121.4624504,
          25.1186821
        ]
      },
      "properties": {
        "id": "TPE0399",
        "name": "關渡水岸自然公園平面停車場",
        "area": "北投區",
        "address": "知行路360號(關渡宮)對面空地",
        "summary": "大型車:18格，小型車:309格(含身心障礙停車位7格，孕婦、育有六歲以下兒童停車位1格)，機車:142格(含身心障礙停車位4格)，充電格位:9格",
        "tel": "(02)27057716",
        "car": 309,
        "motor": 142,
        "charging": 0,
        "occupied_rate": -99,
        "data_time": "Sat May 02 00:00:00 CST 2026"
      }
    },
    {
      "type": "Feature",
      "geometry": {
        "type": "Point",
        "coordinates": [
          121.5341105,
          25.1172269
        ]
      },
      "properties": {
        "id": "TPE0400",
        "name": "新光三越百貨股份有限公司台北天母分公司二館停車場",
        "area": "士林區",
        "address": "忠誠路2段206號地下1至4層",
        "summary": "大型車:0格，小型車:131格(含身心障礙停車位3格，孕婦、育有六歲以下兒童停車位2格)，機車:0格，充電格位:3格",
        "tel": "0228756000",
        "car": 131,
        "motor": 0,
        "charging": 0,
        "occupied_rate": -99,
        "data_time": "Sat May 02 00:00:00 CST 2026"
      }
    },
    {
      "type": "Feature",
      "geometry": {
        "type": "Point",
        "coordinates": [
          121.4998463,
          25.0347644
        ]
      },
      "properties": {
        "id": "TPE0401",
        "name": "臺北市萬華區行政中心地下停車場",
        "area": "萬華區",
        "address": "和平西路3段120號地下1至5層",
        "summary": "大型車:0格，小型車:205格(含身心障礙停車位5格，孕婦、育有六歲以下兒童停車位4格)，機車:66格(含身心障礙停車位1格)，充電格位:4格",
        "tel": "23064468",
        "car": 205,
        "motor": 66,
        "charging": 0,
        "occupied_rate": -99,
        "data_time": "Sat May 02 00:00:00 CST 2026"
      }
    },
    {
      "type": "Feature",
      "geometry": {
        "type": "Point",
        "coordinates": [
          121.508757,
          25.0511901
        ]
      },
      "properties": {
        "id": "TPE0402",
        "name": "臺北市立聯合醫院-中興院區停車場",
        "area": "大同區",
        "address": "鄭州路145號",
        "summary": "大型車:0格，小型車:80格(含身心障礙停車位3格，孕婦、育有六歲以下兒童停車位2格)，機車:0格，充電格位:2格",
        "tel": "0800000269",
        "car": 80,
        "motor": 0,
        "charging": 0,
        "occupied_rate": -99,
        "data_time": "Sat May 02 00:00:00 CST 2026"
      }
    },
    {
      "type": "Feature",
      "geometry": {
        "type": "Point",
        "coordinates": [
          121.5666161,
          25.0470422
        ]
      },
      "properties": {
        "id": "TPE0403",
        "name": "嘟嘟房東興站停車場",
        "area": "信義區",
        "address": "東興路65號地下1-4層",
        "summary": "大型車:0格，小型車:144格(含身心障礙停車位2格)，機車:0格",
        "tel": "2655-0818",
        "car": 144,
        "motor": 0,
        "charging": 0,
        "occupied_rate": -99,
        "data_time": "Sat May 02 00:00:00 CST 2026"
      }
    },
    {
      "type": "Feature",
      "geometry": {
        "type": "Point",
        "coordinates": [
          121.56503,
          25.032222
        ]
      },
      "properties": {
        "id": "TPE0404",
        "name": "信義一站停車場",
        "area": "信義區",
        "address": "松智路25號及松勤街90號旁空地",
        "summary": "大型車:0格，小型車:79格(含身心障礙停車位2格，孕婦、育有六歲以下兒童停車位1格)，機車:114格(含身心障礙停車位4格)，充電格位:1格",
        "tel": "",
        "car": 79,
        "motor": 114,
        "charging": 0,
        "occupied_rate": -99,
        "data_time": "Sat May 02 00:00:00 CST 2026"
      }
    },
    {
      "type": "Feature",
      "geometry": {
        "type": "Point",
        "coordinates": [
          121.5205233,
          25.1191328
        ]
      },
      "properties": {
        "id": "TPE0405",
        "name": "臺北榮民總醫院二號門地下停車場",
        "area": "北投區",
        "address": "石牌路2段201號地下1至3層",
        "summary": "大型車:0格，小型車:366格(含身心障礙停車位8格，孕婦、育有六歲以下兒童停車位7格)，機車:0格，充電格位:5格",
        "tel": "0228712121#27614",
        "car": 366,
        "motor": 0,
        "charging": 0,
        "occupied_rate": -99,
        "data_time": "Sat May 02 00:00:00 CST 2026"
      }
    },
    {
      "type": "Feature",
      "geometry": {
        "type": "Point",
        "coordinates": [
          121.6132157,
          25.0673394
        ]
      },
      "properties": {
        "id": "TPE0407",
        "name": "安康公車調度站臨時平面停車場",
        "area": "內湖區",
        "address": "五分街12號空地旁",
        "summary": "大型車:0格，小型車:113格(含身心障礙停車位3格)，機車:84格(含身心障礙停車位2格)，充電格位:2格",
        "tel": "27867755",
        "car": 113,
        "motor": 84,
        "charging": 0,
        "occupied_rate": -99,
        "data_time": "Sat May 02 00:00:00 CST 2026"
      }
    },
    {
      "type": "Feature",
      "geometry": {
        "type": "Point",
        "coordinates": [
          121.5442969,
          25.0389485
        ]
      },
      "properties": {
        "id": "TPE0408",
        "name": "168停車聯盟-復興南場",
        "area": "大安區",
        "address": "復興南路1段219-2號地下2至4層",
        "summary": "大型車:0格，小型車:78格(含身心障礙停車位1格)，機車:0格，充電格位:1格",
        "tel": "27546661",
        "car": 78,
        "motor": 0,
        "charging": 0,
        "occupied_rate": -99,
        "data_time": "Sat May 02 00:00:00 CST 2026"
      }
    },
    {
      "type": "Feature",
      "geometry": {
        "type": "Point",
        "coordinates": [
          121.5636735,
          25.0251265
        ]
      },
      "properties": {
        "id": "TPE0409",
        "name": "吳興街284巷臨時平面停車場",
        "area": "信義區",
        "address": "吳興街284巷與吳興街260巷21弄交叉口旁",
        "summary": "大型車:0格，小型車:50格(含身心障礙停車位1格，孕婦、育有六歲以下兒童停車位1格)，機車:39格(含身心障礙停車位1格)，充電格位:2格",
        "tel": "2246-1708",
        "car": 50,
        "motor": 39,
        "charging": 0,
        "occupied_rate": -99,
        "data_time": "Sat May 02 00:00:00 CST 2026"
      }
    },
    {
      "type": "Feature",
      "geometry": {
        "type": "Point",
        "coordinates": [
          121.5406293,
          25.0044272
        ]
      },
      "properties": {
        "id": "TPE0410",
        "name": "臺北花木批發市場地下停車場",
        "area": "文山區",
        "address": "興隆路1段15號地下(地下共2層)",
        "summary": "大型車:0格，小型車:411格(含身心障礙停車位10格，孕婦、育有六歲以下兒童停車位9格)，機車:371格(含身心障礙停車位7格)，大型重機:28格，充電格位:12格",
        "tel": "8663-1858",
        "car": 411,
        "motor": 371,
        "charging": 0,
        "occupied_rate": -99,
        "data_time": "Sat May 02 00:00:00 CST 2026"
      }
    },
    {
      "type": "Feature",
      "geometry": {
        "type": "Point",
        "coordinates": [
          121.5339294,
          25.1179205
        ]
      },
      "properties": {
        "id": "TPE0411",
        "name": "新光三越百貨股份有限公司台北天母分公司停車場",
        "area": "士林區",
        "address": "天母東路68號地下1至4層",
        "summary": "大型車:0格，小型車:146格(含身心障礙停車位3格，孕婦、育有六歲以下兒童停車位2格)，機車:0格，充電格位:6格",
        "tel": "0228756000",
        "car": 146,
        "motor": 0,
        "charging": 0,
        "occupied_rate": -99,
        "data_time": "Sat May 02 00:00:00 CST 2026"
      }
    },
    {
      "type": "Feature",
      "geometry": {
        "type": "Point",
        "coordinates": [
          121.5266303,
          25.0645278
        ]
      },
      "properties": {
        "id": "TPE0412",
        "name": "合發大樓停車場",
        "area": "中山區",
        "address": "農安街32、34號地下2層",
        "summary": "大型車:0格，小型車:25格(含身心障礙停車位1格)，機車:0格",
        "tel": "",
        "car": 25,
        "motor": 0,
        "charging": 0,
        "occupied_rate": -99,
        "data_time": "Sat May 02 00:00:00 CST 2026"
      }
    },
    {
      "type": "Feature",
      "geometry": {
        "type": "Point",
        "coordinates": [
          121.5262011,
          25.045611
        ]
      },
      "properties": {
        "id": "TPE0413",
        "name": "168停車聯盟-北平東場",
        "area": "中正區",
        "address": "北平東路30號地下2層",
        "summary": "大型車:0格，小型車:59格(含身心障礙停車位1格)，機車:0格",
        "tel": "2754-6661分機18",
        "car": 59,
        "motor": 0,
        "charging": 0,
        "occupied_rate": -99,
        "data_time": "Sat May 02 00:00:00 CST 2026"
      }
    },
    {
      "type": "Feature",
      "geometry": {
        "type": "Point",
        "coordinates": [
          121.5578248,
          25.0324907
        ]
      },
      "properties": {
        "id": "TPE0415",
        "name": "愛馬屋光復場",
        "area": "信義區",
        "address": "光復南路495號地下2層",
        "summary": "大型車:0格，小型車:31格(含身心障礙停車位1格)，機車:0格",
        "tel": "0223457749",
        "car": 31,
        "motor": 0,
        "charging": 0,
        "occupied_rate": -99,
        "data_time": "Sat May 02 00:00:00 CST 2026"
      }
    },
    {
      "type": "Feature",
      "geometry": {
        "type": "Point",
        "coordinates": [
          121.505606,
          25.040778
        ]
      },
      "properties": {
        "id": "TPE0416",
        "name": "永權實業有限公司長沙停車場",
        "area": "萬華區",
        "address": "長沙街2段57號旁空地",
        "summary": "大型車:0格，小型車:17格(含身心障礙停車位1格)，機車:0格",
        "tel": "02-2331-6406",
        "car": 17,
        "motor": 0,
        "charging": 0,
        "occupied_rate": -99,
        "data_time": "Sat May 02 00:00:00 CST 2026"
      }
    },
    {
      "type": "Feature",
      "geometry": {
        "type": "Point",
        "coordinates": [
          121.5289881,
          25.0366813
        ]
      },
      "properties": {
        "id": "TPE0417",
        "name": "Times臨沂街第2",
        "area": "中正區",
        "address": "臨沂街63巷1號旁空地",
        "summary": "大型車:0格，小型車:23格(含身心障礙停車位1格)，機車:0格",
        "tel": "0809008924",
        "car": 23,
        "motor": 0,
        "charging": 0,
        "occupied_rate": -99,
        "data_time": "Sat May 02 00:00:00 CST 2026"
      }
    },
    {
      "type": "Feature",
      "geometry": {
        "type": "Point",
        "coordinates": [
          121.5652383,
          25.0325394
        ]
      },
      "properties": {
        "id": "TPE0418",
        "name": "便利停車場信義二站",
        "area": "信義區",
        "address": "信義路5段100號對面空地",
        "summary": "大型車:0格，小型車:18格(含身心障礙停車位1格)，機車:42格(含身心障礙停車位1格)",
        "tel": "022799-1001#166",
        "car": 18,
        "motor": 42,
        "charging": 0,
        "occupied_rate": -99,
        "data_time": "Sat May 02 00:00:00 CST 2026"
      }
    },
    {
      "type": "Feature",
      "geometry": {
        "type": "Point",
        "coordinates": [
          121.5186042,
          25.0648697
        ]
      },
      "properties": {
        "id": "TPE0419",
        "name": "三德觀光大飯店股份有限公司停車場",
        "area": "大同區",
        "address": "承德路3段49號地上1層",
        "summary": "大型車:0格，小型車:14格(含身心障礙停車位1格)，機車:0格",
        "tel": "022596-3121",
        "car": 14,
        "motor": 0,
        "charging": 0,
        "occupied_rate": -99,
        "data_time": "Sat May 02 00:00:00 CST 2026"
      }
    },
    {
      "type": "Feature",
      "geometry": {
        "type": "Point",
        "coordinates": [
          121.5209447,
          25.0915439
        ]
      },
      "properties": {
        "id": "TPE0420",
        "name": "宏達經營管理顧問有限公司基河停車場",
        "area": "士林區",
        "address": "基河路250號地下1至2層",
        "summary": "大型車:0格，小型車:133格(含身心障礙停車位3格)，機車:0格，充電格位:2格",
        "tel": "0222835158",
        "car": 133,
        "motor": 0,
        "charging": 0,
        "occupied_rate": -99,
        "data_time": "Sat May 02 00:00:00 CST 2026"
      }
    },
    {
      "type": "Feature",
      "geometry": {
        "type": "Point",
        "coordinates": [
          121.5809863,
          25.0424863
        ]
      },
      "properties": {
        "id": "TPE0421",
        "name": "春光公園地下停車場",
        "area": "信義區",
        "address": "忠孝東路5段666號地下1至3層",
        "summary": "大型車:0格，小型車:214格(含身心障礙停車位5格，孕婦、育有六歲以下兒童停車位4格)，機車:68格(含身心障礙停車位3格)，充電格位:5格",
        "tel": "2944-1489",
        "car": 214,
        "motor": 68,
        "charging": 0,
        "occupied_rate": -99,
        "data_time": "Sat May 02 00:00:00 CST 2026"
      }
    },
    {
      "type": "Feature",
      "geometry": {
        "type": "Point",
        "coordinates": [
          121.6004563,
          25.0540053
        ]
      },
      "properties": {
        "id": "TPE0422",
        "name": "家樂福新南港停車場",
        "area": "南港區",
        "address": "南港路2段146號地下2層",
        "summary": "大型車:0格，小型車:48格(含身心障礙停車位1格，孕婦、育有六歲以下兒童停車位1格)，機車:0格",
        "tel": "02-22461708#15",
        "car": 48,
        "motor": 0,
        "charging": 0,
        "occupied_rate": -99,
        "data_time": "Sat May 02 00:00:00 CST 2026"
      }
    },
    {
      "type": "Feature",
      "geometry": {
        "type": "Point",
        "coordinates": [
          121.5196298,
          25.0428489
        ]
      },
      "properties": {
        "id": "TPE0423",
        "name": "台大校友聯誼社停車場",
        "area": "中正區",
        "address": "濟南路1段2-1號",
        "summary": "大型車:0格，小型車:14格(含身心障礙停車位1格)，機車:0格",
        "tel": "2321-8415",
        "car": 14,
        "motor": 0,
        "charging": 0,
        "occupied_rate": -99,
        "data_time": "Sat May 02 00:00:00 CST 2026"
      }
    },
    {
      "type": "Feature",
      "geometry": {
        "type": "Point",
        "coordinates": [
          121.5712451,
          25.0783043
        ]
      },
      "properties": {
        "id": "TPE0424",
        "name": "遠雄時代總部停車場",
        "area": "內湖區",
        "address": "瑞光路407-423號單號地下1層",
        "summary": "大型車:0格，小型車:77格(含身心障礙停車位2格，孕婦、育有六歲以下兒童停車位2格)，機車:317格(含身心障礙停車位6格)，充電格位:1格",
        "tel": "0800208333",
        "car": 77,
        "motor": 317,
        "charging": 0,
        "occupied_rate": -99,
        "data_time": "Sat May 02 00:00:00 CST 2026"
      }
    },
    {
      "type": "Feature",
      "geometry": {
        "type": "Point",
        "coordinates": [
          121.5248229,
          25.0592618
        ]
      },
      "properties": {
        "id": "TPE0425",
        "name": "永盛公園地下停車場",
        "area": "中山區",
        "address": "中山北路2段93巷30號地下",
        "summary": "大型車:0格，小型車:224格(含身心障礙停車位5格，孕婦、育有六歲以下兒童停車位4格)，機車:62格(含身心障礙停車位1格)，大型重機:1格，充電格位:6格",
        "tel": "2759-0666",
        "car": 224,
        "motor": 62,
        "charging": 0,
        "occupied_rate": -99,
        "data_time": "Sat May 02 00:00:00 CST 2026"
      }
    },
    {
      "type": "Feature",
      "geometry": {
        "type": "Point",
        "coordinates": [
          121.5068899,
          25.0502463
        ]
      },
      "properties": {
        "id": "TPE0426",
        "name": "玉泉公園停車場",
        "area": "大同區",
        "address": "西寧北路28號",
        "summary": "大型車:0格，小型車:22格(含身心障礙停車位1格)，機車:72格(含身心障礙停車位1格)",
        "tel": "2550-0996",
        "car": 22,
        "motor": 72,
        "charging": 0,
        "occupied_rate": -99,
        "data_time": "Sat May 02 00:00:00 CST 2026"
      }
    },
    {
      "type": "Feature",
      "geometry": {
        "type": "Point",
        "coordinates": [
          121.5371978,
          25.0980245
        ]
      },
      "properties": {
        "id": "TPE0427",
        "name": "雙溪公園平面停車場",
        "area": "士林區",
        "address": "雙溪公園對面",
        "summary": "大型車:0格，小型車:6格(含身心障礙停車位1格)，機車:0格",
        "tel": "0227590666",
        "car": 6,
        "motor": 0,
        "charging": 0,
        "occupied_rate": -99,
        "data_time": "Sat May 02 00:00:00 CST 2026"
      }
    },
    {
      "type": "Feature",
      "geometry": {
        "type": "Point",
        "coordinates": [
          121.5206966,
          25.1155593
        ]
      },
      "properties": {
        "id": "TPE0428",
        "name": "明德平面停車場",
        "area": "北投區",
        "address": "明德路315號對面",
        "summary": "大型車:0格，小型車:30格(含身心障礙停車位1格)，機車:0格，充電格位:2格",
        "tel": "0225573722",
        "car": 30,
        "motor": 0,
        "charging": 0,
        "occupied_rate": -99,
        "data_time": "Sat May 02 00:00:00 CST 2026"
      }
    },
    {
      "type": "Feature",
      "geometry": {
        "type": "Point",
        "coordinates": [
          121.5076068,
          25.0561031
        ]
      },
      "properties": {
        "id": "TPE0429",
        "name": "五號水門堤外停車場",
        "area": "大同區",
        "address": "鄭州路、民生西路底堤防外",
        "summary": "大型車:0格，小型車:69格(含身心障礙停車位2格，孕婦、育有六歲以下兒童停車位1格)，機車:0格",
        "tel": "2759-0666",
        "car": 69,
        "motor": 0,
        "charging": 0,
        "occupied_rate": -99,
        "data_time": "Sat May 02 00:00:00 CST 2026"
      }
    },
    {
      "type": "Feature",
      "geometry": {
        "type": "Point",
        "coordinates": [
          121.5222147,
          25.0614828
        ]
      },
      "properties": {
        "id": "TPE0430",
        "name": "冠宇商行",
        "area": "中山區",
        "address": "中山北路2段128巷6弄5號1層",
        "summary": "大型車:0格，小型車:1格(含身心障礙停車位1格)，機車:0格",
        "tel": "0225819541",
        "car": 1,
        "motor": 0,
        "charging": 0,
        "occupied_rate": -99,
        "data_time": "Sat May 02 00:00:00 CST 2026"
      }
    },
    {
      "type": "Feature",
      "geometry": {
        "type": "Point",
        "coordinates": [
          121.569732,
          25.0814722
        ]
      },
      "properties": {
        "id": "TPE0432",
        "name": "啟鑫開發有限公司法蘭克福站停車場",
        "area": "內湖區",
        "address": "內湖路1段318號地下1、2、3層",
        "summary": "大型車:0格，小型車:33格(含身心障礙停車位1格)，機車:0格",
        "tel": "0983800147",
        "car": 33,
        "motor": 0,
        "charging": 0,
        "occupied_rate": -99,
        "data_time": "Sat May 02 00:00:00 CST 2026"
      }
    },
    {
      "type": "Feature",
      "geometry": {
        "type": "Point",
        "coordinates": [
          121.5355518,
          25.052317
        ]
      },
      "properties": {
        "id": "TPE0433",
        "name": "台灣聯通南京停車場",
        "area": "中山區",
        "address": "南京東路2段139號地下3-7層",
        "summary": "大型車:0格，小型車:241格(含身心障礙停車位5格)，機車:0格",
        "tel": "2523-5000",
        "car": 241,
        "motor": 0,
        "charging": 0,
        "occupied_rate": -99,
        "data_time": "Sat May 02 00:00:00 CST 2026"
      }
    },
    {
      "type": "Feature",
      "geometry": {
        "type": "Point",
        "coordinates": [
          121.5573601,
          25.0519772
        ]
      },
      "properties": {
        "id": "TPE0434",
        "name": "台灣聯通前瞻停車場",
        "area": "松山區",
        "address": "南京東路5段1號地下1層至地下4層",
        "summary": "大型車:0格，小型車:65格(含身心障礙停車位1格)，機車:0格，充電格位:1格",
        "tel": "",
        "car": 65,
        "motor": 0,
        "charging": 0,
        "occupied_rate": -99,
        "data_time": "Sat May 02 00:00:00 CST 2026"
      }
    },
    {
      "type": "Feature",
      "geometry": {
        "type": "Point",
        "coordinates": [
          121.5585763,
          25.0327429
        ]
      },
      "properties": {
        "id": "TPE0435",
        "name": "台北信基大樓停車場",
        "area": "信義區",
        "address": "信義路4段456號地下1層之一、460號地下2層之6及456、458、460、462、466號地下4層",
        "summary": "大型車:0格，小型車:33格(含身心障礙停車位1格)，機車:0格",
        "tel": "0800208333",
        "car": 33,
        "motor": 0,
        "charging": 0,
        "occupied_rate": -99,
        "data_time": "Sat May 02 00:00:00 CST 2026"
      }
    },
    {
      "type": "Feature",
      "geometry": {
        "type": "Point",
        "coordinates": [
          121.5412212,
          25.0522084
        ]
      },
      "properties": {
        "id": "TPE0436",
        "name": "JR台北大飯店停車場",
        "area": "中山區",
        "address": "南京東路3段133號地下4-6層",
        "summary": "大型車:0格，小型車:175格(含身心障礙停車位4格，孕婦、育有六歲以下兒童停車位4格)，機車:0格",
        "tel": "2246-1708",
        "car": 175,
        "motor": 0,
        "charging": 0,
        "occupied_rate": -99,
        "data_time": "Sat May 02 00:00:00 CST 2026"
      }
    },
    {
      "type": "Feature",
      "geometry": {
        "type": "Point",
        "coordinates": [
          121.4662343,
          25.1307429
        ]
      },
      "properties": {
        "id": "TPE0438",
        "name": "臺北藝術大學停車場",
        "area": "北投區",
        "address": "學園路1號",
        "summary": "大型車:0格，小型車:47格(含身心障礙停車位2格)，機車:147格(含身心障礙停車位3格)",
        "tel": "(02)22461708",
        "car": 47,
        "motor": 147,
        "charging": 0,
        "occupied_rate": -99,
        "data_time": "Sat May 02 00:00:00 CST 2026"
      }
    },
    {
      "type": "Feature",
      "geometry": {
        "type": "Point",
        "coordinates": [
          121.5377564,
          25.0621406
        ]
      },
      "properties": {
        "id": "TPE0440",
        "name": "全球民權大樓地下停車場",
        "area": "中山區",
        "address": "民權東路3段2號地下2至6層",
        "summary": "大型車:0格，小型車:375格(含身心障礙停車位7格)，機車:330格(含身心障礙停車位10格)，充電格位:4格",
        "tel": "0225172642",
        "car": 375,
        "motor": 330,
        "charging": 0,
        "occupied_rate": -99,
        "data_time": "Sat May 02 00:00:00 CST 2026"
      }
    },
    {
      "type": "Feature",
      "geometry": {
        "type": "Point",
        "coordinates": [
          150163.4066391,
          -24908.7570317
        ]
      },
      "properties": {
        "id": "TPE0441",
        "name": "中山運動中心旁臨時平面停車場",
        "area": "中山區",
        "address": "中山北路2段44巷及46巷中間",
        "summary": "大型車:0格，小型車:53格(含身心障礙停車位2格，孕婦、育有六歲以下兒童停車位1格)，機車:0格，充電格位:2格",
        "tel": "2518-5299",
        "car": 53,
        "motor": 0,
        "charging": 0,
        "occupied_rate": -99,
        "data_time": "Sat May 02 00:00:00 CST 2026"
      }
    },
    {
      "type": "Feature",
      "geometry": {
        "type": "Point",
        "coordinates": [
          121.5734459,
          25.0762081
        ]
      },
      "properties": {
        "id": "TPE0442",
        "name": "瑞光二平面停車場",
        "area": "內湖區",
        "address": "瑞光路316巷5號對面空地",
        "summary": "大型車:0格，小型車:39格(含身心障礙停車位1格)，機車:0格",
        "tel": "0287914367",
        "car": 39,
        "motor": 0,
        "charging": 0,
        "occupied_rate": -99,
        "data_time": "Sat May 02 00:00:00 CST 2026"
      }
    },
    {
      "type": "Feature",
      "geometry": {
        "type": "Point",
        "coordinates": [
          121.5550691,
          25.0459663
        ]
      },
      "properties": {
        "id": "TPE0443",
        "name": "嘟嘟房光復南站停車場",
        "area": "松山區",
        "address": "光復南路46巷37號",
        "summary": "大型車:0格，小型車:10格(含身心障礙停車位1格)，機車:0格",
        "tel": "(02)26550818",
        "car": 10,
        "motor": 0,
        "charging": 0,
        "occupied_rate": -99,
        "data_time": "Sat May 02 00:00:00 CST 2026"
      }
    },
    {
      "type": "Feature",
      "geometry": {
        "type": "Point",
        "coordinates": [
          121.4993909,
          25.1097306
        ]
      },
      "properties": {
        "id": "TPE0444",
        "name": "洲美運動公園地下停車場",
        "area": "北投區",
        "address": "洲美街271號地下1層",
        "summary": "大型車:0格，小型車:88格(含身心障礙停車位8格，孕婦、育有六歲以下兒童停車位2格)，機車:0格，充電格位:2格",
        "tel": "0228360050",
        "car": 88,
        "motor": 0,
        "charging": 0,
        "occupied_rate": -99,
        "data_time": "Sat May 02 00:00:00 CST 2026"
      }
    },
    {
      "type": "Feature",
      "geometry": {
        "type": "Point",
        "coordinates": [
          121.5175615,
          25.0470068
        ]
      },
      "properties": {
        "id": "TPE0446",
        "name": "台北車站K區地下街停車場",
        "area": "中正區",
        "address": "忠孝西路1段47號地下2層",
        "summary": "大型車:0格，小型車:188格(含身心障礙停車位4格，孕婦、育有六歲以下兒童停車位2格)，機車:0格，充電格位:4格",
        "tel": "2314-1219",
        "car": 188,
        "motor": 0,
        "charging": 0,
        "occupied_rate": -99,
        "data_time": "Sat May 02 00:00:00 CST 2026"
      }
    },
    {
      "type": "Feature",
      "geometry": {
        "type": "Point",
        "coordinates": [
          121.5424927,
          25.046954
        ]
      },
      "properties": {
        "id": "TPE0447",
        "name": "大潤發中崙店停車場",
        "area": "中山區",
        "address": "八德路2段306號地下4-5層及地上1層",
        "summary": "大型車:0格，小型車:346格(含身心障礙停車位10格，孕婦、育有六歲以下兒童停車位10格)，機車:442格(含身心障礙停車位12格)",
        "tel": "8772-6635",
        "car": 346,
        "motor": 442,
        "charging": 0,
        "occupied_rate": -99,
        "data_time": "Sat May 02 00:00:00 CST 2026"
      }
    },
    {
      "type": "Feature",
      "geometry": {
        "type": "Point",
        "coordinates": [
          121.5165287,
          25.0819693
        ]
      },
      "properties": {
        "id": "TPE0448",
        "name": "三腳渡平面停車場",
        "area": "士林區",
        "address": "劍潭抽水站堤外",
        "summary": "大型車:0格，小型車:124格(含身心障礙停車位3格，孕婦、育有六歲以下兒童停車位1格)，機車:16格(含身心障礙停車位1格)",
        "tel": "0227590666",
        "car": 124,
        "motor": 16,
        "charging": 0,
        "occupied_rate": -99,
        "data_time": "Sat May 02 00:00:00 CST 2026"
      }
    },
    {
      "type": "Feature",
      "geometry": {
        "type": "Point",
        "coordinates": [
          121.5380326,
          25.024075
        ]
      },
      "properties": {
        "id": "TPE0449",
        "name": "龍門國中地下停車場",
        "area": "大安區",
        "address": "建國南路2段269號地下",
        "summary": "大型車:0格，小型車:730格(含身心障礙停車位16格，孕婦、育有六歲以下兒童停車位15格)，機車:140格(含身心障礙停車位3格)，大型重機:1格，充電格位:19格",
        "tel": "022732-6469",
        "car": 730,
        "motor": 140,
        "charging": 0,
        "occupied_rate": -99,
        "data_time": "Sat May 02 00:00:00 CST 2026"
      }
    },
    {
      "type": "Feature",
      "geometry": {
        "type": "Point",
        "coordinates": [
          121.4999286,
          25.0361364
        ]
      },
      "properties": {
        "id": "TPE0450",
        "name": "艋舺公園地下停車場",
        "area": "萬華區",
        "address": "西園路1段145號地下室",
        "summary": "大型車:0格，小型車:518格(含身心障礙停車位13格，孕婦、育有六歲以下兒童停車位10格)，機車:268格(含身心障礙停車位6格)，大型重機:2格，充電格位:10格",
        "tel": "2799-5657",
        "car": 518,
        "motor": 268,
        "charging": 0,
        "occupied_rate": -99,
        "data_time": "Sat May 02 00:00:00 CST 2026"
      }
    },
    {
      "type": "Feature",
      "geometry": {
        "type": "Point",
        "coordinates": [
          121.5292419,
          25.1190049
        ]
      },
      "properties": {
        "id": "TPE0451",
        "name": "全聯天母天玉停車場",
        "area": "士林區",
        "address": "天母西路3號地下1層",
        "summary": "大型車:0格，小型車:10格(含身心障礙停車位1格，孕婦、育有六歲以下兒童停車位1格)，機車:0格",
        "tel": "2246-1708",
        "car": 10,
        "motor": 0,
        "charging": 0,
        "occupied_rate": -99,
        "data_time": "Sat May 02 00:00:00 CST 2026"
      }
    },
    {
      "type": "Feature",
      "geometry": {
        "type": "Point",
        "coordinates": [
          121.5525925,
          25.0374734
        ]
      },
      "properties": {
        "id": "TPE0452",
        "name": "台灣聯通福安停車場",
        "area": "大安區",
        "address": "仁愛路4段258號",
        "summary": "大型車:0格，小型車:56格(含身心障礙停車位1格)，機車:0格",
        "tel": "2523-5000",
        "car": 56,
        "motor": 0,
        "charging": 0,
        "occupied_rate": -99,
        "data_time": "Sat May 02 00:00:00 CST 2026"
      }
    },
    {
      "type": "Feature",
      "geometry": {
        "type": "Point",
        "coordinates": [
          121.5294579,
          25.11196
        ]
      },
      "properties": {
        "id": "TPE0453",
        "name": "臺北市公有士東市場地下室停車場",
        "area": "士林區",
        "address": "士東路100號地下1層",
        "summary": "大型車:0格，小型車:10格(含身心障礙停車位1格)，機車:0格，充電格位:1格",
        "tel": "0228345308",
        "car": 10,
        "motor": 0,
        "charging": 0,
        "occupied_rate": -99,
        "data_time": "Sat May 02 00:00:00 CST 2026"
      }
    },
    {
      "type": "Feature",
      "geometry": {
        "type": "Point",
        "coordinates": [
          121.51854,
          25.0269475
        ]
      },
      "properties": {
        "id": "TPE0454",
        "name": "通通停牯嶺停車場",
        "area": "中正區",
        "address": "牯嶺街76號旁空地",
        "summary": "大型車:0格，小型車:6格(含身心障礙停車位1格)，機車:0格",
        "tel": "7755-0885",
        "car": 6,
        "motor": 0,
        "charging": 0,
        "occupied_rate": -99,
        "data_time": "Sat May 02 00:00:00 CST 2026"
      }
    },
    {
      "type": "Feature",
      "geometry": {
        "type": "Point",
        "coordinates": [
          121.5250969,
          25.0283486
        ]
      },
      "properties": {
        "id": "TPE0455",
        "name": "通通停潮州停車場",
        "area": "大安區",
        "address": "潮州街82巷12號空地",
        "summary": "大型車:0格，小型車:6格(含身心障礙停車位1格)，機車:0格",
        "tel": "77550885",
        "car": 6,
        "motor": 0,
        "charging": 0,
        "occupied_rate": -99,
        "data_time": "Sat May 02 00:00:00 CST 2026"
      }
    },
    {
      "type": "Feature",
      "geometry": {
        "type": "Point",
        "coordinates": [
          121.52405,
          25.0272599
        ]
      },
      "properties": {
        "id": "TPE0456",
        "name": "通通停古亭停車場",
        "area": "大安區",
        "address": "和平東路1段43號旁空地",
        "summary": "大型車:0格，小型車:13格(含身心障礙停車位1格)，機車:0格",
        "tel": "77550885",
        "car": 13,
        "motor": 0,
        "charging": 0,
        "occupied_rate": -99,
        "data_time": "Sat May 02 00:00:00 CST 2026"
      }
    },
    {
      "type": "Feature",
      "geometry": {
        "type": "Point",
        "coordinates": [
          121.5102131,
          25.0466824
        ]
      },
      "properties": {
        "id": "TPE0457",
        "name": "168停車聯盟-中華北門場",
        "area": "中正區",
        "address": "中華路1段21巷旁空地",
        "summary": "大型車:0格，小型車:49格(含身心障礙停車位1格)，機車:0格",
        "tel": "27546661",
        "car": 49,
        "motor": 0,
        "charging": 0,
        "occupied_rate": -99,
        "data_time": "Sat May 02 00:00:00 CST 2026"
      }
    },
    {
      "type": "Feature",
      "geometry": {
        "type": "Point",
        "coordinates": [
          121.5240945,
          25.0435555
        ]
      },
      "properties": {
        "id": "TPE0458",
        "name": "台北市青島社區管理委員會停車場",
        "area": "中正區",
        "address": "青島東路21號地下2層",
        "summary": "大型車:0格，小型車:81格(含身心障礙停車位1格)，機車:0格",
        "tel": "2396-8175",
        "car": 81,
        "motor": 0,
        "charging": 0,
        "occupied_rate": -99,
        "data_time": "Sat May 02 00:00:00 CST 2026"
      }
    },
    {
      "type": "Feature",
      "geometry": {
        "type": "Point",
        "coordinates": [
          121.5569769,
          25.0437315
        ]
      },
      "properties": {
        "id": "TPE0459",
        "name": "168停車聯盟-華視停車場",
        "area": "大安區",
        "address": "光復南路100號地下1至2層",
        "summary": "大型車:0格，小型車:124格(含身心障礙停車位2格)，機車:0格，充電格位:1格",
        "tel": "0227546661",
        "car": 124,
        "motor": 0,
        "charging": 0,
        "occupied_rate": -99,
        "data_time": "Sat May 02 00:00:00 CST 2026"
      }
    },
    {
      "type": "Feature",
      "geometry": {
        "type": "Point",
        "coordinates": [
          121.5621612,
          25.0517582
        ]
      },
      "properties": {
        "id": "TPE0460",
        "name": "USPACE 台新人壽大樓停車場",
        "area": "松山區",
        "address": "南京東路5段161號地下3至5層",
        "summary": "大型車:0格，小型車:118格(含身心障礙停車位3格)，機車:0格，充電格位:1格",
        "tel": "0277518097",
        "car": 118,
        "motor": 0,
        "charging": 0,
        "occupied_rate": -99,
        "data_time": "Sat May 02 00:00:00 CST 2026"
      }
    },
    {
      "type": "Feature",
      "geometry": {
        "type": "Point",
        "coordinates": [
          121.5730702,
          25.0787329
        ]
      },
      "properties": {
        "id": "TPE0461",
        "name": "自由廣場停車場",
        "area": "內湖區",
        "address": "瑞光路393巷8號地上3層至9層、地下2層",
        "summary": "大型車:0格，小型車:413格(含身心障礙停車位14格)，機車:34格(含身心障礙停車位1格)",
        "tel": "0935365122",
        "car": 413,
        "motor": 34,
        "charging": 0,
        "occupied_rate": -99,
        "data_time": "Sat May 02 00:00:00 CST 2026"
      }
    },
    {
      "type": "Feature",
      "geometry": {
        "type": "Point",
        "coordinates": [
          121.5435148,
          25.0592081
        ]
      },
      "properties": {
        "id": "TPE0463",
        "name": "168停車聯盟-民生場",
        "area": "中山區",
        "address": "民生東路3段73巷14號空地",
        "summary": "大型車:0格，小型車:6格(含身心障礙停車位1格)，機車:0格",
        "tel": "2754-6661",
        "car": 6,
        "motor": 0,
        "charging": 0,
        "occupied_rate": -99,
        "data_time": "Sat May 02 00:00:00 CST 2026"
      }
    },
    {
      "type": "Feature",
      "geometry": {
        "type": "Point",
        "coordinates": [
          121.5588838,
          25.0824727
        ]
      },
      "properties": {
        "id": "TPE0464",
        "name": "樂群臨時平面停車場",
        "area": "中山區",
        "address": "敬業四路與樂群三路口",
        "summary": "大型車:9格，小型車:150格(含身心障礙停車位4格)，機車:0格",
        "tel": "022759-0666",
        "car": 150,
        "motor": 0,
        "charging": 0,
        "occupied_rate": -99,
        "data_time": "Sat May 02 00:00:00 CST 2026"
      }
    },
    {
      "type": "Feature",
      "geometry": {
        "type": "Point",
        "coordinates": [
          121.5212184,
          25.054546
        ]
      },
      "properties": {
        "id": "TPE0465",
        "name": "中山北路2段42巷臨時平面停車場",
        "area": "中山區",
        "address": "中山北路2段42巷(中山運動中心旁)",
        "summary": "大型車:0格，小型車:22格(含身心障礙停車位1格)，機車:0格",
        "tel": "2518-5299",
        "car": 22,
        "motor": 0,
        "charging": 0,
        "occupied_rate": -99,
        "data_time": "Sat May 02 00:00:00 CST 2026"
      }
    },
    {
      "type": "Feature",
      "geometry": {
        "type": "Point",
        "coordinates": [
          121.5553607,
          25.0277827
        ]
      },
      "properties": {
        "id": "TPE0466",
        "name": "楊停車場",
        "area": "大安區",
        "address": "通化街171巷31號旁",
        "summary": "大型車:0格，小型車:2格(含身心障礙停車位1格)，機車:0格",
        "tel": "2735-1299",
        "car": 2,
        "motor": 0,
        "charging": 0,
        "occupied_rate": -99,
        "data_time": "Sat May 02 00:00:00 CST 2026"
      }
    },
    {
      "type": "Feature",
      "geometry": {
        "type": "Point",
        "coordinates": [
          121.4923963,
          25.0320651
        ]
      },
      "properties": {
        "id": "TPE0467",
        "name": "綠堤停車場",
        "area": "萬華區",
        "address": "雙園街89巷1號對面空地",
        "summary": "大型車:0格，小型車:49格(含身心障礙停車位1格)，機車:0格",
        "tel": "0982714560",
        "car": 49,
        "motor": 0,
        "charging": 0,
        "occupied_rate": -99,
        "data_time": "Sat May 02 00:00:00 CST 2026"
      }
    },
    {
      "type": "Feature",
      "geometry": {
        "type": "Point",
        "coordinates": [
          121.5522075,
          25.0382919
        ]
      },
      "properties": {
        "id": "TPE0468",
        "name": "富邦金融大樓停車場",
        "area": "大安區",
        "address": "仁愛路4段169號地下2至6層",
        "summary": "大型車:0格，小型車:379格(含身心障礙停車位8格)，機車:0格，充電格位:6格",
        "tel": "2771-6699#68995、7751-8097",
        "car": 379,
        "motor": 0,
        "charging": 0,
        "occupied_rate": -99,
        "data_time": "Sat May 02 00:00:00 CST 2026"
      }
    },
    {
      "type": "Feature",
      "geometry": {
        "type": "Point",
        "coordinates": [
          121.5227621,
          25.0890842
        ]
      },
      "properties": {
        "id": "TPE0469",
        "name": "基河路10號國宅地下停車場",
        "area": "士林區",
        "address": "基河路132號地下1、3層",
        "summary": "大型車:0格，小型車:9格(含身心障礙停車位1格)，機車:0格",
        "tel": "0228826200",
        "car": 9,
        "motor": 0,
        "charging": 0,
        "occupied_rate": -99,
        "data_time": "Sat May 02 00:00:00 CST 2026"
      }
    },
    {
      "type": "Feature",
      "geometry": {
        "type": "Point",
        "coordinates": [
          121.5693289,
          25.0321943
        ]
      },
      "properties": {
        "id": "TPE0470",
        "name": "信義傑仕堡停車場",
        "area": "信義區",
        "address": "信義路5段126號地下2層",
        "summary": "大型車:0格，小型車:46格(含身心障礙停車位1格)，機車:0格",
        "tel": "028780-2288",
        "car": 46,
        "motor": 0,
        "charging": 0,
        "occupied_rate": -99,
        "data_time": "Sat May 02 00:00:00 CST 2026"
      }
    },
    {
      "type": "Feature",
      "geometry": {
        "type": "Point",
        "coordinates": [
          121.5230695,
          25.0878598
        ]
      },
      "properties": {
        "id": "TPE0472",
        "name": "士林一品地下停車場",
        "area": "士林區",
        "address": "承德路4段179巷5號地下2層",
        "summary": "大型車:0格，小型車:49格(含身心障礙停車位1格)，機車:0格",
        "tel": "0225556903",
        "car": 49,
        "motor": 0,
        "charging": 0,
        "occupied_rate": -99,
        "data_time": "Sat May 02 00:00:00 CST 2026"
      }
    },
    {
      "type": "Feature",
      "geometry": {
        "type": "Point",
        "coordinates": [
          121.5578616,
          25.0333031
        ]
      },
      "properties": {
        "id": "TPE0473",
        "name": "博客停車場信義站",
        "area": "信義區",
        "address": "信義路4段375號地下1層",
        "summary": "大型車:0格，小型車:10格(含身心障礙停車位1格)，機車:0格",
        "tel": "0229488889",
        "car": 10,
        "motor": 0,
        "charging": 0,
        "occupied_rate": -99,
        "data_time": "Sat May 02 00:00:00 CST 2026"
      }
    },
    {
      "type": "Feature",
      "geometry": {
        "type": "Point",
        "coordinates": [
          121.5455419,
          25.0353214
        ]
      },
      "properties": {
        "id": "TPE0474",
        "name": "Times復興南路第4",
        "area": "大安區",
        "address": "復興南路1段295巷32號對面",
        "summary": "大型車:0格，小型車:33格(含身心障礙停車位1格)，機車:0格",
        "tel": "0800-88-8924；2504-6098",
        "car": 33,
        "motor": 0,
        "charging": 0,
        "occupied_rate": -99,
        "data_time": "Sat May 02 00:00:00 CST 2026"
      }
    },
    {
      "type": "Feature",
      "geometry": {
        "type": "Point",
        "coordinates": [
          121.5693417,
          25.0559583
        ]
      },
      "properties": {
        "id": "TPE0475",
        "name": "塔悠路停車場",
        "area": "松山區",
        "address": "塔悠路164號旁空地",
        "summary": "大型車:0格，小型車:17格(含身心障礙停車位1格)，機車:0格",
        "tel": "(02)27785756",
        "car": 17,
        "motor": 0,
        "charging": 0,
        "occupied_rate": -99,
        "data_time": "Sat May 02 00:00:00 CST 2026"
      }
    },
    {
      "type": "Feature",
      "geometry": {
        "type": "Point",
        "coordinates": [
          121.5493201,
          25.050109
        ]
      },
      "properties": {
        "id": "TPE0476",
        "name": "嘟嘟房台北小巨蛋站停車場",
        "area": "松山區",
        "address": "南京東路4段2號地下1至2層",
        "summary": "大型車:0格，小型車:476格(含身心障礙停車位12格，孕婦、育有六歲以下兒童停車位10格)，機車:710格(含身心障礙停車位14格)，充電格位:10格",
        "tel": "0226550818",
        "car": 476,
        "motor": 710,
        "charging": 0,
        "occupied_rate": -99,
        "data_time": "Sat May 02 00:00:00 CST 2026"
      }
    },
    {
      "type": "Feature",
      "geometry": {
        "type": "Point",
        "coordinates": [
          121.5518933,
          25.0442042
        ]
      },
      "properties": {
        "id": "TPE0477",
        "name": "嘟嘟房敦化站停車場",
        "area": "大安區",
        "address": "忠孝東路4段205巷38-2號",
        "summary": "大型車:0格，小型車:29格(含身心障礙停車位1格)，機車:0格",
        "tel": "2655-0818",
        "car": 29,
        "motor": 0,
        "charging": 0,
        "occupied_rate": -99,
        "data_time": "Sat May 02 00:00:00 CST 2026"
      }
    },
    {
      "type": "Feature",
      "geometry": {
        "type": "Point",
        "coordinates": [
          121.5002857,
          25.034693
        ]
      },
      "properties": {
        "id": "TPE0478",
        "name": "萬華停車場",
        "area": "萬華區",
        "address": "大理街57號空地",
        "summary": "大型車:0格，小型車:30格(含身心障礙停車位1格)，機車:0格",
        "tel": "2550-5056",
        "car": 30,
        "motor": 0,
        "charging": 0,
        "occupied_rate": -99,
        "data_time": "Sat May 02 00:00:00 CST 2026"
      }
    },
    {
      "type": "Feature",
      "geometry": {
        "type": "Point",
        "coordinates": [
          121.5606804,
          25.0030123
        ]
      },
      "properties": {
        "id": "TPE0479",
        "name": "萬芳八號公園停車場",
        "area": "文山區",
        "address": "公務員訓練中心旁",
        "summary": "大型車:0格，小型車:102格(含身心障礙停車位3格)，機車:0格，充電格位:5格",
        "tel": "2759-0666",
        "car": 102,
        "motor": 0,
        "charging": 0,
        "occupied_rate": -99,
        "data_time": "Sat May 02 00:00:00 CST 2026"
      }
    },
    {
      "type": "Feature",
      "geometry": {
        "type": "Point",
        "coordinates": [
          121.5632885,
          25.0821603
        ]
      },
      "properties": {
        "id": "TPE0481",
        "name": "天成車業服務股份有限公司基湖停車場",
        "area": "內湖區",
        "address": "基湖路10巷50號旁空地",
        "summary": "大型車:0格，小型車:49格(含身心障礙停車位1格)，機車:0格",
        "tel": "0932237171",
        "car": 49,
        "motor": 0,
        "charging": 0,
        "occupied_rate": -99,
        "data_time": "Sat May 02 00:00:00 CST 2026"
      }
    },
    {
      "type": "Feature",
      "geometry": {
        "type": "Point",
        "coordinates": [
          121.6016881,
          25.0730539
        ]
      },
      "properties": {
        "id": "TPE0482",
        "name": "麗湖國小地下停車場",
        "area": "內湖區",
        "address": "金湖路363巷8號地下(地下共1層)",
        "summary": "大型車:0格，小型車:229格(含身心障礙停車位6格，孕婦、育有六歲以下兒童停車位4格)，機車:0格，充電格位:5格",
        "tel": "2630-5398",
        "car": 229,
        "motor": 0,
        "charging": 0,
        "occupied_rate": -99,
        "data_time": "Sat May 02 00:00:00 CST 2026"
      }
    },
    {
      "type": "Feature",
      "geometry": {
        "type": "Point",
        "coordinates": [
          121.535168,
          25.0634297
        ]
      },
      "properties": {
        "id": "TPE0483",
        "name": "志亨停車場",
        "area": "中山區",
        "address": "民權東路2段135巷11號",
        "summary": "大型車:0格，小型車:12格(含身心障礙停車位1格)，機車:0格",
        "tel": "022501-2422",
        "car": 12,
        "motor": 0,
        "charging": 0,
        "occupied_rate": -99,
        "data_time": "Sat May 02 00:00:00 CST 2026"
      }
    },
    {
      "type": "Feature",
      "geometry": {
        "type": "Point",
        "coordinates": [
          121.5625003,
          25.081326
        ]
      },
      "properties": {
        "id": "TPE0484",
        "name": "台灣聯通內科停車場",
        "area": "內湖區",
        "address": "堤頂大道2段407巷20弄35號對面空地",
        "summary": "大型車:0格，小型車:49格(含身心障礙停車位1格)，機車:0格",
        "tel": "25235000",
        "car": 49,
        "motor": 0,
        "charging": 0,
        "occupied_rate": -99,
        "data_time": "Sat May 02 00:00:00 CST 2026"
      }
    },
    {
      "type": "Feature",
      "geometry": {
        "type": "Point",
        "coordinates": [
          121.5652987,
          25.0396217
        ]
      },
      "properties": {
        "id": "TPE0485",
        "name": "統一精工股份有限公司統一國際大樓停車場",
        "area": "信義區",
        "address": "松高路11號地下3、4、5層",
        "summary": "大型車:0格，小型車:189格(含身心障礙停車位4格，孕婦、育有六歲以下兒童停車位3格)，機車:1341格(含身心障礙停車位26格)，充電格位:2格",
        "tel": "0918060696",
        "car": 189,
        "motor": 1341,
        "charging": 0,
        "occupied_rate": -99,
        "data_time": "Sat May 02 00:00:00 CST 2026"
      }
    },
    {
      "type": "Feature",
      "geometry": {
        "type": "Point",
        "coordinates": [
          121.575552,
          25.0010077
        ]
      },
      "properties": {
        "id": "TPE0486",
        "name": "博嘉運動公園停車場",
        "area": "文山區",
        "address": "木柵路4段159巷16號地上1及地下2層",
        "summary": "大型車:0格，小型車:36格(含身心障礙停車位1格，孕婦、育有六歲以下兒童停車位1格)，機車:0格",
        "tel": "22395494",
        "car": 36,
        "motor": 0,
        "charging": 0,
        "occupied_rate": -99,
        "data_time": "Sat May 02 00:00:00 CST 2026"
      }
    },
    {
      "type": "Feature",
      "geometry": {
        "type": "Point",
        "coordinates": [
          121.5253459,
          25.0638191
        ]
      },
      "properties": {
        "id": "TPE0487",
        "name": "台灣聯通晴光商圈停車場",
        "area": "中山區",
        "address": "林森北路538號及538-1號",
        "summary": "大型車:0格，小型車:92格(含身心障礙停車位2格)，機車:0格",
        "tel": "2523-5000",
        "car": 92,
        "motor": 0,
        "charging": 0,
        "occupied_rate": -99,
        "data_time": "Sat May 02 00:00:00 CST 2026"
      }
    },
    {
      "type": "Feature",
      "geometry": {
        "type": "Point",
        "coordinates": [
          121.5243102,
          25.060189
        ]
      },
      "properties": {
        "id": "TPE0488",
        "name": "中山停車場",
        "area": "中山區",
        "address": "錦州街28號",
        "summary": "大型車:0格，小型車:56格(含身心障礙停車位2格)，機車:0格",
        "tel": "2511-3352",
        "car": 56,
        "motor": 0,
        "charging": 0,
        "occupied_rate": -99,
        "data_time": "Sat May 02 00:00:00 CST 2026"
      }
    },
    {
      "type": "Feature",
      "geometry": {
        "type": "Point",
        "coordinates": [
          121.5603001,
          25.0257735
        ]
      },
      "properties": {
        "id": "TPE0489",
        "name": "吳興街220巷平面停車場",
        "area": "信義區",
        "address": "吳興街220巷75號對面",
        "summary": "大型車:0格，小型車:82格(含身心障礙停車位2格，孕婦、育有六歲以下兒童停車位1格)，機車:0格，充電格位:2格",
        "tel": "0226550818",
        "car": 82,
        "motor": 0,
        "charging": 0,
        "occupied_rate": -99,
        "data_time": "Sat May 02 00:00:00 CST 2026"
      }
    },
    {
      "type": "Feature",
      "geometry": {
        "type": "Point",
        "coordinates": [
          121.5695154,
          25.0600857
        ]
      },
      "properties": {
        "id": "TPE0490",
        "name": "基隆河5、6號水門堤外觀山段河濱公園附設平面停車場",
        "area": "松山區",
        "address": "基隆河5、6號水門堤外觀山段",
        "summary": "大型車:0格，小型車:403格(含身心障礙停車位8格)，機車:194格(含身心障礙停車位2格)",
        "tel": "0227590666",
        "car": 403,
        "motor": 194,
        "charging": 0,
        "occupied_rate": -99,
        "data_time": "Sat May 02 00:00:00 CST 2026"
      }
    },
    {
      "type": "Feature",
      "geometry": {
        "type": "Point",
        "coordinates": [
          121.5652303,
          25.0758288
        ]
      },
      "properties": {
        "id": "TPE0491",
        "name": "基隆河美堤段河濱公園附設平面停車場",
        "area": "中山區",
        "address": "大直橋-堤頂大道",
        "summary": "大型車:0格，小型車:487格(含身心障礙停車位13格)，機車:604格(含身心障礙停車位5格)",
        "tel": "2759-0666",
        "car": 487,
        "motor": 604,
        "charging": 0,
        "occupied_rate": -99,
        "data_time": "Sat May 02 00:00:00 CST 2026"
      }
    },
    {
      "type": "Feature",
      "geometry": {
        "type": "Point",
        "coordinates": [
          121.5546877,
          25.0364274
        ]
      },
      "properties": {
        "id": "TPE0492",
        "name": "國泰綜合醫院-分館停車場",
        "area": "大安區",
        "address": "仁愛路4段280號(第一分館)",
        "summary": "大型車:0格，小型車:12格(含身心障礙停車位1格)，機車:0格",
        "tel": "2731-7288 #1632",
        "car": 12,
        "motor": 0,
        "charging": 0,
        "occupied_rate": -99,
        "data_time": "Sat May 02 00:00:00 CST 2026"
      }
    },
    {
      "type": "Feature",
      "geometry": {
        "type": "Point",
        "coordinates": [
          121.5387236,
          25.0575847
        ]
      },
      "properties": {
        "id": "TPE0493",
        "name": "便利停車場民生站",
        "area": "中山區",
        "address": "民生東路3段8號地下2-6層",
        "summary": "大型車:0格，小型車:210格(含身心障礙停車位5格)，機車:0格，充電格位:2格",
        "tel": "2799-1001",
        "car": 210,
        "motor": 0,
        "charging": 0,
        "occupied_rate": -99,
        "data_time": "Sat May 02 00:00:00 CST 2026"
      }
    },
    {
      "type": "Feature",
      "geometry": {
        "type": "Point",
        "coordinates": [
          121.54995,
          25.0373974
        ]
      },
      "properties": {
        "id": "TPE0494",
        "name": "台新停車場",
        "area": "大安區",
        "address": "仁愛路4段118號地下3至6層",
        "summary": "大型車:0格，小型車:170格(含身心障礙停車位4格)，機車:0格",
        "tel": "23268899#3261",
        "car": 170,
        "motor": 0,
        "charging": 0,
        "occupied_rate": -99,
        "data_time": "Sat May 02 00:00:00 CST 2026"
      }
    },
    {
      "type": "Feature",
      "geometry": {
        "type": "Point",
        "coordinates": [
          121.4720098,
          25.1283413
        ]
      },
      "properties": {
        "id": "TPE0495",
        "name": "醫療財團法人辜公亮基金會和信治癌中心醫院-醫療大樓停車場",
        "area": "北投區",
        "address": "立德路125號地下1至2層醫療大樓",
        "summary": "大型車:0格，小型車:95格(含身心障礙停車位4格)，機車:41格(含身心障礙停車位6格)，充電格位:1格",
        "tel": "(02)22461708分機15",
        "car": 95,
        "motor": 41,
        "charging": 0,
        "occupied_rate": -99,
        "data_time": "Sat May 02 00:00:00 CST 2026"
      }
    },
    {
      "type": "Feature",
      "geometry": {
        "type": "Point",
        "coordinates": [
          121.4880175,
          25.0292153
        ]
      },
      "properties": {
        "id": "TPE0496",
        "name": "環南堤外平面停車場",
        "area": "萬華區",
        "address": "長順街底堤外(華翠橋與萬板橋間)",
        "summary": "大型車:0格，小型車:422格(含身心障礙停車位9格)，機車:0格",
        "tel": "27590666",
        "car": 422,
        "motor": 0,
        "charging": 0,
        "occupied_rate": -99,
        "data_time": "Sat May 02 00:00:00 CST 2026"
      }
    },
    {
      "type": "Feature",
      "geometry": {
        "type": "Point",
        "coordinates": [
          121.5215063,
          25.0409713
        ]
      },
      "properties": {
        "id": "TPE0497",
        "name": "宏達經營管理顧問有限公司徐州停車場",
        "area": "中正區",
        "address": "徐州路2號地下2至3層",
        "summary": "大型車:0格，小型車:83格(含身心障礙停車位2格)，機車:0格",
        "tel": "22835158",
        "car": 83,
        "motor": 0,
        "charging": 0,
        "occupied_rate": -99,
        "data_time": "Sat May 02 00:00:00 CST 2026"
      }
    },
    {
      "type": "Feature",
      "geometry": {
        "type": "Point",
        "coordinates": [
          121.5635499,
          25.0511255
        ]
      },
      "properties": {
        "id": "TPE0498",
        "name": "USPACE 國家企業中心停車場",
        "area": "松山區",
        "address": "南京東路5段188號地下5層",
        "summary": "大型車:0格，小型車:18格(含身心障礙停車位1格)，機車:0格",
        "tel": "(02)77518097",
        "car": 18,
        "motor": 0,
        "charging": 0,
        "occupied_rate": -99,
        "data_time": "Sat May 02 00:00:00 CST 2026"
      }
    },
    {
      "type": "Feature",
      "geometry": {
        "type": "Point",
        "coordinates": [
          121.5167958,
          25.0553221
        ]
      },
      "properties": {
        "id": "TPE0499",
        "name": "文化京都大樓管理委員會附設停車場",
        "area": "大同區",
        "address": "太原路155號地下6層",
        "summary": "大型車:0格，小型車:50格(含身心障礙停車位1格)，機車:0格",
        "tel": "0225598763",
        "car": 50,
        "motor": 0,
        "charging": 0,
        "occupied_rate": -99,
        "data_time": "Sat May 02 00:00:00 CST 2026"
      }
    },
    {
      "type": "Feature",
      "geometry": {
        "type": "Point",
        "coordinates": [
          121.5386022,
          25.0305573
        ]
      },
      "properties": {
        "id": "TPE0500",
        "name": "臺北市大安福邸公寓大廈社區中庭地下停車場",
        "area": "大安區",
        "address": "信義路3段134巷40號地下1層",
        "summary": "大型車:0格，小型車:204格(含身心障礙停車位5格，孕婦、育有六歲以下兒童停車位5格)，機車:0格，充電格位:4格",
        "tel": "2601-6611",
        "car": 204,
        "motor": 0,
        "charging": 0,
        "occupied_rate": -99,
        "data_time": "Sat May 02 00:00:00 CST 2026"
      }
    },
    {
      "type": "Feature",
      "geometry": {
        "type": "Point",
        "coordinates": [
          121.5553513,
          25.0441145
        ]
      },
      "properties": {
        "id": "TPE0501",
        "name": "168停車聯盟-文教地下室停車場",
        "area": "大安區",
        "address": "光復南路72巷73號地下1層",
        "summary": "大型車:0格，小型車:2格(含身心障礙停車位1格)，機車:0格",
        "tel": "27546661",
        "car": 2,
        "motor": 0,
        "charging": 0,
        "occupied_rate": -99,
        "data_time": "Sat May 02 00:00:00 CST 2026"
      }
    },
    {
      "type": "Feature",
      "geometry": {
        "type": "Point",
        "coordinates": [
          121.5372864,
          25.0392178
        ]
      },
      "properties": {
        "id": "TPE0502",
        "name": "USPACE仁愛帝寶停車場",
        "area": "大安區",
        "address": "建國南路1段222號地下1至4層",
        "summary": "大型車:0格，小型車:637格(含身心障礙停車位14格)，機車:257格(含身心障礙停車位5格)，充電格位:6格",
        "tel": "7751-8097",
        "car": 637,
        "motor": 257,
        "charging": 0,
        "occupied_rate": -99,
        "data_time": "Sat May 02 00:00:00 CST 2026"
      }
    },
    {
      "type": "Feature",
      "geometry": {
        "type": "Point",
        "coordinates": [
          121.5522897,
          25.0741171
        ]
      },
      "properties": {
        "id": "TPE0503",
        "name": "基隆河迎風段河濱公園停車場",
        "area": "松山區",
        "address": "自大直橋至總統手植區",
        "summary": "大型車:22格，小型車:472格(含身心障礙停車位13格)，機車:258格(含身心障礙停車位8格)",
        "tel": "0227590666",
        "car": 472,
        "motor": 258,
        "charging": 0,
        "occupied_rate": -99,
        "data_time": "Sat May 02 00:00:00 CST 2026"
      }
    },
    {
      "type": "Feature",
      "geometry": {
        "type": "Point",
        "coordinates": [
          121.5441588,
          25.0258809
        ]
      },
      "properties": {
        "id": "TPE0504",
        "name": "科技大樓地下停車場",
        "area": "大安區",
        "address": "和平東路2段265巷9號地下1至2層",
        "summary": "大型車:0格，小型車:30格(含身心障礙停車位1格)，機車:0格",
        "tel": "2701-3499",
        "car": 30,
        "motor": 0,
        "charging": 0,
        "occupied_rate": -99,
        "data_time": "Sat May 02 00:00:00 CST 2026"
      }
    },
    {
      "type": "Feature",
      "geometry": {
        "type": "Point",
        "coordinates": [
          121.5669348,
          25.0306777
        ]
      },
      "properties": {
        "id": "TPE0505",
        "name": "三張里地下停車場",
        "area": "信義區",
        "address": "松平路81號地下室(地下共3層)",
        "summary": "大型車:0格，小型車:354格(含身心障礙停車位8格，孕婦、育有六歲以下兒童停車位8格)，機車:268格(含身心障礙停車位6格)，大型重機:4格，充電格位:10格",
        "tel": "0225573722",
        "car": 354,
        "motor": 268,
        "charging": 0,
        "occupied_rate": -99,
        "data_time": "Sat May 02 00:00:00 CST 2026"
      }
    },
    {
      "type": "Feature",
      "geometry": {
        "type": "Point",
        "coordinates": [
          121.5216121,
          25.0490623
        ]
      },
      "properties": {
        "id": "TPE0506",
        "name": "Times中山北路一段",
        "area": "中山區",
        "address": "中山北路1段39號旁空地",
        "summary": "大型車:0格，小型車:13格(含身心障礙停車位1格)，機車:0格",
        "tel": "22461708",
        "car": 13,
        "motor": 0,
        "charging": 0,
        "occupied_rate": -99,
        "data_time": "Sat May 02 00:00:00 CST 2026"
      }
    },
    {
      "type": "Feature",
      "geometry": {
        "type": "Point",
        "coordinates": [
          121.6116168,
          25.0586137
        ]
      },
      "properties": {
        "id": "TPE0507",
        "name": "叭叭房南軟二期停車場",
        "area": "南港區",
        "address": "園區街3號地上1層",
        "summary": "大型車:0格，小型車:231格(含身心障礙停車位4格)，機車:420格(含身心障礙停車位8格)，充電格位:5格",
        "tel": "0226553936#107",
        "car": 231,
        "motor": 420,
        "charging": 0,
        "occupied_rate": -99,
        "data_time": "Sat May 02 00:00:00 CST 2026"
      }
    },
    {
      "type": "Feature",
      "geometry": {
        "type": "Point",
        "coordinates": [
          121.5637456,
          25.1659989
        ]
      },
      "properties": {
        "id": "TPE0508",
        "name": "歐特儀股份有限公司冷水坑1號停車場",
        "area": "士林區",
        "address": "菁山路101巷170號",
        "summary": "大型車:6格，小型車:80格(含身心障礙停車位2格，孕婦、育有六歲以下兒童停車位1格)，機車:39格(含身心障礙停車位2格)",
        "tel": "0227057716",
        "car": 80,
        "motor": 39,
        "charging": 0,
        "occupied_rate": -99,
        "data_time": "Sat May 02 00:00:00 CST 2026"
      }
    },
    {
      "type": "Feature",
      "geometry": {
        "type": "Point",
        "coordinates": [
          121.5371193,
          25.0453056
        ]
      },
      "properties": {
        "id": "TPE0509",
        "name": "美麗信花園酒店",
        "area": "中山區",
        "address": "市民大道3段83號地下1至2層",
        "summary": "大型車:0格，小型車:116格(含身心障礙停車位2格)，機車:46格(含身心障礙停車位1格)，充電格位:3格",
        "tel": "8772-8800",
        "car": 116,
        "motor": 46,
        "charging": 0,
        "occupied_rate": -99,
        "data_time": "Sat May 02 00:00:00 CST 2026"
      }
    },
    {
      "type": "Feature",
      "geometry": {
        "type": "Point",
        "coordinates": [
          121.5943759,
          25.0832624
        ]
      },
      "properties": {
        "id": "TPE0510",
        "name": "台灣聯通成功停車場",
        "area": "內湖區",
        "address": "成功路4段161號地下3至4層",
        "summary": "大型車:0格，小型車:77格(含身心障礙停車位1格)，機車:0格",
        "tel": "(02)25235000",
        "car": 77,
        "motor": 0,
        "charging": 0,
        "occupied_rate": -99,
        "data_time": "Sat May 02 00:00:00 CST 2026"
      }
    },
    {
      "type": "Feature",
      "geometry": {
        "type": "Point",
        "coordinates": [
          121.5675081,
          25.068038
        ]
      },
      "properties": {
        "id": "TPE0511",
        "name": "撫遠平面停車場",
        "area": "松山區",
        "address": "撫遠街419-1號旁",
        "summary": "大型車:0格，小型車:84格(含身心障礙停車位3格)，機車:79格(含身心障礙停車位2格)",
        "tel": "0227616571",
        "car": 84,
        "motor": 79,
        "charging": 0,
        "occupied_rate": -99,
        "data_time": "Sat May 02 00:00:00 CST 2026"
      }
    },
    {
      "type": "Feature",
      "geometry": {
        "type": "Point",
        "coordinates": [
          121.5258381,
          25.0865274
        ]
      },
      "properties": {
        "id": "TPE0512",
        "name": "捷運劍潭站橋下機車停車場",
        "area": "士林區",
        "address": "文林路30號後方至中山北路5段260巷對面(捷運劍潭至士林站橋下)",
        "summary": "大型車:0格，小型車:0格，機車:64格(含身心障礙停車位3格)",
        "tel": "0800021111",
        "car": 0,
        "motor": 64,
        "charging": 0,
        "occupied_rate": -99,
        "data_time": "Sat May 02 00:00:00 CST 2026"
      }
    },
    {
      "type": "Feature",
      "geometry": {
        "type": "Point",
        "coordinates": [
          121.5272168,
          25.0901563
        ]
      },
      "properties": {
        "id": "TPE0513",
        "name": "捷運士林站橋下機車停車場",
        "area": "士林區",
        "address": "中山北路5段300號對面至小北街橋孔(捷運劍潭至士林站橋下)",
        "summary": "大型車:0格，小型車:0格，機車:174格(含身心障礙停車位6格)",
        "tel": "0227888750",
        "car": 0,
        "motor": 174,
        "charging": 0,
        "occupied_rate": -99,
        "data_time": "Sat May 02 00:00:00 CST 2026"
      }
    },
    {
      "type": "Feature",
      "geometry": {
        "type": "Point",
        "coordinates": [
          121.5394564,
          25.047527
        ]
      },
      "properties": {
        "id": "TPE0515",
        "name": "台北建國停車場",
        "area": "中山區",
        "address": "建國北路1段23巷39號旁空地",
        "summary": "大型車:0格，小型車:39格(含身心障礙停車位1格)，機車:0格",
        "tel": "2246-1708",
        "car": 39,
        "motor": 0,
        "charging": 0,
        "occupied_rate": -99,
        "data_time": "Sat May 02 00:00:00 CST 2026"
      }
    },
    {
      "type": "Feature",
      "geometry": {
        "type": "Point",
        "coordinates": [
          121.4976517,
          25.0237349
        ]
      },
      "properties": {
        "id": "TPE0516",
        "name": "Times萬大路",
        "area": "萬華區",
        "address": "萬大路344巷與東園街交叉口",
        "summary": "大型車:0格，小型車:8格(含身心障礙停車位1格)，機車:0格",
        "tel": "",
        "car": 8,
        "motor": 0,
        "charging": 0,
        "occupied_rate": -99,
        "data_time": "Sat May 02 00:00:00 CST 2026"
      }
    },
    {
      "type": "Feature",
      "geometry": {
        "type": "Point",
        "coordinates": [
          121.5630884,
          25.047744
        ]
      },
      "properties": {
        "id": "TPE0517",
        "name": "嘟嘟房京華城站停車場",
        "area": "松山區",
        "address": "東寧路21號旁",
        "summary": "大型車:0格，小型車:22格(含身心障礙停車位1格)，機車:0格",
        "tel": "0226550818",
        "car": 22,
        "motor": 0,
        "charging": 0,
        "occupied_rate": -99,
        "data_time": "Sat May 02 00:00:00 CST 2026"
      }
    },
    {
      "type": "Feature",
      "geometry": {
        "type": "Point",
        "coordinates": [
          121.48856,
          25.0332785
        ]
      },
      "properties": {
        "id": "TPE0518",
        "name": "雙園平面停車場",
        "area": "萬華區",
        "address": "長順街底堤外",
        "summary": "大型車:0格，小型車:147格(含身心障礙停車位2格)，機車:0格",
        "tel": "2302-4504",
        "car": 147,
        "motor": 0,
        "charging": 0,
        "occupied_rate": -99,
        "data_time": "Sat May 02 00:00:00 CST 2026"
      }
    },
    {
      "type": "Feature",
      "geometry": {
        "type": "Point",
        "coordinates": [
          121.5106532,
          25.068504
        ]
      },
      "properties": {
        "id": "TPE0519",
        "name": "168停車聯盟-延平北場",
        "area": "大同區",
        "address": "延平北路3段123號對面空地",
        "summary": "大型車:0格，小型車:12格(含身心障礙停車位1格)，機車:0格",
        "tel": "2754-6661",
        "car": 12,
        "motor": 0,
        "charging": 0,
        "occupied_rate": -99,
        "data_time": "Sat May 02 00:00:00 CST 2026"
      }
    },
    {
      "type": "Feature",
      "geometry": {
        "type": "Point",
        "coordinates": [
          121.5265464,
          25.0480631
        ]
      },
      "properties": {
        "id": "TPE0521",
        "name": "嘟嘟房林森北站停車場",
        "area": "中山區",
        "address": "林森北路67巷68號",
        "summary": "大型車:0格，小型車:6格(含身心障礙停車位1格)，機車:0格",
        "tel": "2655-0818",
        "car": 6,
        "motor": 0,
        "charging": 0,
        "occupied_rate": -99,
        "data_time": "Sat May 02 00:00:00 CST 2026"
      }
    },
    {
      "type": "Feature",
      "geometry": {
        "type": "Point",
        "coordinates": [
          121.5277974,
          25.0391186
        ]
      },
      "properties": {
        "id": "TPE0522",
        "name": "嘟嘟房杭州南站停車場",
        "area": "中正區",
        "address": "杭州南路1段71巷28號旁空地",
        "summary": "大型車:0格，小型車:11格(含身心障礙停車位1格)，機車:0格",
        "tel": "2655-0818",
        "car": 11,
        "motor": 0,
        "charging": 0,
        "occupied_rate": -99,
        "data_time": "Sat May 02 00:00:00 CST 2026"
      }
    },
    {
      "type": "Feature",
      "geometry": {
        "type": "Point",
        "coordinates": [
          121.5292296,
          25.0424223
        ]
      },
      "properties": {
        "id": "TPE0524",
        "name": "168停車聯盟-金山場",
        "area": "中正區",
        "address": "金山南路1段8號地下1至4層",
        "summary": "大型車:0格，小型車:55格(含身心障礙停車位1格)，機車:0格，充電格位:1格",
        "tel": "0227546661",
        "car": 55,
        "motor": 0,
        "charging": 0,
        "occupied_rate": -99,
        "data_time": "Sat May 02 00:00:00 CST 2026"
      }
    },
    {
      "type": "Feature",
      "geometry": {
        "type": "Point",
        "coordinates": [
          121.5840468,
          25.0783448
        ]
      },
      "properties": {
        "id": "TPE0525",
        "name": "車堡寶實業股份有限公司文德場",
        "area": "內湖區",
        "address": "文德路212號地下2層",
        "summary": "大型車:0格，小型車:35格(含身心障礙停車位1格)，機車:0格",
        "tel": "022559-8770",
        "car": 35,
        "motor": 0,
        "charging": 0,
        "occupied_rate": -99,
        "data_time": "Sat May 02 00:00:00 CST 2026"
      }
    },
    {
      "type": "Feature",
      "geometry": {
        "type": "Point",
        "coordinates": [
          121.5483479,
          25.0225973
        ]
      },
      "properties": {
        "id": "TPE0526",
        "name": "台灣聯通敦南停車場",
        "area": "大安區",
        "address": "敦化南路2段206號",
        "summary": "大型車:0格，小型車:60格(含身心障礙停車位2格)，機車:0格",
        "tel": "2523-5000",
        "car": 60,
        "motor": 0,
        "charging": 0,
        "occupied_rate": -99,
        "data_time": "Sat May 02 00:00:00 CST 2026"
      }
    },
    {
      "type": "Feature",
      "geometry": {
        "type": "Point",
        "coordinates": [
          121.5666601,
          25.0393592
        ]
      },
      "properties": {
        "id": "TPE0527",
        "name": "新光三越百貨股份有限公司台北信義分公司四館停車場",
        "area": "信義區",
        "address": "松高路19號地下1、2、4、5、6層",
        "summary": "大型車:0格，小型車:212格(含身心障礙停車位4格，孕婦、育有六歲以下兒童停車位6格)，機車:433格(含身心障礙停車位9格)，充電格位:6格",
        "tel": "",
        "car": 212,
        "motor": 433,
        "charging": 0,
        "occupied_rate": -99,
        "data_time": "Sat May 02 00:00:00 CST 2026"
      }
    },
    {
      "type": "Feature",
      "geometry": {
        "type": "Point",
        "coordinates": [
          121.5209863,
          25.0210097
        ]
      },
      "properties": {
        "id": "TPE0528",
        "name": "同安街平面停車場",
        "area": "中正區",
        "address": "同安街101巷與水源路交叉旁",
        "summary": "大型車:0格，小型車:22格(含身心障礙停車位1格)，機車:0格",
        "tel": "0800208333",
        "car": 22,
        "motor": 0,
        "charging": 0,
        "occupied_rate": -99,
        "data_time": "Sat May 02 00:00:00 CST 2026"
      }
    },
    {
      "type": "Feature",
      "geometry": {
        "type": "Point",
        "coordinates": [
          121.5193699,
          25.0383584
        ]
      },
      "properties": {
        "id": "TPE0529",
        "name": "臺北市中正運動中心地下停車場",
        "area": "中正區",
        "address": "信義路1段1號地下3層",
        "summary": "大型車:0格，小型車:101格(含身心障礙停車位3格，孕婦、育有六歲以下兒童停車位2格)，機車:0格，充電格位:2格",
        "tel": "23961000",
        "car": 101,
        "motor": 0,
        "charging": 0,
        "occupied_rate": -99,
        "data_time": "Sat May 02 00:00:00 CST 2026"
      }
    },
    {
      "type": "Feature",
      "geometry": {
        "type": "Point",
        "coordinates": [
          121.5816906,
          25.0486857
        ]
      },
      "properties": {
        "id": "TPE0530",
        "name": "臺北市南港運動中心停車場",
        "area": "南港區",
        "address": "玉成街69號",
        "summary": "大型車:0格，小型車:89格(含身心障礙停車位2格，孕婦、育有六歲以下兒童停車位1格)，機車:248格(含身心障礙停車位6格)，充電格位:3格",
        "tel": "0226532279",
        "car": 89,
        "motor": 248,
        "charging": 0,
        "occupied_rate": -99,
        "data_time": "Sat May 02 00:00:00 CST 2026"
      }
    },
    {
      "type": "Feature",
      "geometry": {
        "type": "Point",
        "coordinates": [
          121.5438589,
          25.0643957
        ]
      },
      "properties": {
        "id": "TPE0531",
        "name": "嘟嘟房復興北站停車場",
        "area": "中山區",
        "address": "復興北路456號",
        "summary": "大型車:0格，小型車:52格(含身心障礙停車位1格)，機車:0格",
        "tel": "0226550818",
        "car": 52,
        "motor": 0,
        "charging": 0,
        "occupied_rate": -99,
        "data_time": "Sat May 02 00:00:00 CST 2026"
      }
    },
    {
      "type": "Feature",
      "geometry": {
        "type": "Point",
        "coordinates": [
          121.5138475,
          25.0590248
        ]
      },
      "properties": {
        "id": "TPE0532",
        "name": "全國停車場重慶店",
        "area": "大同區",
        "address": "重慶北路2段171號地上2至7層及屋突1層",
        "summary": "大型車:0格，小型車:481格(含身心障礙停車位9格，孕婦、育有六歲以下兒童停車位10格)，機車:564格(含身心障礙停車位11格)，充電格位:8格",
        "tel": "2553-9533",
        "car": 481,
        "motor": 564,
        "charging": 0,
        "occupied_rate": -99,
        "data_time": "Sat May 02 00:00:00 CST 2026"
      }
    },
    {
      "type": "Feature",
      "geometry": {
        "type": "Point",
        "coordinates": [
          121.594406,
          25.0775611
        ]
      },
      "properties": {
        "id": "TPE0533",
        "name": "芳鄰停車場",
        "area": "內湖區",
        "address": "康寧路1段156巷32弄旁空地",
        "summary": "大型車:0格，小型車:30格(含身心障礙停車位1格)，機車:0格",
        "tel": "0226588886",
        "car": 30,
        "motor": 0,
        "charging": 0,
        "occupied_rate": -99,
        "data_time": "Sat May 02 00:00:00 CST 2026"
      }
    },
    {
      "type": "Feature",
      "geometry": {
        "type": "Point",
        "coordinates": [
          121.5467429,
          25.0608326
        ]
      },
      "properties": {
        "id": "TPE0534",
        "name": "民有市場地下停車場",
        "area": "松山區",
        "address": "民權東路3段140巷15號地下",
        "summary": "大型車:0格，小型車:334格(含身心障礙停車位7格，孕婦、育有六歲以下兒童停車位6格)，機車:418格(含身心障礙停車位9格)，充電格位:2格",
        "tel": "0287125731",
        "car": 334,
        "motor": 418,
        "charging": 0,
        "occupied_rate": -99,
        "data_time": "Sat May 02 00:00:00 CST 2026"
      }
    },
    {
      "type": "Feature",
      "geometry": {
        "type": "Point",
        "coordinates": [
          121.561685,
          25.0795618
        ]
      },
      "properties": {
        "id": "TPE0535",
        "name": "濱江國中地下停車場",
        "area": "中山區",
        "address": "樂群二路266巷1號地下",
        "summary": "大型車:0格，小型車:209格(含身心障礙停車位6格，孕婦、育有六歲以下兒童停車位6格)，機車:135格(含身心障礙停車位3格)，充電格位:5格",
        "tel": "2502-3333",
        "car": 209,
        "motor": 135,
        "charging": 0,
        "occupied_rate": -99,
        "data_time": "Sat May 02 00:00:00 CST 2026"
      }
    },
    {
      "type": "Feature",
      "geometry": {
        "type": "Point",
        "coordinates": [
          121.5100099,
          25.0786876
        ]
      },
      "properties": {
        "id": "TPE0536",
        "name": "延平北路5段1巷平面停車場",
        "area": "士林區",
        "address": "延平北路5段1巷內",
        "summary": "大型車:0格，小型車:155格(含身心障礙停車位4格，孕婦、育有六歲以下兒童停車位3格)，機車:17格(含身心障礙停車位1格)，充電格位:4格",
        "tel": "0222740068",
        "car": 155,
        "motor": 17,
        "charging": 0,
        "occupied_rate": -99,
        "data_time": "Sat May 02 00:00:00 CST 2026"
      }
    },
    {
      "type": "Feature",
      "geometry": {
        "type": "Point",
        "coordinates": [
          121.5131435,
          25.1145204
        ]
      },
      "properties": {
        "id": "TPE0537",
        "name": "石牌國小地下停車場",
        "area": "北投區",
        "address": "致遠二路80號地下1至3層",
        "summary": "大型車:0格，小型車:461格(含身心障礙停車位10格，孕婦、育有六歲以下兒童停車位9格)，機車:177格(含身心障礙停車位4格)，大型重機:1格，充電格位:10格",
        "tel": "0228237886",
        "car": 461,
        "motor": 177,
        "charging": 0,
        "occupied_rate": -99,
        "data_time": "Sat May 02 00:00:00 CST 2026"
      }
    },
    {
      "type": "Feature",
      "geometry": {
        "type": "Point",
        "coordinates": [
          121.5084238,
          25.0809365
        ]
      },
      "properties": {
        "id": "TPE0538",
        "name": "海光公園地下停車場",
        "area": "士林區",
        "address": "葫蘆街83號地下",
        "summary": "大型車:0格，小型車:105格(含身心障礙停車位2格，孕婦、育有六歲以下兒童停車位4格)，機車:0格，充電格位:4格",
        "tel": "0228137344",
        "car": 105,
        "motor": 0,
        "charging": 0,
        "occupied_rate": -99,
        "data_time": "Sat May 02 00:00:00 CST 2026"
      }
    },
    {
      "type": "Feature",
      "geometry": {
        "type": "Point",
        "coordinates": [
          121.5101488,
          25.0630866
        ]
      },
      "properties": {
        "id": "TPE0539",
        "name": "臺北大橋橋下停車場",
        "area": "大同區",
        "address": "環河北路2段至延平北路3段間之臺北大橋橋下空間",
        "summary": "大型車:0格，小型車:84格(含身心障礙停車位2格，孕婦、育有六歲以下兒童停車位2格)，機車:131格(含身心障礙停車位4格)，充電格位:2格",
        "tel": "0228233418",
        "car": 84,
        "motor": 131,
        "charging": 0,
        "occupied_rate": -99,
        "data_time": "Sat May 02 00:00:00 CST 2026"
      }
    },
    {
      "type": "Feature",
      "geometry": {
        "type": "Point",
        "coordinates": [
          121.5780353,
          25.0805057
        ]
      },
      "properties": {
        "id": "TPE0540",
        "name": "港富立體停車場",
        "area": "內湖區",
        "address": "內湖路1段737巷50弄32號",
        "summary": "大型車:0格，小型車:245格(含身心障礙停車位5格)，機車:0格",
        "tel": "0229942818",
        "car": 245,
        "motor": 0,
        "charging": 0,
        "occupied_rate": -99,
        "data_time": "Sat May 02 00:00:00 CST 2026"
      }
    },
    {
      "type": "Feature",
      "geometry": {
        "type": "Point",
        "coordinates": [
          121.5165125,
          25.0237067
        ]
      },
      "properties": {
        "id": "TPE0541",
        "name": "168停車聯盟-重慶南場",
        "area": "中正區",
        "address": "重慶南路3段150號旁空地",
        "summary": "大型車:0格，小型車:19格(含身心障礙停車位1格)，機車:0格",
        "tel": "2754-6661分機18",
        "car": 19,
        "motor": 0,
        "charging": 0,
        "occupied_rate": -99,
        "data_time": "Sat May 02 00:00:00 CST 2026"
      }
    },
    {
      "type": "Feature",
      "geometry": {
        "type": "Point",
        "coordinates": [
          121.5430737,
          25.0410656
        ]
      },
      "properties": {
        "id": "TPE0542",
        "name": "太平洋崇光百貨股份有限公司復興店停車場",
        "area": "大安區",
        "address": "忠孝東路3段300號地下4至6層",
        "summary": "大型車:0格，小型車:616格(含身心障礙停車位14格，孕婦、育有六歲以下兒童停車位12格)，機車:0格，充電格位:5格",
        "tel": "2776-5555分機3898",
        "car": 616,
        "motor": 0,
        "charging": 0,
        "occupied_rate": -99,
        "data_time": "Sat May 02 00:00:00 CST 2026"
      }
    },
    {
      "type": "Feature",
      "geometry": {
        "type": "Point",
        "coordinates": [
          121.5766145,
          25.0740765
        ]
      },
      "properties": {
        "id": "TPE0543",
        "name": "長揚停車場加美站",
        "area": "內湖區",
        "address": "瑞光路188巷43、45號地下1至3層",
        "summary": "大型車:0格，小型車:33格(含身心障礙停車位1格)，機車:0格",
        "tel": "0980140122",
        "car": 33,
        "motor": 0,
        "charging": 0,
        "occupied_rate": -99,
        "data_time": "Sat May 02 00:00:00 CST 2026"
      }
    },
    {
      "type": "Feature",
      "geometry": {
        "type": "Point",
        "coordinates": [
          121.5494699,
          24.9869299
        ]
      },
      "properties": {
        "id": "TPE0544",
        "name": "國家考場地下停車場",
        "area": "文山區",
        "address": "木柵路1段72號地下1-2層",
        "summary": "大型車:0格，小型車:24格(含身心障礙停車位3格，孕婦、育有六歲以下兒童停車位2格)，機車:78格(含身心障礙停車位3格)",
        "tel": "",
        "car": 24,
        "motor": 78,
        "charging": 0,
        "occupied_rate": -99,
        "data_time": "Sat May 02 00:00:00 CST 2026"
      }
    },
    {
      "type": "Feature",
      "geometry": {
        "type": "Point",
        "coordinates": [
          121.5262164,
          25.0875395
        ]
      },
      "properties": {
        "id": "TPE0545",
        "name": "文林加油站停車場",
        "area": "士林區",
        "address": "文林路100號",
        "summary": "大型車:0格，小型車:11格(含身心障礙停車位1格)，機車:0格",
        "tel": "0228817934",
        "car": 11,
        "motor": 0,
        "charging": 0,
        "occupied_rate": -99,
        "data_time": "Sat May 02 00:00:00 CST 2026"
      }
    },
    {
      "type": "Feature",
      "geometry": {
        "type": "Point",
        "coordinates": [
          121.4680355,
          25.1282297
        ]
      },
      "properties": {
        "id": "TPE0546",
        "name": "弘盛開發股份有限公司停車場",
        "area": "北投區",
        "address": "中央北路4段532號地下2層",
        "summary": "大型車:0格，小型車:43格(含身心障礙停車位1格)，機車:0格",
        "tel": "(02)25095228",
        "car": 43,
        "motor": 0,
        "charging": 0,
        "occupied_rate": -99,
        "data_time": "Sat May 02 00:00:00 CST 2026"
      }
    },
    {
      "type": "Feature",
      "geometry": {
        "type": "Point",
        "coordinates": [
          121.5222487,
          25.1174452
        ]
      },
      "properties": {
        "id": "TPE0547",
        "name": "振興醫療財團法人振興醫院附設停車場",
        "area": "北投區",
        "address": "振興街45號建物附設平面及地下1層",
        "summary": "大型車:0格，小型車:133格(含身心障礙停車位6格，孕婦、育有六歲以下兒童停車位2格)，機車:0格，充電格位:2格",
        "tel": "0228264400",
        "car": 133,
        "motor": 0,
        "charging": 0,
        "occupied_rate": -99,
        "data_time": "Sat May 02 00:00:00 CST 2026"
      }
    },
    {
      "type": "Feature",
      "geometry": {
        "type": "Point",
        "coordinates": [
          121.5298678,
          25.0347755
        ]
      },
      "properties": {
        "id": "TPE0548",
        "name": "鐳銳科技東門停車場",
        "area": "中正區",
        "address": "臨沂街75巷35號",
        "summary": "大型車:0格，小型車:22格(含身心障礙停車位1格)，機車:0格",
        "tel": "2258-5861",
        "car": 22,
        "motor": 0,
        "charging": 0,
        "occupied_rate": -99,
        "data_time": "Sat May 02 00:00:00 CST 2026"
      }
    },
    {
      "type": "Feature",
      "geometry": {
        "type": "Point",
        "coordinates": [
          121.552957,
          25.0327007
        ]
      },
      "properties": {
        "id": "TPE0549",
        "name": "168停車聯盟-信義安和場",
        "area": "大安區",
        "address": "信義路4段236號地下3至4層",
        "summary": "大型車:0格，小型車:84格(含身心障礙停車位1格)，機車:0格",
        "tel": "0227546661",
        "car": 84,
        "motor": 0,
        "charging": 0,
        "occupied_rate": -99,
        "data_time": "Sat May 02 00:00:00 CST 2026"
      }
    },
    {
      "type": "Feature",
      "geometry": {
        "type": "Point",
        "coordinates": [
          121.5101371,
          25.092552
        ]
      },
      "properties": {
        "id": "TPE0550",
        "name": "百齡橋堤外（一）平面停車場",
        "area": "士林區",
        "address": "百齡橋堤外",
        "summary": "大型車:0格，小型車:135格(含身心障礙停車位3格)，機車:14格(含身心障礙停車位1格)",
        "tel": "0227590666",
        "car": 135,
        "motor": 14,
        "charging": 0,
        "occupied_rate": -99,
        "data_time": "Sat May 02 00:00:00 CST 2026"
      }
    },
    {
      "type": "Feature",
      "geometry": {
        "type": "Point",
        "coordinates": [
          121.5769497,
          25.0719717
        ]
      },
      "properties": {
        "id": "TPE0551",
        "name": "長揚停車場陽光站",
        "area": "內湖區",
        "address": "陽光街365巷24號旁空地",
        "summary": "大型車:0格，小型車:0格，機車:196格(含身心障礙停車位4格)",
        "tel": "27619188",
        "car": 0,
        "motor": 196,
        "charging": 0,
        "occupied_rate": -99,
        "data_time": "Sat May 02 00:00:00 CST 2026"
      }
    },
    {
      "type": "Feature",
      "geometry": {
        "type": "Point",
        "coordinates": [
          121.568086,
          25.0780321
        ]
      },
      "properties": {
        "id": "TPE0552",
        "name": "嘟嘟房內湖堤頂站停車場",
        "area": "內湖區",
        "address": "堤頂大道2段207號地下1至3層",
        "summary": "大型車:0格，小型車:130格(含身心障礙停車位2格)，機車:0格",
        "tel": "2655-0818",
        "car": 130,
        "motor": 0,
        "charging": 0,
        "occupied_rate": -99,
        "data_time": "Sat May 02 00:00:00 CST 2026"
      }
    },
    {
      "type": "Feature",
      "geometry": {
        "type": "Point",
        "coordinates": [
          121.5469977,
          25.0538259
        ]
      },
      "properties": {
        "id": "TPE0553",
        "name": "飛璜敦北一停車場",
        "area": "松山區",
        "address": "敦化北路120巷19號旁空地",
        "summary": "大型車:0格，小型車:8格(含身心障礙停車位1格)，機車:0格",
        "tel": "(02)25472545",
        "car": 8,
        "motor": 0,
        "charging": 0,
        "occupied_rate": -99,
        "data_time": "Sat May 02 00:00:00 CST 2026"
      }
    },
    {
      "type": "Feature",
      "geometry": {
        "type": "Point",
        "coordinates": [
          121.5685138,
          25.0278662
        ]
      },
      "properties": {
        "id": "TPE0555",
        "name": "Times 松仁路",
        "area": "信義區",
        "address": "松仁路181號旁空地",
        "summary": "大型車:0格，小型車:10格(含身心障礙停車位1格)，機車:0格",
        "tel": "0800-88-8924；2504-6098",
        "car": 10,
        "motor": 0,
        "charging": 0,
        "occupied_rate": -99,
        "data_time": "Sat May 02 00:00:00 CST 2026"
      }
    },
    {
      "type": "Feature",
      "geometry": {
        "type": "Point",
        "coordinates": [
          121.5070737,
          25.0474402
        ]
      },
      "properties": {
        "id": "TPE0556",
        "name": "Times萬華運動中心",
        "area": "萬華區",
        "address": "西寧南路6-1號",
        "summary": "大型車:0格，小型車:47格(含身心障礙停車位1格)，機車:155格(含身心障礙停車位3格)",
        "tel": "0809008924",
        "car": 47,
        "motor": 155,
        "charging": 0,
        "occupied_rate": -99,
        "data_time": "Sat May 02 00:00:00 CST 2026"
      }
    },
    {
      "type": "Feature",
      "geometry": {
        "type": "Point",
        "coordinates": [
          121.5705141,
          25.0781153
        ]
      },
      "properties": {
        "id": "TPE0557",
        "name": "台灣聯通里昂停車場",
        "area": "內湖區",
        "address": "瑞光路406、408、410、412號地下2層",
        "summary": "大型車:0格，小型車:93格(含身心障礙停車位1格)，機車:0格",
        "tel": "2523-5000",
        "car": 93,
        "motor": 0,
        "charging": 0,
        "occupied_rate": -99,
        "data_time": "Sat May 02 00:00:00 CST 2026"
      }
    },
    {
      "type": "Feature",
      "geometry": {
        "type": "Point",
        "coordinates": [
          121.558884,
          25.084276
        ]
      },
      "properties": {
        "id": "TPE0558",
        "name": "維多麗亞酒店附設停車場",
        "area": "中山區",
        "address": "敬業四路168號地下1至3層",
        "summary": "大型車:0格，小型車:99格(含身心障礙停車位3格，孕婦、育有六歲以下兒童停車位3格)，機車:0格，充電格位:3格",
        "tel": "0227935818",
        "car": 99,
        "motor": 0,
        "charging": 0,
        "occupied_rate": -99,
        "data_time": "Sat May 02 00:00:00 CST 2026"
      }
    },
    {
      "type": "Feature",
      "geometry": {
        "type": "Point",
        "coordinates": [
          121.5160887,
          25.049111
        ]
      },
      "properties": {
        "id": "TPE0560",
        "name": "鄭州路機車停車場",
        "area": "大同區",
        "address": "鄭州路3之4號旁",
        "summary": "大型車:0格，小型車:0格，機車:97格(含身心障礙停車位1格)",
        "tel": "2712-7977",
        "car": 0,
        "motor": 97,
        "charging": 0,
        "occupied_rate": -99,
        "data_time": "Sat May 02 00:00:00 CST 2026"
      }
    },
    {
      "type": "Feature",
      "geometry": {
        "type": "Point",
        "coordinates": [
          121.5247788,
          25.0448328
        ]
      },
      "properties": {
        "id": "TPE0561",
        "name": "墾海停車場",
        "area": "中正區",
        "address": "忠孝東路1段23號地下2至3層",
        "summary": "大型車:0格，小型車:66格(含身心障礙停車位1格)，機車:0格",
        "tel": "2394-2438",
        "car": 66,
        "motor": 0,
        "charging": 0,
        "occupied_rate": -99,
        "data_time": "Sat May 02 00:00:00 CST 2026"
      }
    },
    {
      "type": "Feature",
      "geometry": {
        "type": "Point",
        "coordinates": [
          121.5497984,
          25.0830957
        ]
      },
      "properties": {
        "id": "TPE0562",
        "name": "長揚停車場北安站",
        "area": "中山區",
        "address": "北安路630巷13-17號地下2層",
        "summary": "大型車:0格，小型車:38格(含身心障礙停車位1格)，機車:0格",
        "tel": "2761-9188",
        "car": 38,
        "motor": 0,
        "charging": 0,
        "occupied_rate": -99,
        "data_time": "Sat May 02 00:00:00 CST 2026"
      }
    },
    {
      "type": "Feature",
      "geometry": {
        "type": "Point",
        "coordinates": [
          121.606194,
          25.0552572
        ]
      },
      "properties": {
        "id": "TPE0563",
        "name": "愛馬屋南港場",
        "area": "南港區",
        "address": "興華路77號",
        "summary": "大型車:0格，小型車:48格(含身心障礙停車位1格)，機車:0格",
        "tel": "0223457749",
        "car": 48,
        "motor": 0,
        "charging": 0,
        "occupied_rate": -99,
        "data_time": "Sat May 02 00:00:00 CST 2026"
      }
    },
    {
      "type": "Feature",
      "geometry": {
        "type": "Point",
        "coordinates": [
          121.5531253,
          25.0306146
        ]
      },
      "properties": {
        "id": "TPE0564",
        "name": "城市車旅台北臨江停車場",
        "area": "大安區",
        "address": "安和路2段69巷26號對面空地",
        "summary": "大型車:0格，小型車:16格(含身心障礙停車位1格)，機車:0格",
        "tel": "22462098",
        "car": 16,
        "motor": 0,
        "charging": 0,
        "occupied_rate": -99,
        "data_time": "Sat May 02 00:00:00 CST 2026"
      }
    },
    {
      "type": "Feature",
      "geometry": {
        "type": "Point",
        "coordinates": [
          121.5215105,
          25.0249667
        ]
      },
      "properties": {
        "id": "TPE0565",
        "name": "佳音同安場",
        "area": "中正區",
        "address": "同安街28巷7弄9號旁空地",
        "summary": "大型車:0格，小型車:7格(含身心障礙停車位1格)，機車:0格",
        "tel": "2754-6661 #18",
        "car": 7,
        "motor": 0,
        "charging": 0,
        "occupied_rate": -99,
        "data_time": "Sat May 02 00:00:00 CST 2026"
      }
    },
    {
      "type": "Feature",
      "geometry": {
        "type": "Point",
        "coordinates": [
          121.5470041,
          25.0278318
        ]
      },
      "properties": {
        "id": "TPE0566",
        "name": "禾典大安站",
        "area": "大安區",
        "address": "四維路176巷16號旁空地",
        "summary": "大型車:0格，小型車:8格(含身心障礙停車位1格)，機車:0格",
        "tel": "2709-8677",
        "car": 8,
        "motor": 0,
        "charging": 0,
        "occupied_rate": -99,
        "data_time": "Sat May 02 00:00:00 CST 2026"
      }
    },
    {
      "type": "Feature",
      "geometry": {
        "type": "Point",
        "coordinates": [
          121.5659014,
          25.0288512
        ]
      },
      "properties": {
        "id": "TPE0567",
        "name": "臺北市災害應變中心地下停車場",
        "area": "信義區",
        "address": "莊敬路391巷11弄2號地下",
        "summary": "大型車:0格，小型車:169格(含身心障礙停車位5格，孕婦、育有六歲以下兒童停車位3格)，機車:197格(含身心障礙停車位4格)，大型重機:1格，充電格位:4格",
        "tel": "0223453859",
        "car": 169,
        "motor": 197,
        "charging": 0,
        "occupied_rate": -99,
        "data_time": "Sat May 02 00:00:00 CST 2026"
      }
    },
    {
      "type": "Feature",
      "geometry": {
        "type": "Point",
        "coordinates": [
          121.5429254,
          25.0018571
        ]
      },
      "properties": {
        "id": "TPE0568",
        "name": "義芳第二停車場",
        "area": "文山區",
        "address": "興隆路1段137巷88號旁空地",
        "summary": "大型車:0格，小型車:148格(含身心障礙停車位3格)，機車:0格",
        "tel": "2306-2131",
        "car": 148,
        "motor": 0,
        "charging": 0,
        "occupied_rate": -99,
        "data_time": "Sat May 02 00:00:00 CST 2026"
      }
    },
    {
      "type": "Feature",
      "geometry": {
        "type": "Point",
        "coordinates": [
          121.5354998,
          25.0451308
        ]
      },
      "properties": {
        "id": "TPE0569",
        "name": "鐳銳科技光華停車場",
        "area": "中山區",
        "address": "市民大道3段65號",
        "summary": "大型車:0格，小型車:112格(含身心障礙停車位2格)，機車:0格",
        "tel": "2523-5000",
        "car": 112,
        "motor": 0,
        "charging": 0,
        "occupied_rate": -99,
        "data_time": "Sat May 02 00:00:00 CST 2026"
      }
    },
    {
      "type": "Feature",
      "geometry": {
        "type": "Point",
        "coordinates": [
          121.4964225,
          25.0285104
        ]
      },
      "properties": {
        "id": "TPE0570",
        "name": "華江高中活動中心地下停車場",
        "area": "萬華區",
        "address": "西藏路213號地下1層",
        "summary": "大型車:0格，小型車:38格(含身心障礙停車位1格)，機車:0格，充電格位:1格",
        "tel": "2339-6689",
        "car": 38,
        "motor": 0,
        "charging": 0,
        "occupied_rate": -99,
        "data_time": "Sat May 02 00:00:00 CST 2026"
      }
    },
    {
      "type": "Feature",
      "geometry": {
        "type": "Point",
        "coordinates": [
          121.554478,
          25.0587884
        ]
      },
      "properties": {
        "id": "TPE0571",
        "name": "科技服務大樓附設停車場",
        "area": "松山區",
        "address": "光復北路266號地上5至6層",
        "summary": "大型車:0格，小型車:146格(含身心障礙停車位3格，孕婦、育有六歲以下兒童停車位2格)，機車:0格，充電格位:3格",
        "tel": "0227160802",
        "car": 146,
        "motor": 0,
        "charging": 0,
        "occupied_rate": -99,
        "data_time": "Sat May 02 00:00:00 CST 2026"
      }
    },
    {
      "type": "Feature",
      "geometry": {
        "type": "Point",
        "coordinates": [
          121.5462608,
          25.0486442
        ]
      },
      "properties": {
        "id": "TPE0572",
        "name": "詮營長安停車場",
        "area": "松山區",
        "address": "長安東路2段259號對面",
        "summary": "大型車:0格，小型車:10格(含身心障礙停車位1格)，機車:0格",
        "tel": "",
        "car": 10,
        "motor": 0,
        "charging": 0,
        "occupied_rate": -99,
        "data_time": "Sat May 02 00:00:00 CST 2026"
      }
    },
    {
      "type": "Feature",
      "geometry": {
        "type": "Point",
        "coordinates": [
          121.5238169,
          25.102943
        ]
      },
      "properties": {
        "id": "TPE0573",
        "name": "好庭車停車場",
        "area": "士林區",
        "address": "福國路50巷與福華路128巷交叉口空地",
        "summary": "大型車:0格，小型車:45格(含身心障礙停車位1格)，機車:0格",
        "tel": "0916064543",
        "car": 45,
        "motor": 0,
        "charging": 0,
        "occupied_rate": -99,
        "data_time": "Sat May 02 00:00:00 CST 2026"
      }
    },
    {
      "type": "Feature",
      "geometry": {
        "type": "Point",
        "coordinates": [
          121.5236964,
          25.0582456
        ]
      },
      "properties": {
        "id": "TPE0574",
        "name": "民生東路停車場",
        "area": "中山區",
        "address": "民生東路1段11號空地",
        "summary": "大型車:0格，小型車:5格(含身心障礙停車位1格)，機車:0格",
        "tel": "2778-5756",
        "car": 5,
        "motor": 0,
        "charging": 0,
        "occupied_rate": -99,
        "data_time": "Sat May 02 00:00:00 CST 2026"
      }
    },
    {
      "type": "Feature",
      "geometry": {
        "type": "Point",
        "coordinates": [
          121.5000792,
          25.0336306
        ]
      },
      "properties": {
        "id": "TPE0575",
        "name": "萬華車站地下停車場",
        "area": "萬華區",
        "address": "康定路382號地下1至2層",
        "summary": "大型車:0格，小型車:297格(含身心障礙停車位6格，孕婦、育有六歲以下兒童停車位6格)，機車:0格，大型重機:2格，充電格位:6格",
        "tel": "22408767",
        "car": 297,
        "motor": 0,
        "charging": 0,
        "occupied_rate": -99,
        "data_time": "Sat May 02 00:00:00 CST 2026"
      }
    },
    {
      "type": "Feature",
      "geometry": {
        "type": "Point",
        "coordinates": [
          121.5765568,
          25.0747809
        ]
      },
      "properties": {
        "id": "TPE0576",
        "name": "瑞湖地下停車場",
        "area": "內湖區",
        "address": "瑞湖街15號地下1至3層",
        "summary": "大型車:0格，小型車:101格(含身心障礙停車位2格)，機車:0格",
        "tel": "0229290791",
        "car": 101,
        "motor": 0,
        "charging": 0,
        "occupied_rate": -99,
        "data_time": "Sat May 02 00:00:00 CST 2026"
      }
    },
    {
      "type": "Feature",
      "geometry": {
        "type": "Point",
        "coordinates": [
          121.5389516,
          25.0535528
        ]
      },
      "properties": {
        "id": "TPE0577",
        "name": "長春停車場",
        "area": "中山區",
        "address": "長春路258巷26-1號",
        "summary": "大型車:0格，小型車:44格(含身心障礙停車位1格)，機車:0格",
        "tel": "0909-657-756",
        "car": 44,
        "motor": 0,
        "charging": 0,
        "occupied_rate": -99,
        "data_time": "Sat May 02 00:00:00 CST 2026"
      }
    },
    {
      "type": "Feature",
      "geometry": {
        "type": "Point",
        "coordinates": [
          121.5631176,
          25.081775
        ]
      },
      "properties": {
        "id": "TPE0578",
        "name": "基湖停車場",
        "area": "內湖區",
        "address": "內湖路1段120巷15弄8號地下1至2層",
        "summary": "大型車:0格，小型車:38格(含身心障礙停車位2格)，機車:0格",
        "tel": "022550-5987、2659-7442",
        "car": 38,
        "motor": 0,
        "charging": 0,
        "occupied_rate": -99,
        "data_time": "Sat May 02 00:00:00 CST 2026"
      }
    },
    {
      "type": "Feature",
      "geometry": {
        "type": "Point",
        "coordinates": [
          121.5311072,
          25.0157308
        ]
      },
      "properties": {
        "id": "TPE0579",
        "name": "南華高中收費停車場",
        "area": "中正區",
        "address": "汀州路3段58號旁空地",
        "summary": "大型車:0格，小型車:17格(含身心障礙停車位1格)，機車:0格",
        "tel": "2368-6818",
        "car": 17,
        "motor": 0,
        "charging": 0,
        "occupied_rate": -99,
        "data_time": "Sat May 02 00:00:00 CST 2026"
      }
    },
    {
      "type": "Feature",
      "geometry": {
        "type": "Point",
        "coordinates": [
          121.5192197,
          25.0623871
        ]
      },
      "properties": {
        "id": "TPE0580",
        "name": "禾典民權站",
        "area": "大同區",
        "address": "民權西路96巷底旁空地",
        "summary": "大型車:0格，小型車:48格(含身心障礙停車位1格)，機車:0格",
        "tel": "0227098677",
        "car": 48,
        "motor": 0,
        "charging": 0,
        "occupied_rate": -99,
        "data_time": "Sat May 02 00:00:00 CST 2026"
      }
    },
    {
      "type": "Feature",
      "geometry": {
        "type": "Point",
        "coordinates": [
          121.6126258,
          25.0559914
        ]
      },
      "properties": {
        "id": "TPE0581",
        "name": "便利停車場南港站",
        "area": "南港區",
        "address": "新民街37號旁空地",
        "summary": "大型車:0格，小型車:49格(含身心障礙停車位1格)，機車:0格",
        "tel": "2799-1001#115",
        "car": 49,
        "motor": 0,
        "charging": 0,
        "occupied_rate": -99,
        "data_time": "Sat May 02 00:00:00 CST 2026"
      }
    },
    {
      "type": "Feature",
      "geometry": {
        "type": "Point",
        "coordinates": [
          121.5675763,
          25.0288403
        ]
      },
      "properties": {
        "id": "TPE0582",
        "name": "臺北市立信義國民中學停車場",
        "area": "信義區",
        "address": "松仁路158巷1號",
        "summary": "大型車:0格，小型車:20格(含身心障礙停車位1格)，機車:0格",
        "tel": "27236771",
        "car": 20,
        "motor": 0,
        "charging": 0,
        "occupied_rate": -99,
        "data_time": "Sat May 02 00:00:00 CST 2026"
      }
    },
    {
      "type": "Feature",
      "geometry": {
        "type": "Point",
        "coordinates": [
          121.5267887,
          25.0517231
        ]
      },
      "properties": {
        "id": "TPE0583",
        "name": "神旺商務酒店停車場",
        "area": "中山區",
        "address": "南京東路1段128號",
        "summary": "大型車:0格，小型車:48格(含身心障礙停車位1格)，機車:0格",
        "tel": "2511-5185",
        "car": 48,
        "motor": 0,
        "charging": 0,
        "occupied_rate": -99,
        "data_time": "Sat May 02 00:00:00 CST 2026"
      }
    },
    {
      "type": "Feature",
      "geometry": {
        "type": "Point",
        "coordinates": [
          121.5143321,
          25.0250752
        ]
      },
      "properties": {
        "id": "TPE0585",
        "name": "臺北市中正區螢橋國民小學停車場",
        "area": "中正區",
        "address": "詔安街29號",
        "summary": "大型車:0格，小型車:24格(含身心障礙停車位1格)，機車:0格",
        "tel": "2305-4620轉108",
        "car": 24,
        "motor": 0,
        "charging": 0,
        "occupied_rate": -99,
        "data_time": "Sat May 02 00:00:00 CST 2026"
      }
    },
    {
      "type": "Feature",
      "geometry": {
        "type": "Point",
        "coordinates": [
          121.5286456,
          25.0518294
        ]
      },
      "properties": {
        "id": "TPE0586",
        "name": "安原停車場",
        "area": "中山區",
        "address": "南京東路2段20號地下1至2層",
        "summary": "大型車:0格，小型車:12格(含身心障礙停車位1格)，機車:0格",
        "tel": "0982552581",
        "car": 12,
        "motor": 0,
        "charging": 0,
        "occupied_rate": -99,
        "data_time": "Sat May 02 00:00:00 CST 2026"
      }
    },
    {
      "type": "Feature",
      "geometry": {
        "type": "Point",
        "coordinates": [
          121.5635857,
          25.0810217
        ]
      },
      "properties": {
        "id": "TPE0587",
        "name": "便利停車場基湖五站",
        "area": "內湖區",
        "address": "堤頂大道2段407巷22號地下1至4層",
        "summary": "大型車:0格，小型車:213格(含身心障礙停車位5格)，機車:467格(含身心障礙停車位10格)",
        "tel": "2799-1001#168",
        "car": 213,
        "motor": 467,
        "charging": 0,
        "occupied_rate": -99,
        "data_time": "Sat May 02 00:00:00 CST 2026"
      }
    },
    {
      "type": "Feature",
      "geometry": {
        "type": "Point",
        "coordinates": [
          121.5671134,
          25.0797218
        ]
      },
      "properties": {
        "id": "TPE0588",
        "name": "城市車旅瑞光550停車場",
        "area": "內湖區",
        "address": "瑞光路550號地下2至4層",
        "summary": "大型車:0格，小型車:155格(含身心障礙停車位4格，孕婦、育有六歲以下兒童停車位2格)，機車:0格，充電格位:2格",
        "tel": "0800208333",
        "car": 155,
        "motor": 0,
        "charging": 0,
        "occupied_rate": -99,
        "data_time": "Sat May 02 00:00:00 CST 2026"
      }
    },
    {
      "type": "Feature",
      "geometry": {
        "type": "Point",
        "coordinates": [
          121.5213271,
          25.0895971
        ]
      },
      "properties": {
        "id": "TPE0589",
        "name": "臺北市士林運動中心地下停車場",
        "area": "士林區",
        "address": "士商路1號地下1至2層",
        "summary": "大型車:0格，小型車:63格(含身心障礙停車位2格)，機車:145格(含身心障礙停車位4格)，充電格位:1格",
        "tel": "0228831265",
        "car": 63,
        "motor": 145,
        "charging": 0,
        "occupied_rate": -99,
        "data_time": "Sat May 02 00:00:00 CST 2026"
      }
    },
    {
      "type": "Feature",
      "geometry": {
        "type": "Point",
        "coordinates": [
          121.5166081,
          25.1044128
        ]
      },
      "properties": {
        "id": "TPE0590",
        "name": "臺北市立中正高級中學停車場(停車場管理)",
        "area": "北投區",
        "address": "文林北路77號",
        "summary": "大型車:0格，小型車:64格(含身心障礙停車位3格)，機車:0格",
        "tel": "0910133920",
        "car": 64,
        "motor": 0,
        "charging": 0,
        "occupied_rate": -99,
        "data_time": "Sat May 02 00:00:00 CST 2026"
      }
    },
    {
      "type": "Feature",
      "geometry": {
        "type": "Point",
        "coordinates": [
          121.5446706,
          25.0025052
        ]
      },
      "properties": {
        "id": "TPE0591",
        "name": "景豐臨時平面停車場",
        "area": "文山區",
        "address": "景豐街79號旁(文山景美運動公園內)",
        "summary": "大型車:0格，小型車:44格(含身心障礙停車位1格)，機車:0格，充電格位:2格",
        "tel": "8919-3669",
        "car": 44,
        "motor": 0,
        "charging": 0,
        "occupied_rate": -99,
        "data_time": "Sat May 02 00:00:00 CST 2026"
      }
    },
    {
      "type": "Feature",
      "geometry": {
        "type": "Point",
        "coordinates": [
          121.54961,
          25.0604654
        ]
      },
      "properties": {
        "id": "TPE0592",
        "name": "Times 民權敦化第3",
        "area": "松山區",
        "address": "敦化北路240號旁",
        "summary": "大型車:0格，小型車:37格(含身心障礙停車位1格)，機車:0格",
        "tel": "020809008924",
        "car": 37,
        "motor": 0,
        "charging": 0,
        "occupied_rate": -99,
        "data_time": "Sat May 02 00:00:00 CST 2026"
      }
    },
    {
      "type": "Feature",
      "geometry": {
        "type": "Point",
        "coordinates": [
          121.5499662,
          25.0188695
        ]
      },
      "properties": {
        "id": "TPE0593",
        "name": "臺北市芳和實驗中學",
        "area": "大安區",
        "address": "臥龍街170號",
        "summary": "大型車:0格，小型車:37格(含身心障礙停車位2格)，機車:0格，充電格位:5格",
        "tel": "2732-1961#504",
        "car": 37,
        "motor": 0,
        "charging": 0,
        "occupied_rate": -99,
        "data_time": "Sat May 02 00:00:00 CST 2026"
      }
    },
    {
      "type": "Feature",
      "geometry": {
        "type": "Point",
        "coordinates": [
          121.546342,
          24.9998336
        ]
      },
      "properties": {
        "id": "TPE0594",
        "name": "義芳第三停車場",
        "area": "文山區",
        "address": "景豐街13號對面",
        "summary": "大型車:0格，小型車:49格(含身心障礙停車位2格)，機車:0格",
        "tel": "2306-2131",
        "car": 49,
        "motor": 0,
        "charging": 0,
        "occupied_rate": -99,
        "data_time": "Sat May 02 00:00:00 CST 2026"
      }
    },
    {
      "type": "Feature",
      "geometry": {
        "type": "Point",
        "coordinates": [
          121.5686651,
          25.0332079
        ]
      },
      "properties": {
        "id": "TPE0595",
        "name": "昇榮信義停車場",
        "area": "信義區",
        "address": "松仁路130號對面空地",
        "summary": "大型車:0格，小型車:45格(含身心障礙停車位1格)，機車:0格",
        "tel": "2991-7978",
        "car": 45,
        "motor": 0,
        "charging": 0,
        "occupied_rate": -99,
        "data_time": "Sat May 02 00:00:00 CST 2026"
      }
    },
    {
      "type": "Feature",
      "geometry": {
        "type": "Point",
        "coordinates": [
          121.593158,
          25.0528113
        ]
      },
      "properties": {
        "id": "TPE0596",
        "name": "南港高中停車場",
        "area": "南港區",
        "address": "向陽路21號",
        "summary": "大型車:0格，小型車:31格(含身心障礙停車位1格)，機車:0格，充電格位:1格",
        "tel": "0227837863#248",
        "car": 31,
        "motor": 0,
        "charging": 0,
        "occupied_rate": -99,
        "data_time": "Sat May 02 00:00:00 CST 2026"
      }
    },
    {
      "type": "Feature",
      "geometry": {
        "type": "Point",
        "coordinates": [
          121.5060324,
          25.0359487
        ]
      },
      "properties": {
        "id": "TPE0597",
        "name": "臺北市立龍山國民中學停車場",
        "area": "萬華區",
        "address": "南寧路46號",
        "summary": "大型車:0格，小型車:21格(含身心障礙停車位1格)，機車:0格",
        "tel": "2336-2789",
        "car": 21,
        "motor": 0,
        "charging": 0,
        "occupied_rate": -99,
        "data_time": "Sat May 02 00:00:00 CST 2026"
      }
    },
    {
      "type": "Feature",
      "geometry": {
        "type": "Point",
        "coordinates": [
          121.6191885,
          25.0564946
        ]
      },
      "properties": {
        "id": "TPE0598",
        "name": "嘟嘟房南港展覽館站停車場",
        "area": "南港區",
        "address": "經貿二路1號地下1層",
        "summary": "大型車:0格，小型車:620格(含身心障礙停車位12格，孕婦、育有六歲以下兒童停車位12格)，機車:1770格(含身心障礙停車位36格)，充電格位:12格",
        "tel": "022655-0818",
        "car": 620,
        "motor": 1770,
        "charging": 0,
        "occupied_rate": -99,
        "data_time": "Sat May 02 00:00:00 CST 2026"
      }
    },
    {
      "type": "Feature",
      "geometry": {
        "type": "Point",
        "coordinates": [
          121.5483399,
          24.9962488
        ]
      },
      "properties": {
        "id": "TPE0599",
        "name": "景興國小停車場",
        "area": "文山區",
        "address": "景華街150巷21號",
        "summary": "大型車:0格，小型車:26格(含身心障礙停車位1格)，機車:0格，充電格位:1格",
        "tel": "2939-9439",
        "car": 26,
        "motor": 0,
        "charging": 0,
        "occupied_rate": -99,
        "data_time": "Sat May 02 00:00:00 CST 2026"
      }
    },
    {
      "type": "Feature",
      "geometry": {
        "type": "Point",
        "coordinates": [
          121.5254205,
          25.02354
        ]
      },
      "properties": {
        "id": "TPE0600",
        "name": "台灣捷通古亭停車場",
        "area": "大安區",
        "address": "羅斯福路3段37號",
        "summary": "大型車:0格，小型車:87格(含身心障礙停車位1格)，機車:0格",
        "tel": "2523-5000 #1138黃小姐",
        "car": 87,
        "motor": 0,
        "charging": 0,
        "occupied_rate": -99,
        "data_time": "Sat May 02 00:00:00 CST 2026"
      }
    },
    {
      "type": "Feature",
      "geometry": {
        "type": "Point",
        "coordinates": [
          121.5038481,
          25.0430274
        ]
      },
      "properties": {
        "id": "TPE0601",
        "name": "Times浩瀚運創西門館",
        "area": "萬華區",
        "address": "成都路98號",
        "summary": "大型車:0格，小型車:31格(含身心障礙停車位1格)，機車:0格，充電格位:1格",
        "tel": "0800888924#0",
        "car": 31,
        "motor": 0,
        "charging": 0,
        "occupied_rate": -99,
        "data_time": "Sat May 02 00:00:00 CST 2026"
      }
    },
    {
      "type": "Feature",
      "geometry": {
        "type": "Point",
        "coordinates": [
          121.5121669,
          25.0423918
        ]
      },
      "properties": {
        "id": "TPE0602",
        "name": "台灣聯通衡陽停車場",
        "area": "中正區",
        "address": "衡陽路51號地下3至6層",
        "summary": "大型車:0格，小型車:149格(含身心障礙停車位2格)，機車:0格",
        "tel": "2523-5000",
        "car": 149,
        "motor": 0,
        "charging": 0,
        "occupied_rate": -99,
        "data_time": "Sat May 02 00:00:00 CST 2026"
      }
    },
    {
      "type": "Feature",
      "geometry": {
        "type": "Point",
        "coordinates": [
          121.5564587,
          25.0333986
        ]
      },
      "properties": {
        "id": "TPE0603",
        "name": "七鼎企業股份有限公司信義停車場",
        "area": "大安區",
        "address": "信義路4段337、339號地下1至2層",
        "summary": "大型車:0格，小型車:13格(含身心障礙停車位1格)，機車:0格",
        "tel": "2733-5806",
        "car": 13,
        "motor": 0,
        "charging": 0,
        "occupied_rate": -99,
        "data_time": "Sat May 02 00:00:00 CST 2026"
      }
    },
    {
      "type": "Feature",
      "geometry": {
        "type": "Point",
        "coordinates": [
          121.5904098,
          25.067714
        ]
      },
      "properties": {
        "id": "TPE0604",
        "name": "湖興立體停車場",
        "area": "內湖區",
        "address": "成功路2段322號",
        "summary": "大型車:0格，小型車:251格(含身心障礙停車位5格)，機車:0格",
        "tel": "0224551299",
        "car": 251,
        "motor": 0,
        "charging": 0,
        "occupied_rate": -99,
        "data_time": "Sat May 02 00:00:00 CST 2026"
      }
    },
    {
      "type": "Feature",
      "geometry": {
        "type": "Point",
        "coordinates": [
          121.5483724,
          25.0393985
        ]
      },
      "properties": {
        "id": "TPE0605",
        "name": "財團法人臺北市私立復興實驗高級中學附設地下停車場",
        "area": "大安區",
        "address": "敦化南路1段262號地下3層",
        "summary": "大型車:0格，小型車:77格(含身心障礙停車位2格，孕婦、育有六歲以下兒童停車位2格)，機車:0格",
        "tel": "2771-5859 #129；#125田先生",
        "car": 77,
        "motor": 0,
        "charging": 0,
        "occupied_rate": -99,
        "data_time": "Sat May 02 00:00:00 CST 2026"
      }
    },
    {
      "type": "Feature",
      "geometry": {
        "type": "Point",
        "coordinates": [
          121.5313244,
          25.050346
        ]
      },
      "properties": {
        "id": "TPE0606",
        "name": "長安國小地下停車場",
        "area": "中山區",
        "address": "松江路90巷14號地下",
        "summary": "大型車:0格，小型車:284格(含身心障礙停車位6格，孕婦、育有六歲以下兒童停車位7格)，機車:117格(含身心障礙停車位2格)，充電格位:7格",
        "tel": "2759-0666",
        "car": 284,
        "motor": 117,
        "charging": 0,
        "occupied_rate": -99,
        "data_time": "Sat May 02 00:00:00 CST 2026"
      }
    },
    {
      "type": "Feature",
      "geometry": {
        "type": "Point",
        "coordinates": [
          121.5036128,
          25.1349405
        ]
      },
      "properties": {
        "id": "TPE0607",
        "name": "北投國中教職員工停車場",
        "area": "北投區",
        "address": "溫泉路62號地下1層",
        "summary": "大型車:0格，小型車:36格(含身心障礙停車位1格)，機車:0格，充電格位:1格",
        "tel": "0228912091",
        "car": 36,
        "motor": 0,
        "charging": 0,
        "occupied_rate": -99,
        "data_time": "Sat May 02 00:00:00 CST 2026"
      }
    },
    {
      "type": "Feature",
      "geometry": {
        "type": "Point",
        "coordinates": [
          121.5236431,
          25.0592682
        ]
      },
      "properties": {
        "id": "TPE0608",
        "name": "鴻瑞停車場",
        "area": "中山區",
        "address": "中山北路2段93巷8號地下1層",
        "summary": "大型車:0格，小型車:24格(含身心障礙停車位1格)，機車:0格",
        "tel": "26971678",
        "car": 24,
        "motor": 0,
        "charging": 0,
        "occupied_rate": -99,
        "data_time": "Sat May 02 00:00:00 CST 2026"
      }
    },
    {
      "type": "Feature",
      "geometry": {
        "type": "Point",
        "coordinates": [
          121.5674601,
          25.0490184
        ]
      },
      "properties": {
        "id": "TPE0609",
        "name": "台灣聯通東興停車場",
        "area": "松山區",
        "address": "八德路4段312-1號",
        "summary": "大型車:0格，小型車:32格(含身心障礙停車位1格)，機車:0格",
        "tel": "",
        "car": 32,
        "motor": 0,
        "charging": 0,
        "occupied_rate": -99,
        "data_time": "Sat May 02 00:00:00 CST 2026"
      }
    },
    {
      "type": "Feature",
      "geometry": {
        "type": "Point",
        "coordinates": [
          121.5183453,
          25.1076297
        ]
      },
      "properties": {
        "id": "TPE0611",
        "name": "臺北市立明德國民中學附設停車場",
        "area": "北投區",
        "address": "明德路50號",
        "summary": "大型車:0格，小型車:20格(含身心障礙停車位1格)，機車:0格",
        "tel": "0228232539#605",
        "car": 20,
        "motor": 0,
        "charging": 0,
        "occupied_rate": -99,
        "data_time": "Sat May 02 00:00:00 CST 2026"
      }
    },
    {
      "type": "Feature",
      "geometry": {
        "type": "Point",
        "coordinates": [
          121.6134929,
          25.0475692
        ]
      },
      "properties": {
        "id": "TPE0613",
        "name": "南港59號公園臨時平面停車場",
        "area": "南港區",
        "address": "研究院路2段12巷57弄2號旁",
        "summary": "大型車:0格，小型車:21格(含身心障礙停車位1格)，機車:0格",
        "tel": "(02)24551299",
        "car": 21,
        "motor": 0,
        "charging": 0,
        "occupied_rate": -99,
        "data_time": "Sat May 02 00:00:00 CST 2026"
      }
    },
    {
      "type": "Feature",
      "geometry": {
        "type": "Point",
        "coordinates": [
          121.554889,
          25.0438635
        ]
      },
      "properties": {
        "id": "TPE0614",
        "name": "168停車聯盟-文教一場",
        "area": "大安區",
        "address": "光復南路96巷25號",
        "summary": "大型車:0格，小型車:40格(含身心障礙停車位1格)，機車:0格",
        "tel": "2754-6661",
        "car": 40,
        "motor": 0,
        "charging": 0,
        "occupied_rate": -99,
        "data_time": "Sat May 02 00:00:00 CST 2026"
      }
    },
    {
      "type": "Feature",
      "geometry": {
        "type": "Point",
        "coordinates": [
          121.5382564,
          25.0642017
        ]
      },
      "properties": {
        "id": "TPE0615",
        "name": "榮星花園地下停車場",
        "area": "中山區",
        "address": "建國北路3段39號地下1-2層",
        "summary": "大型車:0格，小型車:242格(含身心障礙停車位5格，孕婦、育有六歲以下兒童停車位4格)，機車:67格(含身心障礙停車位2格)，充電格位:5格",
        "tel": "2502-3333",
        "car": 242,
        "motor": 67,
        "charging": 0,
        "occupied_rate": -99,
        "data_time": "Sat May 02 00:00:00 CST 2026"
      }
    },
    {
      "type": "Feature",
      "geometry": {
        "type": "Point",
        "coordinates": [
          121.5615551,
          25.0258365
        ]
      },
      "properties": {
        "id": "TPE0616",
        "name": "臺北醫學大學附設醫院停車場",
        "area": "信義區",
        "address": "吳興街250號地下2至4層及1層機車停車場",
        "summary": "大型車:0格，小型車:236格(含身心障礙停車位6格，孕婦、育有六歲以下兒童停車位5格)，機車:134格(含身心障礙停車位2格)",
        "tel": "2737-2181#8417",
        "car": 236,
        "motor": 134,
        "charging": 0,
        "occupied_rate": -99,
        "data_time": "Sat May 02 00:00:00 CST 2026"
      }
    },
    {
      "type": "Feature",
      "geometry": {
        "type": "Point",
        "coordinates": [
          121.5706283,
          25.0501957
        ]
      },
      "properties": {
        "id": "TPE0618",
        "name": "台灣聯通饒河停車場",
        "area": "松山區",
        "address": "八德路4段455號",
        "summary": "大型車:0格，小型車:30格(含身心障礙停車位1格)，機車:0格",
        "tel": "(02)25235000",
        "car": 30,
        "motor": 0,
        "charging": 0,
        "occupied_rate": -99,
        "data_time": "Sat May 02 00:00:00 CST 2026"
      }
    },
    {
      "type": "Feature",
      "geometry": {
        "type": "Point",
        "coordinates": [
          121.5351376,
          25.0637209
        ]
      },
      "properties": {
        "id": "TPE0619",
        "name": "Times 行天宮",
        "area": "中山區",
        "address": "建國北路3段22巷與民權東路2段135巷交叉口",
        "summary": "大型車:0格，小型車:14格(含身心障礙停車位1格)，機車:0格",
        "tel": "2504-6098#0",
        "car": 14,
        "motor": 0,
        "charging": 0,
        "occupied_rate": -99,
        "data_time": "Sat May 02 00:00:00 CST 2026"
      }
    },
    {
      "type": "Feature",
      "geometry": {
        "type": "Point",
        "coordinates": [
          121.5922454,
          25.0670702
        ]
      },
      "properties": {
        "id": "TPE0620",
        "name": "內湖一停車場",
        "area": "內湖區",
        "address": "民權東路6段180巷42弄16號對面空地",
        "summary": "大型車:0格，小型車:22格(含身心障礙停車位1格)，機車:0格",
        "tel": "0971-626-627",
        "car": 22,
        "motor": 0,
        "charging": 0,
        "occupied_rate": -99,
        "data_time": "Sat May 02 00:00:00 CST 2026"
      }
    },
    {
      "type": "Feature",
      "geometry": {
        "type": "Point",
        "coordinates": [
          121.5190357,
          25.0386349
        ]
      },
      "properties": {
        "id": "TPE0621",
        "name": "財團法人張榮發基金會地下停車場",
        "area": "中正區",
        "address": "中山南路11號地下3層",
        "summary": "大型車:0格，小型車:95格(含身心障礙停車位2格)，機車:0格，充電格位:1格",
        "tel": "2351-6699",
        "car": 95,
        "motor": 0,
        "charging": 0,
        "occupied_rate": -99,
        "data_time": "Sat May 02 00:00:00 CST 2026"
      }
    },
    {
      "type": "Feature",
      "geometry": {
        "type": "Point",
        "coordinates": [
          121.5316354,
          25.0453479
        ]
      },
      "properties": {
        "id": "TPE0622",
        "name": "台北光華商場停車場",
        "area": "中正區",
        "address": "市民大道3段8號地下1層",
        "summary": "大型車:0格，小型車:81格(含身心障礙停車位2格，孕婦、育有六歲以下兒童停車位1格)，機車:153格(含身心障礙停車位3格)",
        "tel": "0222526381",
        "car": 81,
        "motor": 153,
        "charging": 0,
        "occupied_rate": -99,
        "data_time": "Sat May 02 00:00:00 CST 2026"
      }
    },
    {
      "type": "Feature",
      "geometry": {
        "type": "Point",
        "coordinates": [
          121.552689,
          25.0628035
        ]
      },
      "properties": {
        "id": "TPE0623",
        "name": "臺北國際航空站第2、6號收費停車場",
        "area": "松山區",
        "address": "敦化北路340之9號",
        "summary": "大型車:0格，小型車:210格(含身心障礙停車位5格，孕婦、育有六歲以下兒童停車位5格)，機車:307格(含身心障礙停車位10格)",
        "tel": "(02)87703426",
        "car": 210,
        "motor": 307,
        "charging": 0,
        "occupied_rate": -99,
        "data_time": "Sat May 02 00:00:00 CST 2026"
      }
    },
    {
      "type": "Feature",
      "geometry": {
        "type": "Point",
        "coordinates": [
          121.5534484,
          25.063058
        ]
      },
      "properties": {
        "id": "TPE0624",
        "name": "臺北國際航空站第3號停車場",
        "area": "松山區",
        "address": "敦化北路407號",
        "summary": "大型車:0格，小型車:500格(含身心障礙停車位10格，孕婦、育有六歲以下兒童停車位11格)，機車:0格",
        "tel": "0227057716",
        "car": 500,
        "motor": 0,
        "charging": 0,
        "occupied_rate": -99,
        "data_time": "Sat May 02 00:00:00 CST 2026"
      }
    },
    {
      "type": "Feature",
      "geometry": {
        "type": "Point",
        "coordinates": [
          121.572079,
          25.0799487
        ]
      },
      "properties": {
        "id": "TPE0625",
        "name": "禾典內科站",
        "area": "內湖區",
        "address": "洲子街71號地下2層",
        "summary": "大型車:0格，小型車:111格(含身心障礙停車位3格)，機車:0格，充電格位:2格",
        "tel": "0227086610",
        "car": 111,
        "motor": 0,
        "charging": 0,
        "occupied_rate": -99,
        "data_time": "Sat May 02 00:00:00 CST 2026"
      }
    },
    {
      "type": "Feature",
      "geometry": {
        "type": "Point",
        "coordinates": [
          121.5750518,
          25.078258
        ]
      },
      "properties": {
        "id": "TPE0627",
        "name": "臺北市內湖運動中心停車場",
        "area": "內湖區",
        "address": "洲子街12號地下2至3層",
        "summary": "大型車:0格，小型車:97格(含身心障礙停車位2格，孕婦、育有六歲以下兒童停車位1格)，機車:168格(含身心障礙停車位6格)",
        "tel": "0226562869",
        "car": 97,
        "motor": 168,
        "charging": 0,
        "occupied_rate": -99,
        "data_time": "Sat May 02 00:00:00 CST 2026"
      }
    },
    {
      "type": "Feature",
      "geometry": {
        "type": "Point",
        "coordinates": [
          121.5246496,
          25.0375521
        ]
      },
      "properties": {
        "id": "TPE0628",
        "name": "中華電信仁愛場停車場",
        "area": "中正區",
        "address": "杭州南路1段24號地下3至4層",
        "summary": "大型車:0格，小型車:133格(含身心障礙停車位5格，孕婦、育有六歲以下兒童停車位2格)，機車:500格(含身心障礙停車位11格)，充電格位:4格",
        "tel": "0800208333",
        "car": 133,
        "motor": 500,
        "charging": 0,
        "occupied_rate": -99,
        "data_time": "Sat May 02 00:00:00 CST 2026"
      }
    },
    {
      "type": "Feature",
      "geometry": {
        "type": "Point",
        "coordinates": [
          121.5186269,
          25.0871893
        ]
      },
      "properties": {
        "id": "TPE0630",
        "name": "福港街平面停車場",
        "area": "士林區",
        "address": "福港街149巷2號對面",
        "summary": "大型車:0格，小型車:62格(含身心障礙停車位2格，孕婦、育有六歲以下兒童停車位2格)，機車:0格，充電格位:2格",
        "tel": "0225046290",
        "car": 62,
        "motor": 0,
        "charging": 0,
        "occupied_rate": -99,
        "data_time": "Sat May 02 00:00:00 CST 2026"
      }
    },
    {
      "type": "Feature",
      "geometry": {
        "type": "Point",
        "coordinates": [
          121.5090717,
          25.0357488
        ]
      },
      "properties": {
        "id": "TPE0631",
        "name": "台北愛國西路停車場",
        "area": "中正區",
        "address": "愛國西路42巷與廣州街交叉口旁空地",
        "summary": "大型車:0格，小型車:140格(含身心障礙停車位3格)，機車:0格，充電格位:1格",
        "tel": "2518-5299",
        "car": 140,
        "motor": 0,
        "charging": 0,
        "occupied_rate": -99,
        "data_time": "Sat May 02 00:00:00 CST 2026"
      }
    },
    {
      "type": "Feature",
      "geometry": {
        "type": "Point",
        "coordinates": [
          121.5266073,
          25.0188232
        ]
      },
      "properties": {
        "id": "TPE0632",
        "name": "螢橋國中停車場",
        "area": "中正區",
        "address": "汀州路3段4號",
        "summary": "大型車:0格，小型車:40格(含身心障礙停車位1格)，機車:0格，充電格位:1格",
        "tel": "23688667",
        "car": 40,
        "motor": 0,
        "charging": 0,
        "occupied_rate": -99,
        "data_time": "Sat May 02 00:00:00 CST 2026"
      }
    },
    {
      "type": "Feature",
      "geometry": {
        "type": "Point",
        "coordinates": [
          121.5304248,
          25.0287811
        ]
      },
      "properties": {
        "id": "TPE0633",
        "name": "金華站停車場",
        "area": "大安區",
        "address": "永康街75巷10號旁空地",
        "summary": "大型車:0格，小型車:20格(含身心障礙停車位1格)，機車:0格",
        "tel": "0800208333",
        "car": 20,
        "motor": 0,
        "charging": 0,
        "occupied_rate": -99,
        "data_time": "Sat May 02 00:00:00 CST 2026"
      }
    },
    {
      "type": "Feature",
      "geometry": {
        "type": "Point",
        "coordinates": [
          121.5453732,
          25.0176812
        ]
      },
      "properties": {
        "id": "TPE0634",
        "name": "統一精工長興停車場",
        "area": "大安區",
        "address": "基隆路3段75、85號地下1至2層",
        "summary": "大型車:0格，小型車:151格(含身心障礙停車位3格，孕婦、育有六歲以下兒童停車位2格)，機車:428格(含身心障礙停車位10格)",
        "tel": "0958613600",
        "car": 151,
        "motor": 428,
        "charging": 0,
        "occupied_rate": -99,
        "data_time": "Sat May 02 00:00:00 CST 2026"
      }
    },
    {
      "type": "Feature",
      "geometry": {
        "type": "Point",
        "coordinates": [
          121.5228473,
          25.050911
        ]
      },
      "properties": {
        "id": "TPE0635",
        "name": "台灣聯通天津停車場",
        "area": "中山區",
        "address": "中山北路1段105巷3-3號",
        "summary": "大型車:0格，小型車:48格(含身心障礙停車位1格)，機車:0格",
        "tel": "2523-5000",
        "car": 48,
        "motor": 0,
        "charging": 0,
        "occupied_rate": -99,
        "data_time": "Sat May 02 00:00:00 CST 2026"
      }
    },
    {
      "type": "Feature",
      "geometry": {
        "type": "Point",
        "coordinates": [
          121.503576,
          25.0374309
        ]
      },
      "properties": {
        "id": "TPE0636",
        "name": "臺北市萬華區老松國民小學附設停車場",
        "area": "萬華區",
        "address": "桂林路64號",
        "summary": "大型車:0格，小型車:33格(含身心障礙停車位1格)，機車:0格，充電格位:1格",
        "tel": "2336-1266",
        "car": 33,
        "motor": 0,
        "charging": 0,
        "occupied_rate": -99,
        "data_time": "Sat May 02 00:00:00 CST 2026"
      }
    },
    {
      "type": "Feature",
      "geometry": {
        "type": "Point",
        "coordinates": [
          121.5279519,
          25.0246573
        ]
      },
      "properties": {
        "id": "TPE0637",
        "name": "Times浦城街",
        "area": "大安區",
        "address": "浦城街1號旁空地",
        "summary": "大型車:0格，小型車:9格(含身心障礙停車位1格)，機車:0格",
        "tel": "0809008924",
        "car": 9,
        "motor": 0,
        "charging": 0,
        "occupied_rate": -99,
        "data_time": "Sat May 02 00:00:00 CST 2026"
      }
    },
    {
      "type": "Feature",
      "geometry": {
        "type": "Point",
        "coordinates": [
          121.4676694,
          25.1280481
        ]
      },
      "properties": {
        "id": "TPE0638",
        "name": "中央北路四段平面停車場",
        "area": "北投區",
        "address": "中央北路4段542號旁",
        "summary": "大型車:0格，小型車:23格(含身心障礙停車位1格)，機車:0格",
        "tel": "2568-3773",
        "car": 23,
        "motor": 0,
        "charging": 0,
        "occupied_rate": -99,
        "data_time": "Sat May 02 00:00:00 CST 2026"
      }
    },
    {
      "type": "Feature",
      "geometry": {
        "type": "Point",
        "coordinates": [
          121.5858125,
          25.049218
        ]
      },
      "properties": {
        "id": "TPE0639",
        "name": "168停車聯盟-昆陽場(南港信義保管場)",
        "area": "南港區",
        "address": "忠孝東路6段135號旁空地",
        "summary": "大型車:0格，小型車:95格(含身心障礙停車位1格)，機車:11格(含身心障礙停車位1格)，充電格位:1格",
        "tel": "0227546661",
        "car": 95,
        "motor": 11,
        "charging": 0,
        "occupied_rate": -99,
        "data_time": "Sat May 02 00:00:00 CST 2026"
      }
    },
    {
      "type": "Feature",
      "geometry": {
        "type": "Point",
        "coordinates": [
          121.547076,
          25.0587729
        ]
      },
      "properties": {
        "id": "TPE0640",
        "name": "鐳銳科技 民生停車場",
        "area": "松山區",
        "address": "復興北路313巷42-1號",
        "summary": "大型車:0格，小型車:38格(含身心障礙停車位1格)，機車:0格",
        "tel": "0222585861",
        "car": 38,
        "motor": 0,
        "charging": 0,
        "occupied_rate": -99,
        "data_time": "Sat May 02 00:00:00 CST 2026"
      }
    },
    {
      "type": "Feature",
      "geometry": {
        "type": "Point",
        "coordinates": [
          121.5332699,
          25.0488426
        ]
      },
      "properties": {
        "id": "TPE0641",
        "name": "台灣聯通長榮停車場",
        "area": "中山區",
        "address": "松江路63號",
        "summary": "大型車:0格，小型車:80格(含身心障礙停車位1格)，機車:0格",
        "tel": "2523-5000",
        "car": 80,
        "motor": 0,
        "charging": 0,
        "occupied_rate": -99,
        "data_time": "Sat May 02 00:00:00 CST 2026"
      }
    },
    {
      "type": "Feature",
      "geometry": {
        "type": "Point",
        "coordinates": [
          121.5769805,
          25.0685432
        ]
      },
      "properties": {
        "id": "TPE0643",
        "name": "瑞湖停車場",
        "area": "內湖區",
        "address": "民權東路6段15巷50號旁空地",
        "summary": "大型車:0格，小型車:49格(含身心障礙停車位1格)，機車:0格",
        "tel": "0939726876",
        "car": 49,
        "motor": 0,
        "charging": 0,
        "occupied_rate": -99,
        "data_time": "Sat May 02 00:00:00 CST 2026"
      }
    },
    {
      "type": "Feature",
      "geometry": {
        "type": "Point",
        "coordinates": [
          121.5210224,
          25.0507527
        ]
      },
      "properties": {
        "id": "TPE0644",
        "name": "168停車聯盟-中山市場北側停車場",
        "area": "中山區",
        "address": "長安西路5巷與中山北路1段112巷交叉口空地",
        "summary": "大型車:0格，小型車:0格，機車:25格(含身心障礙停車位1格)",
        "tel": "27546661",
        "car": 0,
        "motor": 25,
        "charging": 0,
        "occupied_rate": -99,
        "data_time": "Sat May 02 00:00:00 CST 2026"
      }
    },
    {
      "type": "Feature",
      "geometry": {
        "type": "Point",
        "coordinates": [
          121.5565936,
          25.0404445
        ]
      },
      "properties": {
        "id": "TPE0645",
        "name": "僑安地下停車場",
        "area": "大安區",
        "address": "忠孝東路4段306號地下1至3層",
        "summary": "大型車:0格，小型車:422格(含身心障礙停車位10格，孕婦、育有六歲以下兒童停車位8格)，機車:0格，大型重機:10格，充電格位:8格",
        "tel": "2655-0818",
        "car": 422,
        "motor": 0,
        "charging": 0,
        "occupied_rate": -99,
        "data_time": "Sat May 02 00:00:00 CST 2026"
      }
    },
    {
      "type": "Feature",
      "geometry": {
        "type": "Point",
        "coordinates": [
          121.52895,
          25.0113102
        ]
      },
      "properties": {
        "id": "TPE0646",
        "name": "水岸停車場",
        "area": "中正區",
        "address": "思源街1號空地",
        "summary": "大型車:0格，小型車:112格(含身心障礙停車位2格，孕婦、育有六歲以下兒童停車位2格)，機車:0格，充電格位:3格",
        "tel": "8369-5098",
        "car": 112,
        "motor": 0,
        "charging": 0,
        "occupied_rate": -99,
        "data_time": "Sat May 02 00:00:00 CST 2026"
      }
    },
    {
      "type": "Feature",
      "geometry": {
        "type": "Point",
        "coordinates": [
          121.5542617,
          25.0441818
        ]
      },
      "properties": {
        "id": "TPE0647",
        "name": "嘟嘟房大安全聯站停車場",
        "area": "大安區",
        "address": "市民大道4段190號地下1層",
        "summary": "大型車:0格，小型車:10格(含身心障礙停車位1格)，機車:0格",
        "tel": "2655-0818",
        "car": 10,
        "motor": 0,
        "charging": 0,
        "occupied_rate": -99,
        "data_time": "Sat May 02 00:00:00 CST 2026"
      }
    },
    {
      "type": "Feature",
      "geometry": {
        "type": "Point",
        "coordinates": [
          121.5195357,
          25.1065196
        ]
      },
      "properties": {
        "id": "TPE0648",
        "name": "巧愛公寓地下室停車場",
        "area": "北投區",
        "address": "文林北路80巷59弄2號、2-1號地下室",
        "summary": "大型車:0格，小型車:16格(含身心障礙停車位1格)，機車:0格",
        "tel": "(02)25961521",
        "car": 16,
        "motor": 0,
        "charging": 0,
        "occupied_rate": -99,
        "data_time": "Sat May 02 00:00:00 CST 2026"
      }
    },
    {
      "type": "Feature",
      "geometry": {
        "type": "Point",
        "coordinates": [
          121.5295755,
          25.0223742
        ]
      },
      "properties": {
        "id": "TPE0649",
        "name": "泰順街停車場",
        "area": "大安區",
        "address": "泰順街60巷26號空地",
        "summary": "大型車:0格，小型車:5格(含身心障礙停車位1格)，機車:0格",
        "tel": "2719-6633",
        "car": 5,
        "motor": 0,
        "charging": 0,
        "occupied_rate": -99,
        "data_time": "Sat May 02 00:00:00 CST 2026"
      }
    },
    {
      "type": "Feature",
      "geometry": {
        "type": "Point",
        "coordinates": [
          121.5568132,
          25.0433417
        ]
      },
      "properties": {
        "id": "TPE0650",
        "name": "168停車聯盟-華視電視台停車場",
        "area": "大安區",
        "address": "光復南路116巷7號地下1至5層",
        "summary": "大型車:0格，小型車:98格(含身心障礙停車位1格)，機車:0格，充電格位:1格",
        "tel": "2754-6661",
        "car": 98,
        "motor": 0,
        "charging": 0,
        "occupied_rate": -99,
        "data_time": "Sat May 02 00:00:00 CST 2026"
      }
    },
    {
      "type": "Feature",
      "geometry": {
        "type": "Point",
        "coordinates": [
          121.5747548,
          25.07384
        ]
      },
      "properties": {
        "id": "TPE0651",
        "name": "宏達經營管理顧問有限公司港墘停車場",
        "area": "內湖區",
        "address": "港墘路221巷33號地下1至3層",
        "summary": "大型車:0格，小型車:140格(含身心障礙停車位3格)，機車:203格(含身心障礙停車位4格)，充電格位:2格",
        "tel": "0222835158",
        "car": 140,
        "motor": 203,
        "charging": 0,
        "occupied_rate": -99,
        "data_time": "Sat May 02 00:00:00 CST 2026"
      }
    },
    {
      "type": "Feature",
      "geometry": {
        "type": "Point",
        "coordinates": [
          121.507261,
          25.0362696
        ]
      },
      "properties": {
        "id": "TPE0652",
        "name": "台北花園大酒店機械停車場",
        "area": "中正區",
        "address": "中華路2段1號",
        "summary": "大型車:0格，小型車:108格(含身心障礙停車位3格)，機車:0格",
        "tel": "0978-725-027",
        "car": 108,
        "motor": 0,
        "charging": 0,
        "occupied_rate": -99,
        "data_time": "Sat May 02 00:00:00 CST 2026"
      }
    },
    {
      "type": "Feature",
      "geometry": {
        "type": "Point",
        "coordinates": [
          121.5225879,
          25.1130542
        ]
      },
      "properties": {
        "id": "TPE0653",
        "name": "北台國際開發股份有限公司石牌停車場",
        "area": "北投區",
        "address": "明德路208巷5號地下1至2層",
        "summary": "大型車:0格，小型車:29格(含身心障礙停車位1格，孕婦、育有六歲以下兒童停車位1格)，機車:94格(含身心障礙停車位1格)",
        "tel": "0277152938",
        "car": 29,
        "motor": 94,
        "charging": 0,
        "occupied_rate": -99,
        "data_time": "Sat May 02 00:00:00 CST 2026"
      }
    },
    {
      "type": "Feature",
      "geometry": {
        "type": "Point",
        "coordinates": [
          121.5693522,
          25.0794627
        ]
      },
      "properties": {
        "id": "TPE0654",
        "name": "洲子立體停車場",
        "area": "內湖區",
        "address": "瑞光路513巷22弄2號",
        "summary": "大型車:0格，小型車:382格(含身心障礙停車位8格，孕婦、育有六歲以下兒童停車位7格)，機車:0格，充電格位:10格",
        "tel": "0287511380",
        "car": 382,
        "motor": 0,
        "charging": 0,
        "occupied_rate": -99,
        "data_time": "Sat May 02 00:00:00 CST 2026"
      }
    },
    {
      "type": "Feature",
      "geometry": {
        "type": "Point",
        "coordinates": [
          121.54907,
          25.0605667
        ]
      },
      "properties": {
        "id": "TPE0655",
        "name": "8號停車場",
        "area": "松山區",
        "address": "敦化北路244巷12號旁空地",
        "summary": "大型車:0格，小型車:2格(含身心障礙停車位1格)，機車:0格",
        "tel": "27196633",
        "car": 2,
        "motor": 0,
        "charging": 0,
        "occupied_rate": -99,
        "data_time": "Sat May 02 00:00:00 CST 2026"
      }
    },
    {
      "type": "Feature",
      "geometry": {
        "type": "Point",
        "coordinates": [
          121.5495862,
          25.0546401
        ]
      },
      "properties": {
        "id": "TPE0656",
        "name": "宏國大樓停車場",
        "area": "松山區",
        "address": "敦化北路167號地下2至4層",
        "summary": "大型車:0格，小型車:269格(含身心障礙停車位6格)，機車:0格，充電格位:8格",
        "tel": "0225147188",
        "car": 269,
        "motor": 0,
        "charging": 0,
        "occupied_rate": -99,
        "data_time": "Sat May 02 00:00:00 CST 2026"
      }
    },
    {
      "type": "Feature",
      "geometry": {
        "type": "Point",
        "coordinates": [
          121.5305576,
          25.014286
        ]
      },
      "properties": {
        "id": "TPE0657",
        "name": "統一精工水源停車場",
        "area": "中正區",
        "address": "思源街16、16-1、16-2、16-3、16-5號地下1至2層",
        "summary": "大型車:0格，小型車:488格(含身心障礙停車位12格，孕婦、育有六歲以下兒童停車位3格)，機車:1644格(含身心障礙停車位37格)",
        "tel": "0958613600",
        "car": 488,
        "motor": 1644,
        "charging": 0,
        "occupied_rate": -99,
        "data_time": "Sat May 02 00:00:00 CST 2026"
      }
    },
    {
      "type": "Feature",
      "geometry": {
        "type": "Point",
        "coordinates": [
          121.5383519,
          25.0543878
        ]
      },
      "properties": {
        "id": "TPE0658",
        "name": "大同長春站",
        "area": "中山區",
        "address": "長春路246號後方空地",
        "summary": "大型車:0格，小型車:6格(含身心障礙停車位1格)，機車:0格",
        "tel": "0933-723-613",
        "car": 6,
        "motor": 0,
        "charging": 0,
        "occupied_rate": -99,
        "data_time": "Sat May 02 00:00:00 CST 2026"
      }
    },
    {
      "type": "Feature",
      "geometry": {
        "type": "Point",
        "coordinates": [
          121.5662194,
          25.0806099
        ]
      },
      "properties": {
        "id": "TPE0659",
        "name": "Times 瑞光路",
        "area": "內湖區",
        "address": "瑞光路639號旁空地",
        "summary": "大型車:0格，小型車:48格(含身心障礙停車位1格)，機車:0格",
        "tel": "0800-88-8924、02-2504-6098",
        "car": 48,
        "motor": 0,
        "charging": 0,
        "occupied_rate": -99,
        "data_time": "Sat May 02 00:00:00 CST 2026"
      }
    },
    {
      "type": "Feature",
      "geometry": {
        "type": "Point",
        "coordinates": [
          121.5267922,
          25.0564606
        ]
      },
      "properties": {
        "id": "TPE0660",
        "name": "168停車聯盟-僑信場",
        "area": "中山區",
        "address": "新生北路2段68巷9號地下2至6層",
        "summary": "大型車:0格，小型車:90格(含身心障礙停車位1格)，機車:0格，充電格位:1格",
        "tel": "27546661",
        "car": 90,
        "motor": 0,
        "charging": 0,
        "occupied_rate": -99,
        "data_time": "Sat May 02 00:00:00 CST 2026"
      }
    },
    {
      "type": "Feature",
      "geometry": {
        "type": "Point",
        "coordinates": [
          121.557624,
          25.050051
        ]
      },
      "properties": {
        "id": "TPE0661",
        "name": "台灣聯通博仁醫院停車場",
        "area": "松山區",
        "address": "光復北路68號地下1層",
        "summary": "大型車:0格，小型車:6格，機車:0格",
        "tel": "2523-5000",
        "car": 6,
        "motor": 0,
        "charging": 0,
        "occupied_rate": -99,
        "data_time": "Sat May 02 00:00:00 CST 2026"
      }
    },
    {
      "type": "Feature",
      "geometry": {
        "type": "Point",
        "coordinates": [
          121.5428718,
          25.0342388
        ]
      },
      "properties": {
        "id": "TPE0662",
        "name": "安祥公園旁平面停車場",
        "area": "大安區",
        "address": "信義路3段157巷10弄2號",
        "summary": "大型車:0格，小型車:11格(含身心障礙停車位1格)，機車:0格",
        "tel": "27590666",
        "car": 11,
        "motor": 0,
        "charging": 0,
        "occupied_rate": -99,
        "data_time": "Sat May 02 00:00:00 CST 2026"
      }
    },
    {
      "type": "Feature",
      "geometry": {
        "type": "Point",
        "coordinates": [
          121.5069568,
          25.0367085
        ]
      },
      "properties": {
        "id": "TPE0663",
        "name": "台北花園大酒店停車場",
        "area": "中正區",
        "address": "中華路2段1號",
        "summary": "大型車:0格，小型車:100格(含身心障礙停車位2格，孕婦、育有六歲以下兒童停車位2格)，機車:0格，充電格位:2格",
        "tel": "0978725027",
        "car": 100,
        "motor": 0,
        "charging": 0,
        "occupied_rate": -99,
        "data_time": "Sat May 02 00:00:00 CST 2026"
      }
    },
    {
      "type": "Feature",
      "geometry": {
        "type": "Point",
        "coordinates": [
          121.5325109,
          25.0546527
        ]
      },
      "properties": {
        "id": "TPE0664",
        "name": "永田停車場 京王場",
        "area": "中山區",
        "address": "長春路158、160、162號地下4層",
        "summary": "大型車:0格，小型車:22格(含身心障礙停車位1格)，機車:0格",
        "tel": "0225620680",
        "car": 22,
        "motor": 0,
        "charging": 0,
        "occupied_rate": -99,
        "data_time": "Sat May 02 00:00:00 CST 2026"
      }
    },
    {
      "type": "Feature",
      "geometry": {
        "type": "Point",
        "coordinates": [
          121.5192888,
          25.0290778
        ]
      },
      "properties": {
        "id": "TPE0665",
        "name": "臺北市立聯合醫院-婦幼院區停車場",
        "area": "中正區",
        "address": "福州街12號",
        "summary": "大型車:0格，小型車:9格(含身心障礙停車位1格)，機車:0格，充電格位:1格",
        "tel": "0800-000-269；2786-7755",
        "car": 9,
        "motor": 0,
        "charging": 0,
        "occupied_rate": -99,
        "data_time": "Sat May 02 00:00:00 CST 2026"
      }
    },
    {
      "type": "Feature",
      "geometry": {
        "type": "Point",
        "coordinates": [
          121.507349,
          25.0356057
        ]
      },
      "properties": {
        "id": "TPE0666",
        "name": "臺北市立聯合醫院-和平院區停車場",
        "area": "中正區",
        "address": "中華路2段33號",
        "summary": "大型車:0格，小型車:10格(含身心障礙停車位1格)，機車:0格，充電格位:1格",
        "tel": "0800000269",
        "car": 10,
        "motor": 0,
        "charging": 0,
        "occupied_rate": -99,
        "data_time": "Sat May 02 00:00:00 CST 2026"
      }
    },
    {
      "type": "Feature",
      "geometry": {
        "type": "Point",
        "coordinates": [
          121.5242094,
          25.1054785
        ]
      },
      "properties": {
        "id": "TPE0667",
        "name": "太平洋崇光百貨股份有限公司天母停車場",
        "area": "士林區",
        "address": "中山北路6段77號地下2至4層",
        "summary": "大型車:0格，小型車:368格(含身心障礙停車位8格，孕婦、育有六歲以下兒童停車位7格)，機車:1173格(含身心障礙停車位23格)，充電格位:4格",
        "tel": "(02)27765555分機3898",
        "car": 368,
        "motor": 1173,
        "charging": 0,
        "occupied_rate": -99,
        "data_time": "Sat May 02 00:00:00 CST 2026"
      }
    },
    {
      "type": "Feature",
      "geometry": {
        "type": "Point",
        "coordinates": [
          121.5272468,
          25.1136426
        ]
      },
      "properties": {
        "id": "TPE0668",
        "name": "通通停士東國小站停車場",
        "area": "士林區",
        "address": "中山北路6段424號空地",
        "summary": "大型車:0格，小型車:8格(含身心障礙停車位1格)，機車:0格",
        "tel": "0277550885",
        "car": 8,
        "motor": 0,
        "charging": 0,
        "occupied_rate": -99,
        "data_time": "Sat May 02 00:00:00 CST 2026"
      }
    },
    {
      "type": "Feature",
      "geometry": {
        "type": "Point",
        "coordinates": [
          121.5611121,
          25.0290657
        ]
      },
      "properties": {
        "id": "TPE0671",
        "name": "台灣聯通三興停車場",
        "area": "信義區",
        "address": "吳興街156巷6號地下1至2層",
        "summary": "大型車:0格，小型車:64格(含身心障礙停車位1格)，機車:0格",
        "tel": "2523-5000",
        "car": 64,
        "motor": 0,
        "charging": 0,
        "occupied_rate": -99,
        "data_time": "Sat May 02 00:00:00 CST 2026"
      }
    },
    {
      "type": "Feature",
      "geometry": {
        "type": "Point",
        "coordinates": [
          121.525477,
          25.0379013
        ]
      },
      "properties": {
        "id": "TPE0672",
        "name": "炬嘉仁愛停車場",
        "area": "中正區",
        "address": "仁愛路2段6號",
        "summary": "大型車:0格，小型車:73格(含身心障礙停車位1格)，機車:0格",
        "tel": "2356-8969",
        "car": 73,
        "motor": 0,
        "charging": 0,
        "occupied_rate": -99,
        "data_time": "Sat May 02 00:00:00 CST 2026"
      }
    },
    {
      "type": "Feature",
      "geometry": {
        "type": "Point",
        "coordinates": [
          121.5319927,
          25.0378578
        ]
      },
      "properties": {
        "id": "TPE0673",
        "name": "嘟嘟房仁愛新生2站停車場",
        "area": "中正區",
        "address": "仁愛路2段100號",
        "summary": "大型車:0格，小型車:20格(含身心障礙停車位1格)，機車:0格",
        "tel": "2655-0818",
        "car": 20,
        "motor": 0,
        "charging": 0,
        "occupied_rate": -99,
        "data_time": "Sat May 02 00:00:00 CST 2026"
      }
    },
    {
      "type": "Feature",
      "geometry": {
        "type": "Point",
        "coordinates": [
          121.5262985,
          25.0565391
        ]
      },
      "properties": {
        "id": "TPE0674",
        "name": "台灣聯通新生停車場",
        "area": "中山區",
        "address": "新生北路2段68巷13號(代表號)",
        "summary": "大型車:0格，小型車:56格(含身心障礙停車位1格)，機車:0格",
        "tel": "2523-5000",
        "car": 56,
        "motor": 0,
        "charging": 0,
        "occupied_rate": -99,
        "data_time": "Sat May 02 00:00:00 CST 2026"
      }
    },
    {
      "type": "Feature",
      "geometry": {
        "type": "Point",
        "coordinates": [
          121.4991653,
          25.1051541
        ]
      },
      "properties": {
        "id": "TPE0675",
        "name": "洲美快速道路高架橋下平面停車場",
        "area": "北投區",
        "address": "洲美街249-271號間(北投垃圾焚化場對面左側橋孔)",
        "summary": "大型車:0格，小型車:19格(含身心障礙停車位2格)，機車:0格",
        "tel": "0227590666",
        "car": 19,
        "motor": 0,
        "charging": 0,
        "occupied_rate": -99,
        "data_time": "Sat May 02 00:00:00 CST 2026"
      }
    },
    {
      "type": "Feature",
      "geometry": {
        "type": "Point",
        "coordinates": [
          121.5135999,
          25.0446597
        ]
      },
      "properties": {
        "id": "TPE0676",
        "name": "台灣聯通重慶停車場",
        "area": "中正區",
        "address": "重慶南路1段57號地下1層",
        "summary": "大型車:0格，小型車:111格(含身心障礙停車位2格)，機車:0格",
        "tel": "2523-5000",
        "car": 111,
        "motor": 0,
        "charging": 0,
        "occupied_rate": -99,
        "data_time": "Sat May 02 00:00:00 CST 2026"
      }
    },
    {
      "type": "Feature",
      "geometry": {
        "type": "Point",
        "coordinates": [
          121.5844522,
          25.0783071
        ]
      },
      "properties": {
        "id": "TPE0677",
        "name": "嘟嘟房捷運文德站停車場",
        "area": "內湖區",
        "address": "文德路216號",
        "summary": "大型車:0格，小型車:306格(含身心障礙停車位6格)，機車:0格",
        "tel": "(02)26550818",
        "car": 306,
        "motor": 0,
        "charging": 0,
        "occupied_rate": -99,
        "data_time": "Sat May 02 00:00:00 CST 2026"
      }
    },
    {
      "type": "Feature",
      "geometry": {
        "type": "Point",
        "coordinates": [
          121.6188105,
          25.0613871
        ]
      },
      "properties": {
        "id": "TPE0678",
        "name": "嘟嘟房捷運內湖機廠站停車場",
        "area": "南港區",
        "address": "經貿一路265號地上3至5層",
        "summary": "大型車:0格，小型車:382格(含身心障礙停車位12格)，機車:97格(含身心障礙停車位2格)，充電格位:8格",
        "tel": "0226550818",
        "car": 382,
        "motor": 97,
        "charging": 0,
        "occupied_rate": -99,
        "data_time": "Sat May 02 00:00:00 CST 2026"
      }
    },
    {
      "type": "Feature",
      "geometry": {
        "type": "Point",
        "coordinates": [
          121.5021839,
          25.1365569
        ]
      },
      "properties": {
        "id": "TPE0680",
        "name": "七星公園地下停車場",
        "area": "北投區",
        "address": "七星街3號地下(地下共2層)層",
        "summary": "大型車:0格，小型車:328格(含身心障礙停車位6格，孕婦、育有六歲以下兒童停車位6格)，機車:52格(含身心障礙停車位3格)，充電格位:6格",
        "tel": "0226550818",
        "car": 328,
        "motor": 52,
        "charging": 0,
        "occupied_rate": -99,
        "data_time": "Sat May 02 00:00:00 CST 2026"
      }
    },
    {
      "type": "Feature",
      "geometry": {
        "type": "Point",
        "coordinates": [
          121.5336351,
          25.0650106
        ]
      },
      "properties": {
        "id": "TPE0681",
        "name": "格子房-行天宮站",
        "area": "中山區",
        "address": "松江路371號地下1層",
        "summary": "大型車:0格，小型車:42格(含身心障礙停車位1格)，機車:0格",
        "tel": "0980688322",
        "car": 42,
        "motor": 0,
        "charging": 0,
        "occupied_rate": -99,
        "data_time": "Sat May 02 00:00:00 CST 2026"
      }
    },
    {
      "type": "Feature",
      "geometry": {
        "type": "Point",
        "coordinates": [
          121.5435989,
          25.0005591
        ]
      },
      "properties": {
        "id": "TPE0682",
        "name": "義芳第五停車場",
        "area": "文山區",
        "address": "興隆路1段與興順街口",
        "summary": "大型車:13格，小型車:20格(含身心障礙停車位2格)，機車:0格",
        "tel": "2306-2131",
        "car": 20,
        "motor": 0,
        "charging": 0,
        "occupied_rate": -99,
        "data_time": "Sat May 02 00:00:00 CST 2026"
      }
    },
    {
      "type": "Feature",
      "geometry": {
        "type": "Point",
        "coordinates": [
          121.5569489,
          25.0436301
        ]
      },
      "properties": {
        "id": "TPE0683",
        "name": "168停車聯盟-華視二場",
        "area": "大安區",
        "address": "光復南路96巷與光復南路72巷7弄交叉口",
        "summary": "大型車:0格，小型車:15格(含身心障礙停車位1格)，機車:0格",
        "tel": "2754-6661",
        "car": 15,
        "motor": 0,
        "charging": 0,
        "occupied_rate": -99,
        "data_time": "Sat May 02 00:00:00 CST 2026"
      }
    },
    {
      "type": "Feature",
      "geometry": {
        "type": "Point",
        "coordinates": [
          121.5289606,
          25.0226608
        ]
      },
      "properties": {
        "id": "TPE0684",
        "name": "嘟嘟房師大3站停車場",
        "area": "大安區",
        "address": "師大路105巷11號",
        "summary": "大型車:0格，小型車:12格(含身心障礙停車位1格)，機車:0格",
        "tel": "2655-0818",
        "car": 12,
        "motor": 0,
        "charging": 0,
        "occupied_rate": -99,
        "data_time": "Sat May 02 00:00:00 CST 2026"
      }
    },
    {
      "type": "Feature",
      "geometry": {
        "type": "Point",
        "coordinates": [
          121.5688194,
          25.0244366
        ]
      },
      "properties": {
        "id": "TPE0686",
        "name": "及泰企業有限公司-六合停車場",
        "area": "信義區",
        "address": "松仁路240巷19號地下1、2層",
        "summary": "大型車:0格，小型車:45格(含身心障礙停車位1格，孕婦、育有六歲以下兒童停車位1格)，機車:66格(含身心障礙停車位1格)",
        "tel": "2754-6661#18",
        "car": 45,
        "motor": 66,
        "charging": 0,
        "occupied_rate": -99,
        "data_time": "Sat May 02 00:00:00 CST 2026"
      }
    },
    {
      "type": "Feature",
      "geometry": {
        "type": "Point",
        "coordinates": [
          121.5449828,
          25.0384517
        ]
      },
      "properties": {
        "id": "TPE0687",
        "name": "鴻霖停車場",
        "area": "大安區",
        "address": "仁愛路4段25號地下之1",
        "summary": "大型車:0格，小型車:30格(含身心障礙停車位1格)，機車:0格",
        "tel": "27714177",
        "car": 30,
        "motor": 0,
        "charging": 0,
        "occupied_rate": -99,
        "data_time": "Sat May 02 00:00:00 CST 2026"
      }
    },
    {
      "type": "Feature",
      "geometry": {
        "type": "Point",
        "coordinates": [
          121.5557447,
          25.0438129
        ]
      },
      "properties": {
        "id": "TPE0688",
        "name": "168停車聯盟-文教二場",
        "area": "大安區",
        "address": "光復南路116巷7號1層(華視攝影大樓後方空地)",
        "summary": "大型車:0格，小型車:14格(含身心障礙停車位1格)，機車:0格",
        "tel": "0227546661",
        "car": 14,
        "motor": 0,
        "charging": 0,
        "occupied_rate": -99,
        "data_time": "Sat May 02 00:00:00 CST 2026"
      }
    },
    {
      "type": "Feature",
      "geometry": {
        "type": "Point",
        "coordinates": [
          121.4995722,
          25.0291882
        ]
      },
      "properties": {
        "id": "TPE0690",
        "name": "萬華國中地下停車場",
        "area": "萬華區",
        "address": "西藏路201號地下",
        "summary": "大型車:0格，小型車:508格(含身心障礙停車位11格，孕婦、育有六歲以下兒童停車位11格)，機車:211格(含身心障礙停車位4格)，大型重機:6格，充電格位:13格",
        "tel": "23078457",
        "car": 508,
        "motor": 211,
        "charging": 0,
        "occupied_rate": -99,
        "data_time": "Sat May 02 00:00:00 CST 2026"
      }
    },
    {
      "type": "Feature",
      "geometry": {
        "type": "Point",
        "coordinates": [
          121.5261596,
          25.0506172
        ]
      },
      "properties": {
        "id": "TPE0691",
        "name": "Times林森七條通第2【機車】",
        "area": "中山區",
        "address": "林森北路119巷27號旁",
        "summary": "大型車:0格，小型車:0格，機車:48格(含身心障礙停車位2格)",
        "tel": "2504-6098",
        "car": 0,
        "motor": 48,
        "charging": 0,
        "occupied_rate": -99,
        "data_time": "Sat May 02 00:00:00 CST 2026"
      }
    },
    {
      "type": "Feature",
      "geometry": {
        "type": "Point",
        "coordinates": [
          121.5162971,
          25.0602712
        ]
      },
      "properties": {
        "id": "TPE0692",
        "name": "臺北市大同區雙蓮國小停車場",
        "area": "大同區",
        "address": "錦西街51號",
        "summary": "大型車:0格，小型車:24格(含身心障礙停車位1格)，機車:0格",
        "tel": "25570309",
        "car": 24,
        "motor": 0,
        "charging": 0,
        "occupied_rate": -99,
        "data_time": "Sat May 02 00:00:00 CST 2026"
      }
    },
    {
      "type": "Feature",
      "geometry": {
        "type": "Point",
        "coordinates": [
          121.5501554,
          25.0049655
        ]
      },
      "properties": {
        "id": "TPE0694",
        "name": "臺北市立興福國民中學停車場",
        "area": "文山區",
        "address": "福興路80號",
        "summary": "大型車:0格，小型車:24格(含身心障礙停車位1格)，機車:0格",
        "tel": "0229322024",
        "car": 24,
        "motor": 0,
        "charging": 0,
        "occupied_rate": -99,
        "data_time": "Sat May 02 00:00:00 CST 2026"
      }
    },
    {
      "type": "Feature",
      "geometry": {
        "type": "Point",
        "coordinates": [
          121.5227927,
          25.0906662
        ]
      },
      "properties": {
        "id": "TPE0695",
        "name": "台北新天地停車場",
        "area": "士林區",
        "address": "基河路188巷口30公尺",
        "summary": "大型車:0格，小型車:146格(含身心障礙停車位4格)，機車:0格，充電格位:1格",
        "tel": "(02)28811111",
        "car": 146,
        "motor": 0,
        "charging": 0,
        "occupied_rate": -99,
        "data_time": "Sat May 02 00:00:00 CST 2026"
      }
    },
    {
      "type": "Feature",
      "geometry": {
        "type": "Point",
        "coordinates": [
          121.525683,
          25.0378328
        ]
      },
      "properties": {
        "id": "TPE0697",
        "name": "Times杭州南路",
        "area": "中正區",
        "address": "杭州南路1段101巷與仁愛路2段8巷交叉口",
        "summary": "大型車:0格，小型車:11格(含身心障礙停車位1格)，機車:0格",
        "tel": "0809008924",
        "car": 11,
        "motor": 0,
        "charging": 0,
        "occupied_rate": -99,
        "data_time": "Sat May 02 00:00:00 CST 2026"
      }
    },
    {
      "type": "Feature",
      "geometry": {
        "type": "Point",
        "coordinates": [
          121.5576603,
          25.0307624
        ]
      },
      "properties": {
        "id": "TPE0698",
        "name": "愛馬屋世貿場",
        "area": "信義區",
        "address": "光復南路567號",
        "summary": "大型車:0格，小型車:30格(含身心障礙停車位1格)，機車:0格，充電格位:1格",
        "tel": "0223457749",
        "car": 30,
        "motor": 0,
        "charging": 0,
        "occupied_rate": -99,
        "data_time": "Sat May 02 00:00:00 CST 2026"
      }
    },
    {
      "type": "Feature",
      "geometry": {
        "type": "Point",
        "coordinates": [
          121.5177045,
          25.0761805
        ]
      },
      "properties": {
        "id": "TPE0699",
        "name": "臺北市立重慶國民中學停車場",
        "area": "大同區",
        "address": "敦煌路19號",
        "summary": "大型車:0格，小型車:23格(含身心障礙停車位1格)，機車:0格",
        "tel": "2594-8631",
        "car": 23,
        "motor": 0,
        "charging": 0,
        "occupied_rate": -99,
        "data_time": "Sat May 02 00:00:00 CST 2026"
      }
    },
    {
      "type": "Feature",
      "geometry": {
        "type": "Point",
        "coordinates": [
          121.5179413,
          25.0491767
        ]
      },
      "properties": {
        "id": "TPE0701",
        "name": "京站停車場",
        "area": "大同區",
        "address": "承德路1段1號地下4-5層暨華陰街32號地下2-3層",
        "summary": "大型車:0格，小型車:536格(含身心障礙停車位15格，孕婦、育有六歲以下兒童停車位13格)，機車:1021格(含身心障礙停車位20格)",
        "tel": "2182-8888",
        "car": 536,
        "motor": 1021,
        "charging": 0,
        "occupied_rate": -99,
        "data_time": "Sat May 02 00:00:00 CST 2026"
      }
    },
    {
      "type": "Feature",
      "geometry": {
        "type": "Point",
        "coordinates": [
          121.5330803,
          25.0314078
        ]
      },
      "properties": {
        "id": "TPE0702",
        "name": "臺北市立金華國民中學",
        "area": "大安區",
        "address": "新生南路2段32號",
        "summary": "大型車:0格，小型車:49格(含身心障礙停車位1格)，機車:0格，充電格位:1格",
        "tel": "33931799",
        "car": 49,
        "motor": 0,
        "charging": 0,
        "occupied_rate": -99,
        "data_time": "Sat May 02 00:00:00 CST 2026"
      }
    },
    {
      "type": "Feature",
      "geometry": {
        "type": "Point",
        "coordinates": [
          121.55416,
          25.0496554
        ]
      },
      "properties": {
        "id": "TPE0703",
        "name": "育達高中地下停車場",
        "area": "松山區",
        "address": "寧安街12號地下1至2層",
        "summary": "大型車:0格，小型車:90格(含身心障礙停車位1格)，機車:369格(含身心障礙停車位7格)，充電格位:1格",
        "tel": "2518-5299",
        "car": 90,
        "motor": 369,
        "charging": 0,
        "occupied_rate": -99,
        "data_time": "Sat May 02 00:00:00 CST 2026"
      }
    },
    {
      "type": "Feature",
      "geometry": {
        "type": "Point",
        "coordinates": [
          121.5502457,
          25.0488417
        ]
      },
      "properties": {
        "id": "TPE0706",
        "name": "Times 松山運動中心",
        "area": "松山區",
        "address": "敦化北路1號(松山運動中心地下1層)",
        "summary": "大型車:0格，小型車:57格(含身心障礙停車位2格，孕婦、育有六歲以下兒童停車位1格)，機車:0格，充電格位:2格",
        "tel": "0809008924",
        "car": 57,
        "motor": 0,
        "charging": 0,
        "occupied_rate": -99,
        "data_time": "Sat May 02 00:00:00 CST 2026"
      }
    },
    {
      "type": "Feature",
      "geometry": {
        "type": "Point",
        "coordinates": [
          121.5801663,
          25.0361134
        ]
      },
      "properties": {
        "id": "TPE0707",
        "name": "臺北市松山家商附設夜間及假日停車場",
        "area": "信義區",
        "address": "松山路655號",
        "summary": "大型車:0格，小型車:29格(含身心障礙停車位1格)，機車:0格，充電格位:1格",
        "tel": "0227261118#415",
        "car": 29,
        "motor": 0,
        "charging": 0,
        "occupied_rate": -99,
        "data_time": "Sat May 02 00:00:00 CST 2026"
      }
    },
    {
      "type": "Feature",
      "geometry": {
        "type": "Point",
        "coordinates": [
          121.5679172,
          25.0397313
        ]
      },
      "properties": {
        "id": "TPE0708",
        "name": "BELLAVITA寶麗廣塲停車場",
        "area": "信義區",
        "address": "松仁路28號地下1、2、4、5層",
        "summary": "大型車:0格，小型車:168格(含身心障礙停車位4格，孕婦、育有六歲以下兒童停車位3格)，機車:243格(含身心障礙停車位4格)",
        "tel": "0287292771",
        "car": 168,
        "motor": 243,
        "charging": 0,
        "occupied_rate": -99,
        "data_time": "Sat May 02 00:00:00 CST 2026"
      }
    },
    {
      "type": "Feature",
      "geometry": {
        "type": "Point",
        "coordinates": [
          121.5364444,
          25.1160878
        ]
      },
      "properties": {
        "id": "TPE0709",
        "name": "臺北市立大學天母校區教學、行政科資大樓地下停車場",
        "area": "士林區",
        "address": "忠誠路2段101號地下2至3層",
        "summary": "大型車:0格，小型車:472格(含身心障礙停車位11格)，機車:0格，充電格位:12格",
        "tel": "0228726018",
        "car": 472,
        "motor": 0,
        "charging": 0,
        "occupied_rate": -99,
        "data_time": "Sat May 02 00:00:00 CST 2026"
      }
    },
    {
      "type": "Feature",
      "geometry": {
        "type": "Point",
        "coordinates": [
          121.5637507,
          25.0847271
        ]
      },
      "properties": {
        "id": "TPE0710",
        "name": "西康地下停車場",
        "area": "內湖區",
        "address": "內湖路1段203巷25號地下室（地下1層）",
        "summary": "大型車:0格，小型車:86格(含身心障礙停車位2格，孕婦、育有六歲以下兒童停車位2格)，機車:0格，大型重機:1格，充電格位:2格",
        "tel": "0226588208",
        "car": 86,
        "motor": 0,
        "charging": 0,
        "occupied_rate": -99,
        "data_time": "Sat May 02 00:00:00 CST 2026"
      }
    },
    {
      "type": "Feature",
      "geometry": {
        "type": "Point",
        "coordinates": [
          121.5508101,
          25.0488644
        ]
      },
      "properties": {
        "id": "TPE0712",
        "name": "臺北田徑場平面、地下停車場",
        "area": "松山區",
        "address": "敦化北路3號地上1層C門外及地下1層",
        "summary": "大型車:0格，小型車:269格(含身心障礙停車位6格，孕婦、育有六歲以下兒童停車位5格)，機車:637格(含身心障礙停車位24格)，充電格位:1格",
        "tel": "0225798520",
        "car": 269,
        "motor": 637,
        "charging": 0,
        "occupied_rate": -99,
        "data_time": "Sat May 02 00:00:00 CST 2026"
      }
    },
    {
      "type": "Feature",
      "geometry": {
        "type": "Point",
        "coordinates": [
          121.5522657,
          25.0357164
        ]
      },
      "properties": {
        "id": "TPE0713",
        "name": "臺北市大安區仁愛國民小學停車場",
        "area": "大安區",
        "address": "安和路1段60號",
        "summary": "大型車:0格，小型車:21格(含身心障礙停車位1格)，機車:0格",
        "tel": "27095010",
        "car": 21,
        "motor": 0,
        "charging": 0,
        "occupied_rate": -99,
        "data_time": "Sat May 02 00:00:00 CST 2026"
      }
    },
    {
      "type": "Feature",
      "geometry": {
        "type": "Point",
        "coordinates": [
          121.5718707,
          25.0474442
        ]
      },
      "properties": {
        "id": "TPE0714",
        "name": "雅祥公園地下停車場",
        "area": "信義區",
        "address": "松隆路123巷7號地下(地下共3層)",
        "summary": "大型車:0格，小型車:204格(含身心障礙停車位5格，孕婦、育有六歲以下兒童停車位4格)，機車:0格，充電格位:6格",
        "tel": "2766-1258",
        "car": 204,
        "motor": 0,
        "charging": 0,
        "occupied_rate": -99,
        "data_time": "Sat May 02 00:00:00 CST 2026"
      }
    },
    {
      "type": "Feature",
      "geometry": {
        "type": "Point",
        "coordinates": [
          121.5513695,
          25.0007088
        ]
      },
      "properties": {
        "id": "TPE0715",
        "name": "興隆公園地下停車場",
        "area": "文山區",
        "address": "仙岩路128號地下",
        "summary": "大型車:0格，小型車:259格(含身心障礙停車位6格，孕婦、育有六歲以下兒童停車位6格)，機車:64格(含身心障礙停車位2格)，充電格位:7格",
        "tel": "2759-0666",
        "car": 259,
        "motor": 64,
        "charging": 0,
        "occupied_rate": -99,
        "data_time": "Sat May 02 00:00:00 CST 2026"
      }
    },
    {
      "type": "Feature",
      "geometry": {
        "type": "Point",
        "coordinates": [
          121.5402698,
          24.988548
        ]
      },
      "properties": {
        "id": "TPE0716",
        "name": "景美國小地下停車場",
        "area": "文山區",
        "address": "景文街142巷2號地下(共3層)",
        "summary": "大型車:0格，小型車:253格(含身心障礙停車位6格，孕婦、育有六歲以下兒童停車位6格)，機車:93格(含身心障礙停車位3格)，大型重機:3格，充電格位:5格",
        "tel": "022240-8767",
        "car": 253,
        "motor": 93,
        "charging": 0,
        "occupied_rate": -99,
        "data_time": "Sat May 02 00:00:00 CST 2026"
      }
    },
    {
      "type": "Feature",
      "geometry": {
        "type": "Point",
        "coordinates": [
          121.5787701,
          25.0499994
        ]
      },
      "properties": {
        "id": "TPE0717",
        "name": "Times 松山車站前",
        "area": "松山區",
        "address": "八德路4段758號地下1至5層",
        "summary": "大型車:0格，小型車:67格(含身心障礙停車位2格)，機車:0格",
        "tel": "0800-888924或(02)25046098",
        "car": 67,
        "motor": 0,
        "charging": 0,
        "occupied_rate": -99,
        "data_time": "Sat May 02 00:00:00 CST 2026"
      }
    },
    {
      "type": "Feature",
      "geometry": {
        "type": "Point",
        "coordinates": [
          121.5372443,
          25.0528074
        ]
      },
      "properties": {
        "id": "TPE0718",
        "name": "台北漢普頓酒店停車場",
        "area": "中山區",
        "address": "建國北路2段7號地下4層",
        "summary": "大型車:0格，小型車:13格(含身心障礙停車位1格)，機車:0格",
        "tel": "0800208333",
        "car": 13,
        "motor": 0,
        "charging": 0,
        "occupied_rate": -99,
        "data_time": "Sat May 02 00:00:00 CST 2026"
      }
    },
    {
      "type": "Feature",
      "geometry": {
        "type": "Point",
        "coordinates": [
          121.5393799,
          25.032236
        ]
      },
      "properties": {
        "id": "TPE0719",
        "name": "信義路停車場",
        "area": "大安區",
        "address": "建國南路2段25巷29號對面空地",
        "summary": "大型車:0格，小型車:6格(含身心障礙停車位1格)，機車:0格",
        "tel": "0939-945-953",
        "car": 6,
        "motor": 0,
        "charging": 0,
        "occupied_rate": -99,
        "data_time": "Sat May 02 00:00:00 CST 2026"
      }
    },
    {
      "type": "Feature",
      "geometry": {
        "type": "Point",
        "coordinates": [
          121.5515362,
          25.0367754
        ]
      },
      "properties": {
        "id": "TPE0720",
        "name": "臺北市立仁愛國民中學停車場",
        "area": "大安區",
        "address": "仁愛路4段130號",
        "summary": "大型車:0格，小型車:43格(含身心障礙停車位2格)，機車:0格",
        "tel": "23255823",
        "car": 43,
        "motor": 0,
        "charging": 0,
        "occupied_rate": -99,
        "data_time": "Sat May 02 00:00:00 CST 2026"
      }
    },
    {
      "type": "Feature",
      "geometry": {
        "type": "Point",
        "coordinates": [
          121.5162113,
          25.0647855
        ]
      },
      "properties": {
        "id": "TPE0721",
        "name": "臺北市大同運動中心地下平面停車場",
        "area": "大同區",
        "address": "大龍街51號地下3層",
        "summary": "大型車:0格，小型車:46格(含身心障礙停車位2格，孕婦、育有六歲以下兒童停車位1格)，機車:0格，充電格位:1格",
        "tel": "2592-0055",
        "car": 46,
        "motor": 0,
        "charging": 0,
        "occupied_rate": -99,
        "data_time": "Sat May 02 00:00:00 CST 2026"
      }
    },
    {
      "type": "Feature",
      "geometry": {
        "type": "Point",
        "coordinates": [
          121.5929358,
          25.0532907
        ]
      },
      "properties": {
        "id": "TPE0722",
        "name": "玉成國小地下停車場",
        "area": "南港區",
        "address": "昆陽街23號地下(地下共2層)",
        "summary": "大型車:0格，小型車:293格(含身心障礙停車位8格，孕婦、育有六歲以下兒童停車位5格)，機車:28格(含身心障礙停車位3格)，大型重機:6格，充電格位:6格",
        "tel": "022655-0818",
        "car": 293,
        "motor": 28,
        "charging": 0,
        "occupied_rate": -99,
        "data_time": "Sat May 02 00:00:00 CST 2026"
      }
    },
    {
      "type": "Feature",
      "geometry": {
        "type": "Point",
        "coordinates": [
          121.5030815,
          25.1185543
        ]
      },
      "properties": {
        "id": "TPE0723",
        "name": "立農公園地下停車場",
        "area": "北投區",
        "address": "承德路7段372號地下層",
        "summary": "大型車:0格，小型車:204格(含身心障礙停車位5格，孕婦、育有六歲以下兒童停車位6格)，機車:95格(含身心障礙停車位2格)，大型重機:2格，充電格位:5格",
        "tel": "0227233628",
        "car": 204,
        "motor": 95,
        "charging": 0,
        "occupied_rate": -99,
        "data_time": "Sat May 02 00:00:00 CST 2026"
      }
    },
    {
      "type": "Feature",
      "geometry": {
        "type": "Point",
        "coordinates": [
          121.5985507,
          25.0813136
        ]
      },
      "properties": {
        "id": "TPE0724",
        "name": "金湖臨時平面停車場",
        "area": "內湖區",
        "address": "金湖路100號旁",
        "summary": "大型車:0格，小型車:93格(含身心障礙停車位3格)，機車:0格，充電格位:3格",
        "tel": "(02)24551299",
        "car": 93,
        "motor": 0,
        "charging": 0,
        "occupied_rate": -99,
        "data_time": "Sat May 02 00:00:00 CST 2026"
      }
    },
    {
      "type": "Feature",
      "geometry": {
        "type": "Point",
        "coordinates": [
          121.5115388,
          25.061933
        ]
      },
      "properties": {
        "id": "TPE0725",
        "name": "臺北市大同區太平國民小學停車場",
        "area": "大同區",
        "address": "延平北路2段239號",
        "summary": "大型車:0格，小型車:20格(含身心障礙停車位1格)，機車:0格",
        "tel": "2553-2229#834",
        "car": 20,
        "motor": 0,
        "charging": 0,
        "occupied_rate": -99,
        "data_time": "Sat May 02 00:00:00 CST 2026"
      }
    },
    {
      "type": "Feature",
      "geometry": {
        "type": "Point",
        "coordinates": [
          121.5828605,
          24.9862183
        ]
      },
      "properties": {
        "id": "TPE0726",
        "name": "政大三街臨時平面停車場",
        "area": "文山區",
        "address": "政大三街53號旁",
        "summary": "大型車:0格，小型車:50格(含身心障礙停車位1格)，機車:0格，充電格位:2格",
        "tel": "2518-5299",
        "car": 50,
        "motor": 0,
        "charging": 0,
        "occupied_rate": -99,
        "data_time": "Sat May 02 00:00:00 CST 2026"
      }
    },
    {
      "type": "Feature",
      "geometry": {
        "type": "Point",
        "coordinates": [
          121.5256674,
          25.0573606
        ]
      },
      "properties": {
        "id": "TPE0727",
        "name": "台灣聯通華泰王子停車場",
        "area": "中山區",
        "address": "林森北路357號",
        "summary": "大型車:0格，小型車:56格(含身心障礙停車位1格)，機車:0格",
        "tel": "2523-5000",
        "car": 56,
        "motor": 0,
        "charging": 0,
        "occupied_rate": -99,
        "data_time": "Sat May 02 00:00:00 CST 2026"
      }
    },
    {
      "type": "Feature",
      "geometry": {
        "type": "Point",
        "coordinates": [
          121.5297394,
          25.1073096
        ]
      },
      "properties": {
        "id": "TPE0728",
        "name": "忠誠路（一）平面停車場",
        "area": "士林區",
        "address": "忠誠路1段與德行東路132巷3弄交叉口旁",
        "summary": "大型車:0格，小型車:24格(含身心障礙停車位1格)，機車:0格",
        "tel": "(02)25573722",
        "car": 24,
        "motor": 0,
        "charging": 0,
        "occupied_rate": -99,
        "data_time": "Sat May 02 00:00:00 CST 2026"
      }
    },
    {
      "type": "Feature",
      "geometry": {
        "type": "Point",
        "coordinates": [
          121.5653802,
          25.0787782
        ]
      },
      "properties": {
        "id": "TPE0729",
        "name": "嘟嘟房內湖堤頂2站停車場",
        "area": "內湖區",
        "address": "堤頂大道2段293號地下1、3層",
        "summary": "大型車:0格，小型車:57格(含身心障礙停車位2格)，機車:0格",
        "tel": "0226550818",
        "car": 57,
        "motor": 0,
        "charging": 0,
        "occupied_rate": -99,
        "data_time": "Sat May 02 00:00:00 CST 2026"
      }
    },
    {
      "type": "Feature",
      "geometry": {
        "type": "Point",
        "coordinates": [
          121.5666079,
          25.082633
        ]
      },
      "properties": {
        "id": "TPE0730",
        "name": "西湖市場暨捷運站地下停車場",
        "area": "內湖區",
        "address": "內湖路1段285號地下1至4層",
        "summary": "大型車:0格，小型車:200格(含身心障礙停車位4格，孕婦、育有六歲以下兒童停車位3格)，機車:185格(含身心障礙停車位3格)，充電格位:1格",
        "tel": "(02)27973375",
        "car": 200,
        "motor": 185,
        "charging": 0,
        "occupied_rate": -99,
        "data_time": "Sat May 02 00:00:00 CST 2026"
      }
    },
    {
      "type": "Feature",
      "geometry": {
        "type": "Point",
        "coordinates": [
          121.553773,
          25.0547126
        ]
      },
      "properties": {
        "id": "TPE0731",
        "name": "龍城市場停車場",
        "area": "松山區",
        "address": "光復北路190巷39號地下2至3層",
        "summary": "大型車:0格，小型車:47格(含身心障礙停車位1格)，機車:0格",
        "tel": "(02)28919113",
        "car": 47,
        "motor": 0,
        "charging": 0,
        "occupied_rate": -99,
        "data_time": "Sat May 02 00:00:00 CST 2026"
      }
    },
    {
      "type": "Feature",
      "geometry": {
        "type": "Point",
        "coordinates": [
          121.5435981,
          25.0468303
        ]
      },
      "properties": {
        "id": "TPE0732",
        "name": "Times 復興南路",
        "area": "中山區",
        "address": "復興南路1段18號旁",
        "summary": "大型車:0格，小型車:14格(含身心障礙停車位1格)，機車:0格",
        "tel": "0809008924",
        "car": 14,
        "motor": 0,
        "charging": 0,
        "occupied_rate": -99,
        "data_time": "Sat May 02 00:00:00 CST 2026"
      }
    },
    {
      "type": "Feature",
      "geometry": {
        "type": "Point",
        "coordinates": [
          121.531327,
          25.0650369
        ]
      },
      "properties": {
        "id": "TPE0733",
        "name": "NaviPark 農安街",
        "area": "中山區",
        "address": "農安街151號旁空地",
        "summary": "大型車:0格，小型車:29格(含身心障礙停車位1格)，機車:0格",
        "tel": "2511-6116",
        "car": 29,
        "motor": 0,
        "charging": 0,
        "occupied_rate": -99,
        "data_time": "Sat May 02 00:00:00 CST 2026"
      }
    },
    {
      "type": "Feature",
      "geometry": {
        "type": "Point",
        "coordinates": [
          121.5021668,
          25.0913491
        ]
      },
      "properties": {
        "id": "TPE0734",
        "name": "社子國小地下停車場",
        "area": "士林區",
        "address": "延平北路6段308號地下1至3層",
        "summary": "大型車:0格，小型車:464格(含身心障礙停車位10格，孕婦、育有六歲以下兒童停車位9格)，機車:211格(含身心障礙停車位5格)，大型重機:5格，充電格位:10格",
        "tel": "0228162810",
        "car": 464,
        "motor": 211,
        "charging": 0,
        "occupied_rate": -99,
        "data_time": "Sat May 02 00:00:00 CST 2026"
      }
    },
    {
      "type": "Feature",
      "geometry": {
        "type": "Point",
        "coordinates": [
          121.529384,
          25.1066586
        ]
      },
      "properties": {
        "id": "TPE0735",
        "name": "忠誠路（二）平面停車場",
        "area": "士林區",
        "address": "忠誠路1段與德行東路132巷7弄交叉口旁",
        "summary": "大型車:0格，小型車:35格(含身心障礙停車位1格)，機車:0格，充電格位:2格",
        "tel": "(02)25573722",
        "car": 35,
        "motor": 0,
        "charging": 0,
        "occupied_rate": -99,
        "data_time": "Sat May 02 00:00:00 CST 2026"
      }
    },
    {
      "type": "Feature",
      "geometry": {
        "type": "Point",
        "coordinates": [
          121.5216858,
          25.0474483
        ]
      },
      "properties": {
        "id": "TPE0736",
        "name": "行一大客車平面停車場",
        "area": "中正區",
        "address": "北平東路天津街口",
        "summary": "大型車:42格，小型車:0格，機車:0格",
        "tel": "27590666",
        "car": 0,
        "motor": 0,
        "charging": 0,
        "occupied_rate": -99,
        "data_time": "Sat May 02 00:00:00 CST 2026"
      }
    },
    {
      "type": "Feature",
      "geometry": {
        "type": "Point",
        "coordinates": [
          121.5521898,
          25.0374523
        ]
      },
      "properties": {
        "id": "TPE0737",
        "name": "北歐停車場",
        "area": "大安區",
        "address": "仁愛路4段230、232號地下1層",
        "summary": "大型車:0格，小型車:25格(含身心障礙停車位1格)，機車:0格",
        "tel": "2709-1667",
        "car": 25,
        "motor": 0,
        "charging": 0,
        "occupied_rate": -99,
        "data_time": "Sat May 02 00:00:00 CST 2026"
      }
    },
    {
      "type": "Feature",
      "geometry": {
        "type": "Point",
        "coordinates": [
          121.5372123,
          25.0677715
        ]
      },
      "properties": {
        "id": "TPE0738",
        "name": "臺北農產運銷股份有限公司第二果菜批發市場停車場",
        "area": "中山區",
        "address": "民族東路336號地下1至2層及地上4至RF層",
        "summary": "大型車:0格，小型車:606格(含身心障礙停車位15格)，機車:0格，充電格位:12格",
        "tel": "2516-2519#1122、1125",
        "car": 606,
        "motor": 0,
        "charging": 0,
        "occupied_rate": -99,
        "data_time": "Sat May 02 00:00:00 CST 2026"
      }
    },
    {
      "type": "Feature",
      "geometry": {
        "type": "Point",
        "coordinates": [
          121.5787729,
          24.9973636
        ]
      },
      "properties": {
        "id": "TPE0739",
        "name": "嘟嘟房動物園站停車場",
        "area": "文山區",
        "address": "新光路2段28號地下1至2層",
        "summary": "大型車:0格，小型車:150格(含身心障礙停車位4格)，機車:200格(含身心障礙停車位4格)，充電格位:3格",
        "tel": "0225573722",
        "car": 150,
        "motor": 200,
        "charging": 0,
        "occupied_rate": -99,
        "data_time": "Sat May 02 00:00:00 CST 2026"
      }
    },
    {
      "type": "Feature",
      "geometry": {
        "type": "Point",
        "coordinates": [
          121.5515412,
          25.0442709
        ]
      },
      "properties": {
        "id": "TPE0740",
        "name": "台灣聯通敦化停車場",
        "area": "大安區",
        "address": "市民大道4段136-4號",
        "summary": "大型車:0格，小型車:38格(含身心障礙停車位1格)，機車:0格",
        "tel": "2523-5000",
        "car": 38,
        "motor": 0,
        "charging": 0,
        "occupied_rate": -99,
        "data_time": "Sat May 02 00:00:00 CST 2026"
      }
    },
    {
      "type": "Feature",
      "geometry": {
        "type": "Point",
        "coordinates": [
          121.5462028,
          25.0205152
        ]
      },
      "properties": {
        "id": "TPE0741",
        "name": "大安運動中心停車場",
        "area": "大安區",
        "address": "辛亥路3段55號",
        "summary": "大型車:0格，小型車:52格(含身心障礙停車位2格，孕婦、育有六歲以下兒童停車位1格)，機車:117格(含身心障礙停車位3格)，充電格位:2格",
        "tel": "2377-0300",
        "car": 52,
        "motor": 117,
        "charging": 0,
        "occupied_rate": -99,
        "data_time": "Sat May 02 00:00:00 CST 2026"
      }
    },
    {
      "type": "Feature",
      "geometry": {
        "type": "Point",
        "coordinates": [
          121.5222727,
          25.0897585
        ]
      },
      "properties": {
        "id": "TPE0742",
        "name": "承德公園地下停車場",
        "area": "士林區",
        "address": "基河路150號地下（地下共2層）",
        "summary": "大型車:0格，小型車:176格(含身心障礙停車位6格，孕婦、育有六歲以下兒童停車位5格)，機車:60格(含身心障礙停車位2格)，充電格位:4格",
        "tel": "0226550818",
        "car": 176,
        "motor": 60,
        "charging": 0,
        "occupied_rate": -99,
        "data_time": "Sat May 02 00:00:00 CST 2026"
      }
    },
    {
      "type": "Feature",
      "geometry": {
        "type": "Point",
        "coordinates": [
          121.5607612,
          25.0327392
        ]
      },
      "properties": {
        "id": "TPE0744",
        "name": "叭叭房曼哈頓大樓停車場",
        "area": "信義區",
        "address": "信義路5段8號地下2層(車位編號：19等1格)、地下3層(車位編號：1至3、12、18等5格)、地下4層(車位編號：1、3至6、8、11、15、16、18至23、28等16格)、地下5層(車位編號：1、4至11、 18至20、28至32等17格)",
        "summary": "大型車:0格，小型車:39格(含身心障礙停車位1格)，機車:0格",
        "tel": "2655-0000",
        "car": 39,
        "motor": 0,
        "charging": 0,
        "occupied_rate": -99,
        "data_time": "Sat May 02 00:00:00 CST 2026"
      }
    },
    {
      "type": "Feature",
      "geometry": {
        "type": "Point",
        "coordinates": [
          121.5175938,
          25.0738584
        ]
      },
      "properties": {
        "id": "TPE0746",
        "name": "保安停車場",
        "area": "大同區",
        "address": "哈密街41、43、45號空地",
        "summary": "大型車:0格，小型車:17格(含身心障礙停車位1格)，機車:0格",
        "tel": "0283695098",
        "car": 17,
        "motor": 0,
        "charging": 0,
        "occupied_rate": -99,
        "data_time": "Sat May 02 00:00:00 CST 2026"
      }
    },
    {
      "type": "Feature",
      "geometry": {
        "type": "Point",
        "coordinates": [
          121.5223888,
          25.0266022
        ]
      },
      "properties": {
        "id": "TPE0747",
        "name": "巧巧生活事業有限公司",
        "area": "中正區",
        "address": "羅斯福路2段102號地下4層之1",
        "summary": "大型車:0格，小型車:39格(含身心障礙停車位2格)，機車:0格",
        "tel": "2364-8270",
        "car": 39,
        "motor": 0,
        "charging": 0,
        "occupied_rate": -99,
        "data_time": "Sat May 02 00:00:00 CST 2026"
      }
    },
    {
      "type": "Feature",
      "geometry": {
        "type": "Point",
        "coordinates": [
          121.5647891,
          25.0788459
        ]
      },
      "properties": {
        "id": "TPE0749",
        "name": "叭叭房內湖科技大樓停車場",
        "area": "內湖區",
        "address": "堤頂大道2段301號地下2層(車位編號:99.115至118.128.129等7格)、地下3層(車位編號:46.47.49.50.55至58.61至63.65至69.71至75.78至87.89等32格)、地下4層(車位編號:1至45等45格)",
        "summary": "大型車:0格，小型車:84格(含身心障礙停車位2格)，機車:0格",
        "tel": "2655-0000",
        "car": 84,
        "motor": 0,
        "charging": 0,
        "occupied_rate": -99,
        "data_time": "Sat May 02 00:00:00 CST 2026"
      }
    },
    {
      "type": "Feature",
      "geometry": {
        "type": "Point",
        "coordinates": [
          121.5637775,
          25.0823887
        ]
      },
      "properties": {
        "id": "TPE0750",
        "name": "叭叭房西湖大樓停車場",
        "area": "內湖區",
        "address": "基湖路10巷57號地下2層(車位編號:25.26.33.34.38.40. 44等7格)、地下3層(車位編號:3至6.8至15.17至20等16格)",
        "summary": "大型車:0格，小型車:23格(含身心障礙停車位1格)，機車:0格",
        "tel": "2655-0000",
        "car": 23,
        "motor": 0,
        "charging": 0,
        "occupied_rate": -99,
        "data_time": "Sat May 02 00:00:00 CST 2026"
      }
    },
    {
      "type": "Feature",
      "geometry": {
        "type": "Point",
        "coordinates": [
          121.5781529,
          25.0736372
        ]
      },
      "properties": {
        "id": "TPE0751",
        "name": "叭叭房陽光大樓停車場",
        "area": "內湖區",
        "address": "陽光街242號地下1層(車位編號:78.81.82.97.99.100.103.104等8格)、地下2層(車位編號:40至54.56.58至62.69.71至76等28格)、地下3層(車位編號:2至5.7至12.14.15.20至27.29.30.32至34.38.39等27格)",
        "summary": "大型車:0格，小型車:63格(含身心障礙停車位2格)，機車:0格",
        "tel": "2655-0000",
        "car": 63,
        "motor": 0,
        "charging": 0,
        "occupied_rate": -99,
        "data_time": "Sat May 02 00:00:00 CST 2026"
      }
    },
    {
      "type": "Feature",
      "geometry": {
        "type": "Point",
        "coordinates": [
          121.611297,
          25.056595
        ]
      },
      "properties": {
        "id": "TPE0752",
        "name": "南港國小地下停車場",
        "area": "南港區",
        "address": "興東街59號（地下1至2層）",
        "summary": "大型車:0格，小型車:313格(含身心障礙停車位8格，孕婦、育有六歲以下兒童停車位8格)，機車:86格(含身心障礙停車位2格)，大型重機:2格，充電格位:8格",
        "tel": "0800021111",
        "car": 313,
        "motor": 86,
        "charging": 0,
        "occupied_rate": -99,
        "data_time": "Sat May 02 00:00:00 CST 2026"
      }
    },
    {
      "type": "Feature",
      "geometry": {
        "type": "Point",
        "coordinates": [
          121.5235483,
          25.049209
        ]
      },
      "properties": {
        "id": "TPE0753",
        "name": "榮帝長安大樓場",
        "area": "中山區",
        "address": "長安東路1段18號地下1至3層",
        "summary": "大型車:0格，小型車:145格(含身心障礙停車位3格)，機車:0格，充電格位:1格",
        "tel": "02-22702916",
        "car": 145,
        "motor": 0,
        "charging": 0,
        "occupied_rate": -99,
        "data_time": "Sat May 02 00:00:00 CST 2026"
      }
    },
    {
      "type": "Feature",
      "geometry": {
        "type": "Point",
        "coordinates": [
          121.4893686,
          25.0303845
        ]
      },
      "properties": {
        "id": "TPE0754",
        "name": "環南停車場",
        "area": "萬華區",
        "address": "環河南路2段338號4至5層",
        "summary": "大型車:0格，小型車:159格(含身心障礙停車位4格)，機車:0格，充電格位:4格",
        "tel": "0932237171",
        "car": 159,
        "motor": 0,
        "charging": 0,
        "occupied_rate": -99,
        "data_time": "Sat May 02 00:00:00 CST 2026"
      }
    },
    {
      "type": "Feature",
      "geometry": {
        "type": "Point",
        "coordinates": [
          121.5891098,
          25.0797692
        ]
      },
      "properties": {
        "id": "TPE0755",
        "name": "台灣聯通文成停車場",
        "area": "內湖區",
        "address": "文德路273號旁空地",
        "summary": "大型車:0格，小型車:46格(含身心障礙停車位1格)，機車:0格",
        "tel": "022523-5000",
        "car": 46,
        "motor": 0,
        "charging": 0,
        "occupied_rate": -99,
        "data_time": "Sat May 02 00:00:00 CST 2026"
      }
    },
    {
      "type": "Feature",
      "geometry": {
        "type": "Point",
        "coordinates": [
          121.5105391,
          25.0549487
        ]
      },
      "properties": {
        "id": "TPE0756",
        "name": "驛東交停企業有限公司永樂場",
        "area": "大同區",
        "address": "迪化街1段21號地下1層",
        "summary": "大型車:0格，小型車:45格(含身心障礙停車位1格，孕婦、育有六歲以下兒童停車位2格)，機車:74格(含身心障礙停車位2格)，充電格位:1格",
        "tel": "23621685",
        "car": 45,
        "motor": 74,
        "charging": 0,
        "occupied_rate": -99,
        "data_time": "Sat May 02 00:00:00 CST 2026"
      }
    },
    {
      "type": "Feature",
      "geometry": {
        "type": "Point",
        "coordinates": [
          121.5236907,
          25.1135581
        ]
      },
      "properties": {
        "id": "TPE0757",
        "name": "嘟嘟房北投榮華站停車場",
        "area": "北投區",
        "address": "榮華三路24巷旁空地",
        "summary": "大型車:0格，小型車:45格(含身心障礙停車位1格)，機車:0格",
        "tel": "(02)26550818",
        "car": 45,
        "motor": 0,
        "charging": 0,
        "occupied_rate": -99,
        "data_time": "Sat May 02 00:00:00 CST 2026"
      }
    },
    {
      "type": "Feature",
      "geometry": {
        "type": "Point",
        "coordinates": [
          121.5167957,
          25.0564957
        ]
      },
      "properties": {
        "id": "TPE0758",
        "name": "蓬萊國小地下停車場",
        "area": "大同區",
        "address": "寧夏路35號地下(地下共2層)",
        "summary": "大型車:0格，小型車:286格(含身心障礙停車位6格，孕婦、育有六歲以下兒童停車位7格)，機車:144格(含身心障礙停車位3格)，充電格位:6格",
        "tel": "02-25573722",
        "car": 286,
        "motor": 144,
        "charging": 0,
        "occupied_rate": -99,
        "data_time": "Sat May 02 00:00:00 CST 2026"
      }
    },
    {
      "type": "Feature",
      "geometry": {
        "type": "Point",
        "coordinates": [
          121.4943296,
          25.0335573
        ]
      },
      "properties": {
        "id": "TPE0759",
        "name": "臺北製糖所文化園區地下停車場",
        "area": "萬華區",
        "address": "大理街160巷2號地下",
        "summary": "大型車:0格，小型車:70格(含身心障礙停車位2格，孕婦、育有六歲以下兒童停車位1格)，機車:0格，充電格位:1格",
        "tel": "23026296",
        "car": 70,
        "motor": 0,
        "charging": 0,
        "occupied_rate": -99,
        "data_time": "Sat May 02 00:00:00 CST 2026"
      }
    },
    {
      "type": "Feature",
      "geometry": {
        "type": "Point",
        "coordinates": [
          121.57595,
          25.0723299
        ]
      },
      "properties": {
        "id": "TPE0760",
        "name": "叭叭房亞太C區停車場",
        "area": "內湖區",
        "address": "瑞湖街88號地下2至4層",
        "summary": "大型車:0格，小型車:264格(含身心障礙停車位6格)，機車:0格",
        "tel": "2655-0000",
        "car": 264,
        "motor": 0,
        "charging": 0,
        "occupied_rate": -99,
        "data_time": "Sat May 02 00:00:00 CST 2026"
      }
    },
    {
      "type": "Feature",
      "geometry": {
        "type": "Point",
        "coordinates": [
          121.5373078,
          25.1115052
        ]
      },
      "properties": {
        "id": "TPE0761",
        "name": "愛馬屋天母場",
        "area": "士林區",
        "address": "士東路286巷32號",
        "summary": "大型車:0格，小型車:17格(含身心障礙停車位1格)，機車:0格",
        "tel": "0223457749",
        "car": 17,
        "motor": 0,
        "charging": 0,
        "occupied_rate": -99,
        "data_time": "Sat May 02 00:00:00 CST 2026"
      }
    },
    {
      "type": "Feature",
      "geometry": {
        "type": "Point",
        "coordinates": [
          121.5299166,
          25.0137715
        ]
      },
      "properties": {
        "id": "TPE0762",
        "name": "國立臺灣大學水源校區平面停車場",
        "area": "中正區",
        "address": "思源街18號",
        "summary": "大型車:0格，小型車:143格(含身心障礙停車位3格，孕婦、育有六歲以下兒童停車位3格)，機車:0格，充電格位:4格",
        "tel": "3366-3366",
        "car": 143,
        "motor": 0,
        "charging": 0,
        "occupied_rate": -99,
        "data_time": "Sat May 02 00:00:00 CST 2026"
      }
    },
    {
      "type": "Feature",
      "geometry": {
        "type": "Point",
        "coordinates": [
          121.5877103,
          25.0449222
        ]
      },
      "properties": {
        "id": "TPE0763",
        "name": "成德國中運動中心停車場",
        "area": "南港區",
        "address": "東新街108巷23號地下1層",
        "summary": "大型車:0格，小型車:25格(含身心障礙停車位1格，孕婦、育有六歲以下兒童停車位1格)，機車:0格，充電格位:1格",
        "tel": "022782-5000",
        "car": 25,
        "motor": 0,
        "charging": 0,
        "occupied_rate": -99,
        "data_time": "Sat May 02 00:00:00 CST 2026"
      }
    },
    {
      "type": "Feature",
      "geometry": {
        "type": "Point",
        "coordinates": [
          121.5365259,
          25.013179
        ]
      },
      "properties": {
        "id": "TPE0764",
        "name": "吉拾停車場台大尊賢場",
        "area": "大安區",
        "address": "羅斯福路4段83號地下2層",
        "summary": "大型車:0格，小型車:27格(含身心障礙停車位1格)，機車:0格",
        "tel": "8913-6689",
        "car": 27,
        "motor": 0,
        "charging": 0,
        "occupied_rate": -99,
        "data_time": "Sat May 02 00:00:00 CST 2026"
      }
    },
    {
      "type": "Feature",
      "geometry": {
        "type": "Point",
        "coordinates": [
          121.5723683,
          25.0412829
        ]
      },
      "properties": {
        "id": "TPE0765",
        "name": "忠孝東路五段停車場",
        "area": "信義區",
        "address": "忠孝東路5段293號地下1層",
        "summary": "大型車:0格，小型車:14格(含身心障礙停車位1格)，機車:0格",
        "tel": "0225366655",
        "car": 14,
        "motor": 0,
        "charging": 0,
        "occupied_rate": -99,
        "data_time": "Sat May 02 00:00:00 CST 2026"
      }
    },
    {
      "type": "Feature",
      "geometry": {
        "type": "Point",
        "coordinates": [
          121.5651499,
          25.0408681
        ]
      },
      "properties": {
        "id": "TPE0766",
        "name": "市府轉運站停車場",
        "area": "信義區",
        "address": "忠孝東路5段6號地下1至2、4至5層",
        "summary": "大型車:0格，小型車:473格(含身心障礙停車位10格，孕婦、育有六歲以下兒童停車位10格)，機車:595格(含身心障礙停車位12格)，充電格位:10格",
        "tel": "",
        "car": 473,
        "motor": 595,
        "charging": 0,
        "occupied_rate": -99,
        "data_time": "Sat May 02 00:00:00 CST 2026"
      }
    },
    {
      "type": "Feature",
      "geometry": {
        "type": "Point",
        "coordinates": [
          121.5531242,
          25.0849973
        ]
      },
      "properties": {
        "id": "TPE0767",
        "name": "明水三平面停車場",
        "area": "中山區",
        "address": "北安路與北安路770巷交口空地",
        "summary": "大型車:0格，小型車:47格(含身心障礙停車位1格)，機車:0格",
        "tel": "022517-2642",
        "car": 47,
        "motor": 0,
        "charging": 0,
        "occupied_rate": -99,
        "data_time": "Sat May 02 00:00:00 CST 2026"
      }
    },
    {
      "type": "Feature",
      "geometry": {
        "type": "Point",
        "coordinates": [
          121.5096772,
          25.0354826
        ]
      },
      "properties": {
        "id": "TPE0769",
        "name": "城市車旅廣州街站停車場",
        "area": "中正區",
        "address": "廣州街1-1號旁空地",
        "summary": "大型車:0格，小型車:89格(含身心障礙停車位2格，孕婦、育有六歲以下兒童停車位2格)，機車:0格，充電格位:2格",
        "tel": "0800208333",
        "car": 89,
        "motor": 0,
        "charging": 0,
        "occupied_rate": -99,
        "data_time": "Sat May 02 00:00:00 CST 2026"
      }
    },
    {
      "type": "Feature",
      "geometry": {
        "type": "Point",
        "coordinates": [
          121.5632001,
          24.9845312
        ]
      },
      "properties": {
        "id": "TPE0770",
        "name": "嘟嘟房文山忠順站停車場",
        "area": "文山區",
        "address": "忠順街2段22號地下1層",
        "summary": "大型車:0格，小型車:8格(含身心障礙停車位1格)，機車:0格",
        "tel": "022655-0818",
        "car": 8,
        "motor": 0,
        "charging": 0,
        "occupied_rate": -99,
        "data_time": "Sat May 02 00:00:00 CST 2026"
      }
    },
    {
      "type": "Feature",
      "geometry": {
        "type": "Point",
        "coordinates": [
          121.4985227,
          25.0158256
        ]
      },
      "properties": {
        "id": "TPE0771",
        "name": "臺北市第一果菜批發市場堤外專屬停車場",
        "area": "萬華區",
        "address": "華中橋堤外",
        "summary": "大型車:0格，小型車:1695格(含身心障礙停車位44格)，機車:181格(含身心障礙停車位4格)",
        "tel": "2307-7130#123",
        "car": 1695,
        "motor": 181,
        "charging": 0,
        "occupied_rate": -99,
        "data_time": "Sat May 02 00:00:00 CST 2026"
      }
    },
    {
      "type": "Feature",
      "geometry": {
        "type": "Point",
        "coordinates": [
          121.5500667,
          25.031215
        ]
      },
      "properties": {
        "id": "TPE0772",
        "name": "USPACE敦南金三角場",
        "area": "大安區",
        "address": "敦化南路2段63巷21弄9號對面空地",
        "summary": "大型車:0格，小型車:4格(含身心障礙停車位1格)，機車:0格",
        "tel": "0933223591",
        "car": 4,
        "motor": 0,
        "charging": 0,
        "occupied_rate": -99,
        "data_time": "Sat May 02 00:00:00 CST 2026"
      }
    },
    {
      "type": "Feature",
      "geometry": {
        "type": "Point",
        "coordinates": [
          121.5177397,
          25.0454895
        ]
      },
      "properties": {
        "id": "TPE0773",
        "name": "中山南路2巷臨時平面停車場",
        "area": "中正區",
        "address": "中山南路2巷",
        "summary": "大型車:0格，小型車:0格，機車:100格(含身心障礙停車位2格)",
        "tel": "27590666",
        "car": 0,
        "motor": 100,
        "charging": 0,
        "occupied_rate": -99,
        "data_time": "Sat May 02 00:00:00 CST 2026"
      }
    },
    {
      "type": "Feature",
      "geometry": {
        "type": "Point",
        "coordinates": [
          121.5508549,
          25.0161149
        ]
      },
      "properties": {
        "id": "TPE0774",
        "name": "助安企業股份有限公司黎元停車場",
        "area": "大安區",
        "address": "辛亥路3段223號空地",
        "summary": "大型車:0格，小型車:97格(含身心障礙停車位2格，孕婦、育有六歲以下兒童停車位2格)，機車:0格，充電格位:2格",
        "tel": "2754-6661",
        "car": 97,
        "motor": 0,
        "charging": 0,
        "occupied_rate": -99,
        "data_time": "Sat May 02 00:00:00 CST 2026"
      }
    },
    {
      "type": "Feature",
      "geometry": {
        "type": "Point",
        "coordinates": [
          121.5869163,
          25.0418062
        ]
      },
      "properties": {
        "id": "TPE0775",
        "name": "玉成公園地下停車場",
        "area": "南港區",
        "address": "成福路118號地下",
        "summary": "大型車:0格，小型車:412格(含身心障礙停車位9格，孕婦、育有六歲以下兒童停車位10格)，機車:83格(含身心障礙停車位3格)，大型重機:1格，充電格位:10格",
        "tel": "0226517459",
        "car": 412,
        "motor": 83,
        "charging": 0,
        "occupied_rate": -99,
        "data_time": "Sat May 02 00:00:00 CST 2026"
      }
    },
    {
      "type": "Feature",
      "geometry": {
        "type": "Point",
        "coordinates": [
          121.5781032,
          25.0607228
        ]
      },
      "properties": {
        "id": "TPE0776",
        "name": "吉拾停車場內湖一場",
        "area": "內湖區",
        "address": "舊宗路1段128號地上1層、地下1、2層",
        "summary": "大型車:0格，小型車:548格(含身心障礙停車位11格，孕婦、育有六歲以下兒童停車位14格)，機車:232格(含身心障礙停車位5格)，充電格位:6格",
        "tel": "89136689",
        "car": 548,
        "motor": 232,
        "charging": 0,
        "occupied_rate": -99,
        "data_time": "Sat May 02 00:00:00 CST 2026"
      }
    },
    {
      "type": "Feature",
      "geometry": {
        "type": "Point",
        "coordinates": [
          121.5461607,
          25.0326085
        ]
      },
      "properties": {
        "id": "TPE0778",
        "name": "Times大安路二段",
        "area": "大安區",
        "address": "大安路2段17號旁",
        "summary": "大型車:0格，小型車:15格(含身心障礙停車位1格)，機車:0格",
        "tel": "0809008924",
        "car": 15,
        "motor": 0,
        "charging": 0,
        "occupied_rate": -99,
        "data_time": "Sat May 02 00:00:00 CST 2026"
      }
    },
    {
      "type": "Feature",
      "geometry": {
        "type": "Point",
        "coordinates": [
          121.5679817,
          25.0384017
        ]
      },
      "properties": {
        "id": "TPE0780",
        "name": "新光信義金融停車場",
        "area": "信義區",
        "address": "松仁路36號地下2層",
        "summary": "大型車:0格，小型車:121格(含身心障礙停車位3格)，機車:0格",
        "tel": "2720-2226分機6666",
        "car": 121,
        "motor": 0,
        "charging": 0,
        "occupied_rate": -99,
        "data_time": "Sat May 02 00:00:00 CST 2026"
      }
    },
    {
      "type": "Feature",
      "geometry": {
        "type": "Point",
        "coordinates": [
          121.5701816,
          25.0824319
        ]
      },
      "properties": {
        "id": "TPE0783",
        "name": "西湖公園地下停車場",
        "area": "內湖區",
        "address": "內湖路1段387巷38號地下",
        "summary": "大型車:0格，小型車:175格(含身心障礙停車位4格，孕婦、育有六歲以下兒童停車位3格)，機車:0格，大型重機:2格，充電格位:4格",
        "tel": "0226587429",
        "car": 175,
        "motor": 0,
        "charging": 0,
        "occupied_rate": -99,
        "data_time": "Sat May 02 00:00:00 CST 2026"
      }
    },
    {
      "type": "Feature",
      "geometry": {
        "type": "Point",
        "coordinates": [
          121.5180299,
          25.0759176
        ]
      },
      "properties": {
        "id": "TPE0784",
        "name": "敦煌路大型車平面停車場",
        "area": "大同區",
        "address": "敦煌路21巷內",
        "summary": "大型車:12格，小型車:0格，機車:0格",
        "tel": "2759-0666",
        "car": 0,
        "motor": 0,
        "charging": 0,
        "occupied_rate": -99,
        "data_time": "Sat May 02 00:00:00 CST 2026"
      }
    },
    {
      "type": "Feature",
      "geometry": {
        "type": "Point",
        "coordinates": [
          121.5192846,
          25.0775676
        ]
      },
      "properties": {
        "id": "TPE0785",
        "name": "承德橋下停車場",
        "area": "大同區",
        "address": "明倫高中後方越堤道路(通河街-橋下)",
        "summary": "大型車:0格，小型車:179格(含身心障礙停車位4格)，機車:62格(含身心障礙停車位2格)",
        "tel": "2759-0666",
        "car": 179,
        "motor": 62,
        "charging": 0,
        "occupied_rate": -99,
        "data_time": "Sat May 02 00:00:00 CST 2026"
      }
    },
    {
      "type": "Feature",
      "geometry": {
        "type": "Point",
        "coordinates": [
          121.5501236,
          25.08093
        ]
      },
      "properties": {
        "id": "TPE0786",
        "name": "Times北安路第3",
        "area": "中山區",
        "address": "北安路588巷22號旁",
        "summary": "大型車:0格，小型車:20格(含身心障礙停車位1格)，機車:0格",
        "tel": "2504-6098",
        "car": 20,
        "motor": 0,
        "charging": 0,
        "occupied_rate": -99,
        "data_time": "Sat May 02 00:00:00 CST 2026"
      }
    },
    {
      "type": "Feature",
      "geometry": {
        "type": "Point",
        "coordinates": [
          121.5028962,
          25.1212204
        ]
      },
      "properties": {
        "id": "TPE0787",
        "name": "公舘路平面停車場",
        "area": "北投區",
        "address": "公舘路與西安街口",
        "summary": "大型車:0格，小型車:132格(含身心障礙停車位3格)，機車:33格(含身心障礙停車位1格)，大型重機:1格，充電格位:4格",
        "tel": "(02)25683773",
        "car": 132,
        "motor": 33,
        "charging": 0,
        "occupied_rate": -99,
        "data_time": "Sat May 02 00:00:00 CST 2026"
      }
    },
    {
      "type": "Feature",
      "geometry": {
        "type": "Point",
        "coordinates": [
          121.5696637,
          25.0775543
        ]
      },
      "properties": {
        "id": "TPE0788",
        "name": "嘟嘟房內湖堤頂3站停車場",
        "area": "內湖區",
        "address": "堤頂大道2段183、185號地下1-5層",
        "summary": "大型車:0格，小型車:191格(含身心障礙停車位3格)，機車:330格(含身心障礙停車位6格)",
        "tel": "26550818",
        "car": 191,
        "motor": 330,
        "charging": 0,
        "occupied_rate": -99,
        "data_time": "Sat May 02 00:00:00 CST 2026"
      }
    },
    {
      "type": "Feature",
      "geometry": {
        "type": "Point",
        "coordinates": [
          121.5168553,
          25.0617499
        ]
      },
      "properties": {
        "id": "TPE0789",
        "name": "168停車聯盟-承德場",
        "area": "大同區",
        "address": "民權西路102巷4弄25號旁空地",
        "summary": "大型車:0格，小型車:35格(含身心障礙停車位1格)，機車:0格",
        "tel": "2754-6661",
        "car": 35,
        "motor": 0,
        "charging": 0,
        "occupied_rate": -99,
        "data_time": "Sat May 02 00:00:00 CST 2026"
      }
    },
    {
      "type": "Feature",
      "geometry": {
        "type": "Point",
        "coordinates": [
          121.616738,
          25.0547647
        ]
      },
      "properties": {
        "id": "TPE0791",
        "name": "嘟嘟房捷運南港展覽館站停車場",
        "area": "南港區",
        "address": "研究院路1段1號地下1層",
        "summary": "大型車:0格，小型車:0格，機車:1050格(含身心障礙停車位21格)",
        "tel": "(02)26550818",
        "car": 0,
        "motor": 1050,
        "charging": 0,
        "occupied_rate": -99,
        "data_time": "Sat May 02 00:00:00 CST 2026"
      }
    },
    {
      "type": "Feature",
      "geometry": {
        "type": "Point",
        "coordinates": [
          121.5480599,
          25.0479469
        ]
      },
      "properties": {
        "id": "TPE0792",
        "name": "便利停車場萬國站",
        "area": "松山區",
        "address": "敦化南路1段2號地下1至4層",
        "summary": "大型車:0格，小型車:123格(含身心障礙停車位3格)，機車:0格",
        "tel": "(02)27991001",
        "car": 123,
        "motor": 0,
        "charging": 0,
        "occupied_rate": -99,
        "data_time": "Sat May 02 00:00:00 CST 2026"
      }
    },
    {
      "type": "Feature",
      "geometry": {
        "type": "Point",
        "coordinates": [
          121.5497333,
          25.0232242
        ]
      },
      "properties": {
        "id": "TPE0793",
        "name": "168停車聯盟-樂業場",
        "area": "大安區",
        "address": "樂業街29號對面空地",
        "summary": "大型車:0格，小型車:2格(含身心障礙停車位1格)，機車:0格",
        "tel": "2754-6661#18",
        "car": 2,
        "motor": 0,
        "charging": 0,
        "occupied_rate": -99,
        "data_time": "Sat May 02 00:00:00 CST 2026"
      }
    },
    {
      "type": "Feature",
      "geometry": {
        "type": "Point",
        "coordinates": [
          121.5504986,
          25.0420087
        ]
      },
      "properties": {
        "id": "TPE0796",
        "name": "羅馬東區地下停車場",
        "area": "大安區",
        "address": "忠孝東路4段177號地下1層",
        "summary": "大型車:0格，小型車:15格(含身心障礙停車位1格)，機車:0格",
        "tel": "7751-8097",
        "car": 15,
        "motor": 0,
        "charging": 0,
        "occupied_rate": -99,
        "data_time": "Sat May 02 00:00:00 CST 2026"
      }
    },
    {
      "type": "Feature",
      "geometry": {
        "type": "Point",
        "coordinates": [
          121.5661121,
          24.9884113
        ]
      },
      "properties": {
        "id": "TPE0797",
        "name": "木柵路三段平面停車場",
        "area": "文山區",
        "address": "木柵路3段85號對面",
        "summary": "大型車:0格，小型車:86格(含身心障礙停車位3格)，機車:39格，大型重機:1格",
        "tel": "2759-0666",
        "car": 86,
        "motor": 39,
        "charging": 0,
        "occupied_rate": -99,
        "data_time": "Sat May 02 00:00:00 CST 2026"
      }
    },
    {
      "type": "Feature",
      "geometry": {
        "type": "Point",
        "coordinates": [
          121.6136939,
          25.0593093
        ]
      },
      "properties": {
        "id": "TPE0798",
        "name": "南港園區站",
        "area": "南港區",
        "address": "園區街6號地下2-4層",
        "summary": "大型車:0格，小型車:92格(含身心障礙停車位1格)，機車:0格",
        "tel": "2788-2092",
        "car": 92,
        "motor": 0,
        "charging": 0,
        "occupied_rate": -99,
        "data_time": "Sat May 02 00:00:00 CST 2026"
      }
    },
    {
      "type": "Feature",
      "geometry": {
        "type": "Point",
        "coordinates": [
          121.5222738,
          25.0919184
        ]
      },
      "properties": {
        "id": "TPE0799",
        "name": "Times 基河路第5",
        "area": "士林區",
        "address": "基河路251巷與福德路交叉口",
        "summary": "大型車:0格，小型車:9格(含身心障礙停車位1格)，機車:0格",
        "tel": "(02)28811111",
        "car": 9,
        "motor": 0,
        "charging": 0,
        "occupied_rate": -99,
        "data_time": "Sat May 02 00:00:00 CST 2026"
      }
    },
    {
      "type": "Feature",
      "geometry": {
        "type": "Point",
        "coordinates": [
          121.6144438,
          25.0573945
        ]
      },
      "properties": {
        "id": "TPE0800",
        "name": "南港軟體園區南軟大樓地下室停車場",
        "area": "南港區",
        "address": "三重路66號地下2層",
        "summary": "大型車:0格，小型車:41格(含身心障礙停車位1格，孕婦、育有六歲以下兒童停車位1格)，機車:0格，充電格位:6格",
        "tel": "022654-9101#369",
        "car": 41,
        "motor": 0,
        "charging": 0,
        "occupied_rate": -99,
        "data_time": "Sat May 02 00:00:00 CST 2026"
      }
    },
    {
      "type": "Feature",
      "geometry": {
        "type": "Point",
        "coordinates": [
          121.5284236,
          25.0329299
        ]
      },
      "properties": {
        "id": "TPE0801",
        "name": "Times金山南路",
        "area": "大安區",
        "address": "金山南路2段31巷25號旁",
        "summary": "大型車:0格，小型車:4格(含身心障礙停車位1格)，機車:0格",
        "tel": "0800-88-8924；2504-6098",
        "car": 4,
        "motor": 0,
        "charging": 0,
        "occupied_rate": -99,
        "data_time": "Sat May 02 00:00:00 CST 2026"
      }
    },
    {
      "type": "Feature",
      "geometry": {
        "type": "Point",
        "coordinates": [
          121.54308,
          24.9981572
        ]
      },
      "properties": {
        "id": "TPE0802",
        "name": "群旺企業社景隆營業所",
        "area": "文山區",
        "address": "景隆街36巷2號地下1層",
        "summary": "大型車:0格，小型車:73格(含身心障礙停車位1格，孕婦、育有六歲以下兒童停車位1格)，機車:0格，充電格位:1格",
        "tel": "",
        "car": 73,
        "motor": 0,
        "charging": 0,
        "occupied_rate": -99,
        "data_time": "Sat May 02 00:00:00 CST 2026"
      }
    },
    {
      "type": "Feature",
      "geometry": {
        "type": "Point",
        "coordinates": [
          121.5329887,
          25.1235009
        ]
      },
      "properties": {
        "id": "TPE0803",
        "name": "嘟嘟房天母全聯2站停車場",
        "area": "士林區",
        "address": "中山北路7段154巷6號地下1層",
        "summary": "大型車:0格，小型車:20格(含身心障礙停車位1格)，機車:0格",
        "tel": "0226550818",
        "car": 20,
        "motor": 0,
        "charging": 0,
        "occupied_rate": -99,
        "data_time": "Sat May 02 00:00:00 CST 2026"
      }
    },
    {
      "type": "Feature",
      "geometry": {
        "type": "Point",
        "coordinates": [
          121.5560693,
          24.9983124
        ]
      },
      "properties": {
        "id": "TPE0804",
        "name": "榮帝科技中國科大平面停車場",
        "area": "文山區",
        "address": "興隆路3段192巷8弄27號旁空地",
        "summary": "大型車:0格，小型車:78格(含身心障礙停車位2格)，機車:0格",
        "tel": "02-22702916",
        "car": 78,
        "motor": 0,
        "charging": 0,
        "occupied_rate": -99,
        "data_time": "Sat May 02 00:00:00 CST 2026"
      }
    },
    {
      "type": "Feature",
      "geometry": {
        "type": "Point",
        "coordinates": [
          121.5200972,
          25.0909804
        ]
      },
      "properties": {
        "id": "TPE0807",
        "name": "叭叭房聖賢大樓停車場",
        "area": "士林區",
        "address": "士商路51、53、55、57號地下1至2層",
        "summary": "大型車:0格，小型車:49格(含身心障礙停車位2格，孕婦、育有六歲以下兒童停車位2格)，機車:0格",
        "tel": "0968866828",
        "car": 49,
        "motor": 0,
        "charging": 0,
        "occupied_rate": -99,
        "data_time": "Sat May 02 00:00:00 CST 2026"
      }
    },
    {
      "type": "Feature",
      "geometry": {
        "type": "Point",
        "coordinates": [
          121.5126099,
          25.0285728
        ]
      },
      "properties": {
        "id": "TPE0808",
        "name": "Times和平西路二段",
        "area": "中正區",
        "address": "和平西路2段42號旁空地",
        "summary": "大型車:0格，小型車:13格(含身心障礙停車位1格)，機車:0格",
        "tel": "0809008924",
        "car": 13,
        "motor": 0,
        "charging": 0,
        "occupied_rate": -99,
        "data_time": "Sat May 02 00:00:00 CST 2026"
      }
    },
    {
      "type": "Feature",
      "geometry": {
        "type": "Point",
        "coordinates": [
          121.5749168,
          25.0750987
        ]
      },
      "properties": {
        "id": "TPE0809",
        "name": "双旺停車場瑞光站",
        "area": "內湖區",
        "address": "瑞光路258巷31、33、35、37、39號地下2、3層",
        "summary": "大型車:0格，小型車:90格(含身心障礙停車位1格)，機車:0格",
        "tel": "0932-617-826",
        "car": 90,
        "motor": 0,
        "charging": 0,
        "occupied_rate": -99,
        "data_time": "Sat May 02 00:00:00 CST 2026"
      }
    },
    {
      "type": "Feature",
      "geometry": {
        "type": "Point",
        "coordinates": [
          121.5271831,
          25.0505188
        ]
      },
      "properties": {
        "id": "TPE0810",
        "name": "Times林森八條通第2",
        "area": "中山區",
        "address": "林森北路133巷66號空地",
        "summary": "大型車:0格，小型車:7格(含身心障礙停車位1格)，機車:0格",
        "tel": "2504-6098",
        "car": 7,
        "motor": 0,
        "charging": 0,
        "occupied_rate": -99,
        "data_time": "Sat May 02 00:00:00 CST 2026"
      }
    },
    {
      "type": "Feature",
      "geometry": {
        "type": "Point",
        "coordinates": [
          121.528926,
          25.1155776
        ]
      },
      "properties": {
        "id": "TPE0811",
        "name": "車堡寶實業股份有限公司中山北一場",
        "area": "士林區",
        "address": "中山北路6段776巷76號右側空地",
        "summary": "大型車:0格，小型車:13格(含身心障礙停車位1格)，機車:0格",
        "tel": "2559-8770",
        "car": 13,
        "motor": 0,
        "charging": 0,
        "occupied_rate": -99,
        "data_time": "Sat May 02 00:00:00 CST 2026"
      }
    },
    {
      "type": "Feature",
      "geometry": {
        "type": "Point",
        "coordinates": [
          121.5474811,
          25.0329693
        ]
      },
      "properties": {
        "id": "TPE0812",
        "name": "168停車聯盟-中華信義場",
        "area": "大安區",
        "address": "信義路4段88號地下2至3層",
        "summary": "大型車:0格，小型車:124格(含身心障礙停車位2格)，機車:0格，充電格位:1格",
        "tel": "27546661",
        "car": 124,
        "motor": 0,
        "charging": 0,
        "occupied_rate": -99,
        "data_time": "Sat May 02 00:00:00 CST 2026"
      }
    },
    {
      "type": "Feature",
      "geometry": {
        "type": "Point",
        "coordinates": [
          121.5252019,
          25.0509704
        ]
      },
      "properties": {
        "id": "TPE0813",
        "name": "台灣聯通七條通停車場",
        "area": "中山區",
        "address": "林森北路125號",
        "summary": "大型車:0格，小型車:121格(含身心障礙停車位2格)，機車:0格",
        "tel": "2523-5000",
        "car": 121,
        "motor": 0,
        "charging": 0,
        "occupied_rate": -99,
        "data_time": "Sat May 02 00:00:00 CST 2026"
      }
    },
    {
      "type": "Feature",
      "geometry": {
        "type": "Point",
        "coordinates": [
          121.518647,
          25.09438
        ]
      },
      "properties": {
        "id": "TPE0814",
        "name": "Times基河路第6",
        "area": "士林區",
        "address": "基河路320號旁空地",
        "summary": "大型車:0格，小型車:45格(含身心障礙停車位1格)，機車:0格",
        "tel": "0809008924",
        "car": 45,
        "motor": 0,
        "charging": 0,
        "occupied_rate": -99,
        "data_time": "Sat May 02 00:00:00 CST 2026"
      }
    },
    {
      "type": "Feature",
      "geometry": {
        "type": "Point",
        "coordinates": [
          121.5668522,
          25.0717172
        ]
      },
      "properties": {
        "id": "TPE0815",
        "name": "基隆河濱公園迎風段(一)停車場",
        "area": "松山區",
        "address": "總統手植區-高速公路(往內湖方向堤頂系統交流道)",
        "summary": "大型車:0格，小型車:185格(含身心障礙停車位4格)，機車:94格(含身心障礙停車位4格)",
        "tel": "0227590666",
        "car": 185,
        "motor": 94,
        "charging": 0,
        "occupied_rate": -99,
        "data_time": "Sat May 02 00:00:00 CST 2026"
      }
    },
    {
      "type": "Feature",
      "geometry": {
        "type": "Point",
        "coordinates": [
          121.5625599,
          25.0318183
        ]
      },
      "properties": {
        "id": "TPE0816",
        "name": "信義國小地下停車場",
        "area": "信義區",
        "address": "松勤街60號地下1層",
        "summary": "大型車:0格，小型車:230格(含身心障礙停車位5格，孕婦、育有六歲以下兒童停車位4格)，機車:50格(含身心障礙停車位1格)，充電格位:6格",
        "tel": "",
        "car": 230,
        "motor": 50,
        "charging": 0,
        "occupied_rate": -99,
        "data_time": "Sat May 02 00:00:00 CST 2026"
      }
    },
    {
      "type": "Feature",
      "geometry": {
        "type": "Point",
        "coordinates": [
          121.5501472,
          25.0812143
        ]
      },
      "properties": {
        "id": "TPE0817",
        "name": "Times北安路第5",
        "area": "中山區",
        "address": "北安路588巷21號旁",
        "summary": "大型車:0格，小型車:13格(含身心障礙停車位1格)，機車:0格",
        "tel": "2504-6098",
        "car": 13,
        "motor": 0,
        "charging": 0,
        "occupied_rate": -99,
        "data_time": "Sat May 02 00:00:00 CST 2026"
      }
    },
    {
      "type": "Feature",
      "geometry": {
        "type": "Point",
        "coordinates": [
          121.5075813,
          25.0838803
        ]
      },
      "properties": {
        "id": "TPE0818",
        "name": "葫蘆國小夜間停車場",
        "area": "士林區",
        "address": "環河北路3段95號地下1層",
        "summary": "大型車:0格，小型車:26格(含身心障礙停車位1格)，機車:0格，充電格位:1格",
        "tel": "28129586",
        "car": 26,
        "motor": 0,
        "charging": 0,
        "occupied_rate": -99,
        "data_time": "Sat May 02 00:00:00 CST 2026"
      }
    },
    {
      "type": "Feature",
      "geometry": {
        "type": "Point",
        "coordinates": [
          121.5292422,
          25.109636
        ]
      },
      "properties": {
        "id": "TPE0819",
        "name": "蘭雅公園地下停車場",
        "area": "士林區",
        "address": "德行東路129巷31號地下",
        "summary": "大型車:0格，小型車:155格(含身心障礙停車位4格，孕婦、育有六歲以下兒童停車位5格)，機車:0格，充電格位:4格",
        "tel": "0228318004",
        "car": 155,
        "motor": 0,
        "charging": 0,
        "occupied_rate": -99,
        "data_time": "Sat May 02 00:00:00 CST 2026"
      }
    },
    {
      "type": "Feature",
      "geometry": {
        "type": "Point",
        "coordinates": [
          121.5504675,
          25.0633512
        ]
      },
      "properties": {
        "id": "TPE0820",
        "name": "臺北國際航空站大客車收費停車場",
        "area": "松山區",
        "address": "敦化北路390號",
        "summary": "大型車:11格，小型車:0格，機車:0格",
        "tel": "8770-3415",
        "car": 0,
        "motor": 0,
        "charging": 0,
        "occupied_rate": -99,
        "data_time": "Sat May 02 00:00:00 CST 2026"
      }
    },
    {
      "type": "Feature",
      "geometry": {
        "type": "Point",
        "coordinates": [
          121.573229,
          25.0753761
        ]
      },
      "properties": {
        "id": "TPE0821",
        "name": "聯永物業股份有限公司內湖七站",
        "area": "內湖區",
        "address": "瑞光路316巷37號旁空地",
        "summary": "大型車:0格，小型車:15格(含身心障礙停車位1格)，機車:0格",
        "tel": "0226546264",
        "car": 15,
        "motor": 0,
        "charging": 0,
        "occupied_rate": -99,
        "data_time": "Sat May 02 00:00:00 CST 2026"
      }
    },
    {
      "type": "Feature",
      "geometry": {
        "type": "Point",
        "coordinates": [
          121.5598651,
          25.0502164
        ]
      },
      "properties": {
        "id": "TPE0822",
        "name": "叭叭房光復大樓地下停車場",
        "area": "松山區",
        "address": "光復北路11巷35號地下3至4層",
        "summary": "大型車:0格，小型車:111格(含身心障礙停車位3格，孕婦、育有六歲以下兒童停車位2格)，機車:0格，充電格位:2格",
        "tel": "0227684999#806",
        "car": 111,
        "motor": 0,
        "charging": 0,
        "occupied_rate": -99,
        "data_time": "Sat May 02 00:00:00 CST 2026"
      }
    },
    {
      "type": "Feature",
      "geometry": {
        "type": "Point",
        "coordinates": [
          121.5906432,
          25.0820901
        ]
      },
      "properties": {
        "id": "TPE0823",
        "name": "中國附醫台北停車場",
        "area": "內湖區",
        "address": "內湖路2段360號地下2層",
        "summary": "大型車:0格，小型車:13格(含身心障礙停車位1格)，機車:0格",
        "tel": "0222461708",
        "car": 13,
        "motor": 0,
        "charging": 0,
        "occupied_rate": -99,
        "data_time": "Sat May 02 00:00:00 CST 2026"
      }
    },
    {
      "type": "Feature",
      "geometry": {
        "type": "Point",
        "coordinates": [
          121.518225,
          25.0538929
        ]
      },
      "properties": {
        "id": "TPE0824",
        "name": "建成公園地下停車場",
        "area": "大同區",
        "address": "承德路2段31號地下",
        "summary": "大型車:0格，小型車:238格(含身心障礙停車位6格，孕婦、育有六歲以下兒童停車位5格)，機車:172格(含身心障礙停車位4格)，充電格位:6格",
        "tel": "0226550818",
        "car": 238,
        "motor": 172,
        "charging": 0,
        "occupied_rate": -99,
        "data_time": "Sat May 02 00:00:00 CST 2026"
      }
    },
    {
      "type": "Feature",
      "geometry": {
        "type": "Point",
        "coordinates": [
          121.5044962,
          25.0393711
        ]
      },
      "properties": {
        "id": "TPE0825",
        "name": "Times昆明街",
        "area": "萬華區",
        "address": "昆明街185號後面",
        "summary": "大型車:0格，小型車:8格(含身心障礙停車位1格)，機車:0格",
        "tel": "0800-88-8924；2504-6098",
        "car": 8,
        "motor": 0,
        "charging": 0,
        "occupied_rate": -99,
        "data_time": "Sat May 02 00:00:00 CST 2026"
      }
    },
    {
      "type": "Feature",
      "geometry": {
        "type": "Point",
        "coordinates": [
          121.6151007,
          25.0578274
        ]
      },
      "properties": {
        "id": "TPE0827",
        "name": "世貿公園地下停車場",
        "area": "南港區",
        "address": "經貿二路88巷1號地下",
        "summary": "大型車:0格，小型車:400格(含身心障礙停車位8格，孕婦、育有六歲以下兒童停車位10格)，機車:194格(含身心障礙停車位4格)，大型重機:1格，充電格位:14格",
        "tel": "0227886271",
        "car": 400,
        "motor": 194,
        "charging": 0,
        "occupied_rate": -99,
        "data_time": "Sat May 02 00:00:00 CST 2026"
      }
    },
    {
      "type": "Feature",
      "geometry": {
        "type": "Point",
        "coordinates": [
          121.5172163,
          25.0741148
        ]
      },
      "properties": {
        "id": "TPE0828",
        "name": "大龍國小地下停車場",
        "area": "大同區",
        "address": "哈密街47號地下1層",
        "summary": "大型車:0格，小型車:266格(含身心障礙停車位6格，孕婦、育有六歲以下兒童停車位7格)，機車:106格(含身心障礙停車位3格)，充電格位:7格",
        "tel": "2759-0666",
        "car": 266,
        "motor": 106,
        "charging": 0,
        "occupied_rate": -99,
        "data_time": "Sat May 02 00:00:00 CST 2026"
      }
    },
    {
      "type": "Feature",
      "geometry": {
        "type": "Point",
        "coordinates": [
          121.578959,
          25.0336354
        ]
      },
      "properties": {
        "id": "TPE0829",
        "name": "臺北市立永春高級中學",
        "area": "信義區",
        "address": "松山路654號",
        "summary": "大型車:0格，小型車:78格(含身心障礙停車位2格)，機車:162格(含身心障礙停車位3格)，充電格位:2格",
        "tel": "27272983",
        "car": 78,
        "motor": 162,
        "charging": 0,
        "occupied_rate": -99,
        "data_time": "Sat May 02 00:00:00 CST 2026"
      }
    },
    {
      "type": "Feature",
      "geometry": {
        "type": "Point",
        "coordinates": [
          121.5178975,
          25.0950169
        ]
      },
      "properties": {
        "id": "TPE0830",
        "name": "Times基河路第2",
        "area": "士林區",
        "address": "基河路382號旁空地",
        "summary": "大型車:0格，小型車:49格(含身心障礙停車位1格)，機車:0格，充電格位:1格",
        "tel": "0809008924",
        "car": 49,
        "motor": 0,
        "charging": 0,
        "occupied_rate": -99,
        "data_time": "Sat May 02 00:00:00 CST 2026"
      }
    },
    {
      "type": "Feature",
      "geometry": {
        "type": "Point",
        "coordinates": [
          121.5674509,
          25.0802373
        ]
      },
      "properties": {
        "id": "TPE0831",
        "name": "USPACE SCI 瑞光大樓停車場",
        "area": "內湖區",
        "address": "瑞光路585、587號地下2至5層",
        "summary": "大型車:0格，小型車:166格(含身心障礙停車位4格)，機車:0格，充電格位:2格",
        "tel": "7751-8097",
        "car": 166,
        "motor": 0,
        "charging": 0,
        "occupied_rate": -99,
        "data_time": "Sat May 02 00:00:00 CST 2026"
      }
    },
    {
      "type": "Feature",
      "geometry": {
        "type": "Point",
        "coordinates": [
          121.5660841,
          25.055824
        ]
      },
      "properties": {
        "id": "TPE0832",
        "name": "西松高中地下停車場",
        "area": "松山區",
        "address": "健康路325巷19弄1號地下",
        "summary": "大型車:0格，小型車:341格(含身心障礙停車位7格，孕婦、育有六歲以下兒童停車位7格)，機車:0格，充電格位:8格",
        "tel": "0225284554",
        "car": 341,
        "motor": 0,
        "charging": 0,
        "occupied_rate": -99,
        "data_time": "Sat May 02 00:00:00 CST 2026"
      }
    },
    {
      "type": "Feature",
      "geometry": {
        "type": "Point",
        "coordinates": [
          121.5271441,
          25.0547327
        ]
      },
      "properties": {
        "id": "TPE0833",
        "name": "大崴-長春場",
        "area": "中山區",
        "address": "長春路90號地下2至4層",
        "summary": "大型車:0格，小型車:170格(含身心障礙停車位3格)，機車:0格",
        "tel": "0975-396-880",
        "car": 170,
        "motor": 0,
        "charging": 0,
        "occupied_rate": -99,
        "data_time": "Sat May 02 00:00:00 CST 2026"
      }
    },
    {
      "type": "Feature",
      "geometry": {
        "type": "Point",
        "coordinates": [
          121.51766,
          25.0498187
        ]
      },
      "properties": {
        "id": "TPE0834",
        "name": "筌壹企業(股)公司站前營業所",
        "area": "大同區",
        "address": "華陰街89號",
        "summary": "大型車:0格，小型車:50格(含身心障礙停車位1格)，機車:0格",
        "tel": "0229942818",
        "car": 50,
        "motor": 0,
        "charging": 0,
        "occupied_rate": -99,
        "data_time": "Sat May 02 00:00:00 CST 2026"
      }
    },
    {
      "type": "Feature",
      "geometry": {
        "type": "Point",
        "coordinates": [
          121.5766612,
          24.9894519
        ]
      },
      "properties": {
        "id": "TPE0835",
        "name": "萬興國小地下停車場",
        "area": "文山區",
        "address": "秀明路2段116號地下",
        "summary": "大型車:0格，小型車:233格(含身心障礙停車位5格，孕婦、育有六歲以下兒童停車位6格)，機車:187格(含身心障礙停車位4格)，大型重機:1格，充電格位:6格",
        "tel": "2759-0666",
        "car": 233,
        "motor": 187,
        "charging": 0,
        "occupied_rate": -99,
        "data_time": "Sat May 02 00:00:00 CST 2026"
      }
    },
    {
      "type": "Feature",
      "geometry": {
        "type": "Point",
        "coordinates": [
          121.5191771,
          25.0257332
        ]
      },
      "properties": {
        "id": "TPE0836",
        "name": "嘟嘟房牯嶺2站停車場",
        "area": "中正區",
        "address": "牯嶺街101號",
        "summary": "大型車:0格，小型車:89格(含身心障礙停車位1格)，機車:0格",
        "tel": "2655-0818",
        "car": 89,
        "motor": 0,
        "charging": 0,
        "occupied_rate": -99,
        "data_time": "Sat May 02 00:00:00 CST 2026"
      }
    },
    {
      "type": "Feature",
      "geometry": {
        "type": "Point",
        "coordinates": [
          121.544648,
          25.0511329
        ]
      },
      "properties": {
        "id": "TPE0837",
        "name": "台灣聯通復興北停車場",
        "area": "松山區",
        "address": "南京東路3段256巷11號",
        "summary": "大型車:0格，小型車:26格(含身心障礙停車位1格)，機車:0格",
        "tel": "(02)25235000",
        "car": 26,
        "motor": 0,
        "charging": 0,
        "occupied_rate": -99,
        "data_time": "Sat May 02 00:00:00 CST 2026"
      }
    },
    {
      "type": "Feature",
      "geometry": {
        "type": "Point",
        "coordinates": [
          121.6194708,
          25.0413512
        ]
      },
      "properties": {
        "id": "TPE0838",
        "name": "北台國際開發股份有限公司舊莊停車場",
        "area": "南港區",
        "address": "舊莊街1段91巷11號地下1-2層",
        "summary": "大型車:0格，小型車:23格(含身心障礙停車位1格，孕婦、育有六歲以下兒童停車位1格)，機車:68格(含身心障礙停車位1格)",
        "tel": "0277152938#688",
        "car": 23,
        "motor": 68,
        "charging": 0,
        "occupied_rate": -99,
        "data_time": "Sat May 02 00:00:00 CST 2026"
      }
    },
    {
      "type": "Feature",
      "geometry": {
        "type": "Point",
        "coordinates": [
          121.5257642,
          25.0609422
        ]
      },
      "properties": {
        "id": "TPE0839",
        "name": "林森北停車場",
        "area": "中山區",
        "address": "林森北路477號",
        "summary": "大型車:0格，小型車:88格(含身心障礙停車位2格)，機車:0格",
        "tel": "0937-847-693",
        "car": 88,
        "motor": 0,
        "charging": 0,
        "occupied_rate": -99,
        "data_time": "Sat May 02 00:00:00 CST 2026"
      }
    },
    {
      "type": "Feature",
      "geometry": {
        "type": "Point",
        "coordinates": [
          121.5730461,
          24.998178
        ]
      },
      "properties": {
        "id": "TPE0840",
        "name": "歐特儀股份有限公司捷運木柵站轉乘停車場",
        "area": "文山區",
        "address": "木柵路4段135號地下1-2層",
        "summary": "大型車:0格，小型車:146格(含身心障礙停車位3格)，機車:164格(含身心障礙停車位4格)，充電格位:3格",
        "tel": "022705-7716",
        "car": 146,
        "motor": 164,
        "charging": 0,
        "occupied_rate": -99,
        "data_time": "Sat May 02 00:00:00 CST 2026"
      }
    },
    {
      "type": "Feature",
      "geometry": {
        "type": "Point",
        "coordinates": [
          121.5235497,
          25.0524433
        ]
      },
      "properties": {
        "id": "TPE0841",
        "name": "大倉久和大飯店地下停車場",
        "area": "中山區",
        "address": "南京東路1段9號地下2-7層",
        "summary": "大型車:0格，小型車:136格(含身心障礙停車位4格，孕婦、育有六歲以下兒童停車位3格)，機車:0格",
        "tel": "2181-5111",
        "car": 136,
        "motor": 0,
        "charging": 0,
        "occupied_rate": -99,
        "data_time": "Sat May 02 00:00:00 CST 2026"
      }
    },
    {
      "type": "Feature",
      "geometry": {
        "type": "Point",
        "coordinates": [
          121.5642833,
          25.0512017
        ]
      },
      "properties": {
        "id": "TPE0842",
        "name": "驛林交通股份有限公司南京東興場",
        "area": "松山區",
        "address": "南京東路5段200號地下2層",
        "summary": "大型車:0格，小型車:53格(含身心障礙停車位2格)，機車:0格",
        "tel": "0223621685",
        "car": 53,
        "motor": 0,
        "charging": 0,
        "occupied_rate": -99,
        "data_time": "Sat May 02 00:00:00 CST 2026"
      }
    },
    {
      "type": "Feature",
      "geometry": {
        "type": "Point",
        "coordinates": [
          121.6003688,
          25.088093
        ]
      },
      "properties": {
        "id": "TPE0843",
        "name": "大湖活動中心暨溫水游泳池停車場",
        "area": "內湖區",
        "address": "大湖山莊街170號",
        "summary": "大型車:0格，小型車:27格(含身心障礙停車位1格)，機車:0格，充電格位:1格",
        "tel": "27915870",
        "car": 27,
        "motor": 0,
        "charging": 0,
        "occupied_rate": -99,
        "data_time": "Sat May 02 00:00:00 CST 2026"
      }
    },
    {
      "type": "Feature",
      "geometry": {
        "type": "Point",
        "coordinates": [
          121.5669066,
          25.0324992
        ]
      },
      "properties": {
        "id": "TPE0844",
        "name": "國泰信義停車場",
        "area": "信義區",
        "address": "信義路5段106、108號地下4層",
        "summary": "大型車:0格，小型車:101格(含身心障礙停車位3格)，機車:0格",
        "tel": "2246-1708",
        "car": 101,
        "motor": 0,
        "charging": 0,
        "occupied_rate": -99,
        "data_time": "Sat May 02 00:00:00 CST 2026"
      }
    },
    {
      "type": "Feature",
      "geometry": {
        "type": "Point",
        "coordinates": [
          121.5172596,
          25.0291593
        ]
      },
      "properties": {
        "id": "TPE0845",
        "name": "NaviPark牯嶺場",
        "area": "中正區",
        "address": "牯嶺街61-6號旁空地",
        "summary": "大型車:0格，小型車:10格(含身心障礙停車位1格)，機車:0格",
        "tel": "2511-0508",
        "car": 10,
        "motor": 0,
        "charging": 0,
        "occupied_rate": -99,
        "data_time": "Sat May 02 00:00:00 CST 2026"
      }
    },
    {
      "type": "Feature",
      "geometry": {
        "type": "Point",
        "coordinates": [
          121.5675399,
          25.0433981
        ]
      },
      "properties": {
        "id": "TPE0846",
        "name": "松興大樓地下停車場",
        "area": "信義區",
        "address": "松隆路36號地下2層",
        "summary": "大型車:0格，小型車:21格(含身心障礙停車位1格)，機車:0格",
        "tel": "",
        "car": 21,
        "motor": 0,
        "charging": 0,
        "occupied_rate": -99,
        "data_time": "Sat May 02 00:00:00 CST 2026"
      }
    },
    {
      "type": "Feature",
      "geometry": {
        "type": "Point",
        "coordinates": [
          121.5065599,
          25.0445688
        ]
      },
      "properties": {
        "id": "TPE0847",
        "name": "USPACE西門峨嵋站",
        "area": "萬華區",
        "address": "西寧南路123號地下2至3層",
        "summary": "大型車:0格，小型車:21格(含身心障礙停車位1格)，機車:248格(含身心障礙停車位5格)",
        "tel": "77518097",
        "car": 21,
        "motor": 248,
        "charging": 0,
        "occupied_rate": -99,
        "data_time": "Sat May 02 00:00:00 CST 2026"
      }
    },
    {
      "type": "Feature",
      "geometry": {
        "type": "Point",
        "coordinates": [
          121.5722864,
          25.0395836
        ]
      },
      "properties": {
        "id": "TPE0848",
        "name": "松山工農地下停車場",
        "area": "信義區",
        "address": "忠孝東路5段236巷15號地下",
        "summary": "大型車:0格，小型車:239格(含身心障礙停車位5格，孕婦、育有六歲以下兒童停車位4格)，機車:189格(含身心障礙停車位4格)，大型重機:2格，充電格位:6格",
        "tel": "0223450672",
        "car": 239,
        "motor": 189,
        "charging": 0,
        "occupied_rate": -99,
        "data_time": "Sat May 02 00:00:00 CST 2026"
      }
    },
    {
      "type": "Feature",
      "geometry": {
        "type": "Point",
        "coordinates": [
          121.5529246,
          25.0843615
        ]
      },
      "properties": {
        "id": "TPE0849",
        "name": "Times 敬業一路",
        "area": "中山區",
        "address": "敬業一路160號對面",
        "summary": "大型車:0格，小型車:82格(含身心障礙停車位2格)，機車:0格",
        "tel": "2504-6098",
        "car": 82,
        "motor": 0,
        "charging": 0,
        "occupied_rate": -99,
        "data_time": "Sat May 02 00:00:00 CST 2026"
      }
    },
    {
      "type": "Feature",
      "geometry": {
        "type": "Point",
        "coordinates": [
          121.5530892,
          25.0373993
        ]
      },
      "properties": {
        "id": "TPE0850",
        "name": "國泰綜合醫院-本館西側停車場",
        "area": "大安區",
        "address": "仁愛路4段280號",
        "summary": "大型車:0格，小型車:16格(含身心障礙停車位1格)，機車:0格",
        "tel": "2731-7288 #1632",
        "car": 16,
        "motor": 0,
        "charging": 0,
        "occupied_rate": -99,
        "data_time": "Sat May 02 00:00:00 CST 2026"
      }
    },
    {
      "type": "Feature",
      "geometry": {
        "type": "Point",
        "coordinates": [
          121.5784624,
          25.0483034
        ]
      },
      "properties": {
        "id": "TPE0851",
        "name": "松山車站地下停車場",
        "area": "信義區",
        "address": "松山路11號(南廣場B1)",
        "summary": "大型車:0格，小型車:430格(含身心障礙停車位16格，孕婦、育有六歲以下兒童停車位8格)，機車:0格，充電格位:11格",
        "tel": "0227676549",
        "car": 430,
        "motor": 0,
        "charging": 0,
        "occupied_rate": -99,
        "data_time": "Sat May 02 00:00:00 CST 2026"
      }
    },
    {
      "type": "Feature",
      "geometry": {
        "type": "Point",
        "coordinates": [
          121.5306968,
          25.0959579
        ]
      },
      "properties": {
        "id": "TPE0852",
        "name": "福林公園地下停車場",
        "area": "士林區",
        "address": "中正路17號地下",
        "summary": "大型車:0格，小型車:229格(含身心障礙停車位5格，孕婦、育有六歲以下兒童停車位6格)，機車:62格(含身心障礙停車位2格)，大型重機:3格，充電格位:6格",
        "tel": "0228830481",
        "car": 229,
        "motor": 62,
        "charging": 0,
        "occupied_rate": -99,
        "data_time": "Sat May 02 00:00:00 CST 2026"
      }
    },
    {
      "type": "Feature",
      "geometry": {
        "type": "Point",
        "coordinates": [
          121.5295198,
          25.0956755
        ]
      },
      "properties": {
        "id": "TPE0853",
        "name": "福林公園大客車平面停車場",
        "area": "士林區",
        "address": "中正路17號空地",
        "summary": "大型車:7格，小型車:0格，機車:0格",
        "tel": "0227590666",
        "car": 0,
        "motor": 0,
        "charging": 0,
        "occupied_rate": -99,
        "data_time": "Sat May 02 00:00:00 CST 2026"
      }
    },
    {
      "type": "Feature",
      "geometry": {
        "type": "Point",
        "coordinates": [
          121.5132829,
          25.0837027
        ]
      },
      "properties": {
        "id": "TPE0854",
        "name": "通河西街一段堤外平面停車場",
        "area": "士林區",
        "address": "通河西街1段堤外",
        "summary": "大型車:0格，小型車:49格(含身心障礙停車位2格)，機車:9格(含身心障礙停車位1格)",
        "tel": "0227590666",
        "car": 49,
        "motor": 9,
        "charging": 0,
        "occupied_rate": -99,
        "data_time": "Sat May 02 00:00:00 CST 2026"
      }
    },
    {
      "type": "Feature",
      "geometry": {
        "type": "Point",
        "coordinates": [
          121.5258755,
          25.0646681
        ]
      },
      "properties": {
        "id": "TPE0855",
        "name": "168停車聯盟-農安場",
        "area": "中山區",
        "address": "農安街26號地下1至2層",
        "summary": "大型車:0格，小型車:28格(含身心障礙停車位1格)，機車:0格",
        "tel": "2754-6661",
        "car": 28,
        "motor": 0,
        "charging": 0,
        "occupied_rate": -99,
        "data_time": "Sat May 02 00:00:00 CST 2026"
      }
    },
    {
      "type": "Feature",
      "geometry": {
        "type": "Point",
        "coordinates": [
          121.5309875,
          25.0339612
        ]
      },
      "properties": {
        "id": "TPE0856",
        "name": "永康停車場",
        "area": "中正區",
        "address": "信義路2段243巷與信義路2段交叉口旁",
        "summary": "大型車:0格，小型車:15格(含身心障礙停車位1格)，機車:0格",
        "tel": "0800208333",
        "car": 15,
        "motor": 0,
        "charging": 0,
        "occupied_rate": -99,
        "data_time": "Sat May 02 00:00:00 CST 2026"
      }
    },
    {
      "type": "Feature",
      "geometry": {
        "type": "Point",
        "coordinates": [
          121.54977,
          25.0540504
        ]
      },
      "properties": {
        "id": "TPE0859",
        "name": "長庚站停車場",
        "area": "松山區",
        "address": "敦化北路155巷3號後面空地",
        "summary": "大型車:0格，小型車:4格(含身心障礙停車位1格)，機車:0格",
        "tel": "0916045034",
        "car": 4,
        "motor": 0,
        "charging": 0,
        "occupied_rate": -99,
        "data_time": "Sat May 02 00:00:00 CST 2026"
      }
    },
    {
      "type": "Feature",
      "geometry": {
        "type": "Point",
        "coordinates": [
          121.5241404,
          25.0518725
        ]
      },
      "properties": {
        "id": "TPE0860",
        "name": "六福居停車場",
        "area": "中山區",
        "address": "南京東路1段38號地下3至4層",
        "summary": "大型車:0格，小型車:54格(含身心障礙停車位1格)，機車:0格",
        "tel": "8770-6565",
        "car": 54,
        "motor": 0,
        "charging": 0,
        "occupied_rate": -99,
        "data_time": "Sat May 02 00:00:00 CST 2026"
      }
    },
    {
      "type": "Feature",
      "geometry": {
        "type": "Point",
        "coordinates": [
          121.5717787,
          25.024107
        ]
      },
      "properties": {
        "id": "TPE0861",
        "name": "信義路5段150巷平面停車場",
        "area": "信義區",
        "address": "信義路5段150巷431弄對面",
        "summary": "大型車:0格，小型車:15格(含身心障礙停車位1格)，機車:0格",
        "tel": "0227590666",
        "car": 15,
        "motor": 0,
        "charging": 0,
        "occupied_rate": -99,
        "data_time": "Sat May 02 00:00:00 CST 2026"
      }
    },
    {
      "type": "Feature",
      "geometry": {
        "type": "Point",
        "coordinates": [
          121.53254,
          25.052795
        ]
      },
      "properties": {
        "id": "TPE0862",
        "name": "台灣聯通將捷一停車場",
        "area": "中山區",
        "address": "松江路126、128號",
        "summary": "大型車:0格，小型車:43格(含身心障礙停車位1格)，機車:0格",
        "tel": "2523-5000",
        "car": 43,
        "motor": 0,
        "charging": 0,
        "occupied_rate": -99,
        "data_time": "Sat May 02 00:00:00 CST 2026"
      }
    },
    {
      "type": "Feature",
      "geometry": {
        "type": "Point",
        "coordinates": [
          121.5299843,
          25.1192753
        ]
      },
      "properties": {
        "id": "TPE0863",
        "name": "天玉街停車場",
        "area": "士林區",
        "address": "天玉街38巷18弄6之1號旁空地",
        "summary": "大型車:0格，小型車:18格(含身心障礙停車位1格)，機車:0格",
        "tel": "(02)27785756",
        "car": 18,
        "motor": 0,
        "charging": 0,
        "occupied_rate": -99,
        "data_time": "Sat May 02 00:00:00 CST 2026"
      }
    },
    {
      "type": "Feature",
      "geometry": {
        "type": "Point",
        "coordinates": [
          121.5438241,
          24.992363
        ]
      },
      "properties": {
        "id": "TPE0864",
        "name": "啟鑫開發有限公司瀚星站停車場",
        "area": "文山區",
        "address": "景興路188號地下3-4層",
        "summary": "大型車:0格，小型車:42格(含身心障礙停車位1格)，機車:0格",
        "tel": "0939525830吳先生",
        "car": 42,
        "motor": 0,
        "charging": 0,
        "occupied_rate": -99,
        "data_time": "Sat May 02 00:00:00 CST 2026"
      }
    },
    {
      "type": "Feature",
      "geometry": {
        "type": "Point",
        "coordinates": [
          121.5758963,
          25.0629026
        ]
      },
      "properties": {
        "id": "TPE0865",
        "name": "大潤發流通事業股份有限公司南湖分公司之收費停車場",
        "area": "內湖區",
        "address": "舊宗路1段188號地上1層",
        "summary": "大型車:0格，小型車:83格(含身心障礙停車位8格，孕婦、育有六歲以下兒童停車位2格)，機車:0格",
        "tel": "27955050",
        "car": 83,
        "motor": 0,
        "charging": 0,
        "occupied_rate": -99,
        "data_time": "Sat May 02 00:00:00 CST 2026"
      }
    },
    {
      "type": "Feature",
      "geometry": {
        "type": "Point",
        "coordinates": [
          121.5624487,
          25.0813533
        ]
      },
      "properties": {
        "id": "TPE0866",
        "name": "台灣聯通內科一停車場",
        "area": "內湖區",
        "address": "堤頂大道2段473號旁空地",
        "summary": "大型車:0格，小型車:17格(含身心障礙停車位1格)，機車:0格",
        "tel": "2523-5000",
        "car": 17,
        "motor": 0,
        "charging": 0,
        "occupied_rate": -99,
        "data_time": "Sat May 02 00:00:00 CST 2026"
      }
    },
    {
      "type": "Feature",
      "geometry": {
        "type": "Point",
        "coordinates": [
          121.5540175,
          25.0838654
        ]
      },
      "properties": {
        "id": "TPE0867",
        "name": "永峰典華停車場",
        "area": "中山區",
        "address": "敬業一路192號旁",
        "summary": "大型車:0格，小型車:22格(含身心障礙停車位1格)，機車:0格",
        "tel": "2827-1868",
        "car": 22,
        "motor": 0,
        "charging": 0,
        "occupied_rate": -99,
        "data_time": "Sat May 02 00:00:00 CST 2026"
      }
    },
    {
      "type": "Feature",
      "geometry": {
        "type": "Point",
        "coordinates": [
          121.5703643,
          25.0810116
        ]
      },
      "properties": {
        "id": "TPE0868",
        "name": "宏達經營管理顧問有限公司內湖停車場",
        "area": "內湖區",
        "address": "內湖路1段356號、358號、360巷2號、360巷2-1號地下1層",
        "summary": "大型車:0格，小型車:49格(含身心障礙停車位1格)，機車:20格(含身心障礙停車位1格)",
        "tel": "02-22835158",
        "car": 49,
        "motor": 20,
        "charging": 0,
        "occupied_rate": -99,
        "data_time": "Sat May 02 00:00:00 CST 2026"
      }
    },
    {
      "type": "Feature",
      "geometry": {
        "type": "Point",
        "coordinates": [
          121.5526221,
          25.0843401
        ]
      },
      "properties": {
        "id": "TPE0870",
        "name": "嘟嘟房大直站停車場",
        "area": "中山區",
        "address": "敬業一路141號旁空地",
        "summary": "大型車:0格，小型車:49格(含身心障礙停車位1格)，機車:0格",
        "tel": "2655-0818",
        "car": 49,
        "motor": 0,
        "charging": 0,
        "occupied_rate": -99,
        "data_time": "Sat May 02 00:00:00 CST 2026"
      }
    },
    {
      "type": "Feature",
      "geometry": {
        "type": "Point",
        "coordinates": [
          121.5166223,
          25.0478542
        ]
      },
      "properties": {
        "id": "TPE0871",
        "name": "臺北車站西區地下停車場",
        "area": "中正區",
        "address": "北平西路3號地下1層（西區）",
        "summary": "大型車:0格，小型車:179格(含身心障礙停車位4格，孕婦、育有六歲以下兒童停車位4格)，機車:0格",
        "tel": "2799-5657",
        "car": 179,
        "motor": 0,
        "charging": 0,
        "occupied_rate": -99,
        "data_time": "Sat May 02 00:00:00 CST 2026"
      }
    },
    {
      "type": "Feature",
      "geometry": {
        "type": "Point",
        "coordinates": [
          121.5856695,
          25.0497535
        ]
      },
      "properties": {
        "id": "TPE0872",
        "name": "Times市民大道七段",
        "area": "南港區",
        "address": "市民大道七段159巷旁",
        "summary": "大型車:0格，小型車:49格(含身心障礙停車位1格)，機車:0格",
        "tel": "02-2504-6098；0987-716-630 湛小姐",
        "car": 49,
        "motor": 0,
        "charging": 0,
        "occupied_rate": -99,
        "data_time": "Sat May 02 00:00:00 CST 2026"
      }
    },
    {
      "type": "Feature",
      "geometry": {
        "type": "Point",
        "coordinates": [
          121.5619288,
          25.0446586
        ]
      },
      "properties": {
        "id": "TPE0874",
        "name": "臺北文創停車場",
        "area": "信義區",
        "address": "菸廠路88號地下3至5層",
        "summary": "大型車:0格，小型車:560格(含身心障礙停車位11格，孕婦、育有六歲以下兒童停車位11格)，機車:1234格(含身心障礙停車位24格)，充電格位:10格",
        "tel": "0953587089",
        "car": 560,
        "motor": 1234,
        "charging": 0,
        "occupied_rate": -99,
        "data_time": "Sat May 02 00:00:00 CST 2026"
      }
    },
    {
      "type": "Feature",
      "geometry": {
        "type": "Point",
        "coordinates": [
          121.4924231,
          25.0170489
        ]
      },
      "properties": {
        "id": "TPE0875",
        "name": "華中橋堤外（一）平面停車場",
        "area": "萬華區",
        "address": "華中河濱公園網球場旁",
        "summary": "大型車:0格，小型車:85格(含身心障礙停車位8格)，機車:39格",
        "tel": "2302-4504",
        "car": 85,
        "motor": 39,
        "charging": 0,
        "occupied_rate": -99,
        "data_time": "Sat May 02 00:00:00 CST 2026"
      }
    },
    {
      "type": "Feature",
      "geometry": {
        "type": "Point",
        "coordinates": [
          121.5210581,
          25.0476852
        ]
      },
      "properties": {
        "id": "TPE0876",
        "name": "行一機車臨時平面停車場",
        "area": "中正區",
        "address": "中山北路與市民大道交叉口旁",
        "summary": "大型車:0格，小型車:0格，機車:216格(含身心障礙停車位4格)",
        "tel": "24551299",
        "car": 0,
        "motor": 216,
        "charging": 0,
        "occupied_rate": -99,
        "data_time": "Sat May 02 00:00:00 CST 2026"
      }
    },
    {
      "type": "Feature",
      "geometry": {
        "type": "Point",
        "coordinates": [
          121.5320386,
          25.0174067
        ]
      },
      "properties": {
        "id": "TPE0877",
        "name": "驛林交通股份有限公司基泰台大站",
        "area": "大安區",
        "address": "羅斯福路3段309-319號地下2至6層",
        "summary": "大型車:0格，小型車:111格(含身心障礙停車位3格)，機車:0格",
        "tel": "23680365",
        "car": 111,
        "motor": 0,
        "charging": 0,
        "occupied_rate": -99,
        "data_time": "Sat May 02 00:00:00 CST 2026"
      }
    },
    {
      "type": "Feature",
      "geometry": {
        "type": "Point",
        "coordinates": [
          121.5710685,
          25.0797675
        ]
      },
      "properties": {
        "id": "TPE0878",
        "name": "便利停車場momo站",
        "area": "內湖區",
        "address": "洲子街90號地下1至4層",
        "summary": "大型車:0格，小型車:199格(含身心障礙停車位4格)，機車:187格(含身心障礙停車位6格)",
        "tel": "(02)27991001分機166",
        "car": 199,
        "motor": 187,
        "charging": 0,
        "occupied_rate": -99,
        "data_time": "Sat May 02 00:00:00 CST 2026"
      }
    },
    {
      "type": "Feature",
      "geometry": {
        "type": "Point",
        "coordinates": [
          121.5567905,
          25.0829184
        ]
      },
      "properties": {
        "id": "TPE0879",
        "name": "美麗華百樂園地下停車場",
        "area": "中山區",
        "address": "敬業三路20、22號地下2至3層",
        "summary": "大型車:0格，小型車:678格(含身心障礙停車位14格，孕婦、育有六歲以下兒童停車位13格)，機車:0格，充電格位:12格",
        "tel": "2175-3456",
        "car": 678,
        "motor": 0,
        "charging": 0,
        "occupied_rate": -99,
        "data_time": "Sat May 02 00:00:00 CST 2026"
      }
    },
    {
      "type": "Feature",
      "geometry": {
        "type": "Point",
        "coordinates": [
          121.5426851,
          25.0208012
        ]
      },
      "properties": {
        "id": "TPE0880",
        "name": "國立臺灣大學辛亥地下停車場",
        "area": "大安區",
        "address": "羅斯福路4段1號地下1至2層",
        "summary": "大型車:0格，小型車:425格(含身心障礙停車位10格，孕婦、育有六歲以下兒童停車位8格)，機車:300格(含身心障礙停車位6格)，充電格位:9格",
        "tel": "3366-3366",
        "car": 425,
        "motor": 300,
        "charging": 0,
        "occupied_rate": -99,
        "data_time": "Sat May 02 00:00:00 CST 2026"
      }
    },
    {
      "type": "Feature",
      "geometry": {
        "type": "Point",
        "coordinates": [
          121.5035518,
          25.0418367
        ]
      },
      "properties": {
        "id": "TPE0881",
        "name": "臺大醫院北護分院地下停車場",
        "area": "萬華區",
        "address": "內江街87號地下1層",
        "summary": "大型車:0格，小型車:31格(含身心障礙停車位1格，孕婦、育有六歲以下兒童停車位1格)，機車:0格",
        "tel": "25185299",
        "car": 31,
        "motor": 0,
        "charging": 0,
        "occupied_rate": -99,
        "data_time": "Sat May 02 00:00:00 CST 2026"
      }
    },
    {
      "type": "Feature",
      "geometry": {
        "type": "Point",
        "coordinates": [
          121.5225597,
          25.0366296
        ]
      },
      "properties": {
        "id": "TPE0882",
        "name": "Times 石園社區",
        "area": "中正區",
        "address": "信義路1段5、9、13號（石園社區附屬1層平面停車場）",
        "summary": "大型車:0格，小型車:29格(含身心障礙停車位1格)，機車:0格",
        "tel": "0809008924",
        "car": 29,
        "motor": 0,
        "charging": 0,
        "occupied_rate": -99,
        "data_time": "Sat May 02 00:00:00 CST 2026"
      }
    },
    {
      "type": "Feature",
      "geometry": {
        "type": "Point",
        "coordinates": [
          121.5334482,
          25.0594771
        ]
      },
      "properties": {
        "id": "TPE0883",
        "name": "嘟嘟房松江1站停車場",
        "area": "中山區",
        "address": "松江路251、253號地下2至4層",
        "summary": "大型車:0格，小型車:112格(含身心障礙停車位2格)，機車:0格，充電格位:1格",
        "tel": "2655-0818",
        "car": 112,
        "motor": 0,
        "charging": 0,
        "occupied_rate": -99,
        "data_time": "Sat May 02 00:00:00 CST 2026"
      }
    },
    {
      "type": "Feature",
      "geometry": {
        "type": "Point",
        "coordinates": [
          121.5785278,
          25.0503638
        ]
      },
      "properties": {
        "id": "TPE0884",
        "name": "松山國小地下停車場",
        "area": "松山區",
        "address": "八德路4段746號地下(地下共3層)",
        "summary": "大型車:0格，小型車:286格(含身心障礙停車位10格，孕婦、育有六歲以下兒童停車位5格)，機車:135格(含身心障礙停車位3格)，大型重機:5格，充電格位:7格",
        "tel": "0227995657",
        "car": 286,
        "motor": 135,
        "charging": 0,
        "occupied_rate": -99,
        "data_time": "Sat May 02 00:00:00 CST 2026"
      }
    },
    {
      "type": "Feature",
      "geometry": {
        "type": "Point",
        "coordinates": [
          121.5772257,
          25.0604012
        ]
      },
      "properties": {
        "id": "TPE0885",
        "name": "北北角薪傳中心停車場",
        "area": "內湖區",
        "address": "新湖一路128巷15號地下1層(車位編號：248-250)、地下2層(車位編號：116-229)及地下3層(車位編號：1-59、85-115)",
        "summary": "大型車:0格，小型車:207格(含身心障礙停車位5格)，機車:0格，充電格位:3格",
        "tel": "0227938222",
        "car": 207,
        "motor": 0,
        "charging": 0,
        "occupied_rate": -99,
        "data_time": "Sat May 02 00:00:00 CST 2026"
      }
    },
    {
      "type": "Feature",
      "geometry": {
        "type": "Point",
        "coordinates": [
          121.6122643,
          25.0613894
        ]
      },
      "properties": {
        "id": "TPE0886",
        "name": "重陽停車場",
        "area": "南港區",
        "address": "重陽路491-1號旁",
        "summary": "大型車:0格，小型車:26格(含身心障礙停車位1格)，機車:0格",
        "tel": "0908-111072邱先生",
        "car": 26,
        "motor": 0,
        "charging": 0,
        "occupied_rate": -99,
        "data_time": "Sat May 02 00:00:00 CST 2026"
      }
    },
    {
      "type": "Feature",
      "geometry": {
        "type": "Point",
        "coordinates": [
          121.536289,
          25.0575348
        ]
      },
      "properties": {
        "id": "TPE0887",
        "name": "和逸民生停車場",
        "area": "中山區",
        "address": "民生東路2段178號1層及地下1層",
        "summary": "大型車:0格，小型車:24格(含身心障礙停車位1格)，機車:0格",
        "tel": "7706-3399",
        "car": 24,
        "motor": 0,
        "charging": 0,
        "occupied_rate": -99,
        "data_time": "Sat May 02 00:00:00 CST 2026"
      }
    },
    {
      "type": "Feature",
      "geometry": {
        "type": "Point",
        "coordinates": [
          121.6019353,
          25.0831168
        ]
      },
      "properties": {
        "id": "TPE0888",
        "name": "大湖公園地下停車場",
        "area": "內湖區",
        "address": "成功路5段7號地下室(地下共2層)",
        "summary": "大型車:0格，小型車:221格(含身心障礙停車位5格，孕婦、育有六歲以下兒童停車位8格)，機車:66格(含身心障礙停車位2格)，充電格位:4格",
        "tel": "2790-0078",
        "car": 221,
        "motor": 66,
        "charging": 0,
        "occupied_rate": -99,
        "data_time": "Sat May 02 00:00:00 CST 2026"
      }
    },
    {
      "type": "Feature",
      "geometry": {
        "type": "Point",
        "coordinates": [
          121.5746286,
          25.072071
        ]
      },
      "properties": {
        "id": "TPE0889",
        "name": "叭叭房亞太A區停車場",
        "area": "內湖區",
        "address": "舊宗路2段189號地下2層(車位編號2至129等128格)、地下3層(車位編號134.136.137.150.153.156至160.163.171.172.178至183.189.197.200.203至205等25格)",
        "summary": "大型車:0格，小型車:153格(含身心障礙停車位5格)，機車:0格，充電格位:3格",
        "tel": "2655-0000",
        "car": 153,
        "motor": 0,
        "charging": 0,
        "occupied_rate": -99,
        "data_time": "Sat May 02 00:00:00 CST 2026"
      }
    },
    {
      "type": "Feature",
      "geometry": {
        "type": "Point",
        "coordinates": [
          121.5226286,
          25.0514219
        ]
      },
      "properties": {
        "id": "TPE0890",
        "name": "城市車旅希爾頓停車場",
        "area": "中山區",
        "address": "中山北路1段121巷1號地下2至4層",
        "summary": "大型車:0格，小型車:44格(含身心障礙停車位1格)，機車:0格",
        "tel": "2246-1708",
        "car": 44,
        "motor": 0,
        "charging": 0,
        "occupied_rate": -99,
        "data_time": "Sat May 02 00:00:00 CST 2026"
      }
    },
    {
      "type": "Feature",
      "geometry": {
        "type": "Point",
        "coordinates": [
          121.5643128,
          25.0395171
        ]
      },
      "properties": {
        "id": "TPE0891",
        "name": "城市車旅遠雄金融中心停車場",
        "area": "信義區",
        "address": "松高路1號地下3層",
        "summary": "大型車:0格，小型車:7格(含身心障礙停車位1格)，機車:0格",
        "tel": "0800208333",
        "car": 7,
        "motor": 0,
        "charging": 0,
        "occupied_rate": -99,
        "data_time": "Sat May 02 00:00:00 CST 2026"
      }
    },
    {
      "type": "Feature",
      "geometry": {
        "type": "Point",
        "coordinates": [
          121.4667377,
          25.1260536
        ]
      },
      "properties": {
        "id": "TPE0893",
        "name": "關渡國小運動中心停車場",
        "area": "北投區",
        "address": "中央北路4段581號",
        "summary": "大型車:0格，小型車:16格(含身心障礙停車位1格)，機車:24格(含身心障礙停車位1格)",
        "tel": "(02)28975205",
        "car": 16,
        "motor": 24,
        "charging": 0,
        "occupied_rate": -99,
        "data_time": "Sat May 02 00:00:00 CST 2026"
      }
    },
    {
      "type": "Feature",
      "geometry": {
        "type": "Point",
        "coordinates": [
          121.5673887,
          25.038404
        ]
      },
      "properties": {
        "id": "TPE0894",
        "name": "微風松高地下停車場",
        "area": "信義區",
        "address": "松高路16號地下4至5層",
        "summary": "大型車:0格，小型車:149格(含身心障礙停車位5格，孕婦、育有六歲以下兒童停車位2格)，機車:0格，充電格位:4格",
        "tel": "0266369959#3602",
        "car": 149,
        "motor": 0,
        "charging": 0,
        "occupied_rate": -99,
        "data_time": "Sat May 02 00:00:00 CST 2026"
      }
    },
    {
      "type": "Feature",
      "geometry": {
        "type": "Point",
        "coordinates": [
          121.5171665,
          25.0690547
        ]
      },
      "properties": {
        "id": "TPE0896",
        "name": "168停車聯盟-大龍場",
        "area": "大同區",
        "address": "民族西路105號地下1至2層",
        "summary": "大型車:0格，小型車:43格(含身心障礙停車位2格，孕婦、育有六歲以下兒童停車位1格)，機車:179格(含身心障礙停車位4格)，充電格位:1格",
        "tel": "022754-6661",
        "car": 43,
        "motor": 179,
        "charging": 0,
        "occupied_rate": -99,
        "data_time": "Sat May 02 00:00:00 CST 2026"
      }
    },
    {
      "type": "Feature",
      "geometry": {
        "type": "Point",
        "coordinates": [
          121.5285133,
          25.0446052
        ]
      },
      "properties": {
        "id": "TPE0897",
        "name": "華山停車場",
        "area": "中正區",
        "address": "八德路1段1號",
        "summary": "大型車:0格，小型車:70格(含身心障礙停車位2格，孕婦、育有六歲以下兒童停車位2格)，機車:50格(含身心障礙停車位1格)，充電格位:1格",
        "tel": "2358-1914",
        "car": 70,
        "motor": 50,
        "charging": 0,
        "occupied_rate": -99,
        "data_time": "Sat May 02 00:00:00 CST 2026"
      }
    },
    {
      "type": "Feature",
      "geometry": {
        "type": "Point",
        "coordinates": [
          121.5618715,
          25.0322858
        ]
      },
      "properties": {
        "id": "TPE0898",
        "name": "國雲智慧停車D1停車場",
        "area": "信義區",
        "address": "松勤街41號旁",
        "summary": "大型車:7格，小型車:35格(含身心障礙停車位1格)，機車:0格",
        "tel": "0225573722",
        "car": 35,
        "motor": 0,
        "charging": 0,
        "occupied_rate": -99,
        "data_time": "Sat May 02 00:00:00 CST 2026"
      }
    },
    {
      "type": "Feature",
      "geometry": {
        "type": "Point",
        "coordinates": [
          121.555495,
          25.023767
        ]
      },
      "properties": {
        "id": "TPE0899",
        "name": "Times信安街",
        "area": "信義區",
        "address": "信安街162號旁",
        "summary": "大型車:0格，小型車:5格(含身心障礙停車位1格)，機車:0格",
        "tel": "0800-88-8924；2504-6098",
        "car": 5,
        "motor": 0,
        "charging": 0,
        "occupied_rate": -99,
        "data_time": "Sat May 02 00:00:00 CST 2026"
      }
    },
    {
      "type": "Feature",
      "geometry": {
        "type": "Point",
        "coordinates": [
          121.5397729,
          25.0468781
        ]
      },
      "properties": {
        "id": "TPE0900",
        "name": "八德路停車場",
        "area": "中山區",
        "address": "八德路2段203號地下1、4層",
        "summary": "大型車:0格，小型車:67格(含身心障礙停車位2格)，機車:0格，充電格位:1格",
        "tel": "0225117767",
        "car": 67,
        "motor": 0,
        "charging": 0,
        "occupied_rate": -99,
        "data_time": "Sat May 02 00:00:00 CST 2026"
      }
    },
    {
      "type": "Feature",
      "geometry": {
        "type": "Point",
        "coordinates": [
          121.5517598,
          25.0418325
        ]
      },
      "properties": {
        "id": "TPE0903",
        "name": "168停車聯盟-統領場",
        "area": "大安區",
        "address": "忠孝東路4段201號A棟地下2層",
        "summary": "大型車:0格，小型車:26格(含身心障礙停車位1格)，機車:0格",
        "tel": "0227546661",
        "car": 26,
        "motor": 0,
        "charging": 0,
        "occupied_rate": -99,
        "data_time": "Sat May 02 00:00:00 CST 2026"
      }
    },
    {
      "type": "Feature",
      "geometry": {
        "type": "Point",
        "coordinates": [
          121.4815209,
          25.1365059
        ]
      },
      "properties": {
        "id": "TPE0904",
        "name": "嘟嘟房北投旅客服務中心停車場",
        "area": "北投區",
        "address": "中央北路3段185號",
        "summary": "大型車:0格，小型車:14格(含身心障礙停車位1格)，機車:0格，充電格位:1格",
        "tel": "0226550818",
        "car": 14,
        "motor": 0,
        "charging": 0,
        "occupied_rate": -99,
        "data_time": "Sat May 02 00:00:00 CST 2026"
      }
    },
    {
      "type": "Feature",
      "geometry": {
        "type": "Point",
        "coordinates": [
          121.5152769,
          25.0522059
        ]
      },
      "properties": {
        "id": "TPE0905",
        "name": "台灣聯通太原停車場",
        "area": "大同區",
        "address": "太原路76巷1號",
        "summary": "大型車:0格，小型車:28格(含身心障礙停車位1格)，機車:0格",
        "tel": "25235000",
        "car": 28,
        "motor": 0,
        "charging": 0,
        "occupied_rate": -99,
        "data_time": "Sat May 02 00:00:00 CST 2026"
      }
    },
    {
      "type": "Feature",
      "geometry": {
        "type": "Point",
        "coordinates": [
          121.56597,
          25.042165
        ]
      },
      "properties": {
        "id": "TPE0906",
        "name": "迦美停車場",
        "area": "信義區",
        "address": "忠孝東路5段15巷15號",
        "summary": "大型車:0格，小型車:78格(含身心障礙停車位1格)，機車:0格",
        "tel": "2994-2818",
        "car": 78,
        "motor": 0,
        "charging": 0,
        "occupied_rate": -99,
        "data_time": "Sat May 02 00:00:00 CST 2026"
      }
    },
    {
      "type": "Feature",
      "geometry": {
        "type": "Point",
        "coordinates": [
          121.5380302,
          25.0422666
        ]
      },
      "properties": {
        "id": "TPE0907",
        "name": "城市車旅北科大億光大樓停車場",
        "area": "大安區",
        "address": "忠孝東路3段1號地下1至3層",
        "summary": "大型車:0格，小型車:125格(含身心障礙停車位3格，孕婦、育有六歲以下兒童停車位3格)，機車:0格，充電格位:4格",
        "tel": "0800208333",
        "car": 125,
        "motor": 0,
        "charging": 0,
        "occupied_rate": -99,
        "data_time": "Sat May 02 00:00:00 CST 2026"
      }
    },
    {
      "type": "Feature",
      "geometry": {
        "type": "Point",
        "coordinates": [
          121.5267098,
          25.0459409
        ]
      },
      "properties": {
        "id": "TPE0908",
        "name": "希望廣場",
        "area": "中正區",
        "address": "北平東路30號對面空地",
        "summary": "大型車:0格，小型車:42格(含身心障礙停車位1格，孕婦、育有六歲以下兒童停車位1格)，機車:0格",
        "tel": "022393-0801",
        "car": 42,
        "motor": 0,
        "charging": 0,
        "occupied_rate": -99,
        "data_time": "Sat May 02 00:00:00 CST 2026"
      }
    },
    {
      "type": "Feature",
      "geometry": {
        "type": "Point",
        "coordinates": [
          121.5493246,
          25.0340165
        ]
      },
      "properties": {
        "id": "TPE0909",
        "name": "慕軒飯店停車場",
        "area": "大安區",
        "address": "敦化南路1段331號地下1至3層",
        "summary": "大型車:0格，小型車:40格(含身心障礙停車位1格)，機車:0格",
        "tel": "7726-6699",
        "car": 40,
        "motor": 0,
        "charging": 0,
        "occupied_rate": -99,
        "data_time": "Sat May 02 00:00:00 CST 2026"
      }
    },
    {
      "type": "Feature",
      "geometry": {
        "type": "Point",
        "coordinates": [
          121.5308108,
          25.0452921
        ]
      },
      "properties": {
        "id": "TPE0910",
        "name": "三創生活園區停車場",
        "area": "中正區",
        "address": "市民大道3段2號地下1至6層",
        "summary": "大型車:0格，小型車:454格(含身心障礙停車位10格，孕婦、育有六歲以下兒童停車位9格)，機車:1157格(含身心障礙停車位24格)，充電格位:9格",
        "tel": "0800208333",
        "car": 454,
        "motor": 1157,
        "charging": 0,
        "occupied_rate": -99,
        "data_time": "Sat May 02 00:00:00 CST 2026"
      }
    },
    {
      "type": "Feature",
      "geometry": {
        "type": "Point",
        "coordinates": [
          121.5695921,
          25.0809559
        ]
      },
      "properties": {
        "id": "TPE0911",
        "name": "萬國科技大樓停車場",
        "area": "內湖區",
        "address": "洲子街105、107號地下1至4層",
        "summary": "大型車:0格，小型車:109格(含身心障礙停車位3格)，機車:0格，充電格位:1格",
        "tel": "0225117767",
        "car": 109,
        "motor": 0,
        "charging": 0,
        "occupied_rate": -99,
        "data_time": "Sat May 02 00:00:00 CST 2026"
      }
    },
    {
      "type": "Feature",
      "geometry": {
        "type": "Point",
        "coordinates": [
          121.5651936,
          25.0860577
        ]
      },
      "properties": {
        "id": "TPE0912",
        "name": "大直之星停車場",
        "area": "內湖區",
        "address": "環山路1段48號地下1層",
        "summary": "大型車:0格，小型車:40格(含身心障礙停車位1格)，機車:0格",
        "tel": "0909-354-999",
        "car": 40,
        "motor": 0,
        "charging": 0,
        "occupied_rate": -99,
        "data_time": "Sat May 02 00:00:00 CST 2026"
      }
    },
    {
      "type": "Feature",
      "geometry": {
        "type": "Point",
        "coordinates": [
          121.5833711,
          25.0630924
        ]
      },
      "properties": {
        "id": "TPE0914",
        "name": "長揚停車場新湖站",
        "area": "內湖區",
        "address": "新湖一路366號地下2層",
        "summary": "大型車:0格，小型車:59格(含身心障礙停車位1格)，機車:0格，充電格位:1格",
        "tel": "0980140159",
        "car": 59,
        "motor": 0,
        "charging": 0,
        "occupied_rate": -99,
        "data_time": "Sat May 02 00:00:00 CST 2026"
      }
    },
    {
      "type": "Feature",
      "geometry": {
        "type": "Point",
        "coordinates": [
          121.5638583,
          25.086846
        ]
      },
      "properties": {
        "id": "TPE0915",
        "name": "168停車聯盟-德明研推場",
        "area": "內湖區",
        "address": "文湖街81巷5號地上1層、地下1至2層",
        "summary": "大型車:0格，小型車:36格(含身心障礙停車位1格)，機車:123格(含身心障礙停車位2格)",
        "tel": "0227546661",
        "car": 36,
        "motor": 123,
        "charging": 0,
        "occupied_rate": -99,
        "data_time": "Sat May 02 00:00:00 CST 2026"
      }
    },
    {
      "type": "Feature",
      "geometry": {
        "type": "Point",
        "coordinates": [
          121.5484495,
          25.0553936
        ]
      },
      "properties": {
        "id": "TPE0916",
        "name": "文華停車場",
        "area": "松山區",
        "address": "敦化北路158號地下4至5層",
        "summary": "大型車:0格，小型車:449格(含身心障礙停車位10格，孕婦、育有六歲以下兒童停車位10格)，機車:0格，充電格位:4格",
        "tel": "(02)87128360",
        "car": 449,
        "motor": 0,
        "charging": 0,
        "occupied_rate": -99,
        "data_time": "Sat May 02 00:00:00 CST 2026"
      }
    },
    {
      "type": "Feature",
      "geometry": {
        "type": "Point",
        "coordinates": [
          121.5469186,
          25.0264959
        ]
      },
      "properties": {
        "id": "TPE0917",
        "name": "大安教會停車場",
        "area": "大安區",
        "address": "和平東路3段1巷51號",
        "summary": "大型車:0格，小型車:46格(含身心障礙停車位1格)，機車:0格",
        "tel": "2706-4477",
        "car": 46,
        "motor": 0,
        "charging": 0,
        "occupied_rate": -99,
        "data_time": "Sat May 02 00:00:00 CST 2026"
      }
    },
    {
      "type": "Feature",
      "geometry": {
        "type": "Point",
        "coordinates": [
          121.5033342,
          25.0310872
        ]
      },
      "properties": {
        "id": "TPE0918",
        "name": "莒光立體停車場",
        "area": "萬華區",
        "address": "莒光路137號",
        "summary": "大型車:0格，小型車:108格(含身心障礙停車位3格)，機車:0格",
        "tel": "0222408767",
        "car": 108,
        "motor": 0,
        "charging": 0,
        "occupied_rate": -99,
        "data_time": "Sat May 02 00:00:00 CST 2026"
      }
    },
    {
      "type": "Feature",
      "geometry": {
        "type": "Point",
        "coordinates": [
          121.5222775,
          25.0548154
        ]
      },
      "properties": {
        "id": "TPE0919",
        "name": "中山大樓地下停車場",
        "area": "中山區",
        "address": "中山北路2段42號地下1-4層",
        "summary": "大型車:0格，小型車:260格(含身心障礙停車位6格)，機車:0格",
        "tel": "2568-1432",
        "car": 260,
        "motor": 0,
        "charging": 0,
        "occupied_rate": -99,
        "data_time": "Sat May 02 00:00:00 CST 2026"
      }
    },
    {
      "type": "Feature",
      "geometry": {
        "type": "Point",
        "coordinates": [
          121.5606607,
          24.9857754
        ]
      },
      "properties": {
        "id": "TPE0920",
        "name": "協和上城停車場",
        "area": "文山區",
        "address": "興隆路4段58巷16弄6號地下1至2層",
        "summary": "大型車:0格，小型車:31格(含身心障礙停車位1格)，機車:0格",
        "tel": "022936-2825",
        "car": 31,
        "motor": 0,
        "charging": 0,
        "occupied_rate": -99,
        "data_time": "Sat May 02 00:00:00 CST 2026"
      }
    },
    {
      "type": "Feature",
      "geometry": {
        "type": "Point",
        "coordinates": [
          121.6154819,
          25.0588753
        ]
      },
      "properties": {
        "id": "TPE0921",
        "name": "中國信託金融園區停車場",
        "area": "南港區",
        "address": "經貿二路166、168、170、186、186-1、188、188-1號地下1、3至4層",
        "summary": "大型車:0格，小型車:730格(含身心障礙停車位17格，孕婦、育有六歲以下兒童停車位14格)，機車:2247格(含身心障礙停車位26格)，充電格位:7格",
        "tel": "0800208333",
        "car": 730,
        "motor": 2247,
        "charging": 0,
        "occupied_rate": -99,
        "data_time": "Sat May 02 00:00:00 CST 2026"
      }
    },
    {
      "type": "Feature",
      "geometry": {
        "type": "Point",
        "coordinates": [
          121.5522541,
          25.0821273
        ]
      },
      "properties": {
        "id": "TPE0922",
        "name": "Times 明水路",
        "area": "中山區",
        "address": "明水路606巷18號旁空地",
        "summary": "大型車:0格，小型車:70格(含身心障礙停車位2格)，機車:0格",
        "tel": "25046098",
        "car": 70,
        "motor": 0,
        "charging": 0,
        "occupied_rate": -99,
        "data_time": "Sat May 02 00:00:00 CST 2026"
      }
    },
    {
      "type": "Feature",
      "geometry": {
        "type": "Point",
        "coordinates": [
          121.5294127,
          25.0296063
        ]
      },
      "properties": {
        "id": "TPE0924",
        "name": "Times永康街第4",
        "area": "大安區",
        "address": "永康街38號旁空地",
        "summary": "大型車:0格，小型車:5格(含身心障礙停車位1格)，機車:0格",
        "tel": "0800-88-8924；0809-00-8924",
        "car": 5,
        "motor": 0,
        "charging": 0,
        "occupied_rate": -99,
        "data_time": "Sat May 02 00:00:00 CST 2026"
      }
    },
    {
      "type": "Feature",
      "geometry": {
        "type": "Point",
        "coordinates": [
          121.5372465,
          25.0517557
        ]
      },
      "properties": {
        "id": "TPE0925",
        "name": "便利停車場建國七站",
        "area": "中山區",
        "address": "南京東路3段8號地下3、4層及停車塔",
        "summary": "大型車:0格，小型車:80格(含身心障礙停車位2格)，機車:0格",
        "tel": "2799-1001",
        "car": 80,
        "motor": 0,
        "charging": 0,
        "occupied_rate": -99,
        "data_time": "Sat May 02 00:00:00 CST 2026"
      }
    },
    {
      "type": "Feature",
      "geometry": {
        "type": "Point",
        "coordinates": [
          121.5519362,
          25.0216654
        ]
      },
      "properties": {
        "id": "TPE0926",
        "name": "嘉興公園地下停車場",
        "area": "大安區",
        "address": "嘉興街373號地下室(共3層)",
        "summary": "大型車:0格，小型車:194格(含身心障礙停車位4格，孕婦、育有六歲以下兒童停車位4格)，機車:59格(含身心障礙停車位2格)，大型重機:2格，充電格位:5格",
        "tel": "2557-3722#0",
        "car": 194,
        "motor": 59,
        "charging": 0,
        "occupied_rate": -99,
        "data_time": "Sat May 02 00:00:00 CST 2026"
      }
    },
    {
      "type": "Feature",
      "geometry": {
        "type": "Point",
        "coordinates": [
          121.5177006,
          25.0736279
        ]
      },
      "properties": {
        "id": "TPE0927",
        "name": "保安第二停車場",
        "area": "大同區",
        "address": "哈密街58號空地",
        "summary": "大型車:0格，小型車:15格(含身心障礙停車位1格)，機車:0格",
        "tel": "8369-5098",
        "car": 15,
        "motor": 0,
        "charging": 0,
        "occupied_rate": -99,
        "data_time": "Sat May 02 00:00:00 CST 2026"
      }
    },
    {
      "type": "Feature",
      "geometry": {
        "type": "Point",
        "coordinates": [
          121.5148371,
          25.0975396
        ]
      },
      "properties": {
        "id": "TPE0928",
        "name": "兒童新樂園停車場",
        "area": "士林區",
        "address": "承德路5段55號地上1至2層",
        "summary": "大型車:0格，小型車:442格(含身心障礙停車位12格，孕婦、育有六歲以下兒童停車位8格)，機車:393格(含身心障礙停車位8格)，充電格位:9格",
        "tel": "0228345378",
        "car": 442,
        "motor": 393,
        "charging": 0,
        "occupied_rate": -99,
        "data_time": "Sat May 02 00:00:00 CST 2026"
      }
    },
    {
      "type": "Feature",
      "geometry": {
        "type": "Point",
        "coordinates": [
          121.5120013,
          25.0742593
        ]
      },
      "properties": {
        "id": "TPE0930",
        "name": "啟聰學校地下停車場",
        "area": "大同區",
        "address": "延平北路4段205號地下1層",
        "summary": "大型車:0格，小型車:175格(含身心障礙停車位4格，孕婦、育有六歲以下兒童停車位5格)，機車:94格(含身心障礙停車位4格)，充電格位:4格",
        "tel": "2759-0666",
        "car": 175,
        "motor": 94,
        "charging": 0,
        "occupied_rate": -99,
        "data_time": "Sat May 02 00:00:00 CST 2026"
      }
    },
    {
      "type": "Feature",
      "geometry": {
        "type": "Point",
        "coordinates": [
          121.550621,
          25.0420218
        ]
      },
      "properties": {
        "id": "TPE0931",
        "name": "羅馬洗車場停車場",
        "area": "大安區",
        "address": "忠孝東路4段177號後側",
        "summary": "大型車:0格，小型車:12格(含身心障礙停車位1格)，機車:0格",
        "tel": "2711-1789#0",
        "car": 12,
        "motor": 0,
        "charging": 0,
        "occupied_rate": -99,
        "data_time": "Sat May 02 00:00:00 CST 2026"
      }
    },
    {
      "type": "Feature",
      "geometry": {
        "type": "Point",
        "coordinates": [
          121.5422004,
          25.0522568
        ]
      },
      "properties": {
        "id": "TPE0932",
        "name": "恩典停車場",
        "area": "中山區",
        "address": "遼寧街139號、139號之1",
        "summary": "大型車:0格，小型車:52格(含身心障礙停車位1格)，機車:0格",
        "tel": "0223705266",
        "car": 52,
        "motor": 0,
        "charging": 0,
        "occupied_rate": -99,
        "data_time": "Sat May 02 00:00:00 CST 2026"
      }
    },
    {
      "type": "Feature",
      "geometry": {
        "type": "Point",
        "coordinates": [
          121.5287938,
          25.0364247
        ]
      },
      "properties": {
        "id": "TPE0933",
        "name": "便利停車場臨沂五站",
        "area": "中正區",
        "address": "臨沂街65巷1號地下1層",
        "summary": "大型車:0格，小型車:16格(含身心障礙停車位1格)，機車:29格(含身心障礙停車位1格)",
        "tel": "27991001#166",
        "car": 16,
        "motor": 29,
        "charging": 0,
        "occupied_rate": -99,
        "data_time": "Sat May 02 00:00:00 CST 2026"
      }
    },
    {
      "type": "Feature",
      "geometry": {
        "type": "Point",
        "coordinates": [
          121.5580123,
          25.0815596
        ]
      },
      "properties": {
        "id": "TPE0934",
        "name": "大直停車場",
        "area": "中山區",
        "address": "敬業四路31號旁",
        "summary": "大型車:0格，小型車:43格(含身心障礙停車位1格)，機車:0格",
        "tel": "0980-820-666",
        "car": 43,
        "motor": 0,
        "charging": 0,
        "occupied_rate": -99,
        "data_time": "Sat May 02 00:00:00 CST 2026"
      }
    },
    {
      "type": "Feature",
      "geometry": {
        "type": "Point",
        "coordinates": [
          121.5355985,
          25.1160163
        ]
      },
      "properties": {
        "id": "TPE0935",
        "name": "臺北市立大學天母校區體育館平面停車場",
        "area": "士林區",
        "address": "忠誠路2段207巷6號體育館旁",
        "summary": "大型車:0格，小型車:82格(含身心障礙停車位2格)，機車:0格，充電格位:2格",
        "tel": "0228726018",
        "car": 82,
        "motor": 0,
        "charging": 0,
        "occupied_rate": -99,
        "data_time": "Sat May 02 00:00:00 CST 2026"
      }
    },
    {
      "type": "Feature",
      "geometry": {
        "type": "Point",
        "coordinates": [
          121.5037222,
          25.1374138
        ]
      },
      "properties": {
        "id": "TPE0937",
        "name": "台北國際醫旅停車場",
        "area": "北投區",
        "address": "中和街2號地下1至2層",
        "summary": "大型車:0格，小型車:34格(含身心障礙停車位2格)，機車:0格，充電格位:2格",
        "tel": "0228988686",
        "car": 34,
        "motor": 0,
        "charging": 0,
        "occupied_rate": -99,
        "data_time": "Sat May 02 00:00:00 CST 2026"
      }
    },
    {
      "type": "Feature",
      "geometry": {
        "type": "Point",
        "coordinates": [
          121.5129088,
          25.0460885
        ]
      },
      "properties": {
        "id": "TPE0938",
        "name": "嘟嘟房開封站停車場",
        "area": "中正區",
        "address": "開封街1段33號地下1層",
        "summary": "大型車:0格，小型車:14格(含身心障礙停車位1格)，機車:0格",
        "tel": "2655-0818",
        "car": 14,
        "motor": 0,
        "charging": 0,
        "occupied_rate": -99,
        "data_time": "Sat May 02 00:00:00 CST 2026"
      }
    },
    {
      "type": "Feature",
      "geometry": {
        "type": "Point",
        "coordinates": [
          121.5130529,
          25.0448512
        ]
      },
      "properties": {
        "id": "TPE0939",
        "name": "嘟嘟房重慶南站停車場",
        "area": "中正區",
        "address": "重慶南路1段38號地下1至3層",
        "summary": "大型車:0格，小型車:43格(含身心障礙停車位2格)，機車:0格",
        "tel": "2655-0818",
        "car": 43,
        "motor": 0,
        "charging": 0,
        "occupied_rate": -99,
        "data_time": "Sat May 02 00:00:00 CST 2026"
      }
    },
    {
      "type": "Feature",
      "geometry": {
        "type": "Point",
        "coordinates": [
          121.5231365,
          25.0588637
        ]
      },
      "properties": {
        "id": "TPE0940",
        "name": "中山北停車場",
        "area": "中山區",
        "address": "中山北路2段89號",
        "summary": "大型車:0格，小型車:50格(含身心障礙停車位1格)，機車:0格",
        "tel": "02-24551299",
        "car": 50,
        "motor": 0,
        "charging": 0,
        "occupied_rate": -99,
        "data_time": "Sat May 02 00:00:00 CST 2026"
      }
    },
    {
      "type": "Feature",
      "geometry": {
        "type": "Point",
        "coordinates": [
          121.5563499,
          24.9847963
        ]
      },
      "properties": {
        "id": "TPE0941",
        "name": "文山光輝停車場",
        "area": "文山區",
        "address": "光輝路96號旁空地",
        "summary": "大型車:0格，小型車:14格(含身心障礙停車位1格)，機車:0格",
        "tel": "",
        "car": 14,
        "motor": 0,
        "charging": 0,
        "occupied_rate": -99,
        "data_time": "Sat May 02 00:00:00 CST 2026"
      }
    },
    {
      "type": "Feature",
      "geometry": {
        "type": "Point",
        "coordinates": [
          121.5494749,
          25.0444072
        ]
      },
      "properties": {
        "id": "TPE0944",
        "name": "便利停車場富敦站",
        "area": "大安區",
        "address": "敦化南路1段111號地下1至4層",
        "summary": "大型車:0格，小型車:70格(含身心障礙停車位2格)，機車:196格(含身心障礙停車位4格)",
        "tel": "2799-1001#168",
        "car": 70,
        "motor": 196,
        "charging": 0,
        "occupied_rate": -99,
        "data_time": "Sat May 02 00:00:00 CST 2026"
      }
    },
    {
      "type": "Feature",
      "geometry": {
        "type": "Point",
        "coordinates": [
          121.5513192,
          25.0569516
        ]
      },
      "properties": {
        "id": "TPE0945",
        "name": "博客停車場-台北敦北場",
        "area": "松山區",
        "address": "敦化北路199巷5號地下1層",
        "summary": "大型車:0格，小型車:13格(含身心障礙停車位1格)，機車:0格",
        "tel": "2948-8889",
        "car": 13,
        "motor": 0,
        "charging": 0,
        "occupied_rate": -99,
        "data_time": "Sat May 02 00:00:00 CST 2026"
      }
    },
    {
      "type": "Feature",
      "geometry": {
        "type": "Point",
        "coordinates": [
          121.516319,
          25.0646926
        ]
      },
      "properties": {
        "id": "TPE0947",
        "name": "臺北市大同區大同國民小學開放停車場",
        "area": "大同區",
        "address": "大龍街51號",
        "summary": "大型車:0格，小型車:24格(含身心障礙停車位1格)，機車:0格",
        "tel": "0225965407",
        "car": 24,
        "motor": 0,
        "charging": 0,
        "occupied_rate": -99,
        "data_time": "Sat May 02 00:00:00 CST 2026"
      }
    },
    {
      "type": "Feature",
      "geometry": {
        "type": "Point",
        "coordinates": [
          121.553967,
          25.0391701
        ]
      },
      "properties": {
        "id": "TPE0948",
        "name": "長誼停車場",
        "area": "大安區",
        "address": "忠孝東路4段248巷底",
        "summary": "大型車:0格，小型車:3格(含身心障礙停車位1格)，機車:0格",
        "tel": "2778-3650；0909668567",
        "car": 3,
        "motor": 0,
        "charging": 0,
        "occupied_rate": -99,
        "data_time": "Sat May 02 00:00:00 CST 2026"
      }
    },
    {
      "type": "Feature",
      "geometry": {
        "type": "Point",
        "coordinates": [
          121.5171232,
          25.0921374
        ]
      },
      "properties": {
        "id": "TPE0949",
        "name": "臺北市立陽明高級中學學生活動中心地下停車場",
        "area": "士林區",
        "address": "中正路510號",
        "summary": "大型車:0格，小型車:20格(含身心障礙停車位1格)，機車:0格",
        "tel": "0228316675#144",
        "car": 20,
        "motor": 0,
        "charging": 0,
        "occupied_rate": -99,
        "data_time": "Sat May 02 00:00:00 CST 2026"
      }
    },
    {
      "type": "Feature",
      "geometry": {
        "type": "Point",
        "coordinates": [
          121.5331806,
          25.0282544
        ]
      },
      "properties": {
        "id": "TPE0950",
        "name": "青田街停車場",
        "area": "大安區",
        "address": "青田街7巷9號旁空地",
        "summary": "大型車:0格，小型車:36格(含身心障礙停車位1格)，機車:0格",
        "tel": "2778-5756",
        "car": 36,
        "motor": 0,
        "charging": 0,
        "occupied_rate": -99,
        "data_time": "Sat May 02 00:00:00 CST 2026"
      }
    },
    {
      "type": "Feature",
      "geometry": {
        "type": "Point",
        "coordinates": [
          121.5806407,
          25.0696371
        ]
      },
      "properties": {
        "id": "TPE0951",
        "name": "長揚停車場瑞光站",
        "area": "內湖區",
        "address": "瑞光路66巷40-52號地下2至3層",
        "summary": "大型車:0格，小型車:236格(含身心障礙停車位6格)，機車:0格，充電格位:2格",
        "tel": "0980140122",
        "car": 236,
        "motor": 0,
        "charging": 0,
        "occupied_rate": -99,
        "data_time": "Sat May 02 00:00:00 CST 2026"
      }
    },
    {
      "type": "Feature",
      "geometry": {
        "type": "Point",
        "coordinates": [
          121.6175569,
          25.0424629
        ]
      },
      "properties": {
        "id": "TPE0952",
        "name": "臺北市南港區胡適國小地下停車場",
        "area": "南港區",
        "address": "舊莊街1段1號",
        "summary": "大型車:0格，小型車:47格(含身心障礙停車位1格)，機車:93格(含身心障礙停車位2格)，充電格位:1格",
        "tel": "0227824949",
        "car": 47,
        "motor": 93,
        "charging": 0,
        "occupied_rate": -99,
        "data_time": "Sat May 02 00:00:00 CST 2026"
      }
    },
    {
      "type": "Feature",
      "geometry": {
        "type": "Point",
        "coordinates": [
          121.5449565,
          25.0441124
        ]
      },
      "properties": {
        "id": "TPE0953",
        "name": "忠孝停車場",
        "area": "大安區",
        "address": "復興南路1段107巷5弄10至16號地下室",
        "summary": "大型車:0格，小型車:11格(含身心障礙停車位1格)，機車:0格",
        "tel": "27785756",
        "car": 11,
        "motor": 0,
        "charging": 0,
        "occupied_rate": -99,
        "data_time": "Sat May 02 00:00:00 CST 2026"
      }
    },
    {
      "type": "Feature",
      "geometry": {
        "type": "Point",
        "coordinates": [
          121.4873901,
          25.1404342
        ]
      },
      "properties": {
        "id": "TPE0954",
        "name": "博客停車場北投新興場",
        "area": "北投區",
        "address": "崗山路8巷3號對面空地",
        "summary": "大型車:0格，小型車:28格(含身心障礙停車位1格)，機車:0格",
        "tel": "0229488889",
        "car": 28,
        "motor": 0,
        "charging": 0,
        "occupied_rate": -99,
        "data_time": "Sat May 02 00:00:00 CST 2026"
      }
    },
    {
      "type": "Feature",
      "geometry": {
        "type": "Point",
        "coordinates": [
          121.5187126,
          25.0697377
        ]
      },
      "properties": {
        "id": "TPE0955",
        "name": "Times 承德路第5【月租】",
        "area": "大同區",
        "address": "承德路3段203號旁空地",
        "summary": "大型車:0格，小型車:1格(含身心障礙停車位1格)，機車:0格",
        "tel": "0809008924",
        "car": 1,
        "motor": 0,
        "charging": 0,
        "occupied_rate": -99,
        "data_time": "Sat May 02 00:00:00 CST 2026"
      }
    },
    {
      "type": "Feature",
      "geometry": {
        "type": "Point",
        "coordinates": [
          121.5634432,
          25.055236
        ]
      },
      "properties": {
        "id": "TPE0956",
        "name": "健安新城E區管理委員會",
        "area": "松山區",
        "address": "三民路35巷1號",
        "summary": "大型車:0格，小型車:85格(含身心障礙停車位1格)，機車:0格",
        "tel": "(02)25287681",
        "car": 85,
        "motor": 0,
        "charging": 0,
        "occupied_rate": -99,
        "data_time": "Sat May 02 00:00:00 CST 2026"
      }
    },
    {
      "type": "Feature",
      "geometry": {
        "type": "Point",
        "coordinates": [
          121.5147915,
          25.1148622
        ]
      },
      "properties": {
        "id": "TPE0957",
        "name": "城市車旅國泰石牌停車場",
        "area": "北投區",
        "address": "石牌路1段188號地下1至5層",
        "summary": "大型車:0格，小型車:60格(含身心障礙停車位1格)，機車:0格，充電格位:1格",
        "tel": "0222461708",
        "car": 60,
        "motor": 0,
        "charging": 0,
        "occupied_rate": -99,
        "data_time": "Sat May 02 00:00:00 CST 2026"
      }
    },
    {
      "type": "Feature",
      "geometry": {
        "type": "Point",
        "coordinates": [
          121.6037433,
          25.0521074
        ]
      },
      "properties": {
        "id": "TPE0959",
        "name": "南港車站地下停車場",
        "area": "南港區",
        "address": "忠孝東路7段265巷1號地下1層、地下1層夾層、地下2層、地下3層夾層",
        "summary": "大型車:0格，小型車:1100格(含身心障礙停車位23格，孕婦、育有六歲以下兒童停車位23格)，機車:1052格(含身心障礙停車位21格)，充電格位:32格",
        "tel": "0227995657",
        "car": 1100,
        "motor": 1052,
        "charging": 0,
        "occupied_rate": -99,
        "data_time": "Sat May 02 00:00:00 CST 2026"
      }
    },
    {
      "type": "Feature",
      "geometry": {
        "type": "Point",
        "coordinates": [
          121.5632609,
          25.0854038
        ]
      },
      "properties": {
        "id": "TPE0960",
        "name": "博客停車場-內湖場",
        "area": "內湖區",
        "address": "內湖路1段91巷38弄24號對面空地",
        "summary": "大型車:0格，小型車:13格(含身心障礙停車位1格)，機車:0格",
        "tel": "0229488889",
        "car": 13,
        "motor": 0,
        "charging": 0,
        "occupied_rate": -99,
        "data_time": "Sat May 02 00:00:00 CST 2026"
      }
    },
    {
      "type": "Feature",
      "geometry": {
        "type": "Point",
        "coordinates": [
          121.5722945,
          25.0613457
        ]
      },
      "properties": {
        "id": "TPE0962",
        "name": "彩虹河濱公園堤外停車場",
        "area": "內湖區",
        "address": "民權大橋至麥帥一橋",
        "summary": "大型車:0格，小型車:572格(含身心障礙停車位11格)，機車:0格",
        "tel": "0227590666",
        "car": 572,
        "motor": 0,
        "charging": 0,
        "occupied_rate": -99,
        "data_time": "Sat May 02 00:00:00 CST 2026"
      }
    },
    {
      "type": "Feature",
      "geometry": {
        "type": "Point",
        "coordinates": [
          121.5327708,
          25.0963274
        ]
      },
      "properties": {
        "id": "TPE0963",
        "name": "福林路平面停車場",
        "area": "士林區",
        "address": "福林路與中正路交叉口南側空地",
        "summary": "大型車:0格，小型車:88格(含身心障礙停車位2格)，機車:51格(含身心障礙停車位1格)，充電格位:2格",
        "tel": "0227590666",
        "car": 88,
        "motor": 51,
        "charging": 0,
        "occupied_rate": -99,
        "data_time": "Sat May 02 00:00:00 CST 2026"
      }
    },
    {
      "type": "Feature",
      "geometry": {
        "type": "Point",
        "coordinates": [
          121.5630899,
          25.0808678
        ]
      },
      "properties": {
        "id": "TPE0965",
        "name": "USPACE 倫敦科技總部附設停車場",
        "area": "內湖區",
        "address": "堤頂大道2段409號地下1至4層",
        "summary": "大型車:0格，小型車:130格(含身心障礙停車位3格)，機車:0格，充電格位:1格",
        "tel": "7751-8097",
        "car": 130,
        "motor": 0,
        "charging": 0,
        "occupied_rate": -99,
        "data_time": "Sat May 02 00:00:00 CST 2026"
      }
    },
    {
      "type": "Feature",
      "geometry": {
        "type": "Point",
        "coordinates": [
          121.5423192,
          25.0444155
        ]
      },
      "properties": {
        "id": "TPE0966",
        "name": "市民大道三段停車場",
        "area": "大安區",
        "address": "市民大道3段274號旁空地",
        "summary": "大型車:0格，小型車:6格(含身心障礙停車位1格)，機車:0格",
        "tel": "02-22702916",
        "car": 6,
        "motor": 0,
        "charging": 0,
        "occupied_rate": -99,
        "data_time": "Sat May 02 00:00:00 CST 2026"
      }
    },
    {
      "type": "Feature",
      "geometry": {
        "type": "Point",
        "coordinates": [
          121.5252514,
          25.0561704
        ]
      },
      "properties": {
        "id": "TPE0967",
        "name": "林森二停車場",
        "area": "中山區",
        "address": "林森北路308號",
        "summary": "大型車:0格，小型車:44格(含身心障礙停車位1格)，機車:0格",
        "tel": "7738-1328",
        "car": 44,
        "motor": 0,
        "charging": 0,
        "occupied_rate": -99,
        "data_time": "Sat May 02 00:00:00 CST 2026"
      }
    },
    {
      "type": "Feature",
      "geometry": {
        "type": "Point",
        "coordinates": [
          121.5816135,
          25.0676336
        ]
      },
      "properties": {
        "id": "TPE0968",
        "name": "禾馨民權婦幼診所地下停車場",
        "area": "內湖區",
        "address": "民權東路6段42號地下1至2層",
        "summary": "大型車:0格，小型車:118格(含身心障礙停車位2格，孕婦、育有六歲以下兒童停車位2格)，機車:0格，充電格位:1格",
        "tel": "03-3332157",
        "car": 118,
        "motor": 0,
        "charging": 0,
        "occupied_rate": -99,
        "data_time": "Sat May 02 00:00:00 CST 2026"
      }
    },
    {
      "type": "Feature",
      "geometry": {
        "type": "Point",
        "coordinates": [
          121.5711347,
          25.0504691
        ]
      },
      "properties": {
        "id": "TPE0969",
        "name": "南松饒河二站平面停車場",
        "area": "松山區",
        "address": "塔悠路36號旁空地",
        "summary": "大型車:0格，小型車:8格(含身心障礙停車位1格)，機車:0格",
        "tel": "0225046290",
        "car": 8,
        "motor": 0,
        "charging": 0,
        "occupied_rate": -99,
        "data_time": "Sat May 02 00:00:00 CST 2026"
      }
    },
    {
      "type": "Feature",
      "geometry": {
        "type": "Point",
        "coordinates": [
          121.5704605,
          25.0505507
        ]
      },
      "properties": {
        "id": "TPE0970",
        "name": "南松饒河一站平面停車場",
        "area": "松山區",
        "address": "八德路4段453巷與基隆路1段交叉口",
        "summary": "大型車:0格，小型車:16格(含身心障礙停車位1格)，機車:0格",
        "tel": "0225046290",
        "car": 16,
        "motor": 0,
        "charging": 0,
        "occupied_rate": -99,
        "data_time": "Sat May 02 00:00:00 CST 2026"
      }
    },
    {
      "type": "Feature",
      "geometry": {
        "type": "Point",
        "coordinates": [
          121.500081,
          25.1279423
        ]
      },
      "properties": {
        "id": "TPE0971",
        "name": "大業路280巷臨時平面停車場",
        "area": "北投區",
        "address": "大業路280巷",
        "summary": "大型車:0格，小型車:40格(含身心障礙停車位1格)，機車:0格，充電格位:2格",
        "tel": "0227590666",
        "car": 40,
        "motor": 0,
        "charging": 0,
        "occupied_rate": -99,
        "data_time": "Sat May 02 00:00:00 CST 2026"
      }
    },
    {
      "type": "Feature",
      "geometry": {
        "type": "Point",
        "coordinates": [
          121.5028161,
          25.1377464
        ]
      },
      "properties": {
        "id": "TPE0973",
        "name": "大業立體停車場",
        "area": "北投區",
        "address": "大業路745號",
        "summary": "大型車:0格，小型車:122格(含身心障礙停車位2格)，機車:0格",
        "tel": "0224551299",
        "car": 122,
        "motor": 0,
        "charging": 0,
        "occupied_rate": -99,
        "data_time": "Sat May 02 00:00:00 CST 2026"
      }
    },
    {
      "type": "Feature",
      "geometry": {
        "type": "Point",
        "coordinates": [
          121.5158177,
          25.067466
        ]
      },
      "properties": {
        "id": "TPE0975",
        "name": "揚雅立體停車場",
        "area": "大同區",
        "address": "大龍街136號",
        "summary": "大型車:0格，小型車:204格(含身心障礙停車位5格)，機車:0格",
        "tel": "0229942818",
        "car": 204,
        "motor": 0,
        "charging": 0,
        "occupied_rate": -99,
        "data_time": "Sat May 02 00:00:00 CST 2026"
      }
    },
    {
      "type": "Feature",
      "geometry": {
        "type": "Point",
        "coordinates": [
          121.5453367,
          25.0404546
        ]
      },
      "properties": {
        "id": "TPE0976",
        "name": "168停車聯盟-大安場",
        "area": "大安區",
        "address": "仁愛路4段27巷25號地下1至5層",
        "summary": "大型車:0格，小型車:132格(含身心障礙停車位3格)，機車:0格，充電格位:1格",
        "tel": "27546661",
        "car": 132,
        "motor": 0,
        "charging": 0,
        "occupied_rate": -99,
        "data_time": "Sat May 02 00:00:00 CST 2026"
      }
    },
    {
      "type": "Feature",
      "geometry": {
        "type": "Point",
        "coordinates": [
          121.5234531,
          25.0562512
        ]
      },
      "properties": {
        "id": "TPE0977",
        "name": "中山大樓停車場",
        "area": "中山區",
        "address": "中山北路2段61號後側空地及地下1至2層",
        "summary": "大型車:0格，小型車:97格(含身心障礙停車位2格)，機車:0格，充電格位:1格",
        "tel": "0225117767",
        "car": 97,
        "motor": 0,
        "charging": 0,
        "occupied_rate": -99,
        "data_time": "Sat May 02 00:00:00 CST 2026"
      }
    },
    {
      "type": "Feature",
      "geometry": {
        "type": "Point",
        "coordinates": [
          121.6191065,
          25.0721607
        ]
      },
      "properties": {
        "id": "TPE0978",
        "name": "康樂立體停車場",
        "area": "內湖區",
        "address": "康樂街138號",
        "summary": "大型車:0格，小型車:153格(含身心障礙停車位3格)，機車:0格",
        "tel": "0226335786",
        "car": 153,
        "motor": 0,
        "charging": 0,
        "occupied_rate": -99,
        "data_time": "Sat May 02 00:00:00 CST 2026"
      }
    },
    {
      "type": "Feature",
      "geometry": {
        "type": "Point",
        "coordinates": [
          121.5588677,
          25.0804211
        ]
      },
      "properties": {
        "id": "TPE0979",
        "name": "台北萬豪酒店客用停車場",
        "area": "中山區",
        "address": "樂群二路199號地下2至4層",
        "summary": "大型車:0格，小型車:400格(含身心障礙停車位9格)，機車:0格，充電格位:6格",
        "tel": "8502-9999",
        "car": 400,
        "motor": 0,
        "charging": 0,
        "occupied_rate": -99,
        "data_time": "Sat May 02 00:00:00 CST 2026"
      }
    },
    {
      "type": "Feature",
      "geometry": {
        "type": "Point",
        "coordinates": [
          121.603858,
          25.05245
        ]
      },
      "properties": {
        "id": "TPE0980",
        "name": "南港立體停車場",
        "area": "南港區",
        "address": "忠孝東路7段359、369號5至12層層",
        "summary": "大型車:0格，小型車:406格(含身心障礙停車位12格，孕婦、育有六歲以下兒童停車位8格)，機車:0格，充電格位:5格",
        "tel": "26510865",
        "car": 406,
        "motor": 0,
        "charging": 0,
        "occupied_rate": -99,
        "data_time": "Sat May 02 00:00:00 CST 2026"
      }
    },
    {
      "type": "Feature",
      "geometry": {
        "type": "Point",
        "coordinates": [
          121.5667701,
          25.0405911
        ]
      },
      "properties": {
        "id": "TPE0981",
        "name": "微風信義地下停車場",
        "area": "信義區",
        "address": "忠孝東路5段68號地下3層",
        "summary": "大型車:0格，小型車:130格(含身心障礙停車位9格，孕婦、育有六歲以下兒童停車位2格)，機車:0格，充電格位:2格",
        "tel": "6636-6699 #2310",
        "car": 130,
        "motor": 0,
        "charging": 0,
        "occupied_rate": -99,
        "data_time": "Sat May 02 00:00:00 CST 2026"
      }
    },
    {
      "type": "Feature",
      "geometry": {
        "type": "Point",
        "coordinates": [
          121.5294799,
          25.0472199
        ]
      },
      "properties": {
        "id": "TPE0982",
        "name": "長安東路臨時平面停車場(一)",
        "area": "中山區",
        "address": "長安東路1段56巷1弄21號對面",
        "summary": "大型車:0格，小型車:5格(含身心障礙停車位1格)，機車:15格(含身心障礙停車位1格)",
        "tel": "2759-0666",
        "car": 5,
        "motor": 15,
        "charging": 0,
        "occupied_rate": -99,
        "data_time": "Sat May 02 00:00:00 CST 2026"
      }
    },
    {
      "type": "Feature",
      "geometry": {
        "type": "Point",
        "coordinates": [
          121.5527934,
          25.0797036
        ]
      },
      "properties": {
        "id": "TPE0983",
        "name": "明水一平面停車場",
        "area": "中山區",
        "address": "明水路與樂群二路交口空地",
        "summary": "大型車:0格，小型車:49格(含身心障礙停車位1格)，機車:0格",
        "tel": "0225172642",
        "car": 49,
        "motor": 0,
        "charging": 0,
        "occupied_rate": -99,
        "data_time": "Sat May 02 00:00:00 CST 2026"
      }
    },
    {
      "type": "Feature",
      "geometry": {
        "type": "Point",
        "coordinates": [
          121.5933098,
          25.0653597
        ]
      },
      "properties": {
        "id": "TPE0984",
        "name": "台灣聯通山仔頂停車場",
        "area": "內湖區",
        "address": "成功路2段115巷1弄24號旁空地",
        "summary": "大型車:0格，小型車:49格(含身心障礙停車位1格)，機車:0格",
        "tel": "0225235000",
        "car": 49,
        "motor": 0,
        "charging": 0,
        "occupied_rate": -99,
        "data_time": "Sat May 02 00:00:00 CST 2026"
      }
    },
    {
      "type": "Feature",
      "geometry": {
        "type": "Point",
        "coordinates": [
          121.5245702,
          25.0630612
        ]
      },
      "properties": {
        "id": "TPE0986",
        "name": "百里亭雅樂軒停車場",
        "area": "中山區",
        "address": "雙城街1號",
        "summary": "大型車:0格，小型車:71格(含身心障礙停車位1格)，機車:0格",
        "tel": "7715-3105",
        "car": 71,
        "motor": 0,
        "charging": 0,
        "occupied_rate": -99,
        "data_time": "Sat May 02 00:00:00 CST 2026"
      }
    },
    {
      "type": "Feature",
      "geometry": {
        "type": "Point",
        "coordinates": [
          121.5500737,
          25.0235457
        ]
      },
      "properties": {
        "id": "TPE0987",
        "name": "驛馬站收費停車場",
        "area": "大安區",
        "address": "樂業街21號旁空地",
        "summary": "大型車:0格，小型車:18格(含身心障礙停車位1格)，機車:0格",
        "tel": "02-2270-2916#306",
        "car": 18,
        "motor": 0,
        "charging": 0,
        "occupied_rate": -99,
        "data_time": "Sat May 02 00:00:00 CST 2026"
      }
    },
    {
      "type": "Feature",
      "geometry": {
        "type": "Point",
        "coordinates": [
          121.5497309,
          25.0320085
        ]
      },
      "properties": {
        "id": "TPE0988",
        "name": "敦和停車場",
        "area": "大安區",
        "address": "敦化南路2段37巷10號旁空地",
        "summary": "大型車:0格，小型車:49格(含身心障礙停車位1格)，機車:0格",
        "tel": "2240-8767",
        "car": 49,
        "motor": 0,
        "charging": 0,
        "occupied_rate": -99,
        "data_time": "Sat May 02 00:00:00 CST 2026"
      }
    },
    {
      "type": "Feature",
      "geometry": {
        "type": "Point",
        "coordinates": [
          121.5056837,
          25.1353149
        ]
      },
      "properties": {
        "id": "TPE0989",
        "name": "驛馬站北投一收費停車場",
        "area": "北投區",
        "address": "溫泉路80號旁空地",
        "summary": "大型車:0格，小型車:42格(含身心障礙停車位1格)，機車:0格",
        "tel": "02-2270-2916#306",
        "car": 42,
        "motor": 0,
        "charging": 0,
        "occupied_rate": -99,
        "data_time": "Sat May 02 00:00:00 CST 2026"
      }
    },
    {
      "type": "Feature",
      "geometry": {
        "type": "Point",
        "coordinates": [
          121.5522002,
          25.0014167
        ]
      },
      "properties": {
        "id": "TPE0990",
        "name": "靜心連雲社區停車場",
        "area": "文山區",
        "address": "興隆路2段6、8、10號地上1及地下1至2層",
        "summary": "大型車:0格，小型車:47格(含身心障礙停車位1格)，機車:24格(含身心障礙停車位1格)",
        "tel": "",
        "car": 47,
        "motor": 24,
        "charging": 0,
        "occupied_rate": -99,
        "data_time": "Sat May 02 00:00:00 CST 2026"
      }
    },
    {
      "type": "Feature",
      "geometry": {
        "type": "Point",
        "coordinates": [
          121.5811336,
          25.0492973
        ]
      },
      "properties": {
        "id": "TPE0991",
        "name": "日月亭松山車站停車場",
        "area": "南港區",
        "address": "市民大道7段8號3至10層",
        "summary": "大型車:0格，小型車:348格(含身心障礙停車位6格，孕婦、育有六歲以下兒童停車位3格)，機車:0格",
        "tel": "0227831863",
        "car": 348,
        "motor": 0,
        "charging": 0,
        "occupied_rate": -99,
        "data_time": "Sat May 02 00:00:00 CST 2026"
      }
    },
    {
      "type": "Feature",
      "geometry": {
        "type": "Point",
        "coordinates": [
          121.4701168,
          25.1275822
        ]
      },
      "properties": {
        "id": "TPE0992",
        "name": "好市多北投分公司",
        "area": "北投區",
        "address": "立德路117號",
        "summary": "大型車:0格，小型車:690格(含身心障礙停車位14格，孕婦、育有六歲以下兒童停車位13格)，機車:235格(含身心障礙停車位5格)，充電格位:14格",
        "tel": "0228941838",
        "car": 690,
        "motor": 235,
        "charging": 0,
        "occupied_rate": -99,
        "data_time": "Sat May 02 00:00:00 CST 2026"
      }
    },
    {
      "type": "Feature",
      "geometry": {
        "type": "Point",
        "coordinates": [
          121.5873049,
          25.059337
        ]
      },
      "properties": {
        "id": "TPE0994",
        "name": "台北企業總部園區湖區地下停車場",
        "area": "內湖區",
        "address": "南京東路6段370、372、372-1、376、378、378-1、380、382、386、388、390、392號及新明路120-1、122-2、122-3、122-5、122-6、122-7、122-8號地下1至2層及南京東路6段382號(A4棟)地下3層",
        "summary": "大型車:0格，小型車:419格(含身心障礙停車位8格)，機車:0格，充電格位:8格",
        "tel": "0227941471",
        "car": 419,
        "motor": 0,
        "charging": 0,
        "occupied_rate": -99,
        "data_time": "Sat May 02 00:00:00 CST 2026"
      }
    },
    {
      "type": "Feature",
      "geometry": {
        "type": "Point",
        "coordinates": [
          121.5117909,
          25.0562783
        ]
      },
      "properties": {
        "id": "TPE0996",
        "name": "星聚點壹號文創延平站",
        "area": "大同區",
        "address": "延平北路2段83號地下3至4層",
        "summary": "大型車:0格，小型車:150格(含身心障礙停車位3格，孕婦、育有六歲以下兒童停車位2格)，機車:0格，充電格位:4格",
        "tel": "23120001",
        "car": 150,
        "motor": 0,
        "charging": 0,
        "occupied_rate": -99,
        "data_time": "Sat May 02 00:00:00 CST 2026"
      }
    },
    {
      "type": "Feature",
      "geometry": {
        "type": "Point",
        "coordinates": [
          121.5540683,
          25.0802157
        ]
      },
      "properties": {
        "id": "TPE0997",
        "name": "台北美福大飯店停車場",
        "area": "中山區",
        "address": "樂群二路55號地下4、5層",
        "summary": "大型車:0格，小型車:320格(含身心障礙停車位6格，孕婦、育有六歲以下兒童停車位2格)，機車:0格，充電格位:6格",
        "tel": "0277325599",
        "car": 320,
        "motor": 0,
        "charging": 0,
        "occupied_rate": -99,
        "data_time": "Sat May 02 00:00:00 CST 2026"
      }
    },
    {
      "type": "Feature",
      "geometry": {
        "type": "Point",
        "coordinates": [
          121.5536305,
          25.0563562
        ]
      },
      "properties": {
        "id": "TPE0998",
        "name": "萬豐富利有限公司民生東站",
        "area": "松山區",
        "address": "民生東路4段80巷15弄7、9號",
        "summary": "大型車:0格，小型車:64格(含身心障礙停車位2格)，機車:0格",
        "tel": "(02)23621208",
        "car": 64,
        "motor": 0,
        "charging": 0,
        "occupied_rate": -99,
        "data_time": "Sat May 02 00:00:00 CST 2026"
      }
    },
    {
      "type": "Feature",
      "geometry": {
        "type": "Point",
        "coordinates": [
          121.5309556,
          25.0418226
        ]
      },
      "properties": {
        "id": "TPE0999",
        "name": "臨沂街臨時平面停車場（一）",
        "area": "中正區",
        "address": "臨沂街19巷11號對面",
        "summary": "大型車:0格，小型車:14格(含身心障礙停車位1格)，機車:11格",
        "tel": "27590666",
        "car": 14,
        "motor": 11,
        "charging": 0,
        "occupied_rate": -99,
        "data_time": "Sat May 02 00:00:00 CST 2026"
      }
    },
    {
      "type": "Feature",
      "geometry": {
        "type": "Point",
        "coordinates": [
          121.5406098,
          25.0474777
        ]
      },
      "properties": {
        "id": "TPE1000",
        "name": "嘟嘟房龍江八德站停車場",
        "area": "中山區",
        "address": "龍江路15號地下1至2層",
        "summary": "大型車:0格，小型車:74格(含身心障礙停車位2格，孕婦、育有六歲以下兒童停車位1格)，機車:183格(含身心障礙停車位3格)",
        "tel": "2655-0818",
        "car": 74,
        "motor": 183,
        "charging": 0,
        "occupied_rate": -99,
        "data_time": "Sat May 02 00:00:00 CST 2026"
      }
    },
    {
      "type": "Feature",
      "geometry": {
        "type": "Point",
        "coordinates": [
          121.5329857,
          25.0142345
        ]
      },
      "properties": {
        "id": "TPE1001",
        "name": "禾典公館站",
        "area": "中正區",
        "address": "汀州路3段104巷4號旁空地",
        "summary": "大型車:0格，小型車:13格(含身心障礙停車位1格)，機車:0格",
        "tel": "27098677",
        "car": 13,
        "motor": 0,
        "charging": 0,
        "occupied_rate": -99,
        "data_time": "Sat May 02 00:00:00 CST 2026"
      }
    },
    {
      "type": "Feature",
      "geometry": {
        "type": "Point",
        "coordinates": [
          121.579123,
          25.0585183
        ]
      },
      "properties": {
        "id": "TPE1002",
        "name": "吉喆-行善停車場",
        "area": "內湖區",
        "address": "行善路168巷9號旁",
        "summary": "大型車:0格，小型車:36格(含身心障礙停車位2格)，機車:0格",
        "tel": "0963622916",
        "car": 36,
        "motor": 0,
        "charging": 0,
        "occupied_rate": -99,
        "data_time": "Sat May 02 00:00:00 CST 2026"
      }
    },
    {
      "type": "Feature",
      "geometry": {
        "type": "Point",
        "coordinates": [
          121.5220658,
          25.0642618
        ]
      },
      "properties": {
        "id": "TPE1003",
        "name": "便利停車場天祥站",
        "area": "中山區",
        "address": "中山北路3段2之1號停車塔",
        "summary": "大型車:0格，小型車:58格(含身心障礙停車位2格)，機車:0格",
        "tel": "2799-1001",
        "car": 58,
        "motor": 0,
        "charging": 0,
        "occupied_rate": -99,
        "data_time": "Sat May 02 00:00:00 CST 2026"
      }
    },
    {
      "type": "Feature",
      "geometry": {
        "type": "Point",
        "coordinates": [
          121.574162,
          25.0320312
        ]
      },
      "properties": {
        "id": "TPE1004",
        "name": "松德大樓地下停車場",
        "area": "信義區",
        "address": "松德路300號地下2層",
        "summary": "大型車:0格，小型車:111格(含身心障礙停車位3格，孕婦、育有六歲以下兒童停車位3格)，機車:0格，充電格位:2格",
        "tel": "0227274168",
        "car": 111,
        "motor": 0,
        "charging": 0,
        "occupied_rate": -99,
        "data_time": "Sat May 02 00:00:00 CST 2026"
      }
    },
    {
      "type": "Feature",
      "geometry": {
        "type": "Point",
        "coordinates": [
          121.5258254,
          25.061355
        ]
      },
      "properties": {
        "id": "TPE1005",
        "name": "新興大樓地下停車場",
        "area": "中山區",
        "address": "林森北路487號地下1層",
        "summary": "大型車:0格，小型車:13格(含身心障礙停車位1格)，機車:0格",
        "tel": "0937-847-693",
        "car": 13,
        "motor": 0,
        "charging": 0,
        "occupied_rate": -99,
        "data_time": "Sat May 02 00:00:00 CST 2026"
      }
    },
    {
      "type": "Feature",
      "geometry": {
        "type": "Point",
        "coordinates": [
          121.5360813,
          25.0527891
        ]
      },
      "properties": {
        "id": "TPE1006",
        "name": "嘟嘟房四平站停車場",
        "area": "中山區",
        "address": "四平街134巷與伊通街87巷交叉口",
        "summary": "大型車:0格，小型車:22格(含身心障礙停車位1格)，機車:0格",
        "tel": "2655-0818",
        "car": 22,
        "motor": 0,
        "charging": 0,
        "occupied_rate": -99,
        "data_time": "Sat May 02 00:00:00 CST 2026"
      }
    },
    {
      "type": "Feature",
      "geometry": {
        "type": "Point",
        "coordinates": [
          121.5852816,
          25.0632225
        ]
      },
      "properties": {
        "id": "TPE1007",
        "name": "國泰潭美停車場",
        "area": "內湖區",
        "address": "行善路351-359號地下1、2、3層",
        "summary": "大型車:0格，小型車:98格(含身心障礙停車位3格)，機車:0格",
        "tel": "22461708",
        "car": 98,
        "motor": 0,
        "charging": 0,
        "occupied_rate": -99,
        "data_time": "Sat May 02 00:00:00 CST 2026"
      }
    },
    {
      "type": "Feature",
      "geometry": {
        "type": "Point",
        "coordinates": [
          121.5105545,
          25.0529896
        ]
      },
      "properties": {
        "id": "TPE1008",
        "name": "Times迪化街",
        "area": "大同區",
        "address": "塔城街59號北側空地",
        "summary": "大型車:0格，小型車:5格(含身心障礙停車位1格)，機車:0格",
        "tel": "2504-6098 #199",
        "car": 5,
        "motor": 0,
        "charging": 0,
        "occupied_rate": -99,
        "data_time": "Sat May 02 00:00:00 CST 2026"
      }
    },
    {
      "type": "Feature",
      "geometry": {
        "type": "Point",
        "coordinates": [
          121.537356,
          24.9945442
        ]
      },
      "properties": {
        "id": "TPE1009",
        "name": "台北景福停車場",
        "area": "文山區",
        "address": "景福街168號巷口空地",
        "summary": "大型車:0格，小型車:49格(含身心障礙停車位1格)，機車:0格",
        "tel": "2982-2777",
        "car": 49,
        "motor": 0,
        "charging": 0,
        "occupied_rate": -99,
        "data_time": "Sat May 02 00:00:00 CST 2026"
      }
    },
    {
      "type": "Feature",
      "geometry": {
        "type": "Point",
        "coordinates": [
          121.5450359,
          25.0117667
        ]
      },
      "properties": {
        "id": "TPE1011",
        "name": "國立臺灣大學芳蘭第一平面停車場",
        "area": "大安區",
        "address": "芳蘭路71號(環境研究大樓)",
        "summary": "大型車:0格，小型車:36格(含身心障礙停車位1格)，機車:0格，充電格位:1格",
        "tel": "3366-3366",
        "car": 36,
        "motor": 0,
        "charging": 0,
        "occupied_rate": -99,
        "data_time": "Sat May 02 00:00:00 CST 2026"
      }
    },
    {
      "type": "Feature",
      "geometry": {
        "type": "Point",
        "coordinates": [
          121.5469957,
          25.0139285
        ]
      },
      "properties": {
        "id": "TPE1012",
        "name": "國立臺灣大學生醫工程館地下停車場",
        "area": "大安區",
        "address": "芳蘭路49號",
        "summary": "大型車:0格，小型車:117格(含身心障礙停車位3格，孕婦、育有六歲以下兒童停車位2格)，機車:495格(含身心障礙停車位10格)，充電格位:3格",
        "tel": "3366-3366",
        "car": 117,
        "motor": 495,
        "charging": 0,
        "occupied_rate": -99,
        "data_time": "Sat May 02 00:00:00 CST 2026"
      }
    },
    {
      "type": "Feature",
      "geometry": {
        "type": "Point",
        "coordinates": [
          121.55352,
          25.0847746
        ]
      },
      "properties": {
        "id": "TPE1013",
        "name": "168停車聯盟-北安場",
        "area": "中山區",
        "address": "北安路780號地下4至6層",
        "summary": "大型車:0格，小型車:220格(含身心障礙停車位4格，孕婦、育有六歲以下兒童停車位1格)，機車:0格，充電格位:3格",
        "tel": "2754-6661",
        "car": 220,
        "motor": 0,
        "charging": 0,
        "occupied_rate": -99,
        "data_time": "Sat May 02 00:00:00 CST 2026"
      }
    },
    {
      "type": "Feature",
      "geometry": {
        "type": "Point",
        "coordinates": [
          121.5503611,
          25.0576188
        ]
      },
      "properties": {
        "id": "TPE1014",
        "name": "吉拾停車場民生場",
        "area": "松山區",
        "address": "民生東路4段52號地下2層",
        "summary": "大型車:0格，小型車:91格(含身心障礙停車位2格)，機車:0格，充電格位:1格",
        "tel": "0289136689",
        "car": 91,
        "motor": 0,
        "charging": 0,
        "occupied_rate": -99,
        "data_time": "Sat May 02 00:00:00 CST 2026"
      }
    },
    {
      "type": "Feature",
      "geometry": {
        "type": "Point",
        "coordinates": [
          121.5092966,
          25.0427403
        ]
      },
      "properties": {
        "id": "TPE1015",
        "name": "嘟嘟房西門中華1站停車場",
        "area": "中正區",
        "address": "延平南路110號地下2至3層",
        "summary": "大型車:0格，小型車:43格(含身心障礙停車位1格)，機車:0格",
        "tel": "2655-0818",
        "car": 43,
        "motor": 0,
        "charging": 0,
        "occupied_rate": -99,
        "data_time": "Sat May 02 00:00:00 CST 2026"
      }
    },
    {
      "type": "Feature",
      "geometry": {
        "type": "Point",
        "coordinates": [
          121.5508931,
          25.0316769
        ]
      },
      "properties": {
        "id": "TPE1016",
        "name": "台北安和1停車場",
        "area": "大安區",
        "address": "安和路2段32巷19號對面",
        "summary": "大型車:0格，小型車:24格(含身心障礙停車位1格)，機車:0格",
        "tel": "2982-2777",
        "car": 24,
        "motor": 0,
        "charging": 0,
        "occupied_rate": -99,
        "data_time": "Sat May 02 00:00:00 CST 2026"
      }
    },
    {
      "type": "Feature",
      "geometry": {
        "type": "Point",
        "coordinates": [
          121.5403536,
          25.0263913
        ]
      },
      "properties": {
        "id": "TPE1017",
        "name": "國立臺北教育大學附屬停車場",
        "area": "大安區",
        "address": "和平東路2段107巷內空地",
        "summary": "大型車:0格，小型車:10格(含身心障礙停車位1格)，機車:0格",
        "tel": "6639-6688 轉82066吳先生",
        "car": 10,
        "motor": 0,
        "charging": 0,
        "occupied_rate": -99,
        "data_time": "Sat May 02 00:00:00 CST 2026"
      }
    },
    {
      "type": "Feature",
      "geometry": {
        "type": "Point",
        "coordinates": [
          121.5508845,
          25.0235043
        ]
      },
      "properties": {
        "id": "TPE1020",
        "name": "京原停車場",
        "area": "大安區",
        "address": "和平東路3段98巷與樂業街41巷口旁空地",
        "summary": "大型車:0格，小型車:22格(含身心障礙停車位1格)，機車:0格",
        "tel": "2377-3996",
        "car": 22,
        "motor": 0,
        "charging": 0,
        "occupied_rate": -99,
        "data_time": "Sat May 02 00:00:00 CST 2026"
      }
    },
    {
      "type": "Feature",
      "geometry": {
        "type": "Point",
        "coordinates": [
          121.5837114,
          25.045272
        ]
      },
      "properties": {
        "id": "TPE1021",
        "name": "嘟嘟房玉成2站停車場",
        "area": "南港區",
        "address": "玉成街149號地下1至4層",
        "summary": "大型車:0格，小型車:49格(含身心障礙停車位2格)，機車:46格(含身心障礙停車位1格)",
        "tel": "(02)26550818",
        "car": 49,
        "motor": 46,
        "charging": 0,
        "occupied_rate": -99,
        "data_time": "Sat May 02 00:00:00 CST 2026"
      }
    },
    {
      "type": "Feature",
      "geometry": {
        "type": "Point",
        "coordinates": [
          121.5528917,
          25.0323714
        ]
      },
      "properties": {
        "id": "TPE1022",
        "name": "多多站收費停車場(文昌場)",
        "area": "大安區",
        "address": "文昌街138號旁空地",
        "summary": "大型車:0格，小型車:24格(含身心障礙停車位1格)，機車:0格",
        "tel": "02-2270-2916#306",
        "car": 24,
        "motor": 0,
        "charging": 0,
        "occupied_rate": -99,
        "data_time": "Sat May 02 00:00:00 CST 2026"
      }
    },
    {
      "type": "Feature",
      "geometry": {
        "type": "Point",
        "coordinates": [
          121.5368509,
          25.0355788
        ]
      },
      "properties": {
        "id": "TPE1023",
        "name": "建國南路停車場",
        "area": "大安區",
        "address": "建國南路1段304巷10號旁空地",
        "summary": "大型車:0格，小型車:24格(含身心障礙停車位1格)，機車:0格",
        "tel": "22651151",
        "car": 24,
        "motor": 0,
        "charging": 0,
        "occupied_rate": -99,
        "data_time": "Sat May 02 00:00:00 CST 2026"
      }
    },
    {
      "type": "Feature",
      "geometry": {
        "type": "Point",
        "coordinates": [
          121.5762336,
          25.0596038
        ]
      },
      "properties": {
        "id": "TPE1024",
        "name": "長揚停車場民善站",
        "area": "內湖區",
        "address": "民善街61號旁空地",
        "summary": "大型車:0格，小型車:49格(含身心障礙停車位1格)，機車:0格",
        "tel": "(02)2761-9188",
        "car": 49,
        "motor": 0,
        "charging": 0,
        "occupied_rate": -99,
        "data_time": "Sat May 02 00:00:00 CST 2026"
      }
    },
    {
      "type": "Feature",
      "geometry": {
        "type": "Point",
        "coordinates": [
          121.4874489,
          25.103383
        ]
      },
      "properties": {
        "id": "TPE1025",
        "name": "臺北市立福安國民中學平面停車場",
        "area": "士林區",
        "address": "延平北路7段250號",
        "summary": "大型車:0格，小型車:5格(含身心障礙停車位1格)，機車:0格",
        "tel": "(02)28108766分機141",
        "car": 5,
        "motor": 0,
        "charging": 0,
        "occupied_rate": -99,
        "data_time": "Sat May 02 00:00:00 CST 2026"
      }
    },
    {
      "type": "Feature",
      "geometry": {
        "type": "Point",
        "coordinates": [
          121.4974337,
          25.0360026
        ]
      },
      "properties": {
        "id": "TPE1026",
        "name": "Times萬華夜市",
        "area": "萬華區",
        "address": "梧州街58號北側空地",
        "summary": "大型車:0格，小型車:15格(含身心障礙停車位1格)，機車:0格",
        "tel": "0800888924",
        "car": 15,
        "motor": 0,
        "charging": 0,
        "occupied_rate": -99,
        "data_time": "Sat May 02 00:00:00 CST 2026"
      }
    },
    {
      "type": "Feature",
      "geometry": {
        "type": "Point",
        "coordinates": [
          121.5284244,
          25.093691
        ]
      },
      "properties": {
        "id": "TPE1028",
        "name": "欣翰士林官邸大樓收費停車場",
        "area": "士林區",
        "address": "中山北路5段532號地下1至2層",
        "summary": "大型車:120格，小型車:0格，機車:122格(含身心障礙停車位3格)",
        "tel": "(02)28820010",
        "car": 0,
        "motor": 122,
        "charging": 0,
        "occupied_rate": -99,
        "data_time": "Sat May 02 00:00:00 CST 2026"
      }
    },
    {
      "type": "Feature",
      "geometry": {
        "type": "Point",
        "coordinates": [
          121.5503518,
          25.0311869
        ]
      },
      "properties": {
        "id": "TPE1029",
        "name": "台北安和2停車場",
        "area": "大安區",
        "address": "敦化南路2段63巷25號旁",
        "summary": "大型車:0格，小型車:47格(含身心障礙停車位1格)，機車:0格",
        "tel": "2982-2777",
        "car": 47,
        "motor": 0,
        "charging": 0,
        "occupied_rate": -99,
        "data_time": "Sat May 02 00:00:00 CST 2026"
      }
    },
    {
      "type": "Feature",
      "geometry": {
        "type": "Point",
        "coordinates": [
          121.4989237,
          25.1372247
        ]
      },
      "properties": {
        "id": "TPE1031",
        "name": "北台國際開發股份有限公司大業停車場",
        "area": "北投區",
        "address": "大業路與大同街交叉口空地",
        "summary": "大型車:0格，小型車:13格(含身心障礙停車位1格)，機車:0格",
        "tel": "0277152938",
        "car": 13,
        "motor": 0,
        "charging": 0,
        "occupied_rate": -99,
        "data_time": "Sat May 02 00:00:00 CST 2026"
      }
    },
    {
      "type": "Feature",
      "geometry": {
        "type": "Point",
        "coordinates": [
          121.5943975,
          25.0841358
        ]
      },
      "properties": {
        "id": "TPE1032",
        "name": "CITYLINK 內湖店停車場",
        "area": "內湖區",
        "address": "成功路4段188號地上2至7層",
        "summary": "大型車:0格，小型車:660格(含身心障礙停車位14格，孕婦、育有六歲以下兒童停車位13格)，機車:0格",
        "tel": "0227831863",
        "car": 660,
        "motor": 0,
        "charging": 0,
        "occupied_rate": -99,
        "data_time": "Sat May 02 00:00:00 CST 2026"
      }
    },
    {
      "type": "Feature",
      "geometry": {
        "type": "Point",
        "coordinates": [
          121.5362707,
          25.0650733
        ]
      },
      "properties": {
        "id": "TPE1033",
        "name": "Times 建國農安",
        "area": "中山區",
        "address": "建國北路3段54號空地",
        "summary": "大型車:0格，小型車:10格(含身心障礙停車位1格)，機車:0格",
        "tel": "2504-6098",
        "car": 10,
        "motor": 0,
        "charging": 0,
        "occupied_rate": -99,
        "data_time": "Sat May 02 00:00:00 CST 2026"
      }
    },
    {
      "type": "Feature",
      "geometry": {
        "type": "Point",
        "coordinates": [
          121.5130694,
          25.0601379
        ]
      },
      "properties": {
        "id": "TPE1034",
        "name": "一銀重慶停車場",
        "area": "大同區",
        "address": "重慶北路2段180號地下1至3層",
        "summary": "大型車:0格，小型車:112格(含身心障礙停車位3格)，機車:0格",
        "tel": "0225535600",
        "car": 112,
        "motor": 0,
        "charging": 0,
        "occupied_rate": -99,
        "data_time": "Sat May 02 00:00:00 CST 2026"
      }
    },
    {
      "type": "Feature",
      "geometry": {
        "type": "Point",
        "coordinates": [
          121.5430484,
          25.0157531
        ]
      },
      "properties": {
        "id": "TPE1035",
        "name": "國立臺灣大學附設動物醫院臨時停車場",
        "area": "大安區",
        "address": "基隆路3段153號",
        "summary": "大型車:0格，小型車:11格(含身心障礙停車位1格)，機車:0格",
        "tel": "2739-6828",
        "car": 11,
        "motor": 0,
        "charging": 0,
        "occupied_rate": -99,
        "data_time": "Sat May 02 00:00:00 CST 2026"
      }
    },
    {
      "type": "Feature",
      "geometry": {
        "type": "Point",
        "coordinates": [
          121.498291,
          25.128262
        ]
      },
      "properties": {
        "id": "TPE1038",
        "name": "北投雅樂軒停車場",
        "area": "北投區",
        "address": "大業路302號地下1至4層",
        "summary": "大型車:0格，小型車:189格(含身心障礙停車位4格，孕婦、育有六歲以下兒童停車位3格)，機車:0格，充電格位:10格",
        "tel": "(02)77011788",
        "car": 189,
        "motor": 0,
        "charging": 0,
        "occupied_rate": -99,
        "data_time": "Sat May 02 00:00:00 CST 2026"
      }
    },
    {
      "type": "Feature",
      "geometry": {
        "type": "Point",
        "coordinates": [
          121.5619743,
          25.1687885
        ]
      },
      "properties": {
        "id": "TPE1039",
        "name": "歐特儀股份有限公司夢幻湖停車場",
        "area": "北投區",
        "address": "七星山東麓海拔860公尺",
        "summary": "大型車:0格，小型車:66格(含身心障礙停車位2格，孕婦、育有六歲以下兒童停車位1格)，機車:22格(含身心障礙停車位1格)，充電格位:2格",
        "tel": "0227057716",
        "car": 66,
        "motor": 22,
        "charging": 0,
        "occupied_rate": -99,
        "data_time": "Sat May 02 00:00:00 CST 2026"
      }
    },
    {
      "type": "Feature",
      "geometry": {
        "type": "Point",
        "coordinates": [
          121.5446376,
          25.1793189
        ]
      },
      "properties": {
        "id": "TPE1040",
        "name": "歐特儀股份有限公司小油坑橋停車場",
        "area": "北投區",
        "address": "竹子湖路座標25.17933,121.54440",
        "summary": "大型車:0格，小型車:40格(含身心障礙停車位2格，孕婦、育有六歲以下兒童停車位1格)，機車:23格(含身心障礙停車位1格)",
        "tel": "0227057716",
        "car": 40,
        "motor": 23,
        "charging": 0,
        "occupied_rate": -99,
        "data_time": "Sat May 02 00:00:00 CST 2026"
      }
    },
    {
      "type": "Feature",
      "geometry": {
        "type": "Point",
        "coordinates": [
          121.5462646,
          25.1798004
        ]
      },
      "properties": {
        "id": "TPE1041",
        "name": "歐特儀股份有限公司小觀音停車場",
        "area": "北投區",
        "address": "竹子湖路座標25.179915,121.546050",
        "summary": "大型車:0格，小型車:16格(含身心障礙停車位1格，孕婦、育有六歲以下兒童停車位1格)，機車:24格(含身心障礙停車位1格)",
        "tel": "0227057716",
        "car": 16,
        "motor": 24,
        "charging": 0,
        "occupied_rate": -99,
        "data_time": "Sat May 02 00:00:00 CST 2026"
      }
    },
    {
      "type": "Feature",
      "geometry": {
        "type": "Point",
        "coordinates": [
          121.5633132,
          25.1679754
        ]
      },
      "properties": {
        "id": "TPE1042",
        "name": "歐特儀股份有限公司冷水坑2號停車場",
        "area": "士林區",
        "address": "菁山路101巷與中湖戰備道路交叉口",
        "summary": "大型車:0格，小型車:47格(含身心障礙停車位2格，孕婦、育有六歲以下兒童停車位1格)，機車:24格(含身心障礙停車位2格)",
        "tel": "0227057716",
        "car": 47,
        "motor": 24,
        "charging": 0,
        "occupied_rate": -99,
        "data_time": "Sat May 02 00:00:00 CST 2026"
      }
    },
    {
      "type": "Feature",
      "geometry": {
        "type": "Point",
        "coordinates": [
          121.5577958,
          25.0328564
        ]
      },
      "properties": {
        "id": "TPE1043",
        "name": "愛馬屋101場",
        "area": "信義區",
        "address": "信義路4段450巷1號",
        "summary": "大型車:0格，小型車:27格(含身心障礙停車位1格)，機車:0格",
        "tel": "02-23457749",
        "car": 27,
        "motor": 0,
        "charging": 0,
        "occupied_rate": -99,
        "data_time": "Sat May 02 00:00:00 CST 2026"
      }
    },
    {
      "type": "Feature",
      "geometry": {
        "type": "Point",
        "coordinates": [
          121.5243935,
          25.1064325
        ]
      },
      "properties": {
        "id": "TPE1044",
        "name": "Times 德行西路",
        "area": "士林區",
        "address": "德行西路5號旁空地",
        "summary": "大型車:0格，小型車:4格(含身心障礙停車位1格)，機車:0格",
        "tel": "0800-88-8924、2504-6098",
        "car": 4,
        "motor": 0,
        "charging": 0,
        "occupied_rate": -99,
        "data_time": "Sat May 02 00:00:00 CST 2026"
      }
    },
    {
      "type": "Feature",
      "geometry": {
        "type": "Point",
        "coordinates": [
          121.5607372,
          25.0802832
        ]
      },
      "properties": {
        "id": "TPE1045",
        "name": "嘟嘟房樂群二路站停車場",
        "area": "中山區",
        "address": "樂群二路267號地下1層",
        "summary": "大型車:0格，小型車:42格(含身心障礙停車位2格)，機車:0格",
        "tel": "2655-0818",
        "car": 42,
        "motor": 0,
        "charging": 0,
        "occupied_rate": -99,
        "data_time": "Sat May 02 00:00:00 CST 2026"
      }
    },
    {
      "type": "Feature",
      "geometry": {
        "type": "Point",
        "coordinates": [
          121.4983129,
          25.0328691
        ]
      },
      "properties": {
        "id": "TPE1046",
        "name": "凱達大飯店附屬停車場",
        "area": "萬華區",
        "address": "艋舺大道260號",
        "summary": "大型車:0格，小型車:503格(含身心障礙停車位11格)，機車:641格(含身心障礙停車位16格)",
        "tel": "2306-6777",
        "car": 503,
        "motor": 641,
        "charging": 0,
        "occupied_rate": -99,
        "data_time": "Sat May 02 00:00:00 CST 2026"
      }
    },
    {
      "type": "Feature",
      "geometry": {
        "type": "Point",
        "coordinates": [
          121.5547486,
          24.995338
        ]
      },
      "properties": {
        "id": "TPE1047",
        "name": "櫻悅社區停車場",
        "area": "文山區",
        "address": "興隆路3段304巷167號等",
        "summary": "大型車:0格，小型車:14格(含身心障礙停車位1格)，機車:0格",
        "tel": "022239-6167",
        "car": 14,
        "motor": 0,
        "charging": 0,
        "occupied_rate": -99,
        "data_time": "Sat May 02 00:00:00 CST 2026"
      }
    },
    {
      "type": "Feature",
      "geometry": {
        "type": "Point",
        "coordinates": [
          121.5188266,
          25.1019223
        ]
      },
      "properties": {
        "id": "TPE1049",
        "name": "福國路橋下平面停車場",
        "area": "士林區",
        "address": "文林路台灣戲曲中心與臺北高等行政法院間福國路橋下",
        "summary": "大型車:0格，小型車:48格(含身心障礙停車位1格)，機車:0格，充電格位:2格",
        "tel": "0227590666",
        "car": 48,
        "motor": 0,
        "charging": 0,
        "occupied_rate": -99,
        "data_time": "Sat May 02 00:00:00 CST 2026"
      }
    },
    {
      "type": "Feature",
      "geometry": {
        "type": "Point",
        "coordinates": [
          121.5942432,
          25.0838227
        ]
      },
      "properties": {
        "id": "TPE1050",
        "name": "嘟嘟房捷運內湖(機車)站停車場",
        "area": "內湖區",
        "address": "成功路4段186號地下1層",
        "summary": "大型車:0格，小型車:0格，機車:319格(含身心障礙停車位10格)",
        "tel": "(02)26550818",
        "car": 0,
        "motor": 319,
        "charging": 0,
        "occupied_rate": -99,
        "data_time": "Sat May 02 00:00:00 CST 2026"
      }
    },
    {
      "type": "Feature",
      "geometry": {
        "type": "Point",
        "coordinates": [
          121.5178595,
          25.0505651
        ]
      },
      "properties": {
        "id": "TPE1051",
        "name": "Times 長安西路",
        "area": "大同區",
        "address": "長安西路134號旁",
        "summary": "大型車:0格，小型車:5格(含身心障礙停車位1格)，機車:0格",
        "tel": "0800-88-8924；2504-6098",
        "car": 5,
        "motor": 0,
        "charging": 0,
        "occupied_rate": -99,
        "data_time": "Sat May 02 00:00:00 CST 2026"
      }
    },
    {
      "type": "Feature",
      "geometry": {
        "type": "Point",
        "coordinates": [
          121.5142432,
          25.028926
        ]
      },
      "properties": {
        "id": "TPE1052",
        "name": "富山泉州停車場",
        "area": "中正區",
        "address": "泉州街41號對面空地",
        "summary": "大型車:0格，小型車:20格(含身心障礙停車位1格)，機車:0格",
        "tel": "2265-1151",
        "car": 20,
        "motor": 0,
        "charging": 0,
        "occupied_rate": -99,
        "data_time": "Sat May 02 00:00:00 CST 2026"
      }
    },
    {
      "type": "Feature",
      "geometry": {
        "type": "Point",
        "coordinates": [
          121.5687502,
          25.0372251
        ]
      },
      "properties": {
        "id": "TPE1053",
        "name": "USPACE交易一號停車場",
        "area": "信義區",
        "address": "松仁路89號地下3層",
        "summary": "大型車:0格，小型車:75格(含身心障礙停車位1格)，機車:274格(含身心障礙停車位6格)，充電格位:6格",
        "tel": "",
        "car": 75,
        "motor": 274,
        "charging": 0,
        "occupied_rate": -99,
        "data_time": "Sat May 02 00:00:00 CST 2026"
      }
    },
    {
      "type": "Feature",
      "geometry": {
        "type": "Point",
        "coordinates": [
          121.5686901,
          25.0360788
        ]
      },
      "properties": {
        "id": "TPE1054",
        "name": "USPACE交易二號停車場",
        "area": "信義區",
        "address": "松仁路97號地下3至4層",
        "summary": "大型車:0格，小型車:122格(含身心障礙停車位2格)，機車:134格(含身心障礙停車位3格)，充電格位:5格",
        "tel": "",
        "car": 122,
        "motor": 134,
        "charging": 0,
        "occupied_rate": -99,
        "data_time": "Sat May 02 00:00:00 CST 2026"
      }
    },
    {
      "type": "Feature",
      "geometry": {
        "type": "Point",
        "coordinates": [
          121.483687,
          25.1346887
        ]
      },
      "properties": {
        "id": "TPE1055",
        "name": "嘟嘟房捷運北投機廠站停車場",
        "area": "北投區",
        "address": "大業路527巷88號地上1層及地下層",
        "summary": "大型車:0格，小型車:72格(含身心障礙停車位2格，孕婦、育有六歲以下兒童停車位2格)，機車:0格，充電格位:2格",
        "tel": "0227057716",
        "car": 72,
        "motor": 0,
        "charging": 0,
        "occupied_rate": -99,
        "data_time": "Sat May 02 00:00:00 CST 2026"
      }
    },
    {
      "type": "Feature",
      "geometry": {
        "type": "Point",
        "coordinates": [
          121.5819728,
          25.0707198
        ]
      },
      "properties": {
        "id": "TPE1056",
        "name": "便利停車場瑞光站",
        "area": "內湖區",
        "address": "瑞光路68號地下1至3層",
        "summary": "大型車:0格，小型車:113格(含身心障礙停車位3格)，機車:0格",
        "tel": "2799-1001#115",
        "car": 113,
        "motor": 0,
        "charging": 0,
        "occupied_rate": -99,
        "data_time": "Sat May 02 00:00:00 CST 2026"
      }
    },
    {
      "type": "Feature",
      "geometry": {
        "type": "Point",
        "coordinates": [
          121.5735719,
          25.0793042
        ]
      },
      "properties": {
        "id": "TPE1058",
        "name": "168停車聯盟-洲子場",
        "area": "內湖區",
        "address": "洲子街55號地下4至6層",
        "summary": "大型車:0格，小型車:114格(含身心障礙停車位2格)，機車:0格",
        "tel": "27546661#18",
        "car": 114,
        "motor": 0,
        "charging": 0,
        "occupied_rate": -99,
        "data_time": "Sat May 02 00:00:00 CST 2026"
      }
    },
    {
      "type": "Feature",
      "geometry": {
        "type": "Point",
        "coordinates": [
          121.5618006,
          25.0124921
        ]
      },
      "properties": {
        "id": "TPE1059",
        "name": "馥裕和平停車場",
        "area": "大安區",
        "address": "和平東路3段632巷高架橋下",
        "summary": "大型車:0格，小型車:33格(含身心障礙停車位1格，孕婦、育有六歲以下兒童停車位1格)，機車:0格",
        "tel": "2900-2823；0912-902-921黃先生",
        "car": 33,
        "motor": 0,
        "charging": 0,
        "occupied_rate": -99,
        "data_time": "Sat May 02 00:00:00 CST 2026"
      }
    },
    {
      "type": "Feature",
      "geometry": {
        "type": "Point",
        "coordinates": [
          121.5519767,
          25.0506454
        ]
      },
      "properties": {
        "id": "TPE1060",
        "name": "臺北網球場平面停車場",
        "area": "松山區",
        "address": "南京東路4段6號",
        "summary": "大型車:0格，小型車:16格(含身心障礙停車位1格)，機車:44格(含身心障礙停車位1格)",
        "tel": "0225798373",
        "car": 16,
        "motor": 44,
        "charging": 0,
        "occupied_rate": -99,
        "data_time": "Sat May 02 00:00:00 CST 2026"
      }
    },
    {
      "type": "Feature",
      "geometry": {
        "type": "Point",
        "coordinates": [
          121.5396928,
          25.0535682
        ]
      },
      "properties": {
        "id": "TPE1061",
        "name": "便利停車場龍江站",
        "area": "中山區",
        "address": "龍江路120巷9號旁空地",
        "summary": "大型車:0格，小型車:10格(含身心障礙停車位1格)，機車:0格",
        "tel": "022799-1001#166",
        "car": 10,
        "motor": 0,
        "charging": 0,
        "occupied_rate": -99,
        "data_time": "Sat May 02 00:00:00 CST 2026"
      }
    },
    {
      "type": "Feature",
      "geometry": {
        "type": "Point",
        "coordinates": [
          121.522033,
          25.0392789
        ]
      },
      "properties": {
        "id": "TPE1062",
        "name": "林森台大站",
        "area": "中正區",
        "address": "林森南路69號地下1至3層",
        "summary": "大型車:0格，小型車:34格(含身心障礙停車位1格)，機車:0格",
        "tel": "2778-2582",
        "car": 34,
        "motor": 0,
        "charging": 0,
        "occupied_rate": -99,
        "data_time": "Sat May 02 00:00:00 CST 2026"
      }
    },
    {
      "type": "Feature",
      "geometry": {
        "type": "Point",
        "coordinates": [
          121.510785,
          25.0466443
        ]
      },
      "properties": {
        "id": "TPE1063",
        "name": "Times延平開封",
        "area": "中正區",
        "address": "延平南路26號旁",
        "summary": "大型車:0格，小型車:10格(含身心障礙停車位1格)，機車:0格",
        "tel": "0809008924",
        "car": 10,
        "motor": 0,
        "charging": 0,
        "occupied_rate": -99,
        "data_time": "Sat May 02 00:00:00 CST 2026"
      }
    },
    {
      "type": "Feature",
      "geometry": {
        "type": "Point",
        "coordinates": [
          121.5016616,
          25.1388901
        ]
      },
      "properties": {
        "id": "TPE1064",
        "name": "多多站收費停車場(北二場)",
        "area": "北投區",
        "address": "中和街205號旁空地",
        "summary": "大型車:0格，小型車:49格(含身心障礙停車位1格)，機車:0格",
        "tel": "0917-263851許小姐",
        "car": 49,
        "motor": 0,
        "charging": 0,
        "occupied_rate": -99,
        "data_time": "Sat May 02 00:00:00 CST 2026"
      }
    },
    {
      "type": "Feature",
      "geometry": {
        "type": "Point",
        "coordinates": [
          121.5312989,
          25.1178622
        ]
      },
      "properties": {
        "id": "TPE1065",
        "name": "天鑄停車場",
        "area": "士林區",
        "address": "天母東路6之6號、6之7號、6之8號及8號地下1至2層",
        "summary": "大型車:0格，小型車:120格(含身心障礙停車位2格)，機車:60格(含身心障礙停車位1格)",
        "tel": "(02)28738000",
        "car": 120,
        "motor": 60,
        "charging": 0,
        "occupied_rate": -99,
        "data_time": "Sat May 02 00:00:00 CST 2026"
      }
    },
    {
      "type": "Feature",
      "geometry": {
        "type": "Point",
        "coordinates": [
          121.5527731,
          25.0478573
        ]
      },
      "properties": {
        "id": "TPE1066",
        "name": "阿樹國際旅店附屬停車場",
        "area": "松山區",
        "address": "八德路3段76號地下2至6層",
        "summary": "大型車:0格，小型車:107格(含身心障礙停車位2格)，機車:0格",
        "tel": "(02)25787728",
        "car": 107,
        "motor": 0,
        "charging": 0,
        "occupied_rate": -99,
        "data_time": "Sat May 02 00:00:00 CST 2026"
      }
    },
    {
      "type": "Feature",
      "geometry": {
        "type": "Point",
        "coordinates": [
          121.5230675,
          25.1206089
        ]
      },
      "properties": {
        "id": "TPE1067",
        "name": "臺北榮民總醫院神經再生中心停車場",
        "area": "北投區",
        "address": "石牌路2段322號",
        "summary": "大型車:0格，小型車:14格(含身心障礙停車位4格)，機車:0格，充電格位:1格",
        "tel": "(02)28757003",
        "car": 14,
        "motor": 0,
        "charging": 0,
        "occupied_rate": -99,
        "data_time": "Sat May 02 00:00:00 CST 2026"
      }
    },
    {
      "type": "Feature",
      "geometry": {
        "type": "Point",
        "coordinates": [
          121.5777998,
          25.0775274
        ]
      },
      "properties": {
        "id": "TPE1068",
        "name": "Times 凱旋酒店",
        "area": "內湖區",
        "address": "江南街55號地下1至3層",
        "summary": "大型車:0格，小型車:79格(含身心障礙停車位2格)，機車:0格",
        "tel": "0800-888924或0809-008924",
        "car": 79,
        "motor": 0,
        "charging": 0,
        "occupied_rate": -99,
        "data_time": "Sat May 02 00:00:00 CST 2026"
      }
    },
    {
      "type": "Feature",
      "geometry": {
        "type": "Point",
        "coordinates": [
          121.5283263,
          25.0566764
        ]
      },
      "properties": {
        "id": "TPE1069",
        "name": "新生北路2段77巷臨時平面停車場",
        "area": "中山區",
        "address": "新生北路2段77巷與新生北路2段55巷3弄交叉口",
        "summary": "大型車:0格，小型車:8格(含身心障礙停車位1格)，機車:0格",
        "tel": "2759-0666",
        "car": 8,
        "motor": 0,
        "charging": 0,
        "occupied_rate": -99,
        "data_time": "Sat May 02 00:00:00 CST 2026"
      }
    },
    {
      "type": "Feature",
      "geometry": {
        "type": "Point",
        "coordinates": [
          121.4657775,
          25.1189921
        ]
      },
      "properties": {
        "id": "TPE1070",
        "name": "嘟嘟房關渡宮站停車場",
        "area": "北投區",
        "address": "知行路183號旁",
        "summary": "大型車:0格，小型車:39格(含身心障礙停車位1格)，機車:0格",
        "tel": "0226550818",
        "car": 39,
        "motor": 0,
        "charging": 0,
        "occupied_rate": -99,
        "data_time": "Sat May 02 00:00:00 CST 2026"
      }
    },
    {
      "type": "Feature",
      "geometry": {
        "type": "Point",
        "coordinates": [
          121.5468326,
          25.0549437
        ]
      },
      "properties": {
        "id": "TPE1071",
        "name": "慶城停車場",
        "area": "松山區",
        "address": "慶城街42號旁空地",
        "summary": "大型車:0格，小型車:28格(含身心障礙停車位1格)，機車:0格",
        "tel": "02-2523-8111",
        "car": 28,
        "motor": 0,
        "charging": 0,
        "occupied_rate": -99,
        "data_time": "Sat May 02 00:00:00 CST 2026"
      }
    },
    {
      "type": "Feature",
      "geometry": {
        "type": "Point",
        "coordinates": [
          121.5554617,
          25.0312243
        ]
      },
      "properties": {
        "id": "TPE1073",
        "name": "新長越通化街停車場",
        "area": "大安區",
        "address": "通化街39巷49弄22號空地",
        "summary": "大型車:0格，小型車:5格(含身心障礙停車位1格)，機車:0格",
        "tel": "2778-5756",
        "car": 5,
        "motor": 0,
        "charging": 0,
        "occupied_rate": -99,
        "data_time": "Sat May 02 00:00:00 CST 2026"
      }
    },
    {
      "type": "Feature",
      "geometry": {
        "type": "Point",
        "coordinates": [
          121.5453457,
          25.0484444
        ]
      },
      "properties": {
        "id": "TPE1075",
        "name": "嘟嘟房合庫大樓站停車場",
        "area": "松山區",
        "address": "長安東路2段225號地下1至5層",
        "summary": "大型車:0格，小型車:703格(含身心障礙停車位15格)，機車:711格(含身心障礙停車位19格)，充電格位:8格",
        "tel": "022655-0818",
        "car": 703,
        "motor": 711,
        "charging": 0,
        "occupied_rate": -99,
        "data_time": "Sat May 02 00:00:00 CST 2026"
      }
    },
    {
      "type": "Feature",
      "geometry": {
        "type": "Point",
        "coordinates": [
          121.5322361,
          25.1085894
        ]
      },
      "properties": {
        "id": "TPE1076",
        "name": "德行東路平面停車場",
        "area": "士林區",
        "address": "德行東路212巷12號旁空地",
        "summary": "大型車:0格，小型車:19格(含身心障礙停車位1格)，機車:0格",
        "tel": "02-22702916",
        "car": 19,
        "motor": 0,
        "charging": 0,
        "occupied_rate": -99,
        "data_time": "Sat May 02 00:00:00 CST 2026"
      }
    },
    {
      "type": "Feature",
      "geometry": {
        "type": "Point",
        "coordinates": [
          121.5601689,
          25.0257221
        ]
      },
      "properties": {
        "id": "TPE1077",
        "name": "信安街67巷臨時平面停車場",
        "area": "信義區",
        "address": "信安街67巷內",
        "summary": "大型車:0格，小型車:199格(含身心障礙停車位5格，孕婦、育有六歲以下兒童停車位1格)，機車:200格(含身心障礙停車位4格)",
        "tel": "2246-1708",
        "car": 199,
        "motor": 200,
        "charging": 0,
        "occupied_rate": -99,
        "data_time": "Sat May 02 00:00:00 CST 2026"
      }
    },
    {
      "type": "Feature",
      "geometry": {
        "type": "Point",
        "coordinates": [
          121.5594999,
          25.0824455
        ]
      },
      "properties": {
        "id": "TPE1078",
        "name": "NOKE忠泰樂生活24-4金泰停車場",
        "area": "中山區",
        "address": "樂群三路301號對面",
        "summary": "大型車:0格，小型車:43格(含身心障礙停車位1格)，機車:0格",
        "tel": "2246-1708",
        "car": 43,
        "motor": 0,
        "charging": 0,
        "occupied_rate": -99,
        "data_time": "Sat May 02 00:00:00 CST 2026"
      }
    },
    {
      "type": "Feature",
      "geometry": {
        "type": "Point",
        "coordinates": [
          121.5673271,
          25.0598796
        ]
      },
      "properties": {
        "id": "TPE1080",
        "name": "臺北市立民生國民中學夜間及假日停車場",
        "area": "松山區",
        "address": "新東街30巷1號",
        "summary": "大型車:0格，小型車:10格(含身心障礙停車位1格)，機車:0格",
        "tel": "(02)27653433",
        "car": 10,
        "motor": 0,
        "charging": 0,
        "occupied_rate": -99,
        "data_time": "Sat May 02 00:00:00 CST 2026"
      }
    },
    {
      "type": "Feature",
      "geometry": {
        "type": "Point",
        "coordinates": [
          121.5458678,
          25.0221189
        ]
      },
      "properties": {
        "id": "TPE1081",
        "name": "臺北和平籃球館停車場",
        "area": "大安區",
        "address": "敦南街76巷28號",
        "summary": "大型車:0格，小型車:190格(含身心障礙停車位6格，孕婦、育有六歲以下兒童停車位4格)，機車:347格(含身心障礙停車位8格)，充電格位:4格",
        "tel": "2377-0300",
        "car": 190,
        "motor": 347,
        "charging": 0,
        "occupied_rate": -99,
        "data_time": "Sat May 02 00:00:00 CST 2026"
      }
    },
    {
      "type": "Feature",
      "geometry": {
        "type": "Point",
        "coordinates": [
          121.519858,
          25.0616401
        ]
      },
      "properties": {
        "id": "TPE1082",
        "name": "嘟嘟房捷運民權西路站停車場",
        "area": "大同區",
        "address": "民權西路72號",
        "summary": "大型車:0格，小型車:0格，機車:191格(含身心障礙停車位4格)",
        "tel": "2655-0818",
        "car": 0,
        "motor": 191,
        "charging": 0,
        "occupied_rate": -99,
        "data_time": "Sat May 02 00:00:00 CST 2026"
      }
    },
    {
      "type": "Feature",
      "geometry": {
        "type": "Point",
        "coordinates": [
          121.5293916,
          25.0582276
        ]
      },
      "properties": {
        "id": "TPE1083",
        "name": "吉林停車場",
        "area": "中山區",
        "address": "民生東路2段49號旁空地",
        "summary": "大型車:0格，小型車:6格(含身心障礙停車位1格)，機車:0格",
        "tel": "022764-5717",
        "car": 6,
        "motor": 0,
        "charging": 0,
        "occupied_rate": -99,
        "data_time": "Sat May 02 00:00:00 CST 2026"
      }
    },
    {
      "type": "Feature",
      "geometry": {
        "type": "Point",
        "coordinates": [
          121.5969559,
          25.0675704
        ]
      },
      "properties": {
        "id": "TPE1084",
        "name": "臺北市網球中心停車場",
        "area": "內湖區",
        "address": "民權東路6段208號地上1層、地下1層",
        "summary": "大型車:0格，小型車:338格(含身心障礙停車位8格，孕婦、育有六歲以下兒童停車位6格)，機車:526格(含身心障礙停車位11格)，充電格位:6格",
        "tel": "2246-1708",
        "car": 338,
        "motor": 526,
        "charging": 0,
        "occupied_rate": -99,
        "data_time": "Sat May 02 00:00:00 CST 2026"
      }
    },
    {
      "type": "Feature",
      "geometry": {
        "type": "Point",
        "coordinates": [
          121.5742535,
          25.0619204
        ]
      },
      "properties": {
        "id": "TPE1085",
        "name": "特力廣場停車場",
        "area": "內湖區",
        "address": "新湖三路23號地上3、4層",
        "summary": "大型車:0格，小型車:301格(含身心障礙停車位6格，孕婦、育有六歲以下兒童停車位8格)，機車:0格",
        "tel": "2793-5818",
        "car": 301,
        "motor": 0,
        "charging": 0,
        "occupied_rate": -99,
        "data_time": "Sat May 02 00:00:00 CST 2026"
      }
    },
    {
      "type": "Feature",
      "geometry": {
        "type": "Point",
        "coordinates": [
          121.576883,
          25.0456733
        ]
      },
      "properties": {
        "id": "TPE1086",
        "name": "宇岳停車場",
        "area": "信義區",
        "address": "永吉路373號地下1、2、3層",
        "summary": "大型車:0格，小型車:35格(含身心障礙停車位1格)，機車:0格",
        "tel": "27774794",
        "car": 35,
        "motor": 0,
        "charging": 0,
        "occupied_rate": -99,
        "data_time": "Sat May 02 00:00:00 CST 2026"
      }
    },
    {
      "type": "Feature",
      "geometry": {
        "type": "Point",
        "coordinates": [
          121.569862,
          25.0468335
        ]
      },
      "properties": {
        "id": "TPE1087",
        "name": "臺北市信義區興雅國民小學停車場",
        "area": "信義區",
        "address": "基隆路1段83巷9號",
        "summary": "大型車:0格，小型車:18格(含身心障礙停車位1格)，機車:0格",
        "tel": "27618156*612",
        "car": 18,
        "motor": 0,
        "charging": 0,
        "occupied_rate": -99,
        "data_time": "Sat May 02 00:00:00 CST 2026"
      }
    },
    {
      "type": "Feature",
      "geometry": {
        "type": "Point",
        "coordinates": [
          121.5779653,
          25.0785356
        ]
      },
      "properties": {
        "id": "TPE1088",
        "name": "便利停車場港墘站",
        "area": "內湖區",
        "address": "內湖路1段596號",
        "summary": "大型車:0格，小型車:12格(含身心障礙停車位1格)，機車:0格",
        "tel": "2799-1001#168",
        "car": 12,
        "motor": 0,
        "charging": 0,
        "occupied_rate": -99,
        "data_time": "Sat May 02 00:00:00 CST 2026"
      }
    },
    {
      "type": "Feature",
      "geometry": {
        "type": "Point",
        "coordinates": [
          121.510751,
          25.0618297
        ]
      },
      "properties": {
        "id": "TPE1090",
        "name": "臺北市大同區永樂國小停車場",
        "area": "大同區",
        "address": "延平北路2段266號",
        "summary": "大型車:0格，小型車:17格(含身心障礙停車位1格)，機車:0格",
        "tel": "2553-4882#401",
        "car": 17,
        "motor": 0,
        "charging": 0,
        "occupied_rate": -99,
        "data_time": "Sat May 02 00:00:00 CST 2026"
      }
    },
    {
      "type": "Feature",
      "geometry": {
        "type": "Point",
        "coordinates": [
          121.5010102,
          25.1260748
        ]
      },
      "properties": {
        "id": "TPE1091",
        "name": "嘟嘟房捷運奇岩(機車)站停車場",
        "area": "北投區",
        "address": "三合街2段489號",
        "summary": "大型車:0格，小型車:0格，機車:154格(含身心障礙停車位5格)",
        "tel": "(02)26550818",
        "car": 0,
        "motor": 154,
        "charging": 0,
        "occupied_rate": -99,
        "data_time": "Sat May 02 00:00:00 CST 2026"
      }
    },
    {
      "type": "Feature",
      "geometry": {
        "type": "Point",
        "coordinates": [
          121.4673581,
          25.1253158
        ]
      },
      "properties": {
        "id": "TPE1092",
        "name": "嘟嘟房捷運關渡站停車場",
        "area": "北投區",
        "address": "大度路3段270巷67號地下1層",
        "summary": "大型車:0格，小型車:53格(含身心障礙停車位2格)，機車:78格(含身心障礙停車位4格)，充電格位:2格",
        "tel": "0226550818",
        "car": 53,
        "motor": 78,
        "charging": 0,
        "occupied_rate": -99,
        "data_time": "Sat May 02 00:00:00 CST 2026"
      }
    },
    {
      "type": "Feature",
      "geometry": {
        "type": "Point",
        "coordinates": [
          121.5242692,
          25.1097778
        ]
      },
      "properties": {
        "id": "TPE1093",
        "name": "台灣聯通克強停車場",
        "area": "士林區",
        "address": "克強路10巷14號旁空地",
        "summary": "大型車:0格，小型車:12格(含身心障礙停車位1格)，機車:0格",
        "tel": "(02)25235000分機1138黃小姐",
        "car": 12,
        "motor": 0,
        "charging": 0,
        "occupied_rate": -99,
        "data_time": "Sat May 02 00:00:00 CST 2026"
      }
    },
    {
      "type": "Feature",
      "geometry": {
        "type": "Point",
        "coordinates": [
          121.5194241,
          25.1196196
        ]
      },
      "properties": {
        "id": "TPE1094",
        "name": "臺北榮民總醫院第三門診地下停車場",
        "area": "北投區",
        "address": "石牌路2段201號地下2至3層",
        "summary": "大型車:0格，小型車:120格(含身心障礙停車位6格，孕婦、育有六歲以下兒童停車位2格)，機車:0格，充電格位:5格",
        "tel": "0228712121#27614",
        "car": 120,
        "motor": 0,
        "charging": 0,
        "occupied_rate": -99,
        "data_time": "Sat May 02 00:00:00 CST 2026"
      }
    },
    {
      "type": "Feature",
      "geometry": {
        "type": "Point",
        "coordinates": [
          121.5194719,
          25.1023421
        ]
      },
      "properties": {
        "id": "TPE1095",
        "name": "臺灣戲曲中心地下停車場",
        "area": "士林區",
        "address": "文林路751號地下1至2層",
        "summary": "大型車:0格，小型車:172格(含身心障礙停車位6格，孕婦、育有六歲以下兒童停車位4格)，機車:0格，充電格位:4格",
        "tel": "(02)28342411",
        "car": 172,
        "motor": 0,
        "charging": 0,
        "occupied_rate": -99,
        "data_time": "Sat May 02 00:00:00 CST 2026"
      }
    },
    {
      "type": "Feature",
      "geometry": {
        "type": "Point",
        "coordinates": [
          121.5625873,
          24.9873436
        ]
      },
      "properties": {
        "id": "TPE1096",
        "name": "臺北市文山區明道國民小學停車場",
        "area": "文山區",
        "address": "木柵路2段138巷61號",
        "summary": "大型車:0格，小型車:6格(含身心障礙停車位1格)，機車:0格",
        "tel": "2939-2821",
        "car": 6,
        "motor": 0,
        "charging": 0,
        "occupied_rate": -99,
        "data_time": "Sat May 02 00:00:00 CST 2026"
      }
    },
    {
      "type": "Feature",
      "geometry": {
        "type": "Point",
        "coordinates": [
          121.53657,
          25.0616935
        ]
      },
      "properties": {
        "id": "TPE1098",
        "name": "嘟嘟房建國民權站停車場",
        "area": "中山區",
        "address": "建國北路2段238號地下2至5層",
        "summary": "大型車:0格，小型車:272格(含身心障礙停車位5格)，機車:0格，充電格位:3格",
        "tel": "2655-0818",
        "car": 272,
        "motor": 0,
        "charging": 0,
        "occupied_rate": -99,
        "data_time": "Sat May 02 00:00:00 CST 2026"
      }
    },
    {
      "type": "Feature",
      "geometry": {
        "type": "Point",
        "coordinates": [
          121.554432,
          25.0263237
        ]
      },
      "properties": {
        "id": "TPE1099",
        "name": "USPACE電信大樓停車場",
        "area": "大安區",
        "address": "基隆路2段172-1號地下3至6層",
        "summary": "大型車:0格，小型車:251格(含身心障礙停車位5格)，機車:0格",
        "tel": "7751-8097",
        "car": 251,
        "motor": 0,
        "charging": 0,
        "occupied_rate": -99,
        "data_time": "Sat May 02 00:00:00 CST 2026"
      }
    },
    {
      "type": "Feature",
      "geometry": {
        "type": "Point",
        "coordinates": [
          121.6192162,
          25.0726094
        ]
      },
      "properties": {
        "id": "TPE1102",
        "name": "康樂合署大樓地下停車場",
        "area": "內湖區",
        "address": "康樂街150號地下（地下共3層）",
        "summary": "大型車:0格，小型車:53格(含身心障礙停車位2格，孕婦、育有六歲以下兒童停車位1格)，機車:31格(含身心障礙停車位1格)，充電格位:1格",
        "tel": "0226337997",
        "car": 53,
        "motor": 31,
        "charging": 0,
        "occupied_rate": -99,
        "data_time": "Sat May 02 00:00:00 CST 2026"
      }
    },
    {
      "type": "Feature",
      "geometry": {
        "type": "Point",
        "coordinates": [
          121.5573009,
          24.9838583
        ]
      },
      "properties": {
        "id": "TPE1104",
        "name": "臺北市立實踐國民中學收費停車場",
        "area": "文山區",
        "address": "忠順街1段9巷靠忠順街1段路口",
        "summary": "大型車:0格，小型車:32格(含身心障礙停車位1格)，機車:0格",
        "tel": "0912-983341",
        "car": 32,
        "motor": 0,
        "charging": 0,
        "occupied_rate": -99,
        "data_time": "Sat May 02 00:00:00 CST 2026"
      }
    },
    {
      "type": "Feature",
      "geometry": {
        "type": "Point",
        "coordinates": [
          121.5477909,
          25.0796048
        ]
      },
      "properties": {
        "id": "TPE1105",
        "name": "海基會地下二樓停車場",
        "area": "中山區",
        "address": "北安路536號地下2層",
        "summary": "大型車:0格，小型車:49格(含身心障礙停車位1格)，機車:0格",
        "tel": "",
        "car": 49,
        "motor": 0,
        "charging": 0,
        "occupied_rate": -99,
        "data_time": "Sat May 02 00:00:00 CST 2026"
      }
    },
    {
      "type": "Feature",
      "geometry": {
        "type": "Point",
        "coordinates": [
          121.5182205,
          25.086175
        ]
      },
      "properties": {
        "id": "TPE1106",
        "name": "百齡國小附設停車場",
        "area": "士林區",
        "address": "福港街205號",
        "summary": "大型車:0格，小型車:8格(含身心障礙停車位1格)，機車:0格",
        "tel": "(02)28817683分機850",
        "car": 8,
        "motor": 0,
        "charging": 0,
        "occupied_rate": -99,
        "data_time": "Sat May 02 00:00:00 CST 2026"
      }
    },
    {
      "type": "Feature",
      "geometry": {
        "type": "Point",
        "coordinates": [
          121.5726529,
          25.0826007
        ]
      },
      "properties": {
        "id": "TPE1108",
        "name": "臺北市內湖區麗山國民小學停車場",
        "area": "內湖區",
        "address": "港華街100號",
        "summary": "大型車:0格，小型車:36格(含身心障礙停車位2格)，機車:0格",
        "tel": "(02)26574158分機515",
        "car": 36,
        "motor": 0,
        "charging": 0,
        "occupied_rate": -99,
        "data_time": "Sat May 02 00:00:00 CST 2026"
      }
    },
    {
      "type": "Feature",
      "geometry": {
        "type": "Point",
        "coordinates": [
          121.5716438,
          25.0421162
        ]
      },
      "properties": {
        "id": "TPE1109",
        "name": "台北松信路停車場",
        "area": "信義區",
        "address": "松信路與虎林街120巷交叉口空地",
        "summary": "大型車:0格，小型車:49格(含身心障礙停車位2格)，機車:0格",
        "tel": "0225046290",
        "car": 49,
        "motor": 0,
        "charging": 0,
        "occupied_rate": -99,
        "data_time": "Sat May 02 00:00:00 CST 2026"
      }
    },
    {
      "type": "Feature",
      "geometry": {
        "type": "Point",
        "coordinates": [
          121.5704972,
          25.0259582
        ]
      },
      "properties": {
        "id": "TPE1110",
        "name": "信義路5段150巷臨時平面停車場",
        "area": "信義區",
        "address": "信義路5段150巷與信義路5段150巷342弄交叉口",
        "summary": "大型車:0格，小型車:30格(含身心障礙停車位1格)，機車:0格，充電格位:2格",
        "tel": "0800208333",
        "car": 30,
        "motor": 0,
        "charging": 0,
        "occupied_rate": -99,
        "data_time": "Sat May 02 00:00:00 CST 2026"
      }
    },
    {
      "type": "Feature",
      "geometry": {
        "type": "Point",
        "coordinates": [
          121.5113777,
          25.0298297
        ]
      },
      "properties": {
        "id": "TPE1112",
        "name": "明道樓後方停車場",
        "area": "中正區",
        "address": "南海路56號(明道樓後方，靠和平西路2段)",
        "summary": "大型車:0格，小型車:20格(含身心障礙停車位1格)，機車:0格",
        "tel": "2303-4381",
        "car": 20,
        "motor": 0,
        "charging": 0,
        "occupied_rate": -99,
        "data_time": "Sat May 02 00:00:00 CST 2026"
      }
    },
    {
      "type": "Feature",
      "geometry": {
        "type": "Point",
        "coordinates": [
          121.5863986,
          25.069224
        ]
      },
      "properties": {
        "id": "TPE1113",
        "name": "臺北市立三民國民中學停車場",
        "area": "內湖區",
        "address": "民權東路6段45號",
        "summary": "大型車:0格，小型車:8格(含身心障礙停車位1格)，機車:0格",
        "tel": "(02)27924772分機403",
        "car": 8,
        "motor": 0,
        "charging": 0,
        "occupied_rate": -99,
        "data_time": "Sat May 02 00:00:00 CST 2026"
      }
    },
    {
      "type": "Feature",
      "geometry": {
        "type": "Point",
        "coordinates": [
          121.5270544,
          25.0479462
        ]
      },
      "properties": {
        "id": "TPE1115",
        "name": "嘟嘟房林森北路2站停車場",
        "area": "中山區",
        "address": "林森北路67巷86號",
        "summary": "大型車:0格，小型車:6格(含身心障礙停車位1格)，機車:0格",
        "tel": "2655-0818",
        "car": 6,
        "motor": 0,
        "charging": 0,
        "occupied_rate": -99,
        "data_time": "Sat May 02 00:00:00 CST 2026"
      }
    },
    {
      "type": "Feature",
      "geometry": {
        "type": "Point",
        "coordinates": [
          121.5255091,
          25.0646807
        ]
      },
      "properties": {
        "id": "TPE1116",
        "name": "百里亭股份有限公司農安場",
        "area": "中山區",
        "address": "林森北路566號地下2層",
        "summary": "大型車:0格，小型車:38格(含身心障礙停車位1格)，機車:0格",
        "tel": "7715-3105",
        "car": 38,
        "motor": 0,
        "charging": 0,
        "occupied_rate": -99,
        "data_time": "Sat May 02 00:00:00 CST 2026"
      }
    },
    {
      "type": "Feature",
      "geometry": {
        "type": "Point",
        "coordinates": [
          121.5458509,
          25.033553
        ]
      },
      "properties": {
        "id": "TPE1117",
        "name": "信義大安平面停車場",
        "area": "大安區",
        "address": "信義路4段67號旁",
        "summary": "大型車:0格，小型車:4格(含身心障礙停車位1格)，機車:0格",
        "tel": "2732-1156",
        "car": 4,
        "motor": 0,
        "charging": 0,
        "occupied_rate": -99,
        "data_time": "Sat May 02 00:00:00 CST 2026"
      }
    },
    {
      "type": "Feature",
      "geometry": {
        "type": "Point",
        "coordinates": [
          121.4978201,
          25.1295162
        ]
      },
      "properties": {
        "id": "TPE1118",
        "name": "大業平面停車場",
        "area": "北投區",
        "address": "大興街12號旁空地",
        "summary": "大型車:0格，小型車:117格(含身心障礙停車位2格)，機車:0格",
        "tel": "0800-021-111或(02)28911794",
        "car": 117,
        "motor": 0,
        "charging": 0,
        "occupied_rate": -99,
        "data_time": "Sat May 02 00:00:00 CST 2026"
      }
    },
    {
      "type": "Feature",
      "geometry": {
        "type": "Point",
        "coordinates": [
          121.5052513,
          25.1271461
        ]
      },
      "properties": {
        "id": "TPE1119",
        "name": "Times北投三合街一段",
        "area": "北投區",
        "address": "三合街1段77號對面",
        "summary": "大型車:0格，小型車:95格(含身心障礙停車位2格)，機車:0格，充電格位:1格",
        "tel": "0800-888924或(02)25046098",
        "car": 95,
        "motor": 0,
        "charging": 0,
        "occupied_rate": -99,
        "data_time": "Sat May 02 00:00:00 CST 2026"
      }
    },
    {
      "type": "Feature",
      "geometry": {
        "type": "Point",
        "coordinates": [
          121.5613129,
          25.0795633
        ]
      },
      "properties": {
        "id": "TPE1120",
        "name": "臺北市濱江實驗國民中學B1停車場",
        "area": "中山區",
        "address": "樂群二路262號地下1層",
        "summary": "大型車:0格，小型車:58格(含身心障礙停車位3格)，機車:0格",
        "tel": "8502-0126",
        "car": 58,
        "motor": 0,
        "charging": 0,
        "occupied_rate": -99,
        "data_time": "Sat May 02 00:00:00 CST 2026"
      }
    },
    {
      "type": "Feature",
      "geometry": {
        "type": "Point",
        "coordinates": [
          121.5876225,
          25.0620893
        ]
      },
      "properties": {
        "id": "TPE1121",
        "name": "便利停車場潭美站",
        "area": "內湖區",
        "address": "金莊路18、26號地下1-4層",
        "summary": "大型車:0格，小型車:108格(含身心障礙停車位3格)，機車:0格",
        "tel": "0227991001#167",
        "car": 108,
        "motor": 0,
        "charging": 0,
        "occupied_rate": -99,
        "data_time": "Sat May 02 00:00:00 CST 2026"
      }
    },
    {
      "type": "Feature",
      "geometry": {
        "type": "Point",
        "coordinates": [
          121.5525758,
          25.0210288
        ]
      },
      "properties": {
        "id": "TPE1122",
        "name": "友座臻璽停車場",
        "area": "大安區",
        "address": "和平東路3段212巷48號地下1至2層",
        "summary": "大型車:0格，小型車:32格(含身心障礙停車位1格)，機車:0格",
        "tel": "2732-7185",
        "car": 32,
        "motor": 0,
        "charging": 0,
        "occupied_rate": -99,
        "data_time": "Sat May 02 00:00:00 CST 2026"
      }
    },
    {
      "type": "Feature",
      "geometry": {
        "type": "Point",
        "coordinates": [
          121.5866975,
          25.0371463
        ]
      },
      "properties": {
        "id": "TPE1123",
        "name": "瑠公國中停車場",
        "area": "信義區",
        "address": "福德街221巷15號",
        "summary": "大型車:0格，小型車:25格(含身心障礙停車位1格)，機車:0格，充電格位:1格",
        "tel": "0227261481#401",
        "car": 25,
        "motor": 0,
        "charging": 0,
        "occupied_rate": -99,
        "data_time": "Sat May 02 00:00:00 CST 2026"
      }
    },
    {
      "type": "Feature",
      "geometry": {
        "type": "Point",
        "coordinates": [
          121.5241501,
          25.0482634
        ]
      },
      "properties": {
        "id": "TPE1124",
        "name": "林森北機車停車場",
        "area": "中山區",
        "address": "林森北路42號旁空地",
        "summary": "大型車:0格，小型車:0格，機車:7格(含身心障礙停車位1格)",
        "tel": "2778-5756",
        "car": 0,
        "motor": 7,
        "charging": 0,
        "occupied_rate": -99,
        "data_time": "Sat May 02 00:00:00 CST 2026"
      }
    },
    {
      "type": "Feature",
      "geometry": {
        "type": "Point",
        "coordinates": [
          121.499206,
          25.1208063
        ]
      },
      "properties": {
        "id": "TPE1125",
        "name": "洲美快速道路橋下平面停車場",
        "area": "士林區",
        "address": "大度路1段至大度路1段9號",
        "summary": "大型車:0格，小型車:26格(含身心障礙停車位1格)，機車:0格，充電格位:2格",
        "tel": "0227590666",
        "car": 26,
        "motor": 0,
        "charging": 0,
        "occupied_rate": -99,
        "data_time": "Sat May 02 00:00:00 CST 2026"
      }
    },
    {
      "type": "Feature",
      "geometry": {
        "type": "Point",
        "coordinates": [
          121.5627343,
          25.0445359
        ]
      },
      "properties": {
        "id": "TPE1126",
        "name": "松菸停車場",
        "area": "信義區",
        "address": "忠孝東路4段553巷52弄3號對面空地",
        "summary": "大型車:0格，小型車:5格(含身心障礙停車位1格)，機車:0格",
        "tel": "2778-5756",
        "car": 5,
        "motor": 0,
        "charging": 0,
        "occupied_rate": -99,
        "data_time": "Sat May 02 00:00:00 CST 2026"
      }
    },
    {
      "type": "Feature",
      "geometry": {
        "type": "Point",
        "coordinates": [
          121.5503582,
          25.0525202
        ]
      },
      "properties": {
        "id": "TPE1127",
        "name": "和停有限公司南京場",
        "area": "松山區",
        "address": "南京東路4段53巷3弄12號旁空地",
        "summary": "大型車:0格，小型車:12格(含身心障礙停車位1格)，機車:0格",
        "tel": "0975-902665",
        "car": 12,
        "motor": 0,
        "charging": 0,
        "occupied_rate": -99,
        "data_time": "Sat May 02 00:00:00 CST 2026"
      }
    },
    {
      "type": "Feature",
      "geometry": {
        "type": "Point",
        "coordinates": [
          121.5423265,
          25.0644329
        ]
      },
      "properties": {
        "id": "TPE1128",
        "name": "五常街臨時平面停車場",
        "area": "中山區",
        "address": "五常街與民權東路3段39巷口",
        "summary": "大型車:0格，小型車:32格(含身心障礙停車位1格)，機車:0格，充電格位:3格",
        "tel": "27590666",
        "car": 32,
        "motor": 0,
        "charging": 0,
        "occupied_rate": -99,
        "data_time": "Sat May 02 00:00:00 CST 2026"
      }
    },
    {
      "type": "Feature",
      "geometry": {
        "type": "Point",
        "coordinates": [
          121.5552121,
          24.9859742
        ]
      },
      "properties": {
        "id": "TPE1129",
        "name": "通通停光輝停車場",
        "area": "文山區",
        "address": "光輝路與光輝路21巷口",
        "summary": "大型車:0格，小型車:10格(含身心障礙停車位1格)，機車:0格",
        "tel": "027755-0885",
        "car": 10,
        "motor": 0,
        "charging": 0,
        "occupied_rate": -99,
        "data_time": "Sat May 02 00:00:00 CST 2026"
      }
    },
    {
      "type": "Feature",
      "geometry": {
        "type": "Point",
        "coordinates": [
          121.5729557,
          25.0382743
        ]
      },
      "properties": {
        "id": "TPE1130",
        "name": "忠孝五停車場",
        "area": "信義區",
        "address": "忠孝東路5段236巷27弄10號旁空地",
        "summary": "大型車:0格，小型車:33格(含身心障礙停車位1格)，機車:0格",
        "tel": "2778-5756",
        "car": 33,
        "motor": 0,
        "charging": 0,
        "occupied_rate": -99,
        "data_time": "Sat May 02 00:00:00 CST 2026"
      }
    },
    {
      "type": "Feature",
      "geometry": {
        "type": "Point",
        "coordinates": [
          121.5181465,
          25.0696201
        ]
      },
      "properties": {
        "id": "TPE1131",
        "name": "叭叭房承德大樓地下室停車場",
        "area": "大同區",
        "address": "承德路3段186號",
        "summary": "大型車:0格，小型車:20格(含身心障礙停車位1格)，機車:0格",
        "tel": "2655-0000",
        "car": 20,
        "motor": 0,
        "charging": 0,
        "occupied_rate": -99,
        "data_time": "Sat May 02 00:00:00 CST 2026"
      }
    },
    {
      "type": "Feature",
      "geometry": {
        "type": "Point",
        "coordinates": [
          121.4710584,
          25.125435
        ]
      },
      "properties": {
        "id": "TPE1132",
        "name": "沃瑪停車場一德站",
        "area": "北投區",
        "address": "立功街96號旁",
        "summary": "大型車:0格，小型車:49格(含身心障礙停車位1格)，機車:0格",
        "tel": "0228919113",
        "car": 49,
        "motor": 0,
        "charging": 0,
        "occupied_rate": -99,
        "data_time": "Sat May 02 00:00:00 CST 2026"
      }
    },
    {
      "type": "Feature",
      "geometry": {
        "type": "Point",
        "coordinates": [
          121.5704299,
          25.0523655
        ]
      },
      "properties": {
        "id": "TPE1134",
        "name": "驛林交通股份有限公司南京塔悠站",
        "area": "松山區",
        "address": "塔悠路81號地下2至3層",
        "summary": "大型車:0格，小型車:31格(含身心障礙停車位1格)，機車:0格",
        "tel": "",
        "car": 31,
        "motor": 0,
        "charging": 0,
        "occupied_rate": -99,
        "data_time": "Sat May 02 00:00:00 CST 2026"
      }
    },
    {
      "type": "Feature",
      "geometry": {
        "type": "Point",
        "coordinates": [
          121.5181652,
          25.0282421
        ]
      },
      "properties": {
        "id": "TPE1135",
        "name": "嘟嘟房南昌1站停車場",
        "area": "中正區",
        "address": "南昌路2段2巷近牯嶺街口空地",
        "summary": "大型車:0格，小型車:4格(含身心障礙停車位1格)，機車:0格",
        "tel": "2655-0818",
        "car": 4,
        "motor": 0,
        "charging": 0,
        "occupied_rate": -99,
        "data_time": "Sat May 02 00:00:00 CST 2026"
      }
    },
    {
      "type": "Feature",
      "geometry": {
        "type": "Point",
        "coordinates": [
          121.5213258,
          25.0233919
        ]
      },
      "properties": {
        "id": "TPE1136",
        "name": "博客停車場-家福同安場",
        "area": "中正區",
        "address": "同安街71號地下1層",
        "summary": "大型車:0格，小型車:17格(含身心障礙停車位1格)，機車:0格",
        "tel": "2948-8889#220",
        "car": 17,
        "motor": 0,
        "charging": 0,
        "occupied_rate": -99,
        "data_time": "Sat May 02 00:00:00 CST 2026"
      }
    },
    {
      "type": "Feature",
      "geometry": {
        "type": "Point",
        "coordinates": [
          121.5312642,
          25.1186591
        ]
      },
      "properties": {
        "id": "TPE1137",
        "name": "玉璽精品飯店停車場",
        "area": "士林區",
        "address": "中山北路7段14巷2之3號地下2至3層",
        "summary": "大型車:0格，小型車:20格(含身心障礙停車位1格)，機車:0格",
        "tel": "0933926980",
        "car": 20,
        "motor": 0,
        "charging": 0,
        "occupied_rate": -99,
        "data_time": "Sat May 02 00:00:00 CST 2026"
      }
    },
    {
      "type": "Feature",
      "geometry": {
        "type": "Point",
        "coordinates": [
          121.5524543,
          25.0841511
        ]
      },
      "properties": {
        "id": "TPE1138",
        "name": "敬業一路平面停車場",
        "area": "中山區",
        "address": "敬業一路141號右側空地",
        "summary": "大型車:0格，小型車:122格(含身心障礙停車位3格)，機車:0格，充電格位:2格",
        "tel": "25366655",
        "car": 122,
        "motor": 0,
        "charging": 0,
        "occupied_rate": -99,
        "data_time": "Sat May 02 00:00:00 CST 2026"
      }
    },
    {
      "type": "Feature",
      "geometry": {
        "type": "Point",
        "coordinates": [
          121.5538522,
          24.9885974
        ]
      },
      "properties": {
        "id": "TPE1139",
        "name": "富山路停車場",
        "area": "文山區",
        "address": "木柵路1段285號旁空地",
        "summary": "大型車:0格，小型車:18格(含身心障礙停車位1格)，機車:0格",
        "tel": "2778-5756",
        "car": 18,
        "motor": 0,
        "charging": 0,
        "occupied_rate": -99,
        "data_time": "Sat May 02 00:00:00 CST 2026"
      }
    },
    {
      "type": "Feature",
      "geometry": {
        "type": "Point",
        "coordinates": [
          121.5434219,
          25.0467858
        ]
      },
      "properties": {
        "id": "TPE1140",
        "name": "Times 復興南路第2",
        "area": "中山區",
        "address": "八德路2段332巷6號對面",
        "summary": "大型車:0格，小型車:7格(含身心障礙停車位1格)，機車:0格",
        "tel": "0809008924",
        "car": 7,
        "motor": 0,
        "charging": 0,
        "occupied_rate": -99,
        "data_time": "Sat May 02 00:00:00 CST 2026"
      }
    },
    {
      "type": "Feature",
      "geometry": {
        "type": "Point",
        "coordinates": [
          121.5090025,
          25.0388073
        ]
      },
      "properties": {
        "id": "TPE1142",
        "name": "城中社會福利綜合大樓地下停車場",
        "area": "中正區",
        "address": "延平南路123號地下2至3層",
        "summary": "大型車:0格，小型車:41格(含身心障礙停車位1格，孕婦、育有六歲以下兒童停車位1格)，機車:90格(含身心障礙停車位2格)，充電格位:1格",
        "tel": "24551299",
        "car": 41,
        "motor": 90,
        "charging": 0,
        "occupied_rate": -99,
        "data_time": "Sat May 02 00:00:00 CST 2026"
      }
    },
    {
      "type": "Feature",
      "geometry": {
        "type": "Point",
        "coordinates": [
          121.6158741,
          25.0541205
        ]
      },
      "properties": {
        "id": "TPE1143",
        "name": "市民八停車場",
        "area": "南港區",
        "address": "市民大道8段602號旁空地",
        "summary": "大型車:0格，小型車:6格(含身心障礙停車位1格)，機車:0格",
        "tel": "022778-5756",
        "car": 6,
        "motor": 0,
        "charging": 0,
        "occupied_rate": -99,
        "data_time": "Sat May 02 00:00:00 CST 2026"
      }
    },
    {
      "type": "Feature",
      "geometry": {
        "type": "Point",
        "coordinates": [
          121.5275,
          25.0345312
        ]
      },
      "properties": {
        "id": "TPE1144",
        "name": "168停車聯盟-東門場",
        "area": "中正區",
        "address": "金山南路1段157號",
        "summary": "大型車:0格，小型車:1格(含身心障礙停車位1格)，機車:0格",
        "tel": "27546661",
        "car": 1,
        "motor": 0,
        "charging": 0,
        "occupied_rate": -99,
        "data_time": "Sat May 02 00:00:00 CST 2026"
      }
    },
    {
      "type": "Feature",
      "geometry": {
        "type": "Point",
        "coordinates": [
          121.5727616,
          25.0791832
        ]
      },
      "properties": {
        "id": "TPE1145",
        "name": "萬豐富利有限公司內湖洲子站",
        "area": "內湖區",
        "address": "洲子街58號地下3至4層",
        "summary": "大型車:0格，小型車:48格(含身心障礙停車位1格)，機車:0格",
        "tel": "0223621685",
        "car": 48,
        "motor": 0,
        "charging": 0,
        "occupied_rate": -99,
        "data_time": "Sat May 02 00:00:00 CST 2026"
      }
    },
    {
      "type": "Feature",
      "geometry": {
        "type": "Point",
        "coordinates": [
          121.5291778,
          25.0930992
        ]
      },
      "properties": {
        "id": "TPE1146",
        "name": "萬麗酒店停車場",
        "area": "士林區",
        "address": "中山北路5段470巷8號地下1至4層",
        "summary": "大型車:0格，小型車:190格(含身心障礙停車位5格，孕婦、育有六歲以下兒童停車位5格)，機車:53格(含身心障礙停車位2格)",
        "tel": "(02)22461708",
        "car": 190,
        "motor": 53,
        "charging": 0,
        "occupied_rate": -99,
        "data_time": "Sat May 02 00:00:00 CST 2026"
      }
    },
    {
      "type": "Feature",
      "geometry": {
        "type": "Point",
        "coordinates": [
          121.5471746,
          25.0370195
        ]
      },
      "properties": {
        "id": "TPE1147",
        "name": "168停車聯盟-仁愛場",
        "area": "大安區",
        "address": "仁愛路4段48巷11號旁空地",
        "summary": "大型車:0格，小型車:3格(含身心障礙停車位1格)，機車:0格",
        "tel": "27546661",
        "car": 3,
        "motor": 0,
        "charging": 0,
        "occupied_rate": -99,
        "data_time": "Sat May 02 00:00:00 CST 2026"
      }
    },
    {
      "type": "Feature",
      "geometry": {
        "type": "Point",
        "coordinates": [
          121.5556632,
          24.989042
        ]
      },
      "properties": {
        "id": "TPE1148",
        "name": "永建國小地下停車場",
        "area": "文山區",
        "address": "木柵路1段311巷1號地下1至2層",
        "summary": "大型車:0格，小型車:212格(含身心障礙停車位5格，孕婦、育有六歲以下兒童停車位6格)，機車:83格(含身心障礙停車位2格)，大型重機:4格，充電格位:4格",
        "tel": "22347883",
        "car": 212,
        "motor": 83,
        "charging": 0,
        "occupied_rate": -99,
        "data_time": "Sat May 02 00:00:00 CST 2026"
      }
    },
    {
      "type": "Feature",
      "geometry": {
        "type": "Point",
        "coordinates": [
          121.5683982,
          25.0477351
        ]
      },
      "properties": {
        "id": "TPE1149",
        "name": "正氣橋下平面停車場",
        "area": "信義區",
        "address": "基隆路1段35巷至65號間對面",
        "summary": "大型車:0格，小型車:65格(含身心障礙停車位2格)，機車:0格，大型重機:3格，充電格位:2格",
        "tel": "",
        "car": 65,
        "motor": 0,
        "charging": 0,
        "occupied_rate": -99,
        "data_time": "Sat May 02 00:00:00 CST 2026"
      }
    },
    {
      "type": "Feature",
      "geometry": {
        "type": "Point",
        "coordinates": [
          121.5400698,
          25.0548533
        ]
      },
      "properties": {
        "id": "TPE1150",
        "name": "長春路龍江路臨時平面停車場",
        "area": "中山區",
        "address": "長春路龍江路交叉口",
        "summary": "大型車:0格，小型車:38格(含身心障礙停車位1格，孕婦、育有六歲以下兒童停車位1格)，機車:0格，充電格位:2格",
        "tel": "7751-8097",
        "car": 38,
        "motor": 0,
        "charging": 0,
        "occupied_rate": -99,
        "data_time": "Sat May 02 00:00:00 CST 2026"
      }
    },
    {
      "type": "Feature",
      "geometry": {
        "type": "Point",
        "coordinates": [
          121.5203554,
          25.0941732
        ]
      },
      "properties": {
        "id": "TPE1151",
        "name": "基河停車場",
        "area": "士林區",
        "address": "中正路及基河路口空地",
        "summary": "大型車:0格，小型車:607格(含身心障礙停車位13格，孕婦、育有六歲以下兒童停車位13格)，機車:95格(含身心障礙停車位2格)，充電格位:7格",
        "tel": "0988735805",
        "car": 607,
        "motor": 95,
        "charging": 0,
        "occupied_rate": -99,
        "data_time": "Sat May 02 00:00:00 CST 2026"
      }
    },
    {
      "type": "Feature",
      "geometry": {
        "type": "Point",
        "coordinates": [
          121.5115533,
          25.0593194
        ]
      },
      "properties": {
        "id": "TPE1152",
        "name": "延平第一停車場",
        "area": "大同區",
        "address": "延平北路2段197號地下2層",
        "summary": "大型車:0格，小型車:18格(含身心障礙停車位1格)，機車:0格",
        "tel": "0225575380",
        "car": 18,
        "motor": 0,
        "charging": 0,
        "occupied_rate": -99,
        "data_time": "Sat May 02 00:00:00 CST 2026"
      }
    },
    {
      "type": "Feature",
      "geometry": {
        "type": "Point",
        "coordinates": [
          121.5298456,
          25.0646247
        ]
      },
      "properties": {
        "id": "TPE1153",
        "name": "中華道明會停車場",
        "area": "中山區",
        "address": "吉林路378號地下1層",
        "summary": "大型車:0格，小型車:6格(含身心障礙停車位1格)，機車:0格",
        "tel": "27785756",
        "car": 6,
        "motor": 0,
        "charging": 0,
        "occupied_rate": -99,
        "data_time": "Sat May 02 00:00:00 CST 2026"
      }
    },
    {
      "type": "Feature",
      "geometry": {
        "type": "Point",
        "coordinates": [
          121.4876437,
          25.0326472
        ]
      },
      "properties": {
        "id": "TPE1154",
        "name": "雙園堤外平面停車場",
        "area": "萬華區",
        "address": "長順街底堤外",
        "summary": "大型車:35格，小型車:748格(含身心障礙停車位16格)，機車:242格(含身心障礙停車位6格)",
        "tel": "2302-4504",
        "car": 748,
        "motor": 242,
        "charging": 0,
        "occupied_rate": -99,
        "data_time": "Sat May 02 00:00:00 CST 2026"
      }
    },
    {
      "type": "Feature",
      "geometry": {
        "type": "Point",
        "coordinates": [
          121.5431144,
          25.0341973
        ]
      },
      "properties": {
        "id": "TPE1155",
        "name": "客委會臨時平面停車場",
        "area": "大安區",
        "address": "信義路3段157巷11號旁",
        "summary": "大型車:0格，小型車:14格(含身心障礙停車位1格)，機車:0格",
        "tel": "27590666",
        "car": 14,
        "motor": 0,
        "charging": 0,
        "occupied_rate": -99,
        "data_time": "Sat May 02 00:00:00 CST 2026"
      }
    },
    {
      "type": "Feature",
      "geometry": {
        "type": "Point",
        "coordinates": [
          121.5152901,
          25.062771
        ]
      },
      "properties": {
        "id": "TPE1157",
        "name": "168停車聯盟-民權西場",
        "area": "大同區",
        "address": "民權西路162號旁空地",
        "summary": "大型車:0格，小型車:2格(含身心障礙停車位1格)，機車:0格",
        "tel": "0227546661",
        "car": 2,
        "motor": 0,
        "charging": 0,
        "occupied_rate": -99,
        "data_time": "Sat May 02 00:00:00 CST 2026"
      }
    },
    {
      "type": "Feature",
      "geometry": {
        "type": "Point",
        "coordinates": [
          121.58666,
          25.0579741
        ]
      },
      "properties": {
        "id": "TPE1158",
        "name": "嘟嘟房內湖新明站停車場",
        "area": "內湖區",
        "address": "新明路138號地下2至3層",
        "summary": "大型車:0格，小型車:65格(含身心障礙停車位1格)，機車:0格，充電格位:1格",
        "tel": "0226550818",
        "car": 65,
        "motor": 0,
        "charging": 0,
        "occupied_rate": -99,
        "data_time": "Sat May 02 00:00:00 CST 2026"
      }
    },
    {
      "type": "Feature",
      "geometry": {
        "type": "Point",
        "coordinates": [
          121.5671204,
          24.9892426
        ]
      },
      "properties": {
        "id": "TPE1159",
        "name": "木柵路三段77巷臨時平面停車場",
        "area": "文山區",
        "address": "木柵路3段77巷9號對面",
        "summary": "大型車:0格，小型車:23格(含身心障礙停車位1格)，機車:0格",
        "tel": "2518-5299",
        "car": 23,
        "motor": 0,
        "charging": 0,
        "occupied_rate": -99,
        "data_time": "Sat May 02 00:00:00 CST 2026"
      }
    },
    {
      "type": "Feature",
      "geometry": {
        "type": "Point",
        "coordinates": [
          121.505038,
          25.1250275
        ]
      },
      "properties": {
        "id": "TPE1160",
        "name": "公舘路228巷平面停車場",
        "area": "北投區",
        "address": "三合街1段117巷與公舘路228巷交叉口",
        "summary": "大型車:0格，小型車:68格(含身心障礙停車位2格)，機車:0格，大型重機:2格，充電格位:2格",
        "tel": "(02)25683773分機561",
        "car": 68,
        "motor": 0,
        "charging": 0,
        "occupied_rate": -99,
        "data_time": "Sat May 02 00:00:00 CST 2026"
      }
    },
    {
      "type": "Feature",
      "geometry": {
        "type": "Point",
        "coordinates": [
          121.5525289,
          25.0851823
        ]
      },
      "properties": {
        "id": "TPE1161",
        "name": "明水二停車場",
        "area": "中山區",
        "address": "北安路759巷對面空地",
        "summary": "大型車:0格，小型車:43格(含身心障礙停車位1格)，機車:0格",
        "tel": "2517-2642",
        "car": 43,
        "motor": 0,
        "charging": 0,
        "occupied_rate": -99,
        "data_time": "Sat May 02 00:00:00 CST 2026"
      }
    },
    {
      "type": "Feature",
      "geometry": {
        "type": "Point",
        "coordinates": [
          121.5397379,
          24.9962532
        ]
      },
      "properties": {
        "id": "TPE1162",
        "name": "財政大樓地下停車場",
        "area": "文山區",
        "address": "羅斯福路6段142巷1號地下1至2層",
        "summary": "大型車:0格，小型車:135格(含身心障礙停車位5格，孕婦、育有六歲以下兒童停車位3格)，機車:60格(含身心障礙停車位2格)，充電格位:5格",
        "tel": "29353147",
        "car": 135,
        "motor": 60,
        "charging": 0,
        "occupied_rate": -99,
        "data_time": "Sat May 02 00:00:00 CST 2026"
      }
    },
    {
      "type": "Feature",
      "geometry": {
        "type": "Point",
        "coordinates": [
          121.537646,
          25.0576292
        ]
      },
      "properties": {
        "id": "TPE1163",
        "name": "民生建國大樓停車場",
        "area": "中山區",
        "address": "民生東路3段2號及6號地下1-4層",
        "summary": "大型車:0格，小型車:310格(含身心障礙停車位8格)，機車:0格，充電格位:4格",
        "tel": "2502-8490",
        "car": 310,
        "motor": 0,
        "charging": 0,
        "occupied_rate": -99,
        "data_time": "Sat May 02 00:00:00 CST 2026"
      }
    },
    {
      "type": "Feature",
      "geometry": {
        "type": "Point",
        "coordinates": [
          121.5626115,
          24.9881086
        ]
      },
      "properties": {
        "id": "TPE1164",
        "name": "興隆D2社會住宅地下停車場",
        "area": "文山區",
        "address": "興隆路4段105巷45號地下1至5層",
        "summary": "大型車:0格，小型車:349格(含身心障礙停車位7格，孕婦、育有六歲以下兒童停車位7格)，機車:401格(含身心障礙停車位8格)，大型重機:7格，充電格位:7格",
        "tel": "8661-7601",
        "car": 349,
        "motor": 401,
        "charging": 0,
        "occupied_rate": -99,
        "data_time": "Sat May 02 00:00:00 CST 2026"
      }
    },
    {
      "type": "Feature",
      "geometry": {
        "type": "Point",
        "coordinates": [
          121.5676699,
          25.0345073
        ]
      },
      "properties": {
        "id": "TPE1165",
        "name": "臺北南山廣場停車場",
        "area": "信義區",
        "address": "松仁路100號、松智路17號地下2層",
        "summary": "大型車:31格，小型車:0格，機車:0格",
        "tel": "",
        "car": 0,
        "motor": 0,
        "charging": 0,
        "occupied_rate": -99,
        "data_time": "Sat May 02 00:00:00 CST 2026"
      }
    },
    {
      "type": "Feature",
      "geometry": {
        "type": "Point",
        "coordinates": [
          121.522005,
          25.0597209
        ]
      },
      "properties": {
        "id": "TPE1166",
        "name": "嘉新大樓停車場",
        "area": "中山區",
        "address": "民生西路3巷9號地上1至3層",
        "summary": "大型車:0格，小型車:73格(含身心障礙停車位1格)，機車:0格，充電格位:1格",
        "tel": "2246-1708",
        "car": 73,
        "motor": 0,
        "charging": 0,
        "occupied_rate": -99,
        "data_time": "Sat May 02 00:00:00 CST 2026"
      }
    },
    {
      "type": "Feature",
      "geometry": {
        "type": "Point",
        "coordinates": [
          121.5302271,
          25.0515078
        ]
      },
      "properties": {
        "id": "TPE1167",
        "name": "Times 美侖商旅",
        "area": "中山區",
        "address": "吉林路49號",
        "summary": "大型車:0格，小型車:43格(含身心障礙停車位1格)，機車:0格",
        "tel": "0800-88-8924；2504-6098",
        "car": 43,
        "motor": 0,
        "charging": 0,
        "occupied_rate": -99,
        "data_time": "Sat May 02 00:00:00 CST 2026"
      }
    },
    {
      "type": "Feature",
      "geometry": {
        "type": "Point",
        "coordinates": [
          121.5869041,
          25.0623968
        ]
      },
      "properties": {
        "id": "TPE1168",
        "name": "金莊停車場",
        "area": "內湖區",
        "address": "石潭路與金莊路交叉口",
        "summary": "大型車:0格，小型車:49格(含身心障礙停車位1格)，機車:0格",
        "tel": "02-2270-2916#306",
        "car": 49,
        "motor": 0,
        "charging": 0,
        "occupied_rate": -99,
        "data_time": "Sat May 02 00:00:00 CST 2026"
      }
    },
    {
      "type": "Feature",
      "geometry": {
        "type": "Point",
        "coordinates": [
          121.5727556,
          25.0669774
        ]
      },
      "properties": {
        "id": "TPE1169",
        "name": "內湖污水處理廠附屬公園停車場",
        "area": "內湖區",
        "address": "舊宗路2段2號",
        "summary": "大型車:0格，小型車:53格(含身心障礙停車位2格)，機車:0格",
        "tel": "",
        "car": 53,
        "motor": 0,
        "charging": 0,
        "occupied_rate": -99,
        "data_time": "Sat May 02 00:00:00 CST 2026"
      }
    },
    {
      "type": "Feature",
      "geometry": {
        "type": "Point",
        "coordinates": [
          121.5381577,
          25.1178533
        ]
      },
      "properties": {
        "id": "TPE1170",
        "name": "臺北市立天母國民中學停車場",
        "area": "士林區",
        "address": "天母東路120號",
        "summary": "大型車:0格，小型車:20格(含身心障礙停車位1格)，機車:0格",
        "tel": "(02)28754864",
        "car": 20,
        "motor": 0,
        "charging": 0,
        "occupied_rate": -99,
        "data_time": "Sat May 02 00:00:00 CST 2026"
      }
    },
    {
      "type": "Feature",
      "geometry": {
        "type": "Point",
        "coordinates": [
          121.5670034,
          25.034485
        ]
      },
      "properties": {
        "id": "TPE1171",
        "name": "微風南山地下停車場",
        "area": "信義區",
        "address": "松智路17號地下3層",
        "summary": "大型車:0格，小型車:231格(含身心障礙停車位5格，孕婦、育有六歲以下兒童停車位4格)，機車:0格，充電格位:4格",
        "tel": "0266389999#3601",
        "car": 231,
        "motor": 0,
        "charging": 0,
        "occupied_rate": -99,
        "data_time": "Sat May 02 00:00:00 CST 2026"
      }
    },
    {
      "type": "Feature",
      "geometry": {
        "type": "Point",
        "coordinates": [
          121.5694441,
          25.0554591
        ]
      },
      "properties": {
        "id": "TPE1172",
        "name": "新塔悠路停車場",
        "area": "松山區",
        "address": "塔悠路136巷巷口空地",
        "summary": "大型車:0格，小型車:16格(含身心障礙停車位1格)，機車:0格",
        "tel": "2778-5756",
        "car": 16,
        "motor": 0,
        "charging": 0,
        "occupied_rate": -99,
        "data_time": "Sat May 02 00:00:00 CST 2026"
      }
    },
    {
      "type": "Feature",
      "geometry": {
        "type": "Point",
        "coordinates": [
          121.5567061,
          25.0321067
        ]
      },
      "properties": {
        "id": "TPE1173",
        "name": "飛璜開發有限公司通化營業所",
        "area": "大安區",
        "address": "文昌街278巷3號旁空地",
        "summary": "大型車:0格，小型車:6格(含身心障礙停車位1格)，機車:0格",
        "tel": "2547-2545",
        "car": 6,
        "motor": 0,
        "charging": 0,
        "occupied_rate": -99,
        "data_time": "Sat May 02 00:00:00 CST 2026"
      }
    },
    {
      "type": "Feature",
      "geometry": {
        "type": "Point",
        "coordinates": [
          121.5721766,
          25.0755607
        ]
      },
      "properties": {
        "id": "TPE1174",
        "name": "台灣聯通港墘停車場",
        "area": "內湖區",
        "address": "瑞光路358巷38弄30號旁空地",
        "summary": "大型車:0格，小型車:32格(含身心障礙停車位1格)，機車:0格",
        "tel": "2523-5000",
        "car": 32,
        "motor": 0,
        "charging": 0,
        "occupied_rate": -99,
        "data_time": "Sat May 02 00:00:00 CST 2026"
      }
    },
    {
      "type": "Feature",
      "geometry": {
        "type": "Point",
        "coordinates": [
          121.5581124,
          24.988419
        ]
      },
      "properties": {
        "id": "TPE1175",
        "name": "安康平宅臨時平面停車場",
        "area": "文山區",
        "address": "興隆路4段42巷80號旁",
        "summary": "大型車:0格，小型車:3格(含身心障礙停車位1格)，機車:2格",
        "tel": "2759-0666",
        "car": 3,
        "motor": 2,
        "charging": 0,
        "occupied_rate": -99,
        "data_time": "Sat May 02 00:00:00 CST 2026"
      }
    },
    {
      "type": "Feature",
      "geometry": {
        "type": "Point",
        "coordinates": [
          121.5087051,
          25.0380274
        ]
      },
      "properties": {
        "id": "TPE1176",
        "name": "延平南路平面停車場",
        "area": "中正區",
        "address": "延平南路127號旁空地",
        "summary": "大型車:0格，小型車:49格(含身心障礙停車位1格)，機車:0格",
        "tel": "2259-5058",
        "car": 49,
        "motor": 0,
        "charging": 0,
        "occupied_rate": -99,
        "data_time": "Sat May 02 00:00:00 CST 2026"
      }
    },
    {
      "type": "Feature",
      "geometry": {
        "type": "Point",
        "coordinates": [
          121.5643136,
          25.0416454
        ]
      },
      "properties": {
        "id": "TPE1177",
        "name": "統一精工股份有限公司紅典信義停車場",
        "area": "信義區",
        "address": "忠孝東路4段569號地下1至5層",
        "summary": "大型車:0格，小型車:78格(含身心障礙停車位1格，孕婦、育有六歲以下兒童停車位1格)，機車:0格，充電格位:1格",
        "tel": "0918060696",
        "car": 78,
        "motor": 0,
        "charging": 0,
        "occupied_rate": -99,
        "data_time": "Sat May 02 00:00:00 CST 2026"
      }
    },
    {
      "type": "Feature",
      "geometry": {
        "type": "Point",
        "coordinates": [
          121.5551006,
          25.0270998
        ]
      },
      "properties": {
        "id": "TPE1181",
        "name": "基隆路停車場",
        "area": "大安區",
        "address": "基隆路2段168號旁空地",
        "summary": "大型車:0格，小型車:42格(含身心障礙停車位1格)，機車:0格",
        "tel": "2732-1156",
        "car": 42,
        "motor": 0,
        "charging": 0,
        "occupied_rate": -99,
        "data_time": "Sat May 02 00:00:00 CST 2026"
      }
    },
    {
      "type": "Feature",
      "geometry": {
        "type": "Point",
        "coordinates": [
          121.5059773,
          25.0379013
        ]
      },
      "properties": {
        "id": "TPE1182",
        "name": "家樂福桂林店停車場",
        "area": "萬華區",
        "address": "桂林路1號地下1及地上5至7層",
        "summary": "大型車:0格，小型車:195格(含身心障礙停車位4格，孕婦、育有六歲以下兒童停車位6格)，機車:179格(含身心障礙停車位4格)，充電格位:6格",
        "tel": "22461708",
        "car": 195,
        "motor": 179,
        "charging": 0,
        "occupied_rate": -99,
        "data_time": "Sat May 02 00:00:00 CST 2026"
      }
    },
    {
      "type": "Feature",
      "geometry": {
        "type": "Point",
        "coordinates": [
          121.6151216,
          25.0560691
        ]
      },
      "properties": {
        "id": "TPE1183",
        "name": "嘟嘟房南港展覽館2站停車場",
        "area": "南港區",
        "address": "經貿二路2號地下1至3層",
        "summary": "大型車:0格，小型車:1290格(含身心障礙停車位32格，孕婦、育有六歲以下兒童停車位25格)，機車:1136格(含身心障礙停車位24格)，充電格位:27格",
        "tel": "0226550818",
        "car": 1290,
        "motor": 1136,
        "charging": 0,
        "occupied_rate": -99,
        "data_time": "Sat May 02 00:00:00 CST 2026"
      }
    },
    {
      "type": "Feature",
      "geometry": {
        "type": "Point",
        "coordinates": [
          121.6043365,
          25.0855875
        ]
      },
      "properties": {
        "id": "TPE1184",
        "name": "成功路5段120巷臨時平面停車場",
        "area": "內湖區",
        "address": "成功路5段120巷內",
        "summary": "大型車:0格，小型車:24格(含身心障礙停車位1格)，機車:0格",
        "tel": "0227590666",
        "car": 24,
        "motor": 0,
        "charging": 0,
        "occupied_rate": -99,
        "data_time": "Sat May 02 00:00:00 CST 2026"
      }
    },
    {
      "type": "Feature",
      "geometry": {
        "type": "Point",
        "coordinates": [
          121.5764831,
          25.0536669
        ]
      },
      "properties": {
        "id": "TPE1185",
        "name": "Times 新明路第2",
        "area": "內湖區",
        "address": "新明路536巷與新明路498巷14弄交叉口",
        "summary": "大型車:0格，小型車:6格(含身心障礙停車位1格)，機車:0格",
        "tel": "0809008924",
        "car": 6,
        "motor": 0,
        "charging": 0,
        "occupied_rate": -99,
        "data_time": "Sat May 02 00:00:00 CST 2026"
      }
    },
    {
      "type": "Feature",
      "geometry": {
        "type": "Point",
        "coordinates": [
          121.5647135,
          25.0427002
        ]
      },
      "properties": {
        "id": "TPE1188",
        "name": "基隆路二場A區平面停車場",
        "area": "信義區",
        "address": "基隆路1段176巷1號旁",
        "summary": "大型車:0格，小型車:33格(含身心障礙停車位1格)，機車:0格",
        "tel": "26510865",
        "car": 33,
        "motor": 0,
        "charging": 0,
        "occupied_rate": -99,
        "data_time": "Sat May 02 00:00:00 CST 2026"
      }
    },
    {
      "type": "Feature",
      "geometry": {
        "type": "Point",
        "coordinates": [
          121.5215071,
          25.1182243
        ]
      },
      "properties": {
        "id": "TPE1189",
        "name": "國立臺北護理健康大學校本部停車場",
        "area": "北投區",
        "address": "明德路365號",
        "summary": "大型車:0格，小型車:20格(含身心障礙停車位2格，孕婦、育有六歲以下兒童停車位2格)，機車:0格",
        "tel": "(02)28227101",
        "car": 20,
        "motor": 0,
        "charging": 0,
        "occupied_rate": -99,
        "data_time": "Sat May 02 00:00:00 CST 2026"
      }
    },
    {
      "type": "Feature",
      "geometry": {
        "type": "Point",
        "coordinates": [
          121.5333116,
          25.0968784
        ]
      },
      "properties": {
        "id": "TPE1190",
        "name": "福林路大客車平面停車場",
        "area": "士林區",
        "address": "福林路中正路交叉口北側",
        "summary": "大型車:12格，小型車:0格，機車:0格",
        "tel": "0227590666",
        "car": 0,
        "motor": 0,
        "charging": 0,
        "occupied_rate": -99,
        "data_time": "Sat May 02 00:00:00 CST 2026"
      }
    },
    {
      "type": "Feature",
      "geometry": {
        "type": "Point",
        "coordinates": [
          121.5131406,
          25.0541566
        ]
      },
      "properties": {
        "id": "TPE1191",
        "name": "大圓環停車場",
        "area": "大同區",
        "address": "南京西路163號地下2層",
        "summary": "大型車:0格，小型車:21格(含身心障礙停車位1格)，機車:0格",
        "tel": "2556-3933",
        "car": 21,
        "motor": 0,
        "charging": 0,
        "occupied_rate": -99,
        "data_time": "Sat May 02 00:00:00 CST 2026"
      }
    },
    {
      "type": "Feature",
      "geometry": {
        "type": "Point",
        "coordinates": [
          121.6164976,
          25.0521475
        ]
      },
      "properties": {
        "id": "TPE1192",
        "name": "嘟嘟房南港全聯站停車場",
        "area": "南港區",
        "address": "研究院路1段99號地下4層",
        "summary": "大型車:0格，小型車:70格(含身心障礙停車位2格，孕婦、育有六歲以下兒童停車位1格)，機車:0格，充電格位:2格",
        "tel": "022655-0818",
        "car": 70,
        "motor": 0,
        "charging": 0,
        "occupied_rate": -99,
        "data_time": "Sat May 02 00:00:00 CST 2026"
      }
    },
    {
      "type": "Feature",
      "geometry": {
        "type": "Point",
        "coordinates": [
          121.6146353,
          25.0597794
        ]
      },
      "properties": {
        "id": "TPE1193",
        "name": "叭叭房南軟大樓停車場",
        "area": "南港區",
        "address": "經貿二路198號地下1至4層",
        "summary": "大型車:0格，小型車:137格(含身心障礙停車位3格)，機車:0格，充電格位:3格",
        "tel": "0925891898",
        "car": 137,
        "motor": 0,
        "charging": 0,
        "occupied_rate": -99,
        "data_time": "Sat May 02 00:00:00 CST 2026"
      }
    },
    {
      "type": "Feature",
      "geometry": {
        "type": "Point",
        "coordinates": [
          121.544485,
          25.039959
        ]
      },
      "properties": {
        "id": "TPE1194",
        "name": "萊客有限公司忠孝場",
        "area": "大安區",
        "address": "忠孝東路4段26巷與大安路1段116巷交叉口",
        "summary": "大型車:0格，小型車:7格(含身心障礙停車位1格)，機車:0格",
        "tel": "0905-111-507",
        "car": 7,
        "motor": 0,
        "charging": 0,
        "occupied_rate": -99,
        "data_time": "Sat May 02 00:00:00 CST 2026"
      }
    },
    {
      "type": "Feature",
      "geometry": {
        "type": "Point",
        "coordinates": [
          121.5440788,
          25.0144042
        ]
      },
      "properties": {
        "id": "TPE1195",
        "name": "臺大癌醫中心分院地下停車場",
        "area": "大安區",
        "address": "基隆路3段155巷57號地下1至3層",
        "summary": "大型車:0格，小型車:404格(含身心障礙停車位9格，孕婦、育有六歲以下兒童停車位10格)，機車:356格(含身心障礙停車位17格)，充電格位:8格",
        "tel": "2732-1156",
        "car": 404,
        "motor": 356,
        "charging": 0,
        "occupied_rate": -99,
        "data_time": "Sat May 02 00:00:00 CST 2026"
      }
    },
    {
      "type": "Feature",
      "geometry": {
        "type": "Point",
        "coordinates": [
          121.5871992,
          25.0664718
        ]
      },
      "properties": {
        "id": "TPE1196",
        "name": "湖元停車場",
        "area": "內湖區",
        "address": "民權東路6段136巷50號旁高架橋下",
        "summary": "大型車:0格，小型車:46格(含身心障礙停車位1格)，機車:0格",
        "tel": "0287927677",
        "car": 46,
        "motor": 0,
        "charging": 0,
        "occupied_rate": -99,
        "data_time": "Sat May 02 00:00:00 CST 2026"
      }
    },
    {
      "type": "Feature",
      "geometry": {
        "type": "Point",
        "coordinates": [
          121.5579266,
          25.0841826
        ]
      },
      "properties": {
        "id": "TPE1197",
        "name": "Times 植福路",
        "area": "中山區",
        "address": "北安路830號旁",
        "summary": "大型車:0格，小型車:56格(含身心障礙停車位2格)，機車:0格，充電格位:1格",
        "tel": "0809008924",
        "car": 56,
        "motor": 0,
        "charging": 0,
        "occupied_rate": -99,
        "data_time": "Sat May 02 00:00:00 CST 2026"
      }
    },
    {
      "type": "Feature",
      "geometry": {
        "type": "Point",
        "coordinates": [
          121.5705273,
          25.042432
        ]
      },
      "properties": {
        "id": "TPE1198",
        "name": "台北永吉路停車場",
        "area": "信義區",
        "address": "永吉路120巷83號虎林街120巷交叉口",
        "summary": "大型車:0格，小型車:40格(含身心障礙停車位1格)，機車:0格",
        "tel": "0225185299",
        "car": 40,
        "motor": 0,
        "charging": 0,
        "occupied_rate": -99,
        "data_time": "Sat May 02 00:00:00 CST 2026"
      }
    },
    {
      "type": "Feature",
      "geometry": {
        "type": "Point",
        "coordinates": [
          121.546441,
          25.0356973
        ]
      },
      "properties": {
        "id": "TPE1199",
        "name": "168停車聯盟-助安四維場",
        "area": "大安區",
        "address": "四維路44巷25弄旁空地",
        "summary": "大型車:0格，小型車:6格(含身心障礙停車位1格)，機車:0格",
        "tel": "27546661",
        "car": 6,
        "motor": 0,
        "charging": 0,
        "occupied_rate": -99,
        "data_time": "Sat May 02 00:00:00 CST 2026"
      }
    },
    {
      "type": "Feature",
      "geometry": {
        "type": "Point",
        "coordinates": [
          121.5438554,
          25.0638856
        ]
      },
      "properties": {
        "id": "TPE1200",
        "name": "百里亭股份有限公司復興北場",
        "area": "中山區",
        "address": "民權東路3段75巷17號旁空地",
        "summary": "大型車:0格，小型車:17格(含身心障礙停車位1格)，機車:0格",
        "tel": "7715-3105#688",
        "car": 17,
        "motor": 0,
        "charging": 0,
        "occupied_rate": -99,
        "data_time": "Sat May 02 00:00:00 CST 2026"
      }
    },
    {
      "type": "Feature",
      "geometry": {
        "type": "Point",
        "coordinates": [
          121.5239744,
          25.0304516
        ]
      },
      "properties": {
        "id": "TPE1201",
        "name": "根基168金華停車場",
        "area": "大安區",
        "address": "金華街與潮州街55巷交叉口空地",
        "summary": "大型車:0格，小型車:36格(含身心障礙停車位1格)，機車:0格",
        "tel": "27546661",
        "car": 36,
        "motor": 0,
        "charging": 0,
        "occupied_rate": -99,
        "data_time": "Sat May 02 00:00:00 CST 2026"
      }
    },
    {
      "type": "Feature",
      "geometry": {
        "type": "Point",
        "coordinates": [
          121.508596,
          25.0358926
        ]
      },
      "properties": {
        "id": "TPE1202",
        "name": "和雲台北廣州街停車場",
        "area": "中正區",
        "address": "廣州街15號旁空地",
        "summary": "大型車:0格，小型車:40格(含身心障礙停車位1格)，機車:0格",
        "tel": "2504-6290",
        "car": 40,
        "motor": 0,
        "charging": 0,
        "occupied_rate": -99,
        "data_time": "Sat May 02 00:00:00 CST 2026"
      }
    },
    {
      "type": "Feature",
      "geometry": {
        "type": "Point",
        "coordinates": [
          121.5450221,
          25.038508
        ]
      },
      "properties": {
        "id": "TPE1204",
        "name": "鴻霖停車場2",
        "area": "大安區",
        "address": "仁愛路4段25號後方空地",
        "summary": "大型車:0格，小型車:10格(含身心障礙停車位1格)，機車:0格",
        "tel": "0935097797",
        "car": 10,
        "motor": 0,
        "charging": 0,
        "occupied_rate": -99,
        "data_time": "Sat May 02 00:00:00 CST 2026"
      }
    },
    {
      "type": "Feature",
      "geometry": {
        "type": "Point",
        "coordinates": [
          121.5286603,
          25.0367705
        ]
      },
      "properties": {
        "id": "TPE1205",
        "name": "臨沂街臨時平面停車場（二）",
        "area": "中正區",
        "address": "金山南路1段79巷、臨沂街口",
        "summary": "大型車:0格，小型車:9格(含身心障礙停車位1格)，機車:0格",
        "tel": "27590666",
        "car": 9,
        "motor": 0,
        "charging": 0,
        "occupied_rate": -99,
        "data_time": "Sat May 02 00:00:00 CST 2026"
      }
    },
    {
      "type": "Feature",
      "geometry": {
        "type": "Point",
        "coordinates": [
          121.5362526,
          25.0572889
        ]
      },
      "properties": {
        "id": "TPE1206",
        "name": "臺北市立大同高級中學附設停車場",
        "area": "中山區",
        "address": "建國北路2段96巷及建國北路2段96巷2弄巷弄口",
        "summary": "大型車:0格，小型車:100格(含身心障礙停車位2格，孕婦、育有六歲以下兒童停車位2格)，機車:0格，充電格位:2格",
        "tel": "0225235000",
        "car": 100,
        "motor": 0,
        "charging": 0,
        "occupied_rate": -99,
        "data_time": "Sat May 02 00:00:00 CST 2026"
      }
    },
    {
      "type": "Feature",
      "geometry": {
        "type": "Point",
        "coordinates": [
          121.5830971,
          25.0640888
        ]
      },
      "properties": {
        "id": "TPE1207",
        "name": "嘟嘟房內湖新湖站停車場",
        "area": "內湖區",
        "address": "新湖2路295巷與行愛路77巷口",
        "summary": "大型車:0格，小型車:35格(含身心障礙停車位1格)，機車:0格",
        "tel": "26550818",
        "car": 35,
        "motor": 0,
        "charging": 0,
        "occupied_rate": -99,
        "data_time": "Sat May 02 00:00:00 CST 2026"
      }
    },
    {
      "type": "Feature",
      "geometry": {
        "type": "Point",
        "coordinates": [
          121.5063802,
          25.0365457
        ]
      },
      "properties": {
        "id": "TPE1209",
        "name": "中華路一段停車場",
        "area": "萬華區",
        "address": "廣州街與中華路1段交叉口",
        "summary": "大型車:0格，小型車:14格(含身心障礙停車位1格)，機車:0格",
        "tel": "02-22702916",
        "car": 14,
        "motor": 0,
        "charging": 0,
        "occupied_rate": -99,
        "data_time": "Sat May 02 00:00:00 CST 2026"
      }
    },
    {
      "type": "Feature",
      "geometry": {
        "type": "Point",
        "coordinates": [
          121.5496218,
          25.0622145
        ]
      },
      "properties": {
        "id": "TPE1210",
        "name": "USPACE 民族東場",
        "area": "松山區",
        "address": "民族東路750號旁空地",
        "summary": "大型車:0格，小型車:2格(含身心障礙停車位1格)，機車:0格",
        "tel": "0277518097",
        "car": 2,
        "motor": 0,
        "charging": 0,
        "occupied_rate": -99,
        "data_time": "Sat May 02 00:00:00 CST 2026"
      }
    },
    {
      "type": "Feature",
      "geometry": {
        "type": "Point",
        "coordinates": [
          121.5539895,
          25.0396981
        ]
      },
      "properties": {
        "id": "TPE1211",
        "name": "USPACE忠孝東路216場",
        "area": "大安區",
        "address": "忠孝東路4段248巷與延吉街138巷交叉路口",
        "summary": "大型車:0格，小型車:6格，機車:0格",
        "tel": "0933223591",
        "car": 6,
        "motor": 0,
        "charging": 0,
        "occupied_rate": -99,
        "data_time": "Sat May 02 00:00:00 CST 2026"
      }
    },
    {
      "type": "Feature",
      "geometry": {
        "type": "Point",
        "coordinates": [
          121.502611,
          25.0276296
        ]
      },
      "properties": {
        "id": "TPE1212",
        "name": "多多站收費停車場(中華站)",
        "area": "萬華區",
        "address": "雙和街36號旁空地",
        "summary": "大型車:0格，小型車:40格(含身心障礙停車位1格)，機車:0格",
        "tel": "02-2270-2916#306",
        "car": 40,
        "motor": 0,
        "charging": 0,
        "occupied_rate": -99,
        "data_time": "Sat May 02 00:00:00 CST 2026"
      }
    },
    {
      "type": "Feature",
      "geometry": {
        "type": "Point",
        "coordinates": [
          121.5407092,
          25.0571464
        ]
      },
      "properties": {
        "id": "TPE1213",
        "name": "宸亭有限公司龍江停車場",
        "area": "中山區",
        "address": "龍江路227號",
        "summary": "大型車:0格，小型車:24格(含身心障礙停車位1格)，機車:0格",
        "tel": "0933-204-317",
        "car": 24,
        "motor": 0,
        "charging": 0,
        "occupied_rate": -99,
        "data_time": "Sat May 02 00:00:00 CST 2026"
      }
    },
    {
      "type": "Feature",
      "geometry": {
        "type": "Point",
        "coordinates": [
          121.5489061,
          25.0588294
        ]
      },
      "properties": {
        "id": "TPE1214",
        "name": "Times敦化北路第2",
        "area": "松山區",
        "address": "敦化北路226號旁空地",
        "summary": "大型車:0格，小型車:20格(含身心障礙停車位1格)，機車:0格",
        "tel": "0225046098",
        "car": 20,
        "motor": 0,
        "charging": 0,
        "occupied_rate": -99,
        "data_time": "Sat May 02 00:00:00 CST 2026"
      }
    },
    {
      "type": "Feature",
      "geometry": {
        "type": "Point",
        "coordinates": [
          121.4986297,
          25.1461137
        ]
      },
      "properties": {
        "id": "TPE1215",
        "name": "秀山國小臨時平面停車場",
        "area": "北投區",
        "address": "中和街錫安巷",
        "summary": "大型車:0格，小型車:19格(含身心障礙停車位1格)，機車:0格",
        "tel": "0227590666",
        "car": 19,
        "motor": 0,
        "charging": 0,
        "occupied_rate": -99,
        "data_time": "Sat May 02 00:00:00 CST 2026"
      }
    },
    {
      "type": "Feature",
      "geometry": {
        "type": "Point",
        "coordinates": [
          121.5193669,
          25.0599874
        ]
      },
      "properties": {
        "id": "TPE1216",
        "name": "168停車聯盟-雙連三場",
        "area": "大同區",
        "address": "錦西街72巷10號旁左側空地",
        "summary": "大型車:0格，小型車:1格(含身心障礙停車位1格)，機車:0格",
        "tel": "0227546661",
        "car": 1,
        "motor": 0,
        "charging": 0,
        "occupied_rate": -99,
        "data_time": "Sat May 02 00:00:00 CST 2026"
      }
    },
    {
      "type": "Feature",
      "geometry": {
        "type": "Point",
        "coordinates": [
          121.5196842,
          25.0600269
        ]
      },
      "properties": {
        "id": "TPE1217",
        "name": "168停車聯盟-雙連一場",
        "area": "大同區",
        "address": "錦西街72巷3號旁空地",
        "summary": "大型車:0格，小型車:6格(含身心障礙停車位1格)，機車:0格",
        "tel": "0227546661",
        "car": 6,
        "motor": 0,
        "charging": 0,
        "occupied_rate": -99,
        "data_time": "Sat May 02 00:00:00 CST 2026"
      }
    },
    {
      "type": "Feature",
      "geometry": {
        "type": "Point",
        "coordinates": [
          121.5194532,
          25.0600368
        ]
      },
      "properties": {
        "id": "TPE1218",
        "name": "168停車聯盟-雙連二場",
        "area": "大同區",
        "address": "錦西街72巷3號左側空地",
        "summary": "大型車:0格，小型車:1格(含身心障礙停車位1格)，機車:0格",
        "tel": "0227546661",
        "car": 1,
        "motor": 0,
        "charging": 0,
        "occupied_rate": -99,
        "data_time": "Sat May 02 00:00:00 CST 2026"
      }
    },
    {
      "type": "Feature",
      "geometry": {
        "type": "Point",
        "coordinates": [
          121.5141118,
          25.0583129
        ]
      },
      "properties": {
        "id": "TPE1219",
        "name": "歸綏停車場",
        "area": "大同區",
        "address": "歸綏街167號旁空地",
        "summary": "大型車:0格，小型車:3格(含身心障礙停車位1格)，機車:0格",
        "tel": "0277153105",
        "car": 3,
        "motor": 0,
        "charging": 0,
        "occupied_rate": -99,
        "data_time": "Sat May 02 00:00:00 CST 2026"
      }
    },
    {
      "type": "Feature",
      "geometry": {
        "type": "Point",
        "coordinates": [
          121.5134818,
          25.0247509
        ]
      },
      "properties": {
        "id": "TPE1220",
        "name": "嘟嘟房詔安站停車場",
        "area": "中正區",
        "address": "詔安街50巷2弄16號旁空地",
        "summary": "大型車:0格，小型車:3格(含身心障礙停車位1格)，機車:0格",
        "tel": "2655-0818",
        "car": 3,
        "motor": 0,
        "charging": 0,
        "occupied_rate": -99,
        "data_time": "Sat May 02 00:00:00 CST 2026"
      }
    },
    {
      "type": "Feature",
      "geometry": {
        "type": "Point",
        "coordinates": [
          121.6006372,
          25.0547178
        ]
      },
      "properties": {
        "id": "TPE1221",
        "name": "南港東明街停車場",
        "area": "南港區",
        "address": "東明街99號旁空地",
        "summary": "大型車:0格，小型車:8格(含身心障礙停車位1格)，機車:0格",
        "tel": "25683773",
        "car": 8,
        "motor": 0,
        "charging": 0,
        "occupied_rate": -99,
        "data_time": "Sat May 02 00:00:00 CST 2026"
      }
    },
    {
      "type": "Feature",
      "geometry": {
        "type": "Point",
        "coordinates": [
          121.5419955,
          25.0506573
        ]
      },
      "properties": {
        "id": "TPE1223",
        "name": "遼寧街62巷停車場",
        "area": "中山區",
        "address": "遼寧街62巷3號旁",
        "summary": "大型車:0格，小型車:6格(含身心障礙停車位1格)，機車:0格",
        "tel": "02-22702916",
        "car": 6,
        "motor": 0,
        "charging": 0,
        "occupied_rate": -99,
        "data_time": "Sat May 02 00:00:00 CST 2026"
      }
    },
    {
      "type": "Feature",
      "geometry": {
        "type": "Point",
        "coordinates": [
          121.5687801,
          25.0386198
        ]
      },
      "properties": {
        "id": "TPE1224",
        "name": "全豐盛信義105停車場",
        "area": "信義區",
        "address": "松仁路105號地下3層",
        "summary": "大型車:0格，小型車:41格(含身心障礙停車位1格)，機車:0格",
        "tel": "",
        "car": 41,
        "motor": 0,
        "charging": 0,
        "occupied_rate": -99,
        "data_time": "Sat May 02 00:00:00 CST 2026"
      }
    },
    {
      "type": "Feature",
      "geometry": {
        "type": "Point",
        "coordinates": [
          121.5076938,
          25.0327765
        ]
      },
      "properties": {
        "id": "TPE1227",
        "name": "臺北市中正區社會福利綜合大樓附設停車場",
        "area": "中正區",
        "address": "延平南路207號地下1至2層",
        "summary": "大型車:0格，小型車:35格(含身心障礙停車位8格，孕婦、育有六歲以下兒童停車位1格)，機車:57格(含身心障礙停車位6格)，充電格位:1格",
        "tel": "2381-0267",
        "car": 35,
        "motor": 57,
        "charging": 0,
        "occupied_rate": -99,
        "data_time": "Sat May 02 00:00:00 CST 2026"
      }
    },
    {
      "type": "Feature",
      "geometry": {
        "type": "Point",
        "coordinates": [
          121.5406511,
          25.0573813
        ]
      },
      "properties": {
        "id": "TPE1228",
        "name": "台北龍江停車場",
        "area": "中山區",
        "address": "龍江路229巷3號旁",
        "summary": "大型車:0格，小型車:36格(含身心障礙停車位1格)，機車:0格，充電格位:1格",
        "tel": "8985-5627",
        "car": 36,
        "motor": 0,
        "charging": 0,
        "occupied_rate": -99,
        "data_time": "Sat May 02 00:00:00 CST 2026"
      }
    },
    {
      "type": "Feature",
      "geometry": {
        "type": "Point",
        "coordinates": [
          121.5210464,
          25.0503463
        ]
      },
      "properties": {
        "id": "TPE1229",
        "name": "驛東交停企業有限公司台北中山場停車場",
        "area": "中山區",
        "address": "長安西路3號地下2層",
        "summary": "大型車:0格，小型車:35格(含身心障礙停車位1格)，機車:174格(含身心障礙停車位4格)",
        "tel": "2362-1685",
        "car": 35,
        "motor": 174,
        "charging": 0,
        "occupied_rate": -99,
        "data_time": "Sat May 02 00:00:00 CST 2026"
      }
    },
    {
      "type": "Feature",
      "geometry": {
        "type": "Point",
        "coordinates": [
          121.5266793,
          25.0427925
        ]
      },
      "properties": {
        "id": "TPE1230",
        "name": "台灣聯通醒吾停車場",
        "area": "中正區",
        "address": "杭州南路1段15之1號地下2層",
        "summary": "大型車:0格，小型車:23格(含身心障礙停車位1格)，機車:0格",
        "tel": "25235000",
        "car": 23,
        "motor": 0,
        "charging": 0,
        "occupied_rate": -99,
        "data_time": "Sat May 02 00:00:00 CST 2026"
      }
    },
    {
      "type": "Feature",
      "geometry": {
        "type": "Point",
        "coordinates": [
          121.5201067,
          25.0492391
        ]
      },
      "properties": {
        "id": "TPE1232",
        "name": "華陰場",
        "area": "中山區",
        "address": "華陰街19號旁空地",
        "summary": "大型車:0格，小型車:0格，機車:22格(含身心障礙停車位1格)",
        "tel": "77153105",
        "car": 0,
        "motor": 22,
        "charging": 0,
        "occupied_rate": -99,
        "data_time": "Sat May 02 00:00:00 CST 2026"
      }
    },
    {
      "type": "Feature",
      "geometry": {
        "type": "Point",
        "coordinates": [
          121.5108001,
          25.0517113
        ]
      },
      "properties": {
        "id": "TPE1233",
        "name": "台北塔城場",
        "area": "大同區",
        "address": "塔城街13號旁",
        "summary": "大型車:0格，小型車:49格(含身心障礙停車位1格)，機車:0格，充電格位:2格",
        "tel": "02-27327837",
        "car": 49,
        "motor": 0,
        "charging": 0,
        "occupied_rate": -99,
        "data_time": "Sat May 02 00:00:00 CST 2026"
      }
    },
    {
      "type": "Feature",
      "geometry": {
        "type": "Point",
        "coordinates": [
          121.559958,
          25.0829719
        ]
      },
      "properties": {
        "id": "TPE1236",
        "name": "春大直商場英迪格酒店停車場",
        "area": "中山區",
        "address": "植福路200號地下2至4層",
        "summary": "大型車:0格，小型車:217格(含身心障礙停車位5格)，機車:0格，充電格位:5格",
        "tel": "85027209",
        "car": 217,
        "motor": 0,
        "charging": 0,
        "occupied_rate": -99,
        "data_time": "Sat May 02 00:00:00 CST 2026"
      }
    },
    {
      "type": "Feature",
      "geometry": {
        "type": "Point",
        "coordinates": [
          121.5515017,
          25.0526152
        ]
      },
      "properties": {
        "id": "TPE1237",
        "name": "南京東路停車場",
        "area": "松山區",
        "address": "南京東路4段53巷8弄巷口空地",
        "summary": "大型車:0格，小型車:48格(含身心障礙停車位1格)，機車:0格",
        "tel": "2778-5756 #24",
        "car": 48,
        "motor": 0,
        "charging": 0,
        "occupied_rate": -99,
        "data_time": "Sat May 02 00:00:00 CST 2026"
      }
    },
    {
      "type": "Feature",
      "geometry": {
        "type": "Point",
        "coordinates": [
          121.5679421,
          25.0369325
        ]
      },
      "properties": {
        "id": "TPE1238",
        "name": "遠東百貨信義分公司",
        "area": "信義區",
        "address": "松仁路58號",
        "summary": "大型車:0格，小型車:293格(含身心障礙停車位6格，孕婦、育有六歲以下兒童停車位6格)，機車:362格(含身心障礙停車位11格)，充電格位:7格",
        "tel": "022488958",
        "car": 293,
        "motor": 362,
        "charging": 0,
        "occupied_rate": -99,
        "data_time": "Sat May 02 00:00:00 CST 2026"
      }
    },
    {
      "type": "Feature",
      "geometry": {
        "type": "Point",
        "coordinates": [
          121.511756,
          25.0635145
        ]
      },
      "properties": {
        "id": "TPE1239",
        "name": "嘟嘟房捷運大橋頭站停車場",
        "area": "大同區",
        "address": "延平北路3段與民權西路口地下1層",
        "summary": "大型車:0格，小型車:0格，機車:65格(含身心障礙停車位2格)",
        "tel": "2655-0818",
        "car": 0,
        "motor": 65,
        "charging": 0,
        "occupied_rate": -99,
        "data_time": "Sat May 02 00:00:00 CST 2026"
      }
    },
    {
      "type": "Feature",
      "geometry": {
        "type": "Point",
        "coordinates": [
          121.5244529,
          25.0494112
        ]
      },
      "properties": {
        "id": "TPE1240",
        "name": "長安林森停車場",
        "area": "中山區",
        "address": "長安東路1段與林森北路口旁空地",
        "summary": "大型車:0格，小型車:12格(含身心障礙停車位1格)，機車:0格",
        "tel": "2557-3722",
        "car": 12,
        "motor": 0,
        "charging": 0,
        "occupied_rate": -99,
        "data_time": "Sat May 02 00:00:00 CST 2026"
      }
    },
    {
      "type": "Feature",
      "geometry": {
        "type": "Point",
        "coordinates": [
          121.5280843,
          25.0438664
        ]
      },
      "properties": {
        "id": "TPE1241",
        "name": "華園社區守望相助停車場",
        "area": "中正區",
        "address": "忠孝東路2段37號旁",
        "summary": "大型車:0格，小型車:0格，機車:2格(含身心障礙停車位1格)",
        "tel": "23457755",
        "car": 0,
        "motor": 2,
        "charging": 0,
        "occupied_rate": -99,
        "data_time": "Sat May 02 00:00:00 CST 2026"
      }
    },
    {
      "type": "Feature",
      "geometry": {
        "type": "Point",
        "coordinates": [
          121.5729063,
          25.0639456
        ]
      },
      "properties": {
        "id": "TPE1242",
        "name": "長揚停車場花市站",
        "area": "內湖區",
        "address": "堤頂大道1段351至365號地下2至3層",
        "summary": "大型車:0格，小型車:216格(含身心障礙停車位5格)，機車:0格，充電格位:2格",
        "tel": "0980140159",
        "car": 216,
        "motor": 0,
        "charging": 0,
        "occupied_rate": -99,
        "data_time": "Sat May 02 00:00:00 CST 2026"
      }
    },
    {
      "type": "Feature",
      "geometry": {
        "type": "Point",
        "coordinates": [
          121.5586785,
          25.0265244
        ]
      },
      "properties": {
        "id": "TPE1243",
        "name": "景勤二號公園地下停車場",
        "area": "信義區",
        "address": "信安街49號地下室(地下共2層)",
        "summary": "大型車:0格，小型車:219格(含身心障礙停車位5格，孕婦、育有六歲以下兒童停車位5格)，機車:102格(含身心障礙停車位3格)，充電格位:5格",
        "tel": "2944-1489",
        "car": 219,
        "motor": 102,
        "charging": 0,
        "occupied_rate": -99,
        "data_time": "Sat May 02 00:00:00 CST 2026"
      }
    },
    {
      "type": "Feature",
      "geometry": {
        "type": "Point",
        "coordinates": [
          121.5785651,
          25.0641787
        ]
      },
      "properties": {
        "id": "TPE1244",
        "name": "台灣聯通新湖三停車場",
        "area": "內湖區",
        "address": "新湖三路125號旁空地",
        "summary": "大型車:0格，小型車:30格(含身心障礙停車位1格)，機車:0格",
        "tel": "0225235000",
        "car": 30,
        "motor": 0,
        "charging": 0,
        "occupied_rate": -99,
        "data_time": "Sat May 02 00:00:00 CST 2026"
      }
    },
    {
      "type": "Feature",
      "geometry": {
        "type": "Point",
        "coordinates": [
          121.4945857,
          25.0157733
        ]
      },
      "properties": {
        "id": "TPE1245",
        "name": "華中橋西側棒壘球停車場",
        "area": "萬華區",
        "address": "華中橋堤外",
        "summary": "大型車:40格，小型車:135格(含身心障礙停車位2格，孕婦、育有六歲以下兒童停車位2格)，機車:49格(含身心障礙停車位1格)",
        "tel": "0905362212",
        "car": 135,
        "motor": 49,
        "charging": 0,
        "occupied_rate": -99,
        "data_time": "Sat May 02 00:00:00 CST 2026"
      }
    },
    {
      "type": "Feature",
      "geometry": {
        "type": "Point",
        "coordinates": [
          121.5918762,
          25.0605693
        ]
      },
      "properties": {
        "id": "TPE1246",
        "name": "內湖安康停車場",
        "area": "內湖區",
        "address": "成功路2段安康路交叉口",
        "summary": "大型車:0格，小型車:48格(含身心障礙停車位1格)，機車:0格",
        "tel": "032715600",
        "car": 48,
        "motor": 0,
        "charging": 0,
        "occupied_rate": -99,
        "data_time": "Sat May 02 00:00:00 CST 2026"
      }
    },
    {
      "type": "Feature",
      "geometry": {
        "type": "Point",
        "coordinates": [
          121.5753613,
          25.0597788
        ]
      },
      "properties": {
        "id": "TPE1250",
        "name": "168停車聯盟-民善場",
        "area": "內湖區",
        "address": "民善街76號旁空地",
        "summary": "大型車:0格，小型車:49格(含身心障礙停車位1格)，機車:0格",
        "tel": "0227546661",
        "car": 49,
        "motor": 0,
        "charging": 0,
        "occupied_rate": -99,
        "data_time": "Sat May 02 00:00:00 CST 2026"
      }
    },
    {
      "type": "Feature",
      "geometry": {
        "type": "Point",
        "coordinates": [
          121.5433418,
          25.0455335
        ]
      },
      "properties": {
        "id": "TPE1251",
        "name": "168停車聯盟-承德三場",
        "area": "大同區",
        "address": "民權西路160巷26弄12號旁空地",
        "summary": "大型車:0格，小型車:49格(含身心障礙停車位1格)，機車:0格",
        "tel": "0227546661",
        "car": 49,
        "motor": 0,
        "charging": 0,
        "occupied_rate": -99,
        "data_time": "Sat May 02 00:00:00 CST 2026"
      }
    },
    {
      "type": "Feature",
      "geometry": {
        "type": "Point",
        "coordinates": [
          121.4927413,
          25.0347904
        ]
      },
      "properties": {
        "id": "TPE1254",
        "name": "Times和平西路三段",
        "area": "萬華區",
        "address": "環河南路2段196號後面",
        "summary": "大型車:0格，小型車:6格(含身心障礙停車位1格)，機車:0格",
        "tel": "0809008924",
        "car": 6,
        "motor": 0,
        "charging": 0,
        "occupied_rate": -99,
        "data_time": "Sat May 02 00:00:00 CST 2026"
      }
    },
    {
      "type": "Feature",
      "geometry": {
        "type": "Point",
        "coordinates": [
          121.492972,
          25.0345459
        ]
      },
      "properties": {
        "id": "TPE1255",
        "name": "Times和平西路三段第2",
        "area": "萬華區",
        "address": "環河南路2段196號後面",
        "summary": "大型車:0格，小型車:6格(含身心障礙停車位1格)，機車:0格",
        "tel": "0809008924",
        "car": 6,
        "motor": 0,
        "charging": 0,
        "occupied_rate": -99,
        "data_time": "Sat May 02 00:00:00 CST 2026"
      }
    },
    {
      "type": "Feature",
      "geometry": {
        "type": "Point",
        "coordinates": [
          121.5142651,
          25.0749872
        ]
      },
      "properties": {
        "id": "TPE1258",
        "name": "臺北市大龍新城地下停車場",
        "area": "大同區",
        "address": "重慶北路3段347號地下1至4層",
        "summary": "大型車:0格，小型車:198格(含身心障礙停車位12格，孕婦、育有六歲以下兒童停車位5格)，機車:201格(含身心障礙停車位9格)，充電格位:4格",
        "tel": "022265-1151",
        "car": 198,
        "motor": 201,
        "charging": 0,
        "occupied_rate": -99,
        "data_time": "Sat May 02 00:00:00 CST 2026"
      }
    },
    {
      "type": "Feature",
      "geometry": {
        "type": "Point",
        "coordinates": [
          121.5904799,
          25.0513256
        ]
      },
      "properties": {
        "id": "TPE1259",
        "name": "新新公園平面停車場",
        "area": "南港區",
        "address": "南港路3段47巷與市民大道7段交叉口",
        "summary": "大型車:0格，小型車:10格(含身心障礙停車位2格)，機車:0格，大型重機:1格",
        "tel": "0227590666",
        "car": 10,
        "motor": 0,
        "charging": 0,
        "occupied_rate": -99,
        "data_time": "Sat May 02 00:00:00 CST 2026"
      }
    },
    {
      "type": "Feature",
      "geometry": {
        "type": "Point",
        "coordinates": [
          121.5810779,
          25.033266
        ]
      },
      "properties": {
        "id": "TPE1260",
        "name": "永春陂濕地公園平面停車場",
        "area": "信義區",
        "address": "松山路657號對面",
        "summary": "大型車:0格，小型車:12格(含身心障礙停車位2格)，機車:0格",
        "tel": "0227590666",
        "car": 12,
        "motor": 0,
        "charging": 0,
        "occupied_rate": -99,
        "data_time": "Sat May 02 00:00:00 CST 2026"
      }
    },
    {
      "type": "Feature",
      "geometry": {
        "type": "Point",
        "coordinates": [
          121.577973,
          24.9885169
        ]
      },
      "properties": {
        "id": "TPE1261",
        "name": "達賢圖書館收費停車場",
        "area": "文山區",
        "address": "萬壽路36號",
        "summary": "大型車:0格，小型車:24格(含身心障礙停車位1格，孕婦、育有六歲以下兒童停車位1格)，機車:570格(含身心障礙停車位12格)",
        "tel": "2939-3091",
        "car": 24,
        "motor": 570,
        "charging": 0,
        "occupied_rate": -99,
        "data_time": "Sat May 02 00:00:00 CST 2026"
      }
    },
    {
      "type": "Feature",
      "geometry": {
        "type": "Point",
        "coordinates": [
          121.5942867,
          25.0849893
        ]
      },
      "properties": {
        "id": "TPE1262",
        "name": "詮營內湖金龍停車場",
        "area": "內湖區",
        "address": "金龍路31號旁",
        "summary": "大型車:0格，小型車:25格(含身心障礙停車位1格)，機車:0格",
        "tel": "0227918686",
        "car": 25,
        "motor": 0,
        "charging": 0,
        "occupied_rate": -99,
        "data_time": "Sat May 02 00:00:00 CST 2026"
      }
    },
    {
      "type": "Feature",
      "geometry": {
        "type": "Point",
        "coordinates": [
          121.5873634,
          25.0652366
        ]
      },
      "properties": {
        "id": "TPE1263",
        "name": "台灣聯通潭美停車場",
        "area": "內湖區",
        "address": "金豐街70號和康捷境大樓旁空地",
        "summary": "大型車:0格，小型車:49格(含身心障礙停車位1格)，機車:0格",
        "tel": "0225235000",
        "car": 49,
        "motor": 0,
        "charging": 0,
        "occupied_rate": -99,
        "data_time": "Sat May 02 00:00:00 CST 2026"
      }
    },
    {
      "type": "Feature",
      "geometry": {
        "type": "Point",
        "coordinates": [
          121.5422917,
          24.9916283
        ]
      },
      "properties": {
        "id": "TPE1264",
        "name": "景美集應廟站停車場",
        "area": "文山區",
        "address": "景後街130號地下1至3層",
        "summary": "大型車:0格，小型車:50格(含身心障礙停車位2格)，機車:0格",
        "tel": "0800208333",
        "car": 50,
        "motor": 0,
        "charging": 0,
        "occupied_rate": -99,
        "data_time": "Sat May 02 00:00:00 CST 2026"
      }
    },
    {
      "type": "Feature",
      "geometry": {
        "type": "Point",
        "coordinates": [
          121.5754299,
          25.0303381
        ]
      },
      "properties": {
        "id": "TPE1265",
        "name": "臺北市立聯合醫院-松德院區停車場",
        "area": "信義區",
        "address": "松德路309號",
        "summary": "大型車:0格，小型車:31格(含身心障礙停車位1格，孕婦、育有六歲以下兒童停車位1格)，機車:0格，充電格位:1格",
        "tel": "",
        "car": 31,
        "motor": 0,
        "charging": 0,
        "occupied_rate": -99,
        "data_time": "Sat May 02 00:00:00 CST 2026"
      }
    },
    {
      "type": "Feature",
      "geometry": {
        "type": "Point",
        "coordinates": [
          121.4727512,
          25.1256328
        ]
      },
      "properties": {
        "id": "TPE1266",
        "name": "沃瑪停車場立德站",
        "area": "北投區",
        "address": "立功街153號旁空地",
        "summary": "大型車:0格，小型車:49格(含身心障礙停車位1格)，機車:0格",
        "tel": "0228919113",
        "car": 49,
        "motor": 0,
        "charging": 0,
        "occupied_rate": -99,
        "data_time": "Sat May 02 00:00:00 CST 2026"
      }
    },
    {
      "type": "Feature",
      "geometry": {
        "type": "Point",
        "coordinates": [
          121.49138,
          25.0269404
        ]
      },
      "properties": {
        "id": "TPE1267",
        "name": "168停車聯盟-西園國宅場",
        "area": "萬華區",
        "address": "西園路2段320巷36弄1-49號地下層",
        "summary": "大型車:0格，小型車:43格(含身心障礙停車位1格)，機車:0格，充電格位:1格",
        "tel": "27546661#18",
        "car": 43,
        "motor": 0,
        "charging": 0,
        "occupied_rate": -99,
        "data_time": "Sat May 02 00:00:00 CST 2026"
      }
    },
    {
      "type": "Feature",
      "geometry": {
        "type": "Point",
        "coordinates": [
          121.5204177,
          25.0244288
        ]
      },
      "properties": {
        "id": "TPE1268",
        "name": "嘟嘟房廈門站停車場",
        "area": "中正區",
        "address": "廈門街81巷57號",
        "summary": "大型車:0格，小型車:7格(含身心障礙停車位1格)，機車:0格",
        "tel": "2655-0818",
        "car": 7,
        "motor": 0,
        "charging": 0,
        "occupied_rate": -99,
        "data_time": "Sat May 02 00:00:00 CST 2026"
      }
    },
    {
      "type": "Feature",
      "geometry": {
        "type": "Point",
        "coordinates": [
          121.5206195,
          25.0244101
        ]
      },
      "properties": {
        "id": "TPE1269",
        "name": "嘟嘟房廈門1站停車場",
        "area": "中正區",
        "address": "廈門街81巷61號",
        "summary": "大型車:0格，小型車:7格(含身心障礙停車位1格)，機車:0格",
        "tel": "2655-0818",
        "car": 7,
        "motor": 0,
        "charging": 0,
        "occupied_rate": -99,
        "data_time": "Sat May 02 00:00:00 CST 2026"
      }
    },
    {
      "type": "Feature",
      "geometry": {
        "type": "Point",
        "coordinates": [
          121.5226468,
          25.0914635
        ]
      },
      "properties": {
        "id": "TPE1270",
        "name": "陽光士林669-12停車場",
        "area": "士林區",
        "address": "福德路31號與基河路251巷交叉口",
        "summary": "大型車:0格，小型車:49格(含身心障礙停車位1格)，機車:0格",
        "tel": "(02)28811111",
        "car": 49,
        "motor": 0,
        "charging": 0,
        "occupied_rate": -99,
        "data_time": "Sat May 02 00:00:00 CST 2026"
      }
    },
    {
      "type": "Feature",
      "geometry": {
        "type": "Point",
        "coordinates": [
          121.5428051,
          25.0540353
        ]
      },
      "properties": {
        "id": "TPE1271",
        "name": "遼寧街199巷17號臨時機車停車場",
        "area": "中山區",
        "address": "遼寧街199巷17號",
        "summary": "大型車:0格，小型車:0格，機車:42格(含身心障礙停車位2格)",
        "tel": "2759-0666",
        "car": 0,
        "motor": 42,
        "charging": 0,
        "occupied_rate": -99,
        "data_time": "Sat May 02 00:00:00 CST 2026"
      }
    },
    {
      "type": "Feature",
      "geometry": {
        "type": "Point",
        "coordinates": [
          121.5427267,
          25.0535459
        ]
      },
      "properties": {
        "id": "TPE1272",
        "name": "遼寧街185巷7弄機車平面停車場",
        "area": "中山區",
        "address": "遼寧街185巷7弄",
        "summary": "大型車:0格，小型車:0格，機車:30格(含身心障礙停車位1格)",
        "tel": "2759-0666",
        "car": 0,
        "motor": 30,
        "charging": 0,
        "occupied_rate": -99,
        "data_time": "Sat May 02 00:00:00 CST 2026"
      }
    },
    {
      "type": "Feature",
      "geometry": {
        "type": "Point",
        "coordinates": [
          121.5609218,
          25.0878773
        ]
      },
      "properties": {
        "id": "TPE1274",
        "name": "西湖停車場",
        "area": "內湖區",
        "address": "文湖街21巷68弄17號旁空地",
        "summary": "大型車:0格，小型車:45格(含身心障礙停車位2格)，機車:0格",
        "tel": "0901234676",
        "car": 45,
        "motor": 0,
        "charging": 0,
        "occupied_rate": -99,
        "data_time": "Sat May 02 00:00:00 CST 2026"
      }
    },
    {
      "type": "Feature",
      "geometry": {
        "type": "Point",
        "coordinates": [
          121.524694,
          25.0918309
        ]
      },
      "properties": {
        "id": "TPE1276",
        "name": "陽光士林881停車場",
        "area": "士林區",
        "address": "福德路31-1號旁",
        "summary": "大型車:0格，小型車:14格(含身心障礙停車位1格)，機車:0格",
        "tel": "0228811111",
        "car": 14,
        "motor": 0,
        "charging": 0,
        "occupied_rate": -99,
        "data_time": "Sat May 02 00:00:00 CST 2026"
      }
    },
    {
      "type": "Feature",
      "geometry": {
        "type": "Point",
        "coordinates": [
          121.4898452,
          25.0297691
        ]
      },
      "properties": {
        "id": "TPE1277",
        "name": "環南市場停車場",
        "area": "萬華區",
        "address": "環河南路2段245號地下1、地上2至R層",
        "summary": "大型車:0格，小型車:1256格(含身心障礙停車位31格，孕婦、育有六歲以下兒童停車位26格)，機車:1433格(含身心障礙停車位29格)，充電格位:36格",
        "tel": "2362-1685",
        "car": 1256,
        "motor": 1433,
        "charging": 0,
        "occupied_rate": -99,
        "data_time": "Sat May 02 00:00:00 CST 2026"
      }
    },
    {
      "type": "Feature",
      "geometry": {
        "type": "Point",
        "coordinates": [
          121.5152592,
          25.0262502
        ]
      },
      "properties": {
        "id": "TPE1278",
        "name": "嘟嘟房汀州站停車場",
        "area": "中正區",
        "address": "汀州路2段31號空地",
        "summary": "大型車:0格，小型車:45格(含身心障礙停車位1格)，機車:0格",
        "tel": "26550818",
        "car": 45,
        "motor": 0,
        "charging": 0,
        "occupied_rate": -99,
        "data_time": "Sat May 02 00:00:00 CST 2026"
      }
    },
    {
      "type": "Feature",
      "geometry": {
        "type": "Point",
        "coordinates": [
          121.5425292,
          25.0161139
        ]
      },
      "properties": {
        "id": "TPE1280",
        "name": "國立臺灣大學立體機車停車場",
        "area": "大安區",
        "address": "羅斯福路4段1號",
        "summary": "大型車:0格，小型車:0格，機車:107格(含身心障礙停車位3格)",
        "tel": "3366-3366",
        "car": 0,
        "motor": 107,
        "charging": 0,
        "occupied_rate": -99,
        "data_time": "Sat May 02 00:00:00 CST 2026"
      }
    },
    {
      "type": "Feature",
      "geometry": {
        "type": "Point",
        "coordinates": [
          121.5276551,
          25.0270847
        ]
      },
      "properties": {
        "id": "TPE1281",
        "name": "聯永物業股份有限公司-師大站",
        "area": "大安區",
        "address": "和平東路1段127號旁空地",
        "summary": "大型車:0格，小型車:61格(含身心障礙停車位2格)，機車:0格，充電格位:2格",
        "tel": "26546264",
        "car": 61,
        "motor": 0,
        "charging": 0,
        "occupied_rate": -99,
        "data_time": "Sat May 02 00:00:00 CST 2026"
      }
    },
    {
      "type": "Feature",
      "geometry": {
        "type": "Point",
        "coordinates": [
          121.5213666,
          25.0563421
        ]
      },
      "properties": {
        "id": "TPE1282",
        "name": "萊客有限公司中山北停車場",
        "area": "中山區",
        "address": "中山北路2段50巷25號旁空地",
        "summary": "大型車:0格，小型車:0格，機車:30格(含身心障礙停車位1格)",
        "tel": "0975902665",
        "car": 0,
        "motor": 30,
        "charging": 0,
        "occupied_rate": -99,
        "data_time": "Sat May 02 00:00:00 CST 2026"
      }
    },
    {
      "type": "Feature",
      "geometry": {
        "type": "Point",
        "coordinates": [
          121.5233332,
          25.0923097
        ]
      },
      "properties": {
        "id": "TPE1284",
        "name": "陽光士林209停車場",
        "area": "士林區",
        "address": "福德路及基河路251巷交叉路旁空地",
        "summary": "大型車:0格，小型車:49格(含身心障礙停車位1格)，機車:0格",
        "tel": "0228811111",
        "car": 49,
        "motor": 0,
        "charging": 0,
        "occupied_rate": -99,
        "data_time": "Sat May 02 00:00:00 CST 2026"
      }
    },
    {
      "type": "Feature",
      "geometry": {
        "type": "Point",
        "coordinates": [
          121.5194387,
          25.0537149
        ]
      },
      "properties": {
        "id": "TPE1285",
        "name": "赤峰街機車停車場",
        "area": "大同區",
        "address": "赤峰街17巷1號對面空地",
        "summary": "大型車:0格，小型車:0格，機車:30格(含身心障礙停車位1格)",
        "tel": "0277153105",
        "car": 0,
        "motor": 30,
        "charging": 0,
        "occupied_rate": -99,
        "data_time": "Sat May 02 00:00:00 CST 2026"
      }
    },
    {
      "type": "Feature",
      "geometry": {
        "type": "Point",
        "coordinates": [
          121.5873497,
          25.0650448
        ]
      },
      "properties": {
        "id": "TPE1286",
        "name": "台灣聯通潭一停車場",
        "area": "內湖區",
        "address": "金豐街70號和康捷境大樓旁空地",
        "summary": "大型車:0格，小型車:43格(含身心障礙停車位1格)，機車:0格",
        "tel": "0225235000",
        "car": 43,
        "motor": 0,
        "charging": 0,
        "occupied_rate": -99,
        "data_time": "Sat May 02 00:00:00 CST 2026"
      }
    },
    {
      "type": "Feature",
      "geometry": {
        "type": "Point",
        "coordinates": [
          121.5322757,
          25.0407074
        ]
      },
      "properties": {
        "id": "TPE1287",
        "name": "愛馬屋新生場",
        "area": "中正區",
        "address": "新生南路1段58巷6號旁空地",
        "summary": "大型車:0格，小型車:4格(含身心障礙停車位1格)，機車:0格",
        "tel": "23457749",
        "car": 4,
        "motor": 0,
        "charging": 0,
        "occupied_rate": -99,
        "data_time": "Sat May 02 00:00:00 CST 2026"
      }
    },
    {
      "type": "Feature",
      "geometry": {
        "type": "Point",
        "coordinates": [
          121.5873069,
          25.0647651
        ]
      },
      "properties": {
        "id": "TPE1288",
        "name": "台灣聯通潭二停車場",
        "area": "內湖區",
        "address": "金豐街70號和康捷境大樓旁空地",
        "summary": "大型車:0格，小型車:49格(含身心障礙停車位1格)，機車:0格",
        "tel": "0225235000",
        "car": 49,
        "motor": 0,
        "charging": 0,
        "occupied_rate": -99,
        "data_time": "Sat May 02 00:00:00 CST 2026"
      }
    },
    {
      "type": "Feature",
      "geometry": {
        "type": "Point",
        "coordinates": [
          121.5236965,
          25.0669373
        ]
      },
      "properties": {
        "id": "TPE1289",
        "name": "德惠大同停車場",
        "area": "中山區",
        "address": "德惠街7-1號地下2至3層",
        "summary": "大型車:0格，小型車:81格(含身心障礙停車位2格)，機車:0格，充電格位:1格",
        "tel": "25117767",
        "car": 81,
        "motor": 0,
        "charging": 0,
        "occupied_rate": -99,
        "data_time": "Sat May 02 00:00:00 CST 2026"
      }
    },
    {
      "type": "Feature",
      "geometry": {
        "type": "Point",
        "coordinates": [
          121.5991709,
          25.0527804
        ]
      },
      "properties": {
        "id": "TPE1291",
        "name": "臺北流行音樂中心停車場",
        "area": "南港區",
        "address": "市民大道8段99號",
        "summary": "大型車:0格，小型車:293格(含身心障礙停車位6格，孕婦、育有六歲以下兒童停車位6格)，機車:583格(含身心障礙停車位12格)",
        "tel": "0984298258",
        "car": 293,
        "motor": 583,
        "charging": 0,
        "occupied_rate": -99,
        "data_time": "Sat May 02 00:00:00 CST 2026"
      }
    },
    {
      "type": "Feature",
      "geometry": {
        "type": "Point",
        "coordinates": [
          121.5341599,
          25.0418043
        ]
      },
      "properties": {
        "id": "TPE1292",
        "name": "三井飯店停車場",
        "area": "大安區",
        "address": "忠孝東路3段30號地下1、3至5層",
        "summary": "大型車:0格，小型車:96格(含身心障礙停車位2格)，機車:0格，充電格位:3格",
        "tel": "0953022736",
        "car": 96,
        "motor": 0,
        "charging": 0,
        "occupied_rate": -99,
        "data_time": "Sat May 02 00:00:00 CST 2026"
      }
    },
    {
      "type": "Feature",
      "geometry": {
        "type": "Point",
        "coordinates": [
          121.5971955,
          25.0561581
        ]
      },
      "properties": {
        "id": "TPE1293",
        "name": "重陽停車場",
        "area": "南港區",
        "address": "重陽路63號旁空地",
        "summary": "大型車:0格，小型車:49格(含身心障礙停車位1格)，機車:0格",
        "tel": "028648-6686",
        "car": 49,
        "motor": 0,
        "charging": 0,
        "occupied_rate": -99,
        "data_time": "Sat May 02 00:00:00 CST 2026"
      }
    },
    {
      "type": "Feature",
      "geometry": {
        "type": "Point",
        "coordinates": [
          121.5593121,
          24.9853043
        ]
      },
      "properties": {
        "id": "TPE1295",
        "name": "興隆停車場",
        "area": "文山區",
        "address": "興隆路4段58巷35號對面空地",
        "summary": "大型車:0格，小型車:2格(含身心障礙停車位1格)，機車:0格",
        "tel": "77153105",
        "car": 2,
        "motor": 0,
        "charging": 0,
        "occupied_rate": -99,
        "data_time": "Sat May 02 00:00:00 CST 2026"
      }
    },
    {
      "type": "Feature",
      "geometry": {
        "type": "Point",
        "coordinates": [
          121.5792809,
          25.049686
        ]
      },
      "properties": {
        "id": "TPE1296",
        "name": "Times 潤泰代官山【月租】",
        "area": "松山區",
        "address": "市民大道6段139號地下1至3層",
        "summary": "大型車:0格，小型車:28格(含身心障礙停車位1格)，機車:0格",
        "tel": "0809008924",
        "car": 28,
        "motor": 0,
        "charging": 0,
        "occupied_rate": -99,
        "data_time": "Sat May 02 00:00:00 CST 2026"
      }
    },
    {
      "type": "Feature",
      "geometry": {
        "type": "Point",
        "coordinates": [
          121.5662099,
          25.0479421
        ]
      },
      "properties": {
        "id": "TPE1297",
        "name": "Times中農科技大樓",
        "area": "信義區",
        "address": "東興路45號地下三層",
        "summary": "大型車:0格，小型車:43格(含身心障礙停車位1格)，機車:0格",
        "tel": "",
        "car": 43,
        "motor": 0,
        "charging": 0,
        "occupied_rate": -99,
        "data_time": "Sat May 02 00:00:00 CST 2026"
      }
    },
    {
      "type": "Feature",
      "geometry": {
        "type": "Point",
        "coordinates": [
          121.569599,
          25.0036826
        ]
      },
      "properties": {
        "id": "TPE1298",
        "name": "萬寧街臨時平面停車場",
        "area": "文山區",
        "address": "萬寧街125號旁",
        "summary": "大型車:0格，小型車:5格(含身心障礙停車位1格)，機車:0格",
        "tel": "2759-0666",
        "car": 5,
        "motor": 0,
        "charging": 0,
        "occupied_rate": -99,
        "data_time": "Sat May 02 00:00:00 CST 2026"
      }
    },
    {
      "type": "Feature",
      "geometry": {
        "type": "Point",
        "coordinates": [
          121.5860027,
          25.0880941
        ]
      },
      "properties": {
        "id": "TPE1299",
        "name": "USPACE金龍場",
        "area": "內湖區",
        "address": "金龍路222巷8號對面空地",
        "summary": "大型車:0格，小型車:4格(含身心障礙停車位1格)，機車:0格",
        "tel": "0933223591",
        "car": 4,
        "motor": 0,
        "charging": 0,
        "occupied_rate": -99,
        "data_time": "Sat May 02 00:00:00 CST 2026"
      }
    },
    {
      "type": "Feature",
      "geometry": {
        "type": "Point",
        "coordinates": [
          121.4952894,
          25.0145995
        ]
      },
      "properties": {
        "id": "TPE1300",
        "name": "堤外魚類中繼市場停車場",
        "area": "萬華區",
        "address": "華中橋堤外",
        "summary": "大型車:0格，小型車:550格(含身心障礙停車位11格，孕婦、育有六歲以下兒童停車位11格)，機車:135格(含身心障礙停車位8格)",
        "tel": "2303-3117；0905-362-212",
        "car": 550,
        "motor": 135,
        "charging": 0,
        "occupied_rate": -99,
        "data_time": "Sat May 02 00:00:00 CST 2026"
      }
    },
    {
      "type": "Feature",
      "geometry": {
        "type": "Point",
        "coordinates": [
          121.5359583,
          25.0006703
        ]
      },
      "properties": {
        "id": "TPE1301",
        "name": "萬和超市地下停車場",
        "area": "文山區",
        "address": "萬隆街47之12號地下1層",
        "summary": "大型車:0格，小型車:17格(含身心障礙停車位1格)，機車:0格",
        "tel": "2940-7436",
        "car": 17,
        "motor": 0,
        "charging": 0,
        "occupied_rate": -99,
        "data_time": "Sat May 02 00:00:00 CST 2026"
      }
    },
    {
      "type": "Feature",
      "geometry": {
        "type": "Point",
        "coordinates": [
          121.5849046,
          25.0474227
        ]
      },
      "properties": {
        "id": "TPE1303",
        "name": "南港成德地下停車場",
        "area": "南港區",
        "address": "忠孝東路6段114號地下1至3層",
        "summary": "大型車:0格，小型車:116格(含身心障礙停車位3格)，機車:0格，充電格位:2格",
        "tel": "022651-9756",
        "car": 116,
        "motor": 0,
        "charging": 0,
        "occupied_rate": -99,
        "data_time": "Sat May 02 00:00:00 CST 2026"
      }
    },
    {
      "type": "Feature",
      "geometry": {
        "type": "Point",
        "coordinates": [
          121.5785106,
          25.0593715
        ]
      },
      "properties": {
        "id": "TPE1306",
        "name": "台北設計建材中心",
        "area": "內湖區",
        "address": "新湖一路185號地下1至2層",
        "summary": "大型車:0格，小型車:49格(含身心障礙停車位1格)，機車:64格(含身心障礙停車位1格)",
        "tel": "0928274269",
        "car": 49,
        "motor": 64,
        "charging": 0,
        "occupied_rate": -99,
        "data_time": "Sat May 02 00:00:00 CST 2026"
      }
    },
    {
      "type": "Feature",
      "geometry": {
        "type": "Point",
        "coordinates": [
          121.522804,
          25.0443703
        ]
      },
      "properties": {
        "id": "TPE1308",
        "name": "台北時代寓所地下平面停車場",
        "area": "中正區",
        "address": "林森南路7號地下1至3層",
        "summary": "大型車:0格，小型車:137格(含身心障礙停車位3格)，機車:54格(含身心障礙停車位2格)，充電格位:2格",
        "tel": "23217805",
        "car": 137,
        "motor": 54,
        "charging": 0,
        "occupied_rate": -99,
        "data_time": "Sat May 02 00:00:00 CST 2026"
      }
    },
    {
      "type": "Feature",
      "geometry": {
        "type": "Point",
        "coordinates": [
          121.5077198,
          25.0364621
        ]
      },
      "properties": {
        "id": "TPE1309",
        "name": "小南門停車場",
        "area": "中正區",
        "address": "延平南路192巷2號旁空地",
        "summary": "大型車:0格，小型車:13格(含身心障礙停車位1格)，機車:0格",
        "tel": "0800208333",
        "car": 13,
        "motor": 0,
        "charging": 0,
        "occupied_rate": -99,
        "data_time": "Sat May 02 00:00:00 CST 2026"
      }
    },
    {
      "type": "Feature",
      "geometry": {
        "type": "Point",
        "coordinates": [
          121.5077467,
          25.1163829
        ]
      },
      "properties": {
        "id": "TPE1310",
        "name": "金龍停車場",
        "area": "北投區",
        "address": "尊賢街232、234、236、238號地下1層",
        "summary": "大型車:0格，小型車:20格(含身心障礙停車位1格)，機車:10格(含身心障礙停車位1格)",
        "tel": "0228218293",
        "car": 20,
        "motor": 10,
        "charging": 0,
        "occupied_rate": -99,
        "data_time": "Sat May 02 00:00:00 CST 2026"
      }
    },
    {
      "type": "Feature",
      "geometry": {
        "type": "Point",
        "coordinates": [
          121.5183161,
          25.0269234
        ]
      },
      "properties": {
        "id": "TPE1311",
        "name": "和平廈門停車場",
        "area": "中正區",
        "address": "和平西路1段83號旁空地",
        "summary": "大型車:0格，小型車:3格(含身心障礙停車位1格)，機車:0格",
        "tel": "25117767",
        "car": 3,
        "motor": 0,
        "charging": 0,
        "occupied_rate": -99,
        "data_time": "Sat May 02 00:00:00 CST 2026"
      }
    },
    {
      "type": "Feature",
      "geometry": {
        "type": "Point",
        "coordinates": [
          121.5185536,
          25.0269361
        ]
      },
      "properties": {
        "id": "TPE1312",
        "name": "牯嶺街停車場",
        "area": "中正區",
        "address": "牯嶺街78號旁空地",
        "summary": "大型車:0格，小型車:2格(含身心障礙停車位1格)，機車:0格",
        "tel": "25117767",
        "car": 2,
        "motor": 0,
        "charging": 0,
        "occupied_rate": -99,
        "data_time": "Sat May 02 00:00:00 CST 2026"
      }
    },
    {
      "type": "Feature",
      "geometry": {
        "type": "Point",
        "coordinates": [
          121.5430507,
          25.0254832
        ]
      },
      "properties": {
        "id": "TPE1313",
        "name": "復興南路二段停車場",
        "area": "大安區",
        "address": "復興南路2段236號旁空地",
        "summary": "大型車:0格，小型車:6格(含身心障礙停車位1格)，機車:0格",
        "tel": "25366655",
        "car": 6,
        "motor": 0,
        "charging": 0,
        "occupied_rate": -99,
        "data_time": "Sat May 02 00:00:00 CST 2026"
      }
    },
    {
      "type": "Feature",
      "geometry": {
        "type": "Point",
        "coordinates": [
          121.5747753,
          25.0772999
        ]
      },
      "properties": {
        "id": "TPE1314",
        "name": "嘟嘟房宏匯瑞光廣場站停車場",
        "area": "內湖區",
        "address": "瑞光路333號地下1層",
        "summary": "大型車:0格，小型車:79格(含身心障礙停車位10格)，機車:0格，充電格位:3格",
        "tel": "(02)26550818",
        "car": 79,
        "motor": 0,
        "charging": 0,
        "occupied_rate": -99,
        "data_time": "Sat May 02 00:00:00 CST 2026"
      }
    },
    {
      "type": "Feature",
      "geometry": {
        "type": "Point",
        "coordinates": [
          121.5813553,
          25.0588052
        ]
      },
      "properties": {
        "id": "TPE1315",
        "name": "臺北市內湖區潭美國民小學地下停車場",
        "area": "內湖區",
        "address": "行善路179號地下1層",
        "summary": "大型車:0格，小型車:66格(含身心障礙停車位2格)，機車:0格，充電格位:2格",
        "tel": "0227917334#231",
        "car": 66,
        "motor": 0,
        "charging": 0,
        "occupied_rate": -99,
        "data_time": "Sat May 02 00:00:00 CST 2026"
      }
    },
    {
      "type": "Feature",
      "geometry": {
        "type": "Point",
        "coordinates": [
          121.5053088,
          25.1279471
        ]
      },
      "properties": {
        "id": "TPE1316",
        "name": "北投三合地下停車場",
        "area": "北投區",
        "address": "三合街1段119號地下1至2層",
        "summary": "大型車:0格，小型車:46格(含身心障礙停車位1格)，機車:0格",
        "tel": "0228726018",
        "car": 46,
        "motor": 0,
        "charging": 0,
        "occupied_rate": -99,
        "data_time": "Sat May 02 00:00:00 CST 2026"
      }
    },
    {
      "type": "Feature",
      "geometry": {
        "type": "Point",
        "coordinates": [
          121.5679134,
          25.0315023
        ]
      },
      "properties": {
        "id": "TPE1317",
        "name": "Times 松勤松仁",
        "area": "信義區",
        "address": "松仁路148號旁空地",
        "summary": "大型車:0格，小型車:113格(含身心障礙停車位3格)，機車:0格，充電格位:1格",
        "tel": "0800-88-8924；2504-6098",
        "car": 113,
        "motor": 0,
        "charging": 0,
        "occupied_rate": -99,
        "data_time": "Sat May 02 00:00:00 CST 2026"
      }
    },
    {
      "type": "Feature",
      "geometry": {
        "type": "Point",
        "coordinates": [
          121.5416054,
          25.0515525
        ]
      },
      "properties": {
        "id": "TPE1318",
        "name": "宏盛國際停車場",
        "area": "中山區",
        "address": "南京東路3段168號地下2至4層",
        "summary": "大型車:0格，小型車:71格(含身心障礙停車位2格，孕婦、育有六歲以下兒童停車位2格)，機車:0格",
        "tel": "2517-2642",
        "car": 71,
        "motor": 0,
        "charging": 0,
        "occupied_rate": -99,
        "data_time": "Sat May 02 00:00:00 CST 2026"
      }
    },
    {
      "type": "Feature",
      "geometry": {
        "type": "Point",
        "coordinates": [
          121.5083541,
          25.0458018
        ]
      },
      "properties": {
        "id": "TPE1319",
        "name": "福星停車場",
        "area": "萬華區",
        "address": "中華路1段76巷8號對面空地",
        "summary": "大型車:0格，小型車:4格(含身心障礙停車位1格)，機車:0格",
        "tel": "2368-2298",
        "car": 4,
        "motor": 0,
        "charging": 0,
        "occupied_rate": -99,
        "data_time": "Sat May 02 00:00:00 CST 2026"
      }
    },
    {
      "type": "Feature",
      "geometry": {
        "type": "Point",
        "coordinates": [
          121.5208272,
          25.1190369
        ]
      },
      "properties": {
        "id": "TPE1320",
        "name": "臺北榮民總醫院三號門地下停車場",
        "area": "北投區",
        "address": "石牌路2段201號地下1至3層",
        "summary": "大型車:0格，小型車:162格(含身心障礙停車位4格，孕婦、育有六歲以下兒童停車位4格)，機車:490格(含身心障礙停車位10格)，充電格位:4格",
        "tel": "0228712121#27614",
        "car": 162,
        "motor": 490,
        "charging": 0,
        "occupied_rate": -99,
        "data_time": "Sat May 02 00:00:00 CST 2026"
      }
    },
    {
      "type": "Feature",
      "geometry": {
        "type": "Point",
        "coordinates": [
          121.5343973,
          25.012742
        ]
      },
      "properties": {
        "id": "TPE1323",
        "name": "水源停車場",
        "area": "中正區",
        "address": "汀州路3段140巷內空地",
        "summary": "大型車:0格，小型車:44格(含身心障礙停車位1格，孕婦、育有六歲以下兒童停車位1格)，機車:118格(含身心障礙停車位3格)，充電格位:1格",
        "tel": "83695098",
        "car": 44,
        "motor": 118,
        "charging": 0,
        "occupied_rate": -99,
        "data_time": "Sat May 02 00:00:00 CST 2026"
      }
    },
    {
      "type": "Feature",
      "geometry": {
        "type": "Point",
        "coordinates": [
          121.5671142,
          25.0405469
        ]
      },
      "properties": {
        "id": "TPE1324",
        "name": "國泰置地機車站停車場",
        "area": "信義區",
        "address": "忠孝東路5段68號地下1層",
        "summary": "大型車:0格，小型車:0格，機車:555格(含身心障礙停車位11格)",
        "tel": "2246-1708",
        "car": 0,
        "motor": 555,
        "charging": 0,
        "occupied_rate": -99,
        "data_time": "Sat May 02 00:00:00 CST 2026"
      }
    },
    {
      "type": "Feature",
      "geometry": {
        "type": "Point",
        "coordinates": [
          121.5281299,
          25.0618795
        ]
      },
      "properties": {
        "id": "TPE1325",
        "name": "新生民權停車場",
        "area": "中山區",
        "address": "新生北路2段149巷7-4號對面空地",
        "summary": "大型車:0格，小型車:5格(含身心障礙停車位1格)，機車:0格",
        "tel": "2246-1708",
        "car": 5,
        "motor": 0,
        "charging": 0,
        "occupied_rate": -99,
        "data_time": "Sat May 02 00:00:00 CST 2026"
      }
    },
    {
      "type": "Feature",
      "geometry": {
        "type": "Point",
        "coordinates": [
          121.611675,
          25.0525015
        ]
      },
      "properties": {
        "id": "TPE1326",
        "name": "便利停車場忠孝三站",
        "area": "南港區",
        "address": "忠孝東路7段528號地下1至3層",
        "summary": "大型車:0格，小型車:47格(含身心障礙停車位1格)，機車:0格",
        "tel": "0227991001#166",
        "car": 47,
        "motor": 0,
        "charging": 0,
        "occupied_rate": -99,
        "data_time": "Sat May 02 00:00:00 CST 2026"
      }
    },
    {
      "type": "Feature",
      "geometry": {
        "type": "Point",
        "coordinates": [
          121.5519397,
          25.0455785
        ]
      },
      "properties": {
        "id": "TPE1328",
        "name": "延吉停車場",
        "area": "松山區",
        "address": "八德路3段12巷57弄與53弄交會路口西側",
        "summary": "大型車:0格，小型車:5格(含身心障礙停車位1格)，機車:0格",
        "tel": "0968891667",
        "car": 5,
        "motor": 0,
        "charging": 0,
        "occupied_rate": -99,
        "data_time": "Sat May 02 00:00:00 CST 2026"
      }
    },
    {
      "type": "Feature",
      "geometry": {
        "type": "Point",
        "coordinates": [
          121.5099,
          25.0278057
        ]
      },
      "properties": {
        "id": "TPE1329",
        "name": "中正永昌停車場",
        "area": "中正區",
        "address": "汀州路1段137號旁空地",
        "summary": "大型車:0格，小型車:34格(含身心障礙停車位1格)，機車:0格",
        "tel": "0800208333",
        "car": 34,
        "motor": 0,
        "charging": 0,
        "occupied_rate": -99,
        "data_time": "Sat May 02 00:00:00 CST 2026"
      }
    },
    {
      "type": "Feature",
      "geometry": {
        "type": "Point",
        "coordinates": [
          121.5306821,
          25.0432319
        ]
      },
      "properties": {
        "id": "TPE1330",
        "name": "Times皇翔忠孝臨沂飯店",
        "area": "中正區",
        "address": "忠孝東路2段87號地下1至5層",
        "summary": "大型車:0格，小型車:69格(含身心障礙停車位2格)，機車:61格(含身心障礙停車位2格)",
        "tel": "0800-88-8924；2504-6098",
        "car": 69,
        "motor": 61,
        "charging": 0,
        "occupied_rate": -99,
        "data_time": "Sat May 02 00:00:00 CST 2026"
      }
    },
    {
      "type": "Feature",
      "geometry": {
        "type": "Point",
        "coordinates": [
          121.5749652,
          25.060182
        ]
      },
      "properties": {
        "id": "TPE1331",
        "name": "家樂福內湖站停車場",
        "area": "內湖區",
        "address": "民善街88號地下2層",
        "summary": "大型車:0格，小型車:183格(含身心障礙停車位8格，孕婦、育有六歲以下兒童停車位5格)，機車:0格，充電格位:2格",
        "tel": "22461708",
        "car": 183,
        "motor": 0,
        "charging": 0,
        "occupied_rate": -99,
        "data_time": "Sat May 02 00:00:00 CST 2026"
      }
    },
    {
      "type": "Feature",
      "geometry": {
        "type": "Point",
        "coordinates": [
          121.5322354,
          25.0445716
        ]
      },
      "properties": {
        "id": "TPE1332",
        "name": "希望園區停車場",
        "area": "中正區",
        "address": "八德路1段55號地下1至4層",
        "summary": "大型車:0格，小型車:298格(含身心障礙停車位8格)，機車:109格(含身心障礙停車位4格)，充電格位:6格",
        "tel": "33225159",
        "car": 298,
        "motor": 109,
        "charging": 0,
        "occupied_rate": -99,
        "data_time": "Sat May 02 00:00:00 CST 2026"
      }
    },
    {
      "type": "Feature",
      "geometry": {
        "type": "Point",
        "coordinates": [
          121.5198808,
          25.0732704
        ]
      },
      "properties": {
        "id": "TPE1333",
        "name": "明倫社會住宅地下停車場",
        "area": "大同區",
        "address": "承德路3段285號地下1至2層",
        "summary": "大型車:0格，小型車:239格(含身心障礙停車位6格，孕婦、育有六歲以下兒童停車位5格)，機車:293格(含身心障礙停車位7格)，大型重機:2格，充電格位:5格",
        "tel": "02-2655-1516#5876",
        "car": 239,
        "motor": 293,
        "charging": 0,
        "occupied_rate": -99,
        "data_time": "Sat May 02 00:00:00 CST 2026"
      }
    },
    {
      "type": "Feature",
      "geometry": {
        "type": "Point",
        "coordinates": [
          121.5119288,
          25.0669378
        ]
      },
      "properties": {
        "id": "TPE1334",
        "name": "延平國小地下停車場",
        "area": "大同區",
        "address": "昌吉街97號地下層",
        "summary": "大型車:0格，小型車:309格(含身心障礙停車位7格，孕婦、育有六歲以下兒童停車位7格)，機車:99格(含身心障礙停車位2格)，大型重機:4格，充電格位:6格",
        "tel": "2705-7716#0",
        "car": 309,
        "motor": 99,
        "charging": 0,
        "occupied_rate": -99,
        "data_time": "Sat May 02 00:00:00 CST 2026"
      }
    },
    {
      "type": "Feature",
      "geometry": {
        "type": "Point",
        "coordinates": [
          121.5663201,
          24.9892298
        ]
      },
      "properties": {
        "id": "TPE1336",
        "name": "木柵社會住宅地下停車場",
        "area": "文山區",
        "address": "久康街24巷36號地下1至4層",
        "summary": "大型車:0格，小型車:94格(含身心障礙停車位2格，孕婦、育有六歲以下兒童停車位2格)，機車:104格(含身心障礙停車位3格)，大型重機:1格，充電格位:2格",
        "tel": "",
        "car": 94,
        "motor": 104,
        "charging": 0,
        "occupied_rate": -99,
        "data_time": "Sat May 02 00:00:00 CST 2026"
      }
    },
    {
      "type": "Feature",
      "geometry": {
        "type": "Point",
        "coordinates": [
          121.6018953,
          25.0554191
        ]
      },
      "properties": {
        "id": "TPE1337",
        "name": "車堡寶實業股份有限公司南港東新場",
        "area": "南港區",
        "address": "興南街64巷6弄1號對面空地",
        "summary": "大型車:0格，小型車:31格(含身心障礙停車位1格)，機車:0格",
        "tel": "25598770",
        "car": 31,
        "motor": 0,
        "charging": 0,
        "occupied_rate": -99,
        "data_time": "Sat May 02 00:00:00 CST 2026"
      }
    },
    {
      "type": "Feature",
      "geometry": {
        "type": "Point",
        "coordinates": [
          121.5621215,
          25.0324587
        ]
      },
      "properties": {
        "id": "TPE1338",
        "name": "國雲松勤平面停車場",
        "area": "信義區",
        "address": "松勤街41號",
        "summary": "大型車:0格，小型車:47格(含身心障礙停車位1格，孕婦、育有六歲以下兒童停車位1格)，機車:0格",
        "tel": "0225573722",
        "car": 47,
        "motor": 0,
        "charging": 0,
        "occupied_rate": -99,
        "data_time": "Sat May 02 00:00:00 CST 2026"
      }
    },
    {
      "type": "Feature",
      "geometry": {
        "type": "Point",
        "coordinates": [
          121.5051572,
          25.1278528
        ]
      },
      "properties": {
        "id": "TPE1339",
        "name": "城市車旅北投三合停車場",
        "area": "北投區",
        "address": "三合街1段82巷50弄內空地",
        "summary": "大型車:0格，小型車:48格(含身心障礙停車位1格，孕婦、育有六歲以下兒童停車位1格)，機車:0格",
        "tel": "(02)22461708",
        "car": 48,
        "motor": 0,
        "charging": 0,
        "occupied_rate": -99,
        "data_time": "Sat May 02 00:00:00 CST 2026"
      }
    },
    {
      "type": "Feature",
      "geometry": {
        "type": "Point",
        "coordinates": [
          121.5033472,
          25.041781
        ]
      },
      "properties": {
        "id": "TPE1340",
        "name": "國立臺北護理健康大學城區部",
        "area": "萬華區",
        "address": "內江街89號地上1層",
        "summary": "大型車:0格，小型車:10格(含身心障礙停車位1格)，機車:0格",
        "tel": "2822-7101 #2570余小姐",
        "car": 10,
        "motor": 0,
        "charging": 0,
        "occupied_rate": -99,
        "data_time": "Sat May 02 00:00:00 CST 2026"
      }
    },
    {
      "type": "Feature",
      "geometry": {
        "type": "Point",
        "coordinates": [
          121.5125904,
          25.0333578
        ]
      },
      "properties": {
        "id": "TPE1341",
        "name": "重慶南二停車場",
        "area": "中正區",
        "address": "重慶南路2段8巷10弄2號空地",
        "summary": "大型車:0格，小型車:36格(含身心障礙停車位1格)，機車:0格",
        "tel": "2511-7767",
        "car": 36,
        "motor": 0,
        "charging": 0,
        "occupied_rate": -99,
        "data_time": "Sat May 02 00:00:00 CST 2026"
      }
    },
    {
      "type": "Feature",
      "geometry": {
        "type": "Point",
        "coordinates": [
          121.5479133,
          25.027842
        ]
      },
      "properties": {
        "id": "TPE1343",
        "name": "大安四維停車場",
        "area": "大安區",
        "address": "四維路176巷2號旁空地",
        "summary": "大型車:0格，小型車:4格(含身心障礙停車位1格)，機車:0格",
        "tel": "7715-3105#688",
        "car": 4,
        "motor": 0,
        "charging": 0,
        "occupied_rate": -99,
        "data_time": "Sat May 02 00:00:00 CST 2026"
      }
    },
    {
      "type": "Feature",
      "geometry": {
        "type": "Point",
        "coordinates": [
          121.5729375,
          25.0755759
        ]
      },
      "properties": {
        "id": "TPE1344",
        "name": "Times 瑞光路第2",
        "area": "內湖區",
        "address": "瑞光路316巷60號旁空地",
        "summary": "大型車:0格，小型車:18格(含身心障礙停車位1格)，機車:0格",
        "tel": "25046098",
        "car": 18,
        "motor": 0,
        "charging": 0,
        "occupied_rate": -99,
        "data_time": "Sat May 02 00:00:00 CST 2026"
      }
    },
    {
      "type": "Feature",
      "geometry": {
        "type": "Point",
        "coordinates": [
          121.5629272,
          25.0565966
        ]
      },
      "properties": {
        "id": "TPE1345",
        "name": "健康國小B1停車場",
        "area": "松山區",
        "address": "延壽街168號地下1層",
        "summary": "大型車:0格，小型車:49格(含身心障礙停車位1格)，機車:0格",
        "tel": "2528-2814",
        "car": 49,
        "motor": 0,
        "charging": 0,
        "occupied_rate": -99,
        "data_time": "Sat May 02 00:00:00 CST 2026"
      }
    },
    {
      "type": "Feature",
      "geometry": {
        "type": "Point",
        "coordinates": [
          121.5192039,
          25.1131225
        ]
      },
      "properties": {
        "id": "TPE1346",
        "name": "懷德街55巷平面停車場",
        "area": "北投區",
        "address": "懷德街與懷德街55巷交叉口",
        "summary": "大型車:0格，小型車:132格(含身心障礙停車位3格)，機車:0格，充電格位:4格",
        "tel": "(02)25683773",
        "car": 132,
        "motor": 0,
        "charging": 0,
        "occupied_rate": -99,
        "data_time": "Sat May 02 00:00:00 CST 2026"
      }
    },
    {
      "type": "Feature",
      "geometry": {
        "type": "Point",
        "coordinates": [
          121.5144518,
          25.0264539
        ]
      },
      "properties": {
        "id": "TPE1347",
        "name": "168停車聯盟-福州場",
        "area": "中正區",
        "address": "福州街與汀州路2段交叉口空地",
        "summary": "大型車:0格，小型車:17格(含身心障礙停車位1格)，機車:0格",
        "tel": "27546661",
        "car": 17,
        "motor": 0,
        "charging": 0,
        "occupied_rate": -99,
        "data_time": "Sat May 02 00:00:00 CST 2026"
      }
    },
    {
      "type": "Feature",
      "geometry": {
        "type": "Point",
        "coordinates": [
          121.5294115,
          25.0184295
        ]
      },
      "properties": {
        "id": "TPE1348",
        "name": "羅斯福三停車場",
        "area": "中正區",
        "address": "羅斯福路3段240巷7弄18號旁空地",
        "summary": "大型車:0格，小型車:6格(含身心障礙停車位1格)，機車:0格",
        "tel": "2778-3650；0953630980",
        "car": 6,
        "motor": 0,
        "charging": 0,
        "occupied_rate": -99,
        "data_time": "Sat May 02 00:00:00 CST 2026"
      }
    },
    {
      "type": "Feature",
      "geometry": {
        "type": "Point",
        "coordinates": [
          121.4922625,
          25.0194758
        ]
      },
      "properties": {
        "id": "TPE1349",
        "name": "華中橋堤外（二）停車場",
        "area": "萬華區",
        "address": "華中河濱公園",
        "summary": "大型車:0格，小型車:51格(含身心障礙停車位2格)，機車:22格(含身心障礙停車位1格)",
        "tel": "2302-4504",
        "car": 51,
        "motor": 22,
        "charging": 0,
        "occupied_rate": -99,
        "data_time": "Sat May 02 00:00:00 CST 2026"
      }
    },
    {
      "type": "Feature",
      "geometry": {
        "type": "Point",
        "coordinates": [
          121.5395796,
          25.046389
        ]
      },
      "properties": {
        "id": "TPE1350",
        "name": "USPACE中崙旗艦一場",
        "area": "中山區",
        "address": "八德路2段214號旁",
        "summary": "大型車:0格，小型車:34格(含身心障礙停車位1格)，機車:0格",
        "tel": "7751-8097",
        "car": 34,
        "motor": 0,
        "charging": 0,
        "occupied_rate": -99,
        "data_time": "Sat May 02 00:00:00 CST 2026"
      }
    },
    {
      "type": "Feature",
      "geometry": {
        "type": "Point",
        "coordinates": [
          121.5880692,
          25.0639293
        ]
      },
      "properties": {
        "id": "TPE1351",
        "name": "禾典金莊站",
        "area": "內湖區",
        "address": "金莊路129號左側旁空地",
        "summary": "大型車:0格，小型車:95格(含身心障礙停車位2格)，機車:0格",
        "tel": "27086610",
        "car": 95,
        "motor": 0,
        "charging": 0,
        "occupied_rate": -99,
        "data_time": "Sat May 02 00:00:00 CST 2026"
      }
    },
    {
      "type": "Feature",
      "geometry": {
        "type": "Point",
        "coordinates": [
          121.5886535,
          25.0644754
        ]
      },
      "properties": {
        "id": "TPE1352",
        "name": "禾典金豐站",
        "area": "內湖區",
        "address": "金莊路129號右側旁空地",
        "summary": "大型車:28格，小型車:58格(含身心障礙停車位1格)，機車:94格(含身心障礙停車位2格)",
        "tel": "27086610",
        "car": 58,
        "motor": 94,
        "charging": 0,
        "occupied_rate": -99,
        "data_time": "Sat May 02 00:00:00 CST 2026"
      }
    },
    {
      "type": "Feature",
      "geometry": {
        "type": "Point",
        "coordinates": [
          121.5366912,
          25.0781196
        ]
      },
      "properties": {
        "id": "TPE1353",
        "name": "經國七海文化園區地下平面停車場",
        "area": "中山區",
        "address": "北安路303號地下1層",
        "summary": "大型車:0格，小型車:60格(含身心障礙停車位2格)，機車:0格",
        "tel": "2218-5452",
        "car": 60,
        "motor": 0,
        "charging": 0,
        "occupied_rate": -99,
        "data_time": "Sat May 02 00:00:00 CST 2026"
      }
    },
    {
      "type": "Feature",
      "geometry": {
        "type": "Point",
        "coordinates": [
          121.575513,
          25.064405
        ]
      },
      "properties": {
        "id": "TPE1354",
        "name": "好市多內湖店停車場",
        "area": "內湖區",
        "address": "舊宗路1段268號地上1層及地下1至3層",
        "summary": "大型車:0格，小型車:572格(含身心障礙停車位11格，孕婦、育有六歲以下兒童停車位12格)，機車:0格，充電格位:14格",
        "tel": "'0972908997(新詠科技向明慶)",
        "car": 572,
        "motor": 0,
        "charging": 0,
        "occupied_rate": -99,
        "data_time": "Sat May 02 00:00:00 CST 2026"
      }
    },
    {
      "type": "Feature",
      "geometry": {
        "type": "Point",
        "coordinates": [
          121.5457868,
          24.9963688
        ]
      },
      "properties": {
        "id": "TPE1356",
        "name": "景興路臨時平面停車場",
        "area": "文山區",
        "address": "景興路53巷~85巷之間",
        "summary": "大型車:0格，小型車:32格(含身心障礙停車位1格)，機車:0格",
        "tel": "2759-0666",
        "car": 32,
        "motor": 0,
        "charging": 0,
        "occupied_rate": -99,
        "data_time": "Sat May 02 00:00:00 CST 2026"
      }
    },
    {
      "type": "Feature",
      "geometry": {
        "type": "Point",
        "coordinates": [
          121.5500655,
          25.0209411
        ]
      },
      "properties": {
        "id": "TPE1357",
        "name": "USPACE嘉興基隆場",
        "area": "大安區",
        "address": "基隆路2段291巷15號旁空地",
        "summary": "大型車:0格，小型車:4格(含身心障礙停車位1格)，機車:0格",
        "tel": "0933223591",
        "car": 4,
        "motor": 0,
        "charging": 0,
        "occupied_rate": -99,
        "data_time": "Sat May 02 00:00:00 CST 2026"
      }
    },
    {
      "type": "Feature",
      "geometry": {
        "type": "Point",
        "coordinates": [
          121.5637386,
          25.0425572
        ]
      },
      "properties": {
        "id": "TPE1358",
        "name": "忠孝富園地下停車場",
        "area": "信義區",
        "address": "忠孝東路4段559巷20號地下1層",
        "summary": "大型車:0格，小型車:8格(含身心障礙停車位1格)，機車:0格",
        "tel": "0800021111",
        "car": 8,
        "motor": 0,
        "charging": 0,
        "occupied_rate": -99,
        "data_time": "Sat May 02 00:00:00 CST 2026"
      }
    },
    {
      "type": "Feature",
      "geometry": {
        "type": "Point",
        "coordinates": [
          121.5298487,
          25.0529694
        ]
      },
      "properties": {
        "id": "TPE1362",
        "name": "帝樂文娜停車場",
        "area": "中山區",
        "address": "南京東路2段41巷3弄8號地下2-3層",
        "summary": "大型車:0格，小型車:22格(含身心障礙停車位1格)，機車:0格",
        "tel": "02-22702916",
        "car": 22,
        "motor": 0,
        "charging": 0,
        "occupied_rate": -99,
        "data_time": "Sat May 02 00:00:00 CST 2026"
      }
    },
    {
      "type": "Feature",
      "geometry": {
        "type": "Point",
        "coordinates": [
          121.5086221,
          25.0417089
        ]
      },
      "properties": {
        "id": "TPE1364",
        "name": "嘟嘟房台北西門站停車場",
        "area": "中正區",
        "address": "中華路1段57號地下1至5層",
        "summary": "大型車:0格，小型車:87格(含身心障礙停車位3格)，機車:58格(含身心障礙停車位2格)",
        "tel": "2655-0818",
        "car": 87,
        "motor": 58,
        "charging": 0,
        "occupied_rate": -99,
        "data_time": "Sat May 02 00:00:00 CST 2026"
      }
    },
    {
      "type": "Feature",
      "geometry": {
        "type": "Point",
        "coordinates": [
          121.5789542,
          25.0728373
        ]
      },
      "properties": {
        "id": "TPE1365",
        "name": "瑞光社會住宅地下停車場",
        "area": "內湖區",
        "address": "瑞光路160號地下1-4層",
        "summary": "大型車:0格，小型車:194格(含身心障礙停車位11格，孕婦、育有六歲以下兒童停車位4格)，機車:283格(含身心障礙停車位10格)，充電格位:4格",
        "tel": "0226276775",
        "car": 194,
        "motor": 283,
        "charging": 0,
        "occupied_rate": -99,
        "data_time": "Sat May 02 00:00:00 CST 2026"
      }
    },
    {
      "type": "Feature",
      "geometry": {
        "type": "Point",
        "coordinates": [
          121.5430906,
          25.0532489
        ]
      },
      "properties": {
        "id": "TPE1366",
        "name": "嘟嘟房富邦遼寧大樓站停車場",
        "area": "中山區",
        "address": "遼寧街177號地下1至6層",
        "summary": "大型車:0格，小型車:363格(含身心障礙停車位8格)，機車:680格(含身心障礙停車位14格)，充電格位:6格",
        "tel": "022655-0818",
        "car": 363,
        "motor": 680,
        "charging": 0,
        "occupied_rate": -99,
        "data_time": "Sat May 02 00:00:00 CST 2026"
      }
    },
    {
      "type": "Feature",
      "geometry": {
        "type": "Point",
        "coordinates": [
          121.5462711,
          25.0253021
        ]
      },
      "properties": {
        "id": "TPE1367",
        "name": "Times和平東路三段",
        "area": "大安區",
        "address": "和平東路3段1巷10弄5號旁空地",
        "summary": "大型車:0格，小型車:6格(含身心障礙停車位1格)，機車:0格",
        "tel": "0800-88-8924；2504-6098",
        "car": 6,
        "motor": 0,
        "charging": 0,
        "occupied_rate": -99,
        "data_time": "Sat May 02 00:00:00 CST 2026"
      }
    },
    {
      "type": "Feature",
      "geometry": {
        "type": "Point",
        "coordinates": [
          121.59142,
          25.0830914
        ]
      },
      "properties": {
        "id": "TPE1368",
        "name": "內湖停車場",
        "area": "內湖區",
        "address": "內湖路2段327號",
        "summary": "大型車:0格，小型車:19格(含身心障礙停車位1格)，機車:0格",
        "tel": "8792-2512",
        "car": 19,
        "motor": 0,
        "charging": 0,
        "occupied_rate": -99,
        "data_time": "Sat May 02 00:00:00 CST 2026"
      }
    },
    {
      "type": "Feature",
      "geometry": {
        "type": "Point",
        "coordinates": [
          121.4998613,
          25.0412262
        ]
      },
      "properties": {
        "id": "TPE1371",
        "name": "Times長沙街二段",
        "area": "萬華區",
        "address": "長沙街2段178號旁",
        "summary": "大型車:0格，小型車:12格(含身心障礙停車位1格)，機車:0格",
        "tel": "0800888924",
        "car": 12,
        "motor": 0,
        "charging": 0,
        "occupied_rate": -99,
        "data_time": "Sat May 02 00:00:00 CST 2026"
      }
    },
    {
      "type": "Feature",
      "geometry": {
        "type": "Point",
        "coordinates": [
          121.5593767,
          25.0499293
        ]
      },
      "properties": {
        "id": "TPE1372",
        "name": "叭叭房八德大樓地下停車場",
        "area": "松山區",
        "address": "光復北路11巷33號地下3至4層",
        "summary": "大型車:0格，小型車:118格(含身心障礙停車位3格)，機車:0格，充電格位:2格",
        "tel": "0227684999#806",
        "car": 118,
        "motor": 0,
        "charging": 0,
        "occupied_rate": -99,
        "data_time": "Sat May 02 00:00:00 CST 2026"
      }
    },
    {
      "type": "Feature",
      "geometry": {
        "type": "Point",
        "coordinates": [
          121.4688706,
          25.124968
        ]
      },
      "properties": {
        "id": "TPE1373",
        "name": "立功停車場",
        "area": "北投區",
        "address": "立功街55巷旁空地",
        "summary": "大型車:0格，小型車:135格(含身心障礙停車位4格)，機車:0格",
        "tel": "0800-021-111",
        "car": 135,
        "motor": 0,
        "charging": 0,
        "occupied_rate": -99,
        "data_time": "Sat May 02 00:00:00 CST 2026"
      }
    },
    {
      "type": "Feature",
      "geometry": {
        "type": "Point",
        "coordinates": [
          121.526832,
          25.0926968
        ]
      },
      "properties": {
        "id": "TPE1374",
        "name": "Times士林捷運站",
        "area": "士林區",
        "address": "中山北路5段505巷26號對面空地",
        "summary": "大型車:0格，小型車:6格(含身心障礙停車位1格)，機車:0格",
        "tel": "0809008924",
        "car": 6,
        "motor": 0,
        "charging": 0,
        "occupied_rate": -99,
        "data_time": "Sat May 02 00:00:00 CST 2026"
      }
    },
    {
      "type": "Feature",
      "geometry": {
        "type": "Point",
        "coordinates": [
          121.510967,
          25.0564911
        ]
      },
      "properties": {
        "id": "TPE1375",
        "name": "民樂街停車場",
        "area": "大同區",
        "address": "民樂街95號旁空地",
        "summary": "大型車:0格，小型車:11格(含身心障礙停車位1格)，機車:0格",
        "tel": "2778-5756",
        "car": 11,
        "motor": 0,
        "charging": 0,
        "occupied_rate": -99,
        "data_time": "Sat May 02 00:00:00 CST 2026"
      }
    },
    {
      "type": "Feature",
      "geometry": {
        "type": "Point",
        "coordinates": [
          121.6190845,
          25.0430072
        ]
      },
      "properties": {
        "id": "TPE1376",
        "name": "中南社會住宅地下停車場",
        "area": "南港區",
        "address": "舊莊街1段3巷42號地下1至3層",
        "summary": "大型車:0格，小型車:73格(含身心障礙停車位2格，孕婦、育有六歲以下兒童停車位1格)，機車:118格(含身心障礙停車位2格)，充電格位:2格",
        "tel": "0226534967",
        "car": 73,
        "motor": 118,
        "charging": 0,
        "occupied_rate": -99,
        "data_time": "Sat May 02 00:00:00 CST 2026"
      }
    },
    {
      "type": "Feature",
      "geometry": {
        "type": "Point",
        "coordinates": [
          121.5225706,
          25.0894257
        ]
      },
      "properties": {
        "id": "TPE1377",
        "name": "臺北市政府社會局士林社會福利服務中心基河馨園國宅附設停車場",
        "area": "士林區",
        "address": "基河路140號地下3層",
        "summary": "大型車:0格，小型車:4格(含身心障礙停車位1格)，機車:0格",
        "tel": "(02)28350247",
        "car": 4,
        "motor": 0,
        "charging": 0,
        "occupied_rate": -99,
        "data_time": "Sat May 02 00:00:00 CST 2026"
      }
    },
    {
      "type": "Feature",
      "geometry": {
        "type": "Point",
        "coordinates": [
          121.5701165,
          25.0773382
        ]
      },
      "properties": {
        "id": "TPE1378",
        "name": "嘟嘟房內湖堤頂5站停車場",
        "area": "內湖區",
        "address": "堤頂大道2段179、181號地下1至5層",
        "summary": "大型車:0格，小型車:83格(含身心障礙停車位4格)，機車:323格(含身心障礙停車位6格)，充電格位:1格",
        "tel": "(02)26550818",
        "car": 83,
        "motor": 323,
        "charging": 0,
        "occupied_rate": -99,
        "data_time": "Sat May 02 00:00:00 CST 2026"
      }
    },
    {
      "type": "Feature",
      "geometry": {
        "type": "Point",
        "coordinates": [
          121.5134725,
          25.0747304
        ]
      },
      "properties": {
        "id": "TPE1379",
        "name": "臺北市立啟聰學校忠區停車場",
        "area": "大同區",
        "address": "重慶北路3段320號",
        "summary": "大型車:0格，小型車:10格(含身心障礙停車位2格)，機車:0格",
        "tel": "2592-4446#313",
        "car": 10,
        "motor": 0,
        "charging": 0,
        "occupied_rate": -99,
        "data_time": "Sat May 02 00:00:00 CST 2026"
      }
    },
    {
      "type": "Feature",
      "geometry": {
        "type": "Point",
        "coordinates": [
          121.5033453,
          25.1232637
        ]
      },
      "properties": {
        "id": "TPE1380",
        "name": "新奇岩社會住宅地下停車場",
        "area": "北投區",
        "address": "磺港路261號地下層（共三層）",
        "summary": "大型車:0格，小型車:170格(含身心障礙停車位4格，孕婦、育有六歲以下兒童停車位2格)，機車:195格(含身心障礙停車位8格)，大型重機:3格，充電格位:4格",
        "tel": "0228988375",
        "car": 170,
        "motor": 195,
        "charging": 0,
        "occupied_rate": -99,
        "data_time": "Sat May 02 00:00:00 CST 2026"
      }
    },
    {
      "type": "Feature",
      "geometry": {
        "type": "Point",
        "coordinates": [
          121.5749264,
          25.0612813
        ]
      },
      "properties": {
        "id": "TPE1382",
        "name": "美福停車場",
        "area": "內湖區",
        "address": "民善街128號地下三至四層",
        "summary": "大型車:0格，小型車:79格(含身心障礙停車位2格)，機車:0格",
        "tel": "0227918686#123",
        "car": 79,
        "motor": 0,
        "charging": 0,
        "occupied_rate": -99,
        "data_time": "Sat May 02 00:00:00 CST 2026"
      }
    },
    {
      "type": "Feature",
      "geometry": {
        "type": "Point",
        "coordinates": [
          121.5081898,
          25.0235142
        ]
      },
      "properties": {
        "id": "TPE1383",
        "name": "青年公園高爾夫球練習場附設停車場",
        "area": "萬華區",
        "address": "國興路5號",
        "summary": "大型車:0格，小型車:21格(含身心障礙停車位1格)，機車:0格",
        "tel": "2301-4409",
        "car": 21,
        "motor": 0,
        "charging": 0,
        "occupied_rate": -99,
        "data_time": "Sat May 02 00:00:00 CST 2026"
      }
    },
    {
      "type": "Feature",
      "geometry": {
        "type": "Point",
        "coordinates": [
          121.5200899,
          25.1182721
        ]
      },
      "properties": {
        "id": "TPE1384",
        "name": "Times北護大學思樓停車場",
        "area": "北投區",
        "address": "明德路365號【教學綜合研究大樓】地下1至2層",
        "summary": "大型車:0格，小型車:91格(含身心障礙停車位3格，孕婦、育有六歲以下兒童停車位2格)，機車:0格，充電格位:2格",
        "tel": "0809008924",
        "car": 91,
        "motor": 0,
        "charging": 0,
        "occupied_rate": -99,
        "data_time": "Sat May 02 00:00:00 CST 2026"
      }
    },
    {
      "type": "Feature",
      "geometry": {
        "type": "Point",
        "coordinates": [
          121.5181121,
          25.118173
        ]
      },
      "properties": {
        "id": "TPE1385",
        "name": "Times北護大爾雅樓停車場",
        "area": "北投區",
        "address": "明德路365號地下1至2層【第三學生宿舍大樓】",
        "summary": "大型車:0格，小型車:33格(含身心障礙停車位2格，孕婦、育有六歲以下兒童停車位1格)，機車:0格，充電格位:1格",
        "tel": "0800-88-8924、0809-00-8924",
        "car": 33,
        "motor": 0,
        "charging": 0,
        "occupied_rate": -99,
        "data_time": "Sat May 02 00:00:00 CST 2026"
      }
    },
    {
      "type": "Feature",
      "geometry": {
        "type": "Point",
        "coordinates": [
          121.5266997,
          25.1167659
        ]
      },
      "properties": {
        "id": "TPE1386",
        "name": "天玉一停車場",
        "area": "士林區",
        "address": "中山北路6段441巷旁空地",
        "summary": "大型車:0格，小型車:6格(含身心障礙停車位1格)，機車:0格",
        "tel": "2776-3355",
        "car": 6,
        "motor": 0,
        "charging": 0,
        "occupied_rate": -99,
        "data_time": "Sat May 02 00:00:00 CST 2026"
      }
    },
    {
      "type": "Feature",
      "geometry": {
        "type": "Point",
        "coordinates": [
          121.5269598,
          25.1161579
        ]
      },
      "properties": {
        "id": "TPE1387",
        "name": "天玉二停車場",
        "area": "士林區",
        "address": "中山北路6段441巷旁空地",
        "summary": "大型車:0格，小型車:6格(含身心障礙停車位1格)，機車:0格",
        "tel": "2776-3355",
        "car": 6,
        "motor": 0,
        "charging": 0,
        "occupied_rate": -99,
        "data_time": "Sat May 02 00:00:00 CST 2026"
      }
    },
    {
      "type": "Feature",
      "geometry": {
        "type": "Point",
        "coordinates": [
          121.5743002,
          25.0785115
        ]
      },
      "properties": {
        "id": "TPE1388",
        "name": "大港墘公園地下停車場",
        "area": "內湖區",
        "address": "洲子街18號地下1至2層",
        "summary": "大型車:0格，小型車:258格(含身心障礙停車位6格，孕婦、育有六歲以下兒童停車位6格)，機車:178格(含身心障礙停車位4格)，大型重機:5格，充電格位:6格",
        "tel": "0227995657",
        "car": 258,
        "motor": 178,
        "charging": 0,
        "occupied_rate": -99,
        "data_time": "Sat May 02 00:00:00 CST 2026"
      }
    },
    {
      "type": "Feature",
      "geometry": {
        "type": "Point",
        "coordinates": [
          121.5765106,
          24.9887528
        ]
      },
      "properties": {
        "id": "TPE1389",
        "name": "博客停車場-政大場",
        "area": "文山區",
        "address": "萬壽路27號地下1-2層",
        "summary": "大型車:0格，小型車:29格(含身心障礙停車位2格)，機車:0格",
        "tel": "2948-8889*220",
        "car": 29,
        "motor": 0,
        "charging": 0,
        "occupied_rate": -99,
        "data_time": "Sat May 02 00:00:00 CST 2026"
      }
    },
    {
      "type": "Feature",
      "geometry": {
        "type": "Point",
        "coordinates": [
          121.5386467,
          25.0010353
        ]
      },
      "properties": {
        "id": "TPE1390",
        "name": "羅斯福路5段236巷臨時平面停車場",
        "area": "文山區",
        "address": "羅斯福路5段236巷3之3號旁",
        "summary": "大型車:0格，小型車:3格(含身心障礙停車位1格)，機車:0格",
        "tel": "2759-0666",
        "car": 3,
        "motor": 0,
        "charging": 0,
        "occupied_rate": -99,
        "data_time": "Sat May 02 00:00:00 CST 2026"
      }
    },
    {
      "type": "Feature",
      "geometry": {
        "type": "Point",
        "coordinates": [
          121.5406975,
          25.0296808
        ]
      },
      "properties": {
        "id": "TPE1391",
        "name": "Times瑞安街第2",
        "area": "大安區",
        "address": "瑞安街208巷35弄2號對面",
        "summary": "大型車:0格，小型車:5格(含身心障礙停車位1格)，機車:0格",
        "tel": "0800-88-8924；2504-6098",
        "car": 5,
        "motor": 0,
        "charging": 0,
        "occupied_rate": -99,
        "data_time": "Sat May 02 00:00:00 CST 2026"
      }
    },
    {
      "type": "Feature",
      "geometry": {
        "type": "Point",
        "coordinates": [
          121.5330587,
          25.1092116
        ]
      },
      "properties": {
        "id": "TPE1392",
        "name": "博客停車場-德行東場",
        "area": "士林區",
        "address": "德行東路230號地下1層",
        "summary": "大型車:0格，小型車:25格(含身心障礙停車位1格)，機車:0格",
        "tel": "2948-8889#222",
        "car": 25,
        "motor": 0,
        "charging": 0,
        "occupied_rate": -99,
        "data_time": "Sat May 02 00:00:00 CST 2026"
      }
    },
    {
      "type": "Feature",
      "geometry": {
        "type": "Point",
        "coordinates": [
          121.5474656,
          25.1390936
        ]
      },
      "properties": {
        "id": "TPE1393",
        "name": "格致路停車場",
        "area": "士林區",
        "address": "和平路10號地下1層",
        "summary": "大型車:0格，小型車:49格(含身心障礙停車位1格)，機車:0格",
        "tel": "0225117767",
        "car": 49,
        "motor": 0,
        "charging": 0,
        "occupied_rate": -99,
        "data_time": "Sat May 02 00:00:00 CST 2026"
      }
    },
    {
      "type": "Feature",
      "geometry": {
        "type": "Point",
        "coordinates": [
          121.5161267,
          25.0518238
        ]
      },
      "properties": {
        "id": "TPE1395",
        "name": "Times 太原路【機車】",
        "area": "大同區",
        "address": "太原路79巷11號旁空地",
        "summary": "大型車:0格，小型車:0格，機車:21格(含身心障礙停車位1格)",
        "tel": "2504-6098",
        "car": 0,
        "motor": 21,
        "charging": 0,
        "occupied_rate": -99,
        "data_time": "Sat May 02 00:00:00 CST 2026"
      }
    },
    {
      "type": "Feature",
      "geometry": {
        "type": "Point",
        "coordinates": [
          121.5430763,
          25.0434128
        ]
      },
      "properties": {
        "id": "TPE1396",
        "name": "USPACE萬象三階停車場",
        "area": "大安區",
        "address": "復興南路1段126巷1號3層之2之3",
        "summary": "大型車:0格，小型車:30格(含身心障礙停車位1格)，機車:0格",
        "tel": "0933223591",
        "car": 30,
        "motor": 0,
        "charging": 0,
        "occupied_rate": -99,
        "data_time": "Sat May 02 00:00:00 CST 2026"
      }
    },
    {
      "type": "Feature",
      "geometry": {
        "type": "Point",
        "coordinates": [
          121.5157694,
          25.0449592
        ]
      },
      "properties": {
        "id": "TPE1397",
        "name": "信陽街臨時機車平面停車場",
        "area": "中正區",
        "address": "信陽街19號旁空地",
        "summary": "大型車:0格，小型車:0格，機車:29格(含身心障礙停車位1格)",
        "tel": "0989-637-555",
        "car": 0,
        "motor": 29,
        "charging": 0,
        "occupied_rate": -99,
        "data_time": "Sat May 02 00:00:00 CST 2026"
      }
    },
    {
      "type": "Feature",
      "geometry": {
        "type": "Point",
        "coordinates": [
          121.5569391,
          25.0320494
        ]
      },
      "properties": {
        "id": "TPE1398",
        "name": "文昌街停車場",
        "area": "大安區",
        "address": "文昌街305號對面空地",
        "summary": "大型車:0格，小型車:3格(含身心障礙停車位1格)，機車:0格",
        "tel": "2778-5756",
        "car": 3,
        "motor": 0,
        "charging": 0,
        "occupied_rate": -99,
        "data_time": "Sat May 02 00:00:00 CST 2026"
      }
    },
    {
      "type": "Feature",
      "geometry": {
        "type": "Point",
        "coordinates": [
          121.6039524,
          25.0542665
        ]
      },
      "properties": {
        "id": "TPE1399",
        "name": "東明甲區社會住宅地下停車場",
        "area": "南港區",
        "address": "南港路2段60巷12、16、18號地下1至3層",
        "summary": "大型車:0格，小型車:65格(含身心障礙停車位2格，孕婦、育有六歲以下兒童停車位2格)，機車:90格(含身心障礙停車位5格)，充電格位:1格",
        "tel": "0226510865",
        "car": 65,
        "motor": 90,
        "charging": 0,
        "occupied_rate": -99,
        "data_time": "Sat May 02 00:00:00 CST 2026"
      }
    },
    {
      "type": "Feature",
      "geometry": {
        "type": "Point",
        "coordinates": [
          121.6040757,
          25.0545368
        ]
      },
      "properties": {
        "id": "TPE1400",
        "name": "東明乙區社會住宅地下停車場",
        "area": "南港區",
        "address": "南港路2段38巷6號(含之1~3)及60巷13號地下1至4層",
        "summary": "大型車:0格，小型車:323格(含身心障礙停車位8格，孕婦、育有六歲以下兒童停車位6格)，機車:373格(含身心障礙停車位35格)，充電格位:6格",
        "tel": "0228318671",
        "car": 323,
        "motor": 373,
        "charging": 0,
        "occupied_rate": -99,
        "data_time": "Sat May 02 00:00:00 CST 2026"
      }
    },
    {
      "type": "Feature",
      "geometry": {
        "type": "Point",
        "coordinates": [
          121.5034616,
          25.0202643
        ]
      },
      "properties": {
        "id": "TPE1401",
        "name": "青年一期社會住宅地下停車場",
        "area": "萬華區",
        "address": "青年路188號地下1至2層",
        "summary": "大型車:0格，小型車:133格(含身心障礙停車位4格，孕婦、育有六歲以下兒童停車位3格)，機車:160格(含身心障礙停車位4格)，大型重機:1格，充電格位:3格",
        "tel": "0800076080",
        "car": 133,
        "motor": 160,
        "charging": 0,
        "occupied_rate": -99,
        "data_time": "Sat May 02 00:00:00 CST 2026"
      }
    },
    {
      "type": "Feature",
      "geometry": {
        "type": "Point",
        "coordinates": [
          121.5640835,
          25.0543849
        ]
      },
      "properties": {
        "id": "TPE1402",
        "name": "健康1區社會住宅地下停車場",
        "area": "松山區",
        "address": "健康路285號(地下1至3層)",
        "summary": "大型車:0格，小型車:135格(含身心障礙停車位3格，孕婦、育有六歲以下兒童停車位3格)，機車:161格(含身心障礙停車位4格)，大型重機:10格，充電格位:3格",
        "tel": "0277518097",
        "car": 135,
        "motor": 161,
        "charging": 0,
        "occupied_rate": -99,
        "data_time": "Sat May 02 00:00:00 CST 2026"
      }
    },
    {
      "type": "Feature",
      "geometry": {
        "type": "Point",
        "coordinates": [
          121.5658651,
          25.0544752
        ]
      },
      "properties": {
        "id": "TPE1403",
        "name": "健康2區社會住宅地下停車場",
        "area": "松山區",
        "address": "健康路309號(地下1至3層)",
        "summary": "大型車:0格，小型車:149格(含身心障礙停車位5格，孕婦、育有六歲以下兒童停車位3格)，機車:174格(含身心障礙停車位4格)，大型重機:8格，充電格位:4格",
        "tel": "027751-8097",
        "car": 149,
        "motor": 174,
        "charging": 0,
        "occupied_rate": -99,
        "data_time": "Sat May 02 00:00:00 CST 2026"
      }
    },
    {
      "type": "Feature",
      "geometry": {
        "type": "Point",
        "coordinates": [
          121.5596834,
          24.9931506
        ]
      },
      "properties": {
        "id": "TPE1404",
        "name": "興隆路3段229巷平面停車場",
        "area": "文山區",
        "address": "興隆路3段229巷7號對面",
        "summary": "大型車:0格，小型車:23格(含身心障礙停車位1格)，機車:0格",
        "tel": "2246-1708",
        "car": 23,
        "motor": 0,
        "charging": 0,
        "occupied_rate": -99,
        "data_time": "Sat May 02 00:00:00 CST 2026"
      }
    },
    {
      "type": "Feature",
      "geometry": {
        "type": "Point",
        "coordinates": [
          121.5548576,
          25.0339327
        ]
      },
      "properties": {
        "id": "TPE1405",
        "name": "小君悅站",
        "area": "大安區",
        "address": "信義路4段265巷17-1號",
        "summary": "大型車:0格，小型車:20格(含身心障礙停車位1格)，機車:0格",
        "tel": "7720-0935；0926-696-187",
        "car": 20,
        "motor": 0,
        "charging": 0,
        "occupied_rate": -99,
        "data_time": "Sat May 02 00:00:00 CST 2026"
      }
    },
    {
      "type": "Feature",
      "geometry": {
        "type": "Point",
        "coordinates": [
          121.5603509,
          25.0279626
        ]
      },
      "properties": {
        "id": "TPE1406",
        "name": "Times吳興街",
        "area": "信義區",
        "address": "吳興街156巷33弄6號旁空地",
        "summary": "大型車:0格，小型車:5格(含身心障礙停車位1格)，機車:0格",
        "tel": "0809008924；2504-6098",
        "car": 5,
        "motor": 0,
        "charging": 0,
        "occupied_rate": -99,
        "data_time": "Sat May 02 00:00:00 CST 2026"
      }
    },
    {
      "type": "Feature",
      "geometry": {
        "type": "Point",
        "coordinates": [
          121.6169599,
          25.0469861
        ]
      },
      "properties": {
        "id": "TPE1407",
        "name": "大坑街臨時平面停車場",
        "area": "南港區",
        "address": "大坑街與研究院路2段35巷23弄口",
        "summary": "大型車:0格，小型車:4格(含身心障礙停車位1格)，機車:0格",
        "tel": "0227590666",
        "car": 4,
        "motor": 0,
        "charging": 0,
        "occupied_rate": -99,
        "data_time": "Sat May 02 00:00:00 CST 2026"
      }
    },
    {
      "type": "Feature",
      "geometry": {
        "type": "Point",
        "coordinates": [
          121.6065932,
          25.0576412
        ]
      },
      "properties": {
        "id": "TPE1408",
        "name": "興中路80巷平面停車場",
        "area": "南港區",
        "address": "興中路與興中路86巷交叉口",
        "summary": "大型車:0格，小型車:8格(含身心障礙停車位1格)，機車:0格",
        "tel": "0227590666",
        "car": 8,
        "motor": 0,
        "charging": 0,
        "occupied_rate": -99,
        "data_time": "Sat May 02 00:00:00 CST 2026"
      }
    },
    {
      "type": "Feature",
      "geometry": {
        "type": "Point",
        "coordinates": [
          121.5571374,
          25.0025177
        ]
      },
      "properties": {
        "id": "TPE1409",
        "name": "興德路臨時平面停車場",
        "area": "文山區",
        "address": "興德路55-1號對面",
        "summary": "大型車:0格，小型車:9格(含身心障礙停車位1格)，機車:46格",
        "tel": "2759-0666",
        "car": 9,
        "motor": 46,
        "charging": 0,
        "occupied_rate": -99,
        "data_time": "Sat May 02 00:00:00 CST 2026"
      }
    },
    {
      "type": "Feature",
      "geometry": {
        "type": "Point",
        "coordinates": [
          121.5320926,
          25.0220199
        ]
      },
      "properties": {
        "id": "TPE1410",
        "name": "辛亥路溫州段橋下平面停車場",
        "area": "大安區",
        "address": "溫州街46巷口、辛亥路1段",
        "summary": "大型車:0格，小型車:24格(含身心障礙停車位1格)，機車:0格",
        "tel": "27590666",
        "car": 24,
        "motor": 0,
        "charging": 0,
        "occupied_rate": -99,
        "data_time": "Sat May 02 00:00:00 CST 2026"
      }
    },
    {
      "type": "Feature",
      "geometry": {
        "type": "Point",
        "coordinates": [
          121.5579278,
          24.9883339
        ]
      },
      "properties": {
        "id": "TPE1411",
        "name": "興隆D1社會住宅地下停車場",
        "area": "文山區",
        "address": "木柵路2段2巷12-50號地下1至3層",
        "summary": "大型車:0格，小型車:128格(含身心障礙停車位4格，孕婦、育有六歲以下兒童停車位3格)，機車:114格(含身心障礙停車位4格)，充電格位:3格",
        "tel": "2939-8930",
        "car": 128,
        "motor": 114,
        "charging": 0,
        "occupied_rate": -99,
        "data_time": "Sat May 02 00:00:00 CST 2026"
      }
    },
    {
      "type": "Feature",
      "geometry": {
        "type": "Point",
        "coordinates": [
          121.5192301,
          25.0871149
        ]
      },
      "properties": {
        "id": "TPE1412",
        "name": "博客停車場華齡場",
        "area": "士林區",
        "address": "華齡街175號地下1層",
        "summary": "大型車:0格，小型車:15格(含身心障礙停車位1格)，機車:0格",
        "tel": "0229488889",
        "car": 15,
        "motor": 0,
        "charging": 0,
        "occupied_rate": -99,
        "data_time": "Sat May 02 00:00:00 CST 2026"
      }
    },
    {
      "type": "Feature",
      "geometry": {
        "type": "Point",
        "coordinates": [
          121.5719444,
          25.0847228
        ]
      },
      "properties": {
        "id": "TPE1413",
        "name": "麗山停車場",
        "area": "內湖區",
        "address": "內湖路1段411巷90弄88號對面空地",
        "summary": "大型車:0格，小型車:39格(含身心障礙停車位1格)，機車:0格",
        "tel": "0937-458-725",
        "car": 39,
        "motor": 0,
        "charging": 0,
        "occupied_rate": -99,
        "data_time": "Sat May 02 00:00:00 CST 2026"
      }
    },
    {
      "type": "Feature",
      "geometry": {
        "type": "Point",
        "coordinates": [
          121.5600887,
          25.037249
        ]
      },
      "properties": {
        "id": "TPE1415",
        "name": "168停車聯盟-逸仙場",
        "area": "信義區",
        "address": "仁愛路4段496巷6號對面空地",
        "summary": "大型車:0格，小型車:32格(含身心障礙停車位1格)，機車:0格",
        "tel": "0227546661",
        "car": 32,
        "motor": 0,
        "charging": 0,
        "occupied_rate": -99,
        "data_time": "Sat May 02 00:00:00 CST 2026"
      }
    },
    {
      "type": "Feature",
      "geometry": {
        "type": "Point",
        "coordinates": [
          121.5260804,
          25.0342225
        ]
      },
      "properties": {
        "id": "TPE1416",
        "name": "168停車聯盟-信義御邸",
        "area": "大安區",
        "address": "信義路2段66、68、68-1號地下1至3層",
        "summary": "大型車:0格，小型車:60格(含身心障礙停車位2格)，機車:0格",
        "tel": "2754-6661 #18",
        "car": 60,
        "motor": 0,
        "charging": 0,
        "occupied_rate": -99,
        "data_time": "Sat May 02 00:00:00 CST 2026"
      }
    },
    {
      "type": "Feature",
      "geometry": {
        "type": "Point",
        "coordinates": [
          121.5341705,
          25.0635416
        ]
      },
      "properties": {
        "id": "TPE1417",
        "name": "臺北市中山地政事務所地下停車場",
        "area": "中山區",
        "address": "松江路357巷1號地下1層",
        "summary": "大型車:0格，小型車:9格(含身心障礙停車位1格，孕婦、育有六歲以下兒童停車位1格)，機車:0格",
        "tel": "2252-6381",
        "car": 9,
        "motor": 0,
        "charging": 0,
        "occupied_rate": -99,
        "data_time": "Sat May 02 00:00:00 CST 2026"
      }
    },
    {
      "type": "Feature",
      "geometry": {
        "type": "Point",
        "coordinates": [
          121.4987548,
          25.1376767
        ]
      },
      "properties": {
        "id": "TPE1418",
        "name": "禮頓企業有限公司永興停車場",
        "area": "北投區",
        "address": "大業路631-6號旁空地",
        "summary": "大型車:0格，小型車:9格(含身心障礙停車位1格)，機車:0格",
        "tel": "8672-5372",
        "car": 9,
        "motor": 0,
        "charging": 0,
        "occupied_rate": -99,
        "data_time": "Sat May 02 00:00:00 CST 2026"
      }
    },
    {
      "type": "Feature",
      "geometry": {
        "type": "Point",
        "coordinates": [
          121.5077839,
          25.119608
        ]
      },
      "properties": {
        "id": "TPE1419",
        "name": "禾聯立農段停車場",
        "area": "北投區",
        "address": "立農街349巷口空地",
        "summary": "大型車:0格，小型車:23格(含身心障礙停車位1格)，機車:0格",
        "tel": "03-396-1188",
        "car": 23,
        "motor": 0,
        "charging": 0,
        "occupied_rate": -99,
        "data_time": "Sat May 02 00:00:00 CST 2026"
      }
    },
    {
      "type": "Feature",
      "geometry": {
        "type": "Point",
        "coordinates": [
          121.5731272,
          25.0630939
        ]
      },
      "properties": {
        "id": "TPE1420",
        "name": "燦坤堤頂停車場",
        "area": "內湖區",
        "address": "堤頂大道1段333號地下1至3層",
        "summary": "大型車:0格，小型車:71格(含身心障礙停車位2格)，機車:122格(含身心障礙停車位3格)",
        "tel": "7720-3999",
        "car": 71,
        "motor": 122,
        "charging": 0,
        "occupied_rate": -99,
        "data_time": "Sat May 02 00:00:00 CST 2026"
      }
    },
    {
      "type": "Feature",
      "geometry": {
        "type": "Point",
        "coordinates": [
          121.573288,
          25.062836
        ]
      },
      "properties": {
        "id": "TPE1421",
        "name": "燦坤3C停車場",
        "area": "內湖區",
        "address": "堤頂大道1段331號地下2至3層",
        "summary": "大型車:0格，小型車:102格(含身心障礙停車位2格)，機車:0格，充電格位:4格",
        "tel": "0277203999",
        "car": 102,
        "motor": 0,
        "charging": 0,
        "occupied_rate": -99,
        "data_time": "Sat May 02 00:00:00 CST 2026"
      }
    },
    {
      "type": "Feature",
      "geometry": {
        "type": "Point",
        "coordinates": [
          121.5474728,
          24.9851384
        ]
      },
      "properties": {
        "id": "TPE1422",
        "name": "和興路53巷臨時平面停車場",
        "area": "文山區",
        "address": "和興路53巷口",
        "summary": "大型車:0格，小型車:25格(含身心障礙停車位1格)，機車:0格",
        "tel": "2759-0666",
        "car": 25,
        "motor": 0,
        "charging": 0,
        "occupied_rate": -99,
        "data_time": "Sat May 02 00:00:00 CST 2026"
      }
    },
    {
      "type": "Feature",
      "geometry": {
        "type": "Point",
        "coordinates": [
          121.4950644,
          25.1352808
        ]
      },
      "properties": {
        "id": "TPE1423",
        "name": "豐年運動公園平面停車場",
        "area": "北投區",
        "address": "大業路527巷與大業路525巷2弄口",
        "summary": "大型車:0格，小型車:63格(含身心障礙停車位2格)，機車:0格，充電格位:2格",
        "tel": "0227590666",
        "car": 63,
        "motor": 0,
        "charging": 0,
        "occupied_rate": -99,
        "data_time": "Sat May 02 00:00:00 CST 2026"
      }
    },
    {
      "type": "Feature",
      "geometry": {
        "type": "Point",
        "coordinates": [
          121.4956054,
          25.1348682
        ]
      },
      "properties": {
        "id": "TPE1424",
        "name": "豐年運動公園(一)平面停車場",
        "area": "北投區",
        "address": "大業路527巷與大業路525巷2弄口",
        "summary": "大型車:0格，小型車:18格(含身心障礙停車位1格)，機車:0格",
        "tel": "0227590666",
        "car": 18,
        "motor": 0,
        "charging": 0,
        "occupied_rate": -99,
        "data_time": "Sat May 02 00:00:00 CST 2026"
      }
    },
    {
      "type": "Feature",
      "geometry": {
        "type": "Point",
        "coordinates": [
          121.524207,
          25.0851406
        ]
      },
      "properties": {
        "id": "TPE1425",
        "name": "臺北表演藝術中心停車場",
        "area": "士林區",
        "address": "劍潭路1號地下1層",
        "summary": "大型車:0格，小型車:170格(含身心障礙停車位7格，孕婦、育有六歲以下兒童停車位4格)，機車:353格(含身心障礙停車位8格)，充電格位:5格",
        "tel": "0228833981",
        "car": 170,
        "motor": 353,
        "charging": 0,
        "occupied_rate": -99,
        "data_time": "Sat May 02 00:00:00 CST 2026"
      }
    },
    {
      "type": "Feature",
      "geometry": {
        "type": "Point",
        "coordinates": [
          121.5065563,
          25.14067
        ]
      },
      "properties": {
        "id": "TPE1426",
        "name": "華南巷停車場",
        "area": "北投區",
        "address": "泉源路華南巷2號對面空地",
        "summary": "大型車:0格，小型車:32格(含身心障礙停車位1格)，機車:0格",
        "tel": "2778-5756",
        "car": 32,
        "motor": 0,
        "charging": 0,
        "occupied_rate": -99,
        "data_time": "Sat May 02 00:00:00 CST 2026"
      }
    },
    {
      "type": "Feature",
      "geometry": {
        "type": "Point",
        "coordinates": [
          121.5247329,
          25.0721022
        ]
      },
      "properties": {
        "id": "TPE1427",
        "name": "臺北市立美術館臨時停車場",
        "area": "中山區",
        "address": "中山北路3段181號",
        "summary": "大型車:0格，小型車:75格(含身心障礙停車位2格，孕婦、育有六歲以下兒童停車位2格)，機車:28格(含身心障礙停車位1格)，充電格位:3格",
        "tel": "2595-7656",
        "car": 75,
        "motor": 28,
        "charging": 0,
        "occupied_rate": -99,
        "data_time": "Sat May 02 00:00:00 CST 2026"
      }
    },
    {
      "type": "Feature",
      "geometry": {
        "type": "Point",
        "coordinates": [
          121.5311697,
          25.0417631
        ]
      },
      "properties": {
        "id": "TPE1428",
        "name": "臨沂街臨時平面停車場",
        "area": "中正區",
        "address": "臨沂街19巷17號對面",
        "summary": "大型車:0格，小型車:0格，機車:26格(含身心障礙停車位1格)",
        "tel": "27590666",
        "car": 0,
        "motor": 26,
        "charging": 0,
        "occupied_rate": -99,
        "data_time": "Sat May 02 00:00:00 CST 2026"
      }
    },
    {
      "type": "Feature",
      "geometry": {
        "type": "Point",
        "coordinates": [
          121.5605595,
          24.9870849
        ]
      },
      "properties": {
        "id": "TPE1429",
        "name": "木柵公園平面停車場",
        "area": "文山區",
        "address": "興隆路4段與下崙路口",
        "summary": "大型車:0格，小型車:8格(含身心障礙停車位1格)，機車:0格",
        "tel": "2759-0666",
        "car": 8,
        "motor": 0,
        "charging": 0,
        "occupied_rate": -99,
        "data_time": "Sat May 02 00:00:00 CST 2026"
      }
    },
    {
      "type": "Feature",
      "geometry": {
        "type": "Point",
        "coordinates": [
          121.5595442,
          24.988233
        ]
      },
      "properties": {
        "id": "TPE1430",
        "name": "安康平宅B臨時平面停車場",
        "area": "文山區",
        "address": "興隆路4段42巷18-32號",
        "summary": "大型車:0格，小型車:3格(含身心障礙停車位1格)，機車:2格",
        "tel": "2759-0666",
        "car": 3,
        "motor": 2,
        "charging": 0,
        "occupied_rate": -99,
        "data_time": "Sat May 02 00:00:00 CST 2026"
      }
    },
    {
      "type": "Feature",
      "geometry": {
        "type": "Point",
        "coordinates": [
          121.5189242,
          25.0951532
        ]
      },
      "properties": {
        "id": "TPE1432",
        "name": "基河路大客車平面停車場",
        "area": "士林區",
        "address": "基河路與美崙街交叉口",
        "summary": "大型車:16格，小型車:0格，機車:0格",
        "tel": "02-85023598",
        "car": 0,
        "motor": 0,
        "charging": 0,
        "occupied_rate": -99,
        "data_time": "Sat May 02 00:00:00 CST 2026"
      }
    },
    {
      "type": "Feature",
      "geometry": {
        "type": "Point",
        "coordinates": [
          121.5053148,
          25.0279094
        ]
      },
      "properties": {
        "id": "TPE1435",
        "name": "新和庭園平面停車場",
        "area": "萬華區",
        "address": "中華路2段416巷與416巷10弄交叉口",
        "summary": "大型車:0格，小型車:91格(含身心障礙停車位2格)，機車:0格，充電格位:3格",
        "tel": "2655-0818",
        "car": 91,
        "motor": 0,
        "charging": 0,
        "occupied_rate": -99,
        "data_time": "Sat May 02 00:00:00 CST 2026"
      }
    },
    {
      "type": "Feature",
      "geometry": {
        "type": "Point",
        "coordinates": [
          121.5276529,
          25.0304025
        ]
      },
      "properties": {
        "id": "TPE1436",
        "name": "國立政治大學公共行政及企業管理教育中心",
        "area": "大安區",
        "address": "金華街187號",
        "summary": "大型車:0格，小型車:80格(含身心障礙停車位2格)，機車:0格，充電格位:2格",
        "tel": "2341-9151",
        "car": 80,
        "motor": 0,
        "charging": 0,
        "occupied_rate": -99,
        "data_time": "Sat May 02 00:00:00 CST 2026"
      }
    },
    {
      "type": "Feature",
      "geometry": {
        "type": "Point",
        "coordinates": [
          121.5220133,
          25.0543694
        ]
      },
      "properties": {
        "id": "TPE1437",
        "name": "中山北機車停車場",
        "area": "中山區",
        "address": "中山北路2段36巷7號旁空地",
        "summary": "大型車:0格，小型車:0格，機車:21格(含身心障礙停車位1格)",
        "tel": "7715-3105#688",
        "car": 0,
        "motor": 21,
        "charging": 0,
        "occupied_rate": -99,
        "data_time": "Sat May 02 00:00:00 CST 2026"
      }
    },
    {
      "type": "Feature",
      "geometry": {
        "type": "Point",
        "coordinates": [
          121.5127496,
          25.0621659
        ]
      },
      "properties": {
        "id": "TPE1438",
        "name": "延平北路2段247巷機車平面停車場",
        "area": "大同區",
        "address": "延平北路2段247巷內",
        "summary": "大型車:0格，小型車:0格，機車:250格(含身心障礙停車位5格)",
        "tel": "2759-0666",
        "car": 0,
        "motor": 250,
        "charging": 0,
        "occupied_rate": -99,
        "data_time": "Sat May 02 00:00:00 CST 2026"
      }
    },
    {
      "type": "Feature",
      "geometry": {
        "type": "Point",
        "coordinates": [
          121.4943412,
          25.1112868
        ]
      },
      "properties": {
        "id": "TPE1439",
        "name": "社子大橋堤外平面停車場",
        "area": "士林區",
        "address": "社子大橋北側自行車引道旁",
        "summary": "大型車:0格，小型車:44格(含身心障礙停車位1格)，機車:25格",
        "tel": "0227590666",
        "car": 44,
        "motor": 25,
        "charging": 0,
        "occupied_rate": -99,
        "data_time": "Sat May 02 00:00:00 CST 2026"
      }
    },
    {
      "type": "Feature",
      "geometry": {
        "type": "Point",
        "coordinates": [
          121.6091347,
          25.0669657
        ]
      },
      "properties": {
        "id": "TPE1440",
        "name": "安康公園臨時平面停車場",
        "area": "內湖區",
        "address": "康寧路3段70巷121號~131號對面",
        "summary": "大型車:0格，小型車:15格(含身心障礙停車位1格)，機車:6格",
        "tel": "0227590666",
        "car": 15,
        "motor": 6,
        "charging": 0,
        "occupied_rate": -99,
        "data_time": "Sat May 02 00:00:00 CST 2026"
      }
    },
    {
      "type": "Feature",
      "geometry": {
        "type": "Point",
        "coordinates": [
          121.4972262,
          25.0185655
        ]
      },
      "properties": {
        "id": "TPE1441",
        "name": "臺北市第一果菜批發市場中繼市場機車停車場",
        "area": "萬華區",
        "address": "萬大路533號地上2層",
        "summary": "大型車:0格，小型車:0格，機車:1500格(含身心障礙停車位30格)",
        "tel": "2307-7130",
        "car": 0,
        "motor": 1500,
        "charging": 0,
        "occupied_rate": -99,
        "data_time": "Sat May 02 00:00:00 CST 2026"
      }
    },
    {
      "type": "Feature",
      "geometry": {
        "type": "Point",
        "coordinates": [
          121.5203252,
          25.1147075
        ]
      },
      "properties": {
        "id": "TPE1443",
        "name": "長揚停車場懷德站",
        "area": "北投區",
        "address": "懷德街98巷5號對面空地",
        "summary": "大型車:0格，小型車:3格(含身心障礙停車位1格)，機車:0格",
        "tel": "0980140062",
        "car": 3,
        "motor": 0,
        "charging": 0,
        "occupied_rate": -99,
        "data_time": "Sat May 02 00:00:00 CST 2026"
      }
    },
    {
      "type": "Feature",
      "geometry": {
        "type": "Point",
        "coordinates": [
          121.5398119,
          25.0230235
        ]
      },
      "properties": {
        "id": "TPE1445",
        "name": "Times和平東路二段第2",
        "area": "大安區",
        "address": "和平東路2段76巷19弄1號對面",
        "summary": "大型車:0格，小型車:6格(含身心障礙停車位1格)，機車:0格",
        "tel": "0800-88-8924；2504-6098",
        "car": 6,
        "motor": 0,
        "charging": 0,
        "occupied_rate": -99,
        "data_time": "Sat May 02 00:00:00 CST 2026"
      }
    },
    {
      "type": "Feature",
      "geometry": {
        "type": "Point",
        "coordinates": [
          121.6053849,
          25.0547346
        ]
      },
      "properties": {
        "id": "TPE1447",
        "name": "全聯南港旗艦店停車場",
        "area": "南港區",
        "address": "南港路2段20巷5號地下2層",
        "summary": "大型車:0格，小型車:44格(含身心障礙停車位1格，孕婦、育有六歲以下兒童停車位1格)，機車:0格",
        "tel": "2246-1708",
        "car": 44,
        "motor": 0,
        "charging": 0,
        "occupied_rate": -99,
        "data_time": "Sat May 02 00:00:00 CST 2026"
      }
    },
    {
      "type": "Feature",
      "geometry": {
        "type": "Point",
        "coordinates": [
          121.5018551,
          25.1343687
        ]
      },
      "properties": {
        "id": "TPE1448",
        "name": "光明路停車場",
        "area": "北投區",
        "address": "光明路133號旁空地",
        "summary": "大型車:0格，小型車:44格(含身心障礙停車位1格)，機車:0格",
        "tel": "0921112221",
        "car": 44,
        "motor": 0,
        "charging": 0,
        "occupied_rate": -99,
        "data_time": "Sat May 02 00:00:00 CST 2026"
      }
    },
    {
      "type": "Feature",
      "geometry": {
        "type": "Point",
        "coordinates": [
          121.5189645,
          25.05387
        ]
      },
      "properties": {
        "id": "TPE1451",
        "name": "Times 赤峰街【機車】",
        "area": "大同區",
        "address": "赤峰街8巷8號旁",
        "summary": "大型車:0格，小型車:0格，機車:30格(含身心障礙停車位1格)",
        "tel": "0809008924",
        "car": 0,
        "motor": 30,
        "charging": 0,
        "occupied_rate": -99,
        "data_time": "Sat May 02 00:00:00 CST 2026"
      }
    },
    {
      "type": "Feature",
      "geometry": {
        "type": "Point",
        "coordinates": [
          121.5241576,
          25.0538112
        ]
      },
      "properties": {
        "id": "TPE1452",
        "name": "Times中山北路二段",
        "area": "中山區",
        "address": "中山北路2段39巷16號",
        "summary": "大型車:0格，小型車:27格(含身心障礙停車位1格)，機車:0格",
        "tel": "2504-6098",
        "car": 27,
        "motor": 0,
        "charging": 0,
        "occupied_rate": -99,
        "data_time": "Sat May 02 00:00:00 CST 2026"
      }
    },
    {
      "type": "Feature",
      "geometry": {
        "type": "Point",
        "coordinates": [
          121.5917084,
          25.0571077
        ]
      },
      "properties": {
        "id": "TPE1453",
        "name": "Times 成功路一段",
        "area": "南港區",
        "address": "成功路1段36巷20號對面",
        "summary": "大型車:0格，小型車:47格(含身心障礙停車位1格)，機車:0格",
        "tel": "0809008924",
        "car": 47,
        "motor": 0,
        "charging": 0,
        "occupied_rate": -99,
        "data_time": "Sat May 02 00:00:00 CST 2026"
      }
    },
    {
      "type": "Feature",
      "geometry": {
        "type": "Point",
        "coordinates": [
          121.5045448,
          25.1283198
        ]
      },
      "properties": {
        "id": "TPE1454",
        "name": "三合街1段82巷平面停車場",
        "area": "北投區",
        "address": "三合街1段82巷與82巷61弄交叉口",
        "summary": "大型車:0格，小型車:8格(含身心障礙停車位1格)，機車:5格(含身心障礙停車位1格)，充電格位:2格",
        "tel": "0227590666",
        "car": 8,
        "motor": 5,
        "charging": 0,
        "occupied_rate": -99,
        "data_time": "Sat May 02 00:00:00 CST 2026"
      }
    },
    {
      "type": "Feature",
      "geometry": {
        "type": "Point",
        "coordinates": [
          121.5943291,
          25.0573342
        ]
      },
      "properties": {
        "id": "TPE1455",
        "name": "小彎社會住宅地下停車場",
        "area": "南港區",
        "address": "向陽路246-256號地下1至3層",
        "summary": "大型車:0格，小型車:237格(含身心障礙停車位8格，孕婦、育有六歲以下兒童停車位5格)，機車:346格(含身心障礙停車位8格)，大型重機:4格，充電格位:5格",
        "tel": "0224551299",
        "car": 237,
        "motor": 346,
        "charging": 0,
        "occupied_rate": -99,
        "data_time": "Sat May 02 00:00:00 CST 2026"
      }
    },
    {
      "type": "Feature",
      "geometry": {
        "type": "Point",
        "coordinates": [
          121.5772794,
          25.0754868
        ]
      },
      "properties": {
        "id": "TPE1456",
        "name": "Times 江南街",
        "area": "內湖區",
        "address": "江南街71巷16弄30號對面",
        "summary": "大型車:0格，小型車:5格(含身心障礙停車位1格)，機車:0格",
        "tel": "0800008924",
        "car": 5,
        "motor": 0,
        "charging": 0,
        "occupied_rate": -99,
        "data_time": "Sat May 02 00:00:00 CST 2026"
      }
    },
    {
      "type": "Feature",
      "geometry": {
        "type": "Point",
        "coordinates": [
          121.5188816,
          25.1193484
        ]
      },
      "properties": {
        "id": "TPE1457",
        "name": "臺北榮民總醫院長青樓地下停車場",
        "area": "北投區",
        "address": "石牌路2段201號地下1至3層",
        "summary": "大型車:0格，小型車:160格(含身心障礙停車位4格，孕婦、育有六歲以下兒童停車位4格)，機車:0格，充電格位:5格",
        "tel": "0228712121#27614",
        "car": 160,
        "motor": 0,
        "charging": 0,
        "occupied_rate": -99,
        "data_time": "Sat May 02 00:00:00 CST 2026"
      }
    },
    {
      "type": "Feature",
      "geometry": {
        "type": "Point",
        "coordinates": [
          121.5804979,
          25.057407
        ]
      },
      "properties": {
        "id": "TPE1458",
        "name": "台灣聯通舊宗停車場",
        "area": "內湖區",
        "address": "舊宗路1段16號旁空地",
        "summary": "大型車:0格，小型車:48格(含身心障礙停車位1格)，機車:0格",
        "tel": "0225235000",
        "car": 48,
        "motor": 0,
        "charging": 0,
        "occupied_rate": -99,
        "data_time": "Sat May 02 00:00:00 CST 2026"
      }
    },
    {
      "type": "Feature",
      "geometry": {
        "type": "Point",
        "coordinates": [
          121.4743962,
          25.131586
        ]
      },
      "properties": {
        "id": "TPE1459",
        "name": "忠義站平面停車場",
        "area": "北投區",
        "address": "捷運忠義站2號出口旁",
        "summary": "大型車:0格，小型車:26格(含身心障礙停車位1格)，機車:22格(含身心障礙停車位1格)，充電格位:2格",
        "tel": "0227590666",
        "car": 26,
        "motor": 22,
        "charging": 0,
        "occupied_rate": -99,
        "data_time": "Sat May 02 00:00:00 CST 2026"
      }
    },
    {
      "type": "Feature",
      "geometry": {
        "type": "Point",
        "coordinates": [
          121.5013278,
          25.1202056
        ]
      },
      "properties": {
        "id": "TPE1461",
        "name": "北投承德大樓地下停車場",
        "area": "北投區",
        "address": "承德路7段400號地下1層",
        "summary": "大型車:0格，小型車:45格(含身心障礙停車位2格)，機車:0格",
        "tel": "0228911794",
        "car": 45,
        "motor": 0,
        "charging": 0,
        "occupied_rate": -99,
        "data_time": "Sat May 02 00:00:00 CST 2026"
      }
    },
    {
      "type": "Feature",
      "geometry": {
        "type": "Point",
        "coordinates": [
          121.5563078,
          24.9796436
        ]
      },
      "properties": {
        "id": "TPE1463",
        "name": "力行停車場",
        "area": "文山區",
        "address": "一壽街22號地下1至2層",
        "summary": "大型車:0格，小型車:65格(含身心障礙停車位1格，孕婦、育有六歲以下兒童停車位1格)，機車:0格，充電格位:1格",
        "tel": "7715-2938",
        "car": 65,
        "motor": 0,
        "charging": 0,
        "occupied_rate": -99,
        "data_time": "Sat May 02 00:00:00 CST 2026"
      }
    },
    {
      "type": "Feature",
      "geometry": {
        "type": "Point",
        "coordinates": [
          121.517197,
          25.0693842
        ]
      },
      "properties": {
        "id": "TPE1464",
        "name": "臺北市立蘭州國民中學",
        "area": "大同區",
        "address": "大龍街187巷1號",
        "summary": "大型車:0格，小型車:18格(含身心障礙停車位1格)，機車:0格",
        "tel": "2591-8269",
        "car": 18,
        "motor": 0,
        "charging": 0,
        "occupied_rate": -99,
        "data_time": "Sat May 02 00:00:00 CST 2026"
      }
    },
    {
      "type": "Feature",
      "geometry": {
        "type": "Point",
        "coordinates": [
          121.5408246,
          24.9921121
        ]
      },
      "properties": {
        "id": "TPE1465",
        "name": "景行綜合大樓地下停車場",
        "area": "文山區",
        "address": "羅斯福路6段393號地下1層",
        "summary": "大型車:0格，小型車:7格(含身心障礙停車位1格)，機車:0格",
        "tel": "89315334",
        "car": 7,
        "motor": 0,
        "charging": 0,
        "occupied_rate": -99,
        "data_time": "Sat May 02 00:00:00 CST 2026"
      }
    },
    {
      "type": "Feature",
      "geometry": {
        "type": "Point",
        "coordinates": [
          121.5171952,
          25.0661408
        ]
      },
      "properties": {
        "id": "TPE1466",
        "name": "昌吉二停車場",
        "area": "大同區",
        "address": "昌吉街25號旁空地",
        "summary": "大型車:0格，小型車:3格(含身心障礙停車位1格)，機車:0格",
        "tel": "7715-3105",
        "car": 3,
        "motor": 0,
        "charging": 0,
        "occupied_rate": -99,
        "data_time": "Sat May 02 00:00:00 CST 2026"
      }
    },
    {
      "type": "Feature",
      "geometry": {
        "type": "Point",
        "coordinates": [
          121.5935003,
          25.0705703
        ]
      },
      "properties": {
        "id": "TPE1467",
        "name": "Right Here Parking瑞誼停車場",
        "area": "南港區",
        "address": "重陽路59號地下1-2層",
        "summary": "大型車:0格，小型車:42格(含身心障礙停車位2格)，機車:0格",
        "tel": "2651-2251",
        "car": 42,
        "motor": 0,
        "charging": 0,
        "occupied_rate": -99,
        "data_time": "Sat May 02 00:00:00 CST 2026"
      }
    },
    {
      "type": "Feature",
      "geometry": {
        "type": "Point",
        "coordinates": [
          121.5809143,
          25.0638243
        ]
      },
      "properties": {
        "id": "TPE1470",
        "name": "Times 新湖二路第3",
        "area": "內湖區",
        "address": "行愛路111號後面",
        "summary": "大型車:0格，小型車:80格(含身心障礙停車位2格)，機車:0格",
        "tel": "2504-6098",
        "car": 80,
        "motor": 0,
        "charging": 0,
        "occupied_rate": -99,
        "data_time": "Sat May 02 00:00:00 CST 2026"
      }
    },
    {
      "type": "Feature",
      "geometry": {
        "type": "Point",
        "coordinates": [
          121.5248229,
          25.1011248
        ]
      },
      "properties": {
        "id": "TPE1471",
        "name": "叭叭房福國停車場",
        "area": "士林區",
        "address": "福國路15巷25號旁空地",
        "summary": "大型車:0格，小型車:22格(含身心障礙停車位1格)，機車:13格(含身心障礙停車位1格)",
        "tel": "0936666610",
        "car": 22,
        "motor": 13,
        "charging": 0,
        "occupied_rate": -99,
        "data_time": "Sat May 02 00:00:00 CST 2026"
      }
    },
    {
      "type": "Feature",
      "geometry": {
        "type": "Point",
        "coordinates": [
          121.5828712,
          25.039696
        ]
      },
      "properties": {
        "id": "TPE1472",
        "name": "廣慈1區社會住宅地下停車場",
        "area": "信義區",
        "address": "大道路108、110號（地下1至4層）",
        "summary": "大型車:0格，小型車:370格(含身心障礙停車位4格，孕婦、育有六歲以下兒童停車位8格)，機車:178格(含身心障礙停車位3格)，大型重機:4格，充電格位:8格",
        "tel": "0225023333",
        "car": 370,
        "motor": 178,
        "charging": 0,
        "occupied_rate": -99,
        "data_time": "Sat May 02 00:00:00 CST 2026"
      }
    },
    {
      "type": "Feature",
      "geometry": {
        "type": "Point",
        "coordinates": [
          121.5573508,
          25.0388144
        ]
      },
      "properties": {
        "id": "TPE1473",
        "name": "USPACE國父紀念館西側",
        "area": "大安區",
        "address": "光復南路306號旁",
        "summary": "大型車:0格，小型車:4格(含身心障礙停車位1格)，機車:0格",
        "tel": "7751-8097",
        "car": 4,
        "motor": 0,
        "charging": 0,
        "occupied_rate": -99,
        "data_time": "Sat May 02 00:00:00 CST 2026"
      }
    },
    {
      "type": "Feature",
      "geometry": {
        "type": "Point",
        "coordinates": [
          121.52619,
          25.1178737
        ]
      },
      "properties": {
        "id": "TPE1474",
        "name": "Times 天母西路第3",
        "area": "士林區",
        "address": "天母西路38巷5號旁",
        "summary": "大型車:0格，小型車:100格(含身心障礙停車位2格)，機車:0格，充電格位:1格",
        "tel": "0809008924",
        "car": 100,
        "motor": 0,
        "charging": 0,
        "occupied_rate": -99,
        "data_time": "Sat May 02 00:00:00 CST 2026"
      }
    },
    {
      "type": "Feature",
      "geometry": {
        "type": "Point",
        "coordinates": [
          121.50631,
          25.1345364
        ]
      },
      "properties": {
        "id": "TPE1475",
        "name": "詮營北投溫泉停車場",
        "area": "北投區",
        "address": "溫泉路68巷16號旁空地",
        "summary": "大型車:0格，小型車:26格(含身心障礙停車位1格)，機車:0格",
        "tel": "(02)27935818",
        "car": 26,
        "motor": 0,
        "charging": 0,
        "occupied_rate": -99,
        "data_time": "Sat May 02 00:00:00 CST 2026"
      }
    },
    {
      "type": "Feature",
      "geometry": {
        "type": "Point",
        "coordinates": [
          121.5349991,
          25.0137375
        ]
      },
      "properties": {
        "id": "TPE1476",
        "name": "168停車聯盟-水源市場",
        "area": "中正區",
        "address": "羅斯福路4段92號地下1至2層",
        "summary": "大型車:0格，小型車:59格(含身心障礙停車位2格，孕婦、育有六歲以下兒童停車位2格)，機車:0格，充電格位:2格",
        "tel": "2754-6661",
        "car": 59,
        "motor": 0,
        "charging": 0,
        "occupied_rate": -99,
        "data_time": "Sat May 02 00:00:00 CST 2026"
      }
    },
    {
      "type": "Feature",
      "geometry": {
        "type": "Point",
        "coordinates": [
          121.513847,
          25.0453089
        ]
      },
      "properties": {
        "id": "TPE1477",
        "name": "便利停車場懷寧站",
        "area": "中正區",
        "address": "漢口街1段19號旁空地",
        "summary": "大型車:0格，小型車:5格(含身心障礙停車位1格)，機車:0格",
        "tel": "2799-1001#168",
        "car": 5,
        "motor": 0,
        "charging": 0,
        "occupied_rate": -99,
        "data_time": "Sat May 02 00:00:00 CST 2026"
      }
    },
    {
      "type": "Feature",
      "geometry": {
        "type": "Point",
        "coordinates": [
          121.6127466,
          25.0543727
        ]
      },
      "properties": {
        "id": "TPE1478",
        "name": "南港市民平面停車場",
        "area": "南港區",
        "address": "南港路1段171巷26號旁空地",
        "summary": "大型車:0格，小型車:16格(含身心障礙停車位1格)，機車:0格",
        "tel": "0222525022",
        "car": 16,
        "motor": 0,
        "charging": 0,
        "occupied_rate": -99,
        "data_time": "Sat May 02 00:00:00 CST 2026"
      }
    },
    {
      "type": "Feature",
      "geometry": {
        "type": "Point",
        "coordinates": [
          121.5002747,
          25.1275602
        ]
      },
      "properties": {
        "id": "TPE1479",
        "name": "百洲停車場",
        "area": "北投區",
        "address": "北投路1段與大業路280巷交叉路口",
        "summary": "大型車:0格，小型車:20格(含身心障礙停車位1格)，機車:0格",
        "tel": "0972959505",
        "car": 20,
        "motor": 0,
        "charging": 0,
        "occupied_rate": -99,
        "data_time": "Sat May 02 00:00:00 CST 2026"
      }
    },
    {
      "type": "Feature",
      "geometry": {
        "type": "Point",
        "coordinates": [
          121.5632905,
          25.0398482
        ]
      },
      "properties": {
        "id": "TPE1480",
        "name": "嘟嘟房瀚寓酒店站停車場",
        "area": "信義區",
        "address": "基隆路1段206號地下1至2層",
        "summary": "大型車:0格，小型車:35格(含身心障礙停車位1格)，機車:0格",
        "tel": "022655-0818",
        "car": 35,
        "motor": 0,
        "charging": 0,
        "occupied_rate": -99,
        "data_time": "Sat May 02 00:00:00 CST 2026"
      }
    },
    {
      "type": "Feature",
      "geometry": {
        "type": "Point",
        "coordinates": [
          121.506499,
          25.0482886
        ]
      },
      "properties": {
        "id": "TPE1481",
        "name": "168停車聯盟-西寧市場",
        "area": "萬華區",
        "address": "西寧南路4號地下1層",
        "summary": "大型車:0格，小型車:17格(含身心障礙停車位1格)，機車:0格",
        "tel": "2754-6661#18",
        "car": 17,
        "motor": 0,
        "charging": 0,
        "occupied_rate": -99,
        "data_time": "Sat May 02 00:00:00 CST 2026"
      }
    },
    {
      "type": "Feature",
      "geometry": {
        "type": "Point",
        "coordinates": [
          121.5343433,
          25.0500327
        ]
      },
      "properties": {
        "id": "TPE1482",
        "name": "松江85巷停車場",
        "area": "中山區",
        "address": "松江路85巷旁空地",
        "summary": "大型車:0格，小型車:49格(含身心障礙停車位1格)，機車:0格",
        "tel": "77153105",
        "car": 49,
        "motor": 0,
        "charging": 0,
        "occupied_rate": -99,
        "data_time": "Sat May 02 00:00:00 CST 2026"
      }
    },
    {
      "type": "Feature",
      "geometry": {
        "type": "Point",
        "coordinates": [
          121.55416,
          25.0840703
        ]
      },
      "properties": {
        "id": "TPE1483",
        "name": "虹光LIVE停車場",
        "area": "中山區",
        "address": "敬業二路199號地下室",
        "summary": "大型車:0格，小型車:16格(含身心障礙停車位1格)，機車:0格",
        "tel": "02-85023598",
        "car": 16,
        "motor": 0,
        "charging": 0,
        "occupied_rate": -99,
        "data_time": "Sat May 02 00:00:00 CST 2026"
      }
    },
    {
      "type": "Feature",
      "geometry": {
        "type": "Point",
        "coordinates": [
          121.5439515,
          25.0342913
        ]
      },
      "properties": {
        "id": "TPE1484",
        "name": "Times台北美侖大飯店",
        "area": "大安區",
        "address": "復興南路1段315、317號地下1至4層",
        "summary": "大型車:0格，小型車:43格(含身心障礙停車位1格)，機車:0格",
        "tel": "0809-00-8924；2504-6098",
        "car": 43,
        "motor": 0,
        "charging": 0,
        "occupied_rate": -99,
        "data_time": "Sat May 02 00:00:00 CST 2026"
      }
    },
    {
      "type": "Feature",
      "geometry": {
        "type": "Point",
        "coordinates": [
          121.5349104,
          25.0417587
        ]
      },
      "properties": {
        "id": "TPE1486",
        "name": "北科先鋒停車場",
        "area": "大安區",
        "address": "忠孝東路3段46號地下1至4層",
        "summary": "大型車:0格，小型車:78格(含身心障礙停車位2格)，機車:0格，充電格位:2格",
        "tel": "0287727702",
        "car": 78,
        "motor": 0,
        "charging": 0,
        "occupied_rate": -99,
        "data_time": "Sat May 02 00:00:00 CST 2026"
      }
    },
    {
      "type": "Feature",
      "geometry": {
        "type": "Point",
        "coordinates": [
          121.5156858,
          25.0599257
        ]
      },
      "properties": {
        "id": "TPE1487",
        "name": "錦西停車場",
        "area": "大同區",
        "address": "錦西街65巷1號空地",
        "summary": "大型車:0格，小型車:2格(含身心障礙停車位1格)，機車:0格",
        "tel": "7715-3105#688",
        "car": 2,
        "motor": 0,
        "charging": 0,
        "occupied_rate": -99,
        "data_time": "Sat May 02 00:00:00 CST 2026"
      }
    },
    {
      "type": "Feature",
      "geometry": {
        "type": "Point",
        "coordinates": [
          121.5810272,
          25.0386266
        ]
      },
      "properties": {
        "id": "TPE1488",
        "name": "廣慈2區社會住宅地下停車場",
        "area": "信義區",
        "address": "福德街84巷50、56號（地下1至4層）",
        "summary": "大型車:0格，小型車:270格(含身心障礙停車位18格，孕婦、育有六歲以下兒童停車位5格)，機車:294格(含身心障礙停車位6格)，大型重機:6格，充電格位:6格",
        "tel": "0225023333",
        "car": 270,
        "motor": 294,
        "charging": 0,
        "occupied_rate": -99,
        "data_time": "Sat May 02 00:00:00 CST 2026"
      }
    },
    {
      "type": "Feature",
      "geometry": {
        "type": "Point",
        "coordinates": [
          121.5240226,
          25.0919619
        ]
      },
      "properties": {
        "id": "TPE1489",
        "name": "Times士林福德路第2",
        "area": "士林區",
        "address": "福德路31號對面",
        "summary": "大型車:0格，小型車:8格(含身心障礙停車位1格)，機車:0格",
        "tel": "0809008924",
        "car": 8,
        "motor": 0,
        "charging": 0,
        "occupied_rate": -99,
        "data_time": "Sat May 02 00:00:00 CST 2026"
      }
    },
    {
      "type": "Feature",
      "geometry": {
        "type": "Point",
        "coordinates": [
          121.517428,
          25.0513566
        ]
      },
      "properties": {
        "id": "TPE1490",
        "name": "統聯承德機車停車場",
        "area": "大同區",
        "address": "承德路1段47號旁空地",
        "summary": "大型車:0格，小型車:0格，機車:22格(含身心障礙停車位1格)",
        "tel": "2995-7799",
        "car": 0,
        "motor": 22,
        "charging": 0,
        "occupied_rate": -99,
        "data_time": "Sat May 02 00:00:00 CST 2026"
      }
    },
    {
      "type": "Feature",
      "geometry": {
        "type": "Point",
        "coordinates": [
          121.5750008,
          25.0572478
        ]
      },
      "properties": {
        "id": "TPE1491",
        "name": "台灣聯通內湖行善一停車場",
        "area": "內湖區",
        "address": "行善路48巷18號旁空地",
        "summary": "大型車:0格，小型車:49格(含身心障礙停車位1格)，機車:0格",
        "tel": "2523-5000",
        "car": 49,
        "motor": 0,
        "charging": 0,
        "occupied_rate": -99,
        "data_time": "Sat May 02 00:00:00 CST 2026"
      }
    },
    {
      "type": "Feature",
      "geometry": {
        "type": "Point",
        "coordinates": [
          121.5749574,
          25.0573856
        ]
      },
      "properties": {
        "id": "TPE1492",
        "name": "台灣捷通內湖行善二停車場",
        "area": "內湖區",
        "address": "行善路48巷18號旁空地",
        "summary": "大型車:0格，小型車:49格(含身心障礙停車位1格)，機車:0格",
        "tel": "2523-5000",
        "car": 49,
        "motor": 0,
        "charging": 0,
        "occupied_rate": -99,
        "data_time": "Sat May 02 00:00:00 CST 2026"
      }
    },
    {
      "type": "Feature",
      "geometry": {
        "type": "Point",
        "coordinates": [
          121.5748938,
          25.0575597
        ]
      },
      "properties": {
        "id": "TPE1493",
        "name": "台灣聯通內湖行善三停車場",
        "area": "內湖區",
        "address": "行善路48巷18號旁空地",
        "summary": "大型車:0格，小型車:49格(含身心障礙停車位1格)，機車:0格",
        "tel": "2523-5000",
        "car": 49,
        "motor": 0,
        "charging": 0,
        "occupied_rate": -99,
        "data_time": "Sat May 02 00:00:00 CST 2026"
      }
    },
    {
      "type": "Feature",
      "geometry": {
        "type": "Point",
        "coordinates": [
          121.5156539,
          25.1025947
        ]
      },
      "properties": {
        "id": "TPE1494",
        "name": "臺北市立中正高級中學停車場",
        "area": "北投區",
        "address": "文林北路77號",
        "summary": "大型車:0格，小型車:65格(含身心障礙停車位1格)，機車:0格",
        "tel": "0910133920",
        "car": 65,
        "motor": 0,
        "charging": 0,
        "occupied_rate": -99,
        "data_time": "Sat May 02 00:00:00 CST 2026"
      }
    },
    {
      "type": "Feature",
      "geometry": {
        "type": "Point",
        "coordinates": [
          121.58161,
          25.0656542
        ]
      },
      "properties": {
        "id": "TPE1495",
        "name": "城市車旅新湖二站停車場",
        "area": "內湖區",
        "address": "新湖三路239號旁空地",
        "summary": "大型車:0格，小型車:47格(含身心障礙停車位1格)，機車:0格",
        "tel": "0800208333",
        "car": 47,
        "motor": 0,
        "charging": 0,
        "occupied_rate": -99,
        "data_time": "Sat May 02 00:00:00 CST 2026"
      }
    },
    {
      "type": "Feature",
      "geometry": {
        "type": "Point",
        "coordinates": [
          121.5636369,
          25.0267991
        ]
      },
      "properties": {
        "id": "TPE1496",
        "name": "臺北醫學大學附設醫院癌症大樓停車場",
        "area": "信義區",
        "address": "吳興街252號地下1至4層",
        "summary": "大型車:0格，小型車:87格(含身心障礙停車位2格，孕婦、育有六歲以下兒童停車位2格)，機車:0格",
        "tel": "2737-2181#8417",
        "car": 87,
        "motor": 0,
        "charging": 0,
        "occupied_rate": -99,
        "data_time": "Sat May 02 00:00:00 CST 2026"
      }
    },
    {
      "type": "Feature",
      "geometry": {
        "type": "Point",
        "coordinates": [
          121.5027893,
          25.0345175
        ]
      },
      "properties": {
        "id": "TPE1497",
        "name": "Times大理街",
        "area": "萬華區",
        "address": "大理街12號旁",
        "summary": "大型車:0格，小型車:20格(含身心障礙停車位1格)，機車:0格",
        "tel": "0809-00-8924；2504-6098",
        "car": 20,
        "motor": 0,
        "charging": 0,
        "occupied_rate": -99,
        "data_time": "Sat May 02 00:00:00 CST 2026"
      }
    },
    {
      "type": "Feature",
      "geometry": {
        "type": "Point",
        "coordinates": [
          121.5934067,
          25.0611184
        ]
      },
      "properties": {
        "id": "TPE1498",
        "name": "台灣聯通安美停車場",
        "area": "內湖區",
        "address": "潭美街399號旁",
        "summary": "大型車:0格，小型車:38格(含身心障礙停車位1格)，機車:0格",
        "tel": "2523-5000",
        "car": 38,
        "motor": 0,
        "charging": 0,
        "occupied_rate": -99,
        "data_time": "Sat May 02 00:00:00 CST 2026"
      }
    },
    {
      "type": "Feature",
      "geometry": {
        "type": "Point",
        "coordinates": [
          121.5230406,
          25.0916246
        ]
      },
      "properties": {
        "id": "TPE1499",
        "name": "陽光士林669-22停車場",
        "area": "士林區",
        "address": "福德路31號",
        "summary": "大型車:0格，小型車:49格(含身心障礙停車位1格)，機車:0格",
        "tel": "(02)28811111",
        "car": 49,
        "motor": 0,
        "charging": 0,
        "occupied_rate": -99,
        "data_time": "Sat May 02 00:00:00 CST 2026"
      }
    },
    {
      "type": "Feature",
      "geometry": {
        "type": "Point",
        "coordinates": [
          121.5236989,
          25.0921211
        ]
      },
      "properties": {
        "id": "TPE1500",
        "name": "陽光士林209-4停車場",
        "area": "士林區",
        "address": "福德路32號旁空地",
        "summary": "大型車:0格，小型車:6格(含身心障礙停車位1格)，機車:0格",
        "tel": "0228811111",
        "car": 6,
        "motor": 0,
        "charging": 0,
        "occupied_rate": -99,
        "data_time": "Sat May 02 00:00:00 CST 2026"
      }
    },
    {
      "type": "Feature",
      "geometry": {
        "type": "Point",
        "coordinates": [
          121.5729011,
          24.9888661
        ]
      },
      "properties": {
        "id": "TPE1501",
        "name": "Times 新光路一段",
        "area": "文山區",
        "address": "新光路1段32巷18號對面",
        "summary": "大型車:0格，小型車:13格(含身心障礙停車位1格)，機車:0格",
        "tel": "0809008924",
        "car": 13,
        "motor": 0,
        "charging": 0,
        "occupied_rate": -99,
        "data_time": "Sat May 02 00:00:00 CST 2026"
      }
    },
    {
      "type": "Feature",
      "geometry": {
        "type": "Point",
        "coordinates": [
          121.5316926,
          25.0409307
        ]
      },
      "properties": {
        "id": "TPE1502",
        "name": "聯永物業股份有限公司臨沂二站",
        "area": "中正區",
        "address": "忠孝東路2段134巷18號",
        "summary": "大型車:0格，小型車:10格(含身心障礙停車位1格)，機車:0格",
        "tel": "26546264",
        "car": 10,
        "motor": 0,
        "charging": 0,
        "occupied_rate": -99,
        "data_time": "Sat May 02 00:00:00 CST 2026"
      }
    },
    {
      "type": "Feature",
      "geometry": {
        "type": "Point",
        "coordinates": [
          121.5497799,
          25.0063098
        ]
      },
      "properties": {
        "id": "TPE1503",
        "name": "興旺平面停車場",
        "area": "文山區",
        "address": "福興路106巷28弄與福興路106巷交叉口",
        "summary": "大型車:0格，小型車:14格(含身心障礙停車位1格)，機車:0格",
        "tel": "",
        "car": 14,
        "motor": 0,
        "charging": 0,
        "occupied_rate": -99,
        "data_time": "Sat May 02 00:00:00 CST 2026"
      }
    },
    {
      "type": "Feature",
      "geometry": {
        "type": "Point",
        "coordinates": [
          121.5363166,
          25.0510751
        ]
      },
      "properties": {
        "id": "TPE1504",
        "name": "便利停車場建國六站",
        "area": "中山區",
        "address": "建國北路1段140號地下1至3層",
        "summary": "大型車:0格，小型車:42格(含身心障礙停車位1格)，機車:0格",
        "tel": "2799-1001",
        "car": 42,
        "motor": 0,
        "charging": 0,
        "occupied_rate": -99,
        "data_time": "Sat May 02 00:00:00 CST 2026"
      }
    },
    {
      "type": "Feature",
      "geometry": {
        "type": "Point",
        "coordinates": [
          121.5401349,
          25.0337929
        ]
      },
      "properties": {
        "id": "TPE1505",
        "name": "國立臺灣師範大學附屬高級中學體育教學館地下停車場",
        "area": "大安區",
        "address": "信義路3段143號地下1層",
        "summary": "大型車:0格，小型車:53格(含身心障礙停車位2格)，機車:0格，充電格位:1格",
        "tel": "2708-6000",
        "car": 53,
        "motor": 0,
        "charging": 0,
        "occupied_rate": -99,
        "data_time": "Sat May 02 00:00:00 CST 2026"
      }
    },
    {
      "type": "Feature",
      "geometry": {
        "type": "Point",
        "coordinates": [
          121.551566,
          25.0412193
        ]
      },
      "properties": {
        "id": "TPE1506",
        "name": "便利停車場忠孝二站",
        "area": "大安區",
        "address": "忠孝東路4段180號地上1及地下1層",
        "summary": "大型車:0格，小型車:20格(含身心障礙停車位1格)，機車:0格",
        "tel": "2799-1001#166",
        "car": 20,
        "motor": 0,
        "charging": 0,
        "occupied_rate": -99,
        "data_time": "Sat May 02 00:00:00 CST 2026"
      }
    },
    {
      "type": "Feature",
      "geometry": {
        "type": "Point",
        "coordinates": [
          121.5104515,
          25.0699785
        ]
      },
      "properties": {
        "id": "TPE1507",
        "name": "民族西路303巷臨時平面停車場",
        "area": "大同區",
        "address": "民族西路303巷臨47號後方",
        "summary": "大型車:0格，小型車:15格(含身心障礙停車位1格)，機車:0格",
        "tel": "022655-0818",
        "car": 54,
        "motor": 0,
        "charging": 0,
        "occupied_rate": -99,
        "data_time": "Sat May 02 00:00:00 CST 2026"
      }
    },
    {
      "type": "Feature",
      "geometry": {
        "type": "Point",
        "coordinates": [
          121.5187523,
          25.0552634
        ]
      },
      "properties": {
        "id": "TPE1508",
        "name": "承德機車停車場",
        "area": "大同區",
        "address": "承德路2段53巷12號",
        "summary": "大型車:0格，小型車:0格，機車:12格(含身心障礙停車位1格)",
        "tel": "0277153105",
        "car": 0,
        "motor": 12,
        "charging": 0,
        "occupied_rate": -99,
        "data_time": "Sat May 02 00:00:00 CST 2026"
      }
    },
    {
      "type": "Feature",
      "geometry": {
        "type": "Point",
        "coordinates": [
          121.506778,
          25.1187696
        ]
      },
      "properties": {
        "id": "TPE1509",
        "name": "吉利超市停車場",
        "area": "北投區",
        "address": "吉利街125號地下1至2層",
        "summary": "大型車:0格，小型車:46格(含身心障礙停車位1格)，機車:0格",
        "tel": "02-22702916",
        "car": 46,
        "motor": 0,
        "charging": 0,
        "occupied_rate": -99,
        "data_time": "Sat May 02 00:00:00 CST 2026"
      }
    },
    {
      "type": "Feature",
      "geometry": {
        "type": "Point",
        "coordinates": [
          121.5138786,
          25.1075166
        ]
      },
      "properties": {
        "id": "TPE1510",
        "name": "Times 文林北路",
        "area": "北投區",
        "address": "文林北路209號",
        "summary": "大型車:0格，小型車:49格(含身心障礙停車位1格)，機車:0格",
        "tel": "0800-888924或(02)25046098",
        "car": 49,
        "motor": 0,
        "charging": 0,
        "occupied_rate": -99,
        "data_time": "Sat May 02 00:00:00 CST 2026"
      }
    },
    {
      "type": "Feature",
      "geometry": {
        "type": "Point",
        "coordinates": [
          121.59676,
          25.0559003
        ]
      },
      "properties": {
        "id": "TPE1511",
        "name": "Right Here Parking 瑞誼停車場",
        "area": "內湖區",
        "address": "民權東路6段123巷34弄1號地下1至4層",
        "summary": "大型車:0格，小型車:38格(含身心障礙停車位1格)，機車:0格",
        "tel": "028792-5319",
        "car": 38,
        "motor": 0,
        "charging": 0,
        "occupied_rate": -99,
        "data_time": "Sat May 02 00:00:00 CST 2026"
      }
    },
    {
      "type": "Feature",
      "geometry": {
        "type": "Point",
        "coordinates": [
          121.5981988,
          25.0823262
        ]
      },
      "properties": {
        "id": "TPE1512",
        "name": "金湖臨時平面停車場(二)",
        "area": "內湖區",
        "address": "金湖路46巷底空地",
        "summary": "大型車:0格，小型車:7格(含身心障礙停車位1格)，機車:0格",
        "tel": "0207590666",
        "car": 7,
        "motor": 0,
        "charging": 0,
        "occupied_rate": -99,
        "data_time": "Sat May 02 00:00:00 CST 2026"
      }
    },
    {
      "type": "Feature",
      "geometry": {
        "type": "Point",
        "coordinates": [
          121.5669301,
          24.9819125
        ]
      },
      "properties": {
        "id": "TPE1513",
        "name": "木柵恆光平面停車場",
        "area": "文山區",
        "address": "恆光街30巷7號旁空地",
        "summary": "大型車:0格，小型車:17格(含身心障礙停車位1格)，機車:0格",
        "tel": "",
        "car": 17,
        "motor": 0,
        "charging": 0,
        "occupied_rate": -99,
        "data_time": "Sat May 02 00:00:00 CST 2026"
      }
    },
    {
      "type": "Feature",
      "geometry": {
        "type": "Point",
        "coordinates": [
          121.5358928,
          25.1122325
        ]
      },
      "properties": {
        "id": "TPE1514",
        "name": "USPACE天母棒球場德行東路車位",
        "area": "士林區",
        "address": "德行東路283巷18號正前面",
        "summary": "大型車:0格，小型車:1格(含身心障礙停車位1格)，機車:0格",
        "tel": "0933223591",
        "car": 1,
        "motor": 0,
        "charging": 0,
        "occupied_rate": -99,
        "data_time": "Sat May 02 00:00:00 CST 2026"
      }
    },
    {
      "type": "Feature",
      "geometry": {
        "type": "Point",
        "coordinates": [
          121.5814823,
          25.0601183
        ]
      },
      "properties": {
        "id": "TPE1515",
        "name": "行善社會住宅地下停車場",
        "area": "內湖區",
        "address": "行善路266、268號地下2至3層",
        "summary": "大型車:0格，小型車:400格(含身心障礙停車位9格，孕婦、育有六歲以下兒童停車位10格)，機車:615格(含身心障礙停車位13格)，充電格位:8格",
        "tel": "022455-1299",
        "car": 400,
        "motor": 615,
        "charging": 0,
        "occupied_rate": -99,
        "data_time": "Sat May 02 00:00:00 CST 2026"
      }
    },
    {
      "type": "Feature",
      "geometry": {
        "type": "Point",
        "coordinates": [
          121.5683165,
          25.0482184
        ]
      },
      "properties": {
        "id": "TPE1516",
        "name": "台泥基隆路臨時平面停車場",
        "area": "信義區",
        "address": "基隆路1段52號",
        "summary": "大型車:48格，小型車:278格(含身心障礙停車位6格)，機車:0格",
        "tel": "2753-0071，承辦2788-8750#8813",
        "car": 278,
        "motor": 0,
        "charging": 0,
        "occupied_rate": -99,
        "data_time": "Sat May 02 00:00:00 CST 2026"
      }
    },
    {
      "type": "Feature",
      "geometry": {
        "type": "Point",
        "coordinates": [
          121.5161479,
          25.0292264
        ]
      },
      "properties": {
        "id": "TPE1517",
        "name": "Times重慶南路三段",
        "area": "中正區",
        "address": "重慶南路3段15巷9號旁",
        "summary": "大型車:0格，小型車:2格(含身心障礙停車位1格)，機車:0格",
        "tel": "0800-88-8924；2504-6098",
        "car": 2,
        "motor": 0,
        "charging": 0,
        "occupied_rate": -99,
        "data_time": "Sat May 02 00:00:00 CST 2026"
      }
    },
    {
      "type": "Feature",
      "geometry": {
        "type": "Point",
        "coordinates": [
          121.5157767,
          25.0447831
        ]
      },
      "properties": {
        "id": "TPE1518",
        "name": "Times信陽街",
        "area": "中正區",
        "address": "信陽街25號旁",
        "summary": "大型車:0格，小型車:6格(含身心障礙停車位1格)，機車:0格",
        "tel": "0800-88-8924；2504-6098",
        "car": 6,
        "motor": 0,
        "charging": 0,
        "occupied_rate": -99,
        "data_time": "Sat May 02 00:00:00 CST 2026"
      }
    },
    {
      "type": "Feature",
      "geometry": {
        "type": "Point",
        "coordinates": [
          121.5832799,
          25.0387081
        ]
      },
      "properties": {
        "id": "TPE1519",
        "name": "廣慈衛福大樓地下停車場",
        "area": "信義區",
        "address": "大道路116號地下1至4層",
        "summary": "大型車:0格，小型車:701格(含身心障礙停車位41格，孕婦、育有六歲以下兒童停車位15格)，機車:943格(含身心障礙停車位19格)，大型重機:13格，充電格位:17格",
        "tel": "0225573722",
        "car": 701,
        "motor": 943,
        "charging": 0,
        "occupied_rate": -99,
        "data_time": "Sat May 02 00:00:00 CST 2026"
      }
    },
    {
      "type": "Feature",
      "geometry": {
        "type": "Point",
        "coordinates": [
          121.5814,
          25.0376907
        ]
      },
      "properties": {
        "id": "TPE1520",
        "name": "信義區行政中心地下停車場",
        "area": "信義區",
        "address": "福德街86號地下1至4層",
        "summary": "大型車:0格，小型車:96格(含身心障礙停車位3格，孕婦、育有六歲以下兒童停車位2格)，機車:237格(含身心障礙停車位6格)，充電格位:2格",
        "tel": "0225573722",
        "car": 96,
        "motor": 237,
        "charging": 0,
        "occupied_rate": -99,
        "data_time": "Sat May 02 00:00:00 CST 2026"
      }
    },
    {
      "type": "Feature",
      "geometry": {
        "type": "Point",
        "coordinates": [
          121.5263742,
          25.0915654
        ]
      },
      "properties": {
        "id": "TPE1521",
        "name": "Times文林路第2",
        "area": "士林區",
        "address": "文林路281號旁",
        "summary": "大型車:0格，小型車:2格(含身心障礙停車位1格)，機車:0格",
        "tel": "0800-888924或(02)25046098",
        "car": 2,
        "motor": 0,
        "charging": 0,
        "occupied_rate": -99,
        "data_time": "Sat May 02 00:00:00 CST 2026"
      }
    },
    {
      "type": "Feature",
      "geometry": {
        "type": "Point",
        "coordinates": [
          121.5269871,
          25.0451026
        ]
      },
      "properties": {
        "id": "TPE1522",
        "name": "台北華山場",
        "area": "中正區",
        "address": "杭州北路28號旁空地",
        "summary": "大型車:0格，小型車:17格(含身心障礙停車位1格)，機車:0格",
        "tel": "02-27327837",
        "car": 17,
        "motor": 0,
        "charging": 0,
        "occupied_rate": -99,
        "data_time": "Sat May 02 00:00:00 CST 2026"
      }
    },
    {
      "type": "Feature",
      "geometry": {
        "type": "Point",
        "coordinates": [
          121.5359171,
          25.1129863
        ]
      },
      "properties": {
        "id": "TPE1523",
        "name": "USPACE天母棒球場鄰近車位",
        "area": "士林區",
        "address": "士東路254號旁空地",
        "summary": "大型車:0格，小型車:1格(含身心障礙停車位1格)，機車:0格",
        "tel": "0933223591",
        "car": 1,
        "motor": 0,
        "charging": 0,
        "occupied_rate": -99,
        "data_time": "Sat May 02 00:00:00 CST 2026"
      }
    },
    {
      "type": "Feature",
      "geometry": {
        "type": "Point",
        "coordinates": [
          121.5703389,
          25.0393225
        ]
      },
      "properties": {
        "id": "TPE1524",
        "name": "嘟嘟房富邦信義A25站停車場",
        "area": "信義區",
        "address": "松勇路1、3號地下1至4層",
        "summary": "大型車:44格，小型車:278格(含身心障礙停車位7格)，機車:536格(含身心障礙停車位11格)",
        "tel": "(02)26550818",
        "car": 278,
        "motor": 536,
        "charging": 0,
        "occupied_rate": -99,
        "data_time": "Sat May 02 00:00:00 CST 2026"
      }
    },
    {
      "type": "Feature",
      "geometry": {
        "type": "Point",
        "coordinates": [
          121.5670555,
          25.0483812
        ]
      },
      "properties": {
        "id": "TPE1526",
        "name": "台泥松山臨時平面停車場",
        "area": "信義區",
        "address": "東興路43號旁台泥空地",
        "summary": "大型車:0格，小型車:92格(含身心障礙停車位2格)，機車:0格",
        "tel": "2753-0071",
        "car": 92,
        "motor": 0,
        "charging": 0,
        "occupied_rate": -99,
        "data_time": "Sat May 02 00:00:00 CST 2026"
      }
    },
    {
      "type": "Feature",
      "geometry": {
        "type": "Point",
        "coordinates": [
          121.5086328,
          25.0450334
        ]
      },
      "properties": {
        "id": "TPE1527",
        "name": "嘟嘟房西門漢口站停車場",
        "area": "萬華區",
        "address": "中華路1段88號地下1至5層",
        "summary": "大型車:0格，小型車:137格(含身心障礙停車位3格)，機車:132格(含身心障礙停車位3格)",
        "tel": "2655-0818",
        "car": 137,
        "motor": 132,
        "charging": 0,
        "occupied_rate": -99,
        "data_time": "Sat May 02 00:00:00 CST 2026"
      }
    },
    {
      "type": "Feature",
      "geometry": {
        "type": "Point",
        "coordinates": [
          121.5455409,
          25.0540705
        ]
      },
      "properties": {
        "id": "TPE1528",
        "name": "禾典長春旅店站",
        "area": "松山區",
        "address": "慶城街29號地上2至6層",
        "summary": "大型車:0格，小型車:99格(含身心障礙停車位2格)，機車:0格，充電格位:5格",
        "tel": "022708-6610",
        "car": 99,
        "motor": 0,
        "charging": 0,
        "occupied_rate": -99,
        "data_time": "Sat May 02 00:00:00 CST 2026"
      }
    },
    {
      "type": "Feature",
      "geometry": {
        "type": "Point",
        "coordinates": [
          121.5562101,
          25.0534621
        ]
      },
      "properties": {
        "id": "TPE1529",
        "name": "Times 健康路",
        "area": "松山區",
        "address": "健康路122號",
        "summary": "大型車:0格，小型車:17格(含身心障礙停車位1格)，機車:0格",
        "tel": "",
        "car": 17,
        "motor": 0,
        "charging": 0,
        "occupied_rate": -99,
        "data_time": "Sat May 02 00:00:00 CST 2026"
      }
    },
    {
      "type": "Feature",
      "geometry": {
        "type": "Point",
        "coordinates": [
          121.6126983,
          25.0536867
        ]
      },
      "properties": {
        "id": "TPE1530",
        "name": "通通停南港中南停車場",
        "area": "南港區",
        "address": "中南街42巷22號之空地",
        "summary": "大型車:0格，小型車:26格(含身心障礙停車位1格)，機車:0格",
        "tel": "0277550885",
        "car": 26,
        "motor": 0,
        "charging": 0,
        "occupied_rate": -99,
        "data_time": "Sat May 02 00:00:00 CST 2026"
      }
    },
    {
      "type": "Feature",
      "geometry": {
        "type": "Point",
        "coordinates": [
          121.5493201,
          25.0534471
        ]
      },
      "properties": {
        "id": "TPE1531",
        "name": "嘟嘟房敦化南京站停車場",
        "area": "松山區",
        "address": "敦化北路135號地下5層",
        "summary": "大型車:0格，小型車:149格(含身心障礙停車位2格)，機車:0格，充電格位:1格",
        "tel": "",
        "car": 149,
        "motor": 0,
        "charging": 0,
        "occupied_rate": -99,
        "data_time": "Sat May 02 00:00:00 CST 2026"
      }
    },
    {
      "type": "Feature",
      "geometry": {
        "type": "Point",
        "coordinates": [
          121.5289438,
          25.0332011
        ]
      },
      "properties": {
        "id": "TPE1532",
        "name": "Times金山南路第2",
        "area": "大安區",
        "address": "金山南路2段13巷35號對面",
        "summary": "大型車:0格，小型車:3格(含身心障礙停車位1格)，機車:0格",
        "tel": "0800-88-8924；2504-6098",
        "car": 3,
        "motor": 0,
        "charging": 0,
        "occupied_rate": -99,
        "data_time": "Sat May 02 00:00:00 CST 2026"
      }
    },
    {
      "type": "Feature",
      "geometry": {
        "type": "Point",
        "coordinates": [
          121.5464338,
          25.0632013
        ]
      },
      "properties": {
        "id": "TPE1533",
        "name": "自立新城停車場",
        "area": "松山區",
        "address": "復興北路427巷30號地下1層",
        "summary": "大型車:0格，小型車:14格(含身心障礙停車位1格)，機車:0格",
        "tel": "(02)25450639",
        "car": 14,
        "motor": 0,
        "charging": 0,
        "occupied_rate": -99,
        "data_time": "Sat May 02 00:00:00 CST 2026"
      }
    },
    {
      "type": "Feature",
      "geometry": {
        "type": "Point",
        "coordinates": [
          121.5247249,
          25.1008069
        ]
      },
      "properties": {
        "id": "TPE1535",
        "name": "叭叭房雙溪停車場",
        "area": "士林區",
        "address": "福國路15巷31號旁空地",
        "summary": "大型車:0格，小型車:46格(含身心障礙停車位1格)，機車:0格",
        "tel": "(02)26550000",
        "car": 46,
        "motor": 0,
        "charging": 0,
        "occupied_rate": -99,
        "data_time": "Sat May 02 00:00:00 CST 2026"
      }
    },
    {
      "type": "Feature",
      "geometry": {
        "type": "Point",
        "coordinates": [
          121.5244009,
          25.1007516
        ]
      },
      "properties": {
        "id": "TPE1536",
        "name": "叭叭房雙溪一停車場",
        "area": "士林區",
        "address": "中山北路5段881巷空地",
        "summary": "大型車:0格，小型車:14格(含身心障礙停車位1格)，機車:0格",
        "tel": "(02)26550000",
        "car": 14,
        "motor": 0,
        "charging": 0,
        "occupied_rate": -99,
        "data_time": "Sat May 02 00:00:00 CST 2026"
      }
    },
    {
      "type": "Feature",
      "geometry": {
        "type": "Point",
        "coordinates": [
          121.6117891,
          25.06837
        ]
      },
      "properties": {
        "id": "TPE1537",
        "name": "南湖國小活動中心附設停車場",
        "area": "內湖區",
        "address": "康寧路3段200號",
        "summary": "大型車:0格，小型車:31格(含身心障礙停車位1格，孕婦、育有六歲以下兒童停車位1格)，機車:35格(含身心障礙停車位1格)，充電格位:1格",
        "tel": "林小姐/0958730122",
        "car": 31,
        "motor": 35,
        "charging": 0,
        "occupied_rate": -99,
        "data_time": "Sat May 02 00:00:00 CST 2026"
      }
    },
    {
      "type": "Feature",
      "geometry": {
        "type": "Point",
        "coordinates": [
          121.5404938,
          25.0259619
        ]
      },
      "properties": {
        "id": "TPE1538",
        "name": "城市車旅台北瑞安二站停車場",
        "area": "大安區",
        "address": "和平東路2段107巷11弄3號旁空地",
        "summary": "大型車:0格，小型車:8格(含身心障礙停車位1格)，機車:0格",
        "tel": "2246-1708",
        "car": 8,
        "motor": 0,
        "charging": 0,
        "occupied_rate": -99,
        "data_time": "Sat May 02 00:00:00 CST 2026"
      }
    },
    {
      "type": "Feature",
      "geometry": {
        "type": "Point",
        "coordinates": [
          121.5798122,
          25.0691438
        ]
      },
      "properties": {
        "id": "TPE1539",
        "name": "內湖瑞光平面停車場",
        "area": "內湖區",
        "address": "瑞光路66巷48號對面",
        "summary": "大型車:0格，小型車:41格(含身心障礙停車位1格)，機車:0格",
        "tel": "2252-5022",
        "car": 41,
        "motor": 0,
        "charging": 0,
        "occupied_rate": -99,
        "data_time": "Sat May 02 00:00:00 CST 2026"
      }
    },
    {
      "type": "Feature",
      "geometry": {
        "type": "Point",
        "coordinates": [
          121.561978,
          25.0826664
        ]
      },
      "properties": {
        "id": "TPE1540",
        "name": "車堡寶實業股份有限公司堤頂友尚場",
        "area": "內湖區",
        "address": "堤頂大道2段489號地下2、3層",
        "summary": "大型車:0格，小型車:94格(含身心障礙停車位2格)，機車:47格(含身心障礙停車位1格)",
        "tel": "2559-8770",
        "car": 94,
        "motor": 47,
        "charging": 0,
        "occupied_rate": -99,
        "data_time": "Sat May 02 00:00:00 CST 2026"
      }
    },
    {
      "type": "Feature",
      "geometry": {
        "type": "Point",
        "coordinates": [
          121.5279624,
          25.0473584
        ]
      },
      "properties": {
        "id": "TPE1541",
        "name": "禮頓企業有限公司中山長安停車場",
        "area": "中山區",
        "address": "長安東路1段52巷9弄1號旁空地",
        "summary": "大型車:0格，小型車:6格(含身心障礙停車位1格)，機車:0格",
        "tel": "0966117377",
        "car": 6,
        "motor": 0,
        "charging": 0,
        "occupied_rate": -99,
        "data_time": "Sat May 02 00:00:00 CST 2026"
      }
    },
    {
      "type": "Feature",
      "geometry": {
        "type": "Point",
        "coordinates": [
          121.5584803,
          25.0481316
        ]
      },
      "properties": {
        "id": "TPE1542",
        "name": "便利停車場八德三站",
        "area": "松山區",
        "address": "八德路4段16號地下1層",
        "summary": "大型車:0格，小型車:3格(含身心障礙停車位1格)，機車:0格",
        "tel": "2799-1001#115",
        "car": 3,
        "motor": 0,
        "charging": 0,
        "occupied_rate": -99,
        "data_time": "Sat May 02 00:00:00 CST 2026"
      }
    },
    {
      "type": "Feature",
      "geometry": {
        "type": "Point",
        "coordinates": [
          121.5175107,
          25.0627091
        ]
      },
      "properties": {
        "id": "TPE1543",
        "name": "民德大樓停車場",
        "area": "大同區",
        "address": "民權西路104號地下2層",
        "summary": "大型車:0格，小型車:29格(含身心障礙停車位1格)，機車:0格",
        "tel": "2557-3722",
        "car": 29,
        "motor": 0,
        "charging": 0,
        "occupied_rate": -99,
        "data_time": "Sat May 02 00:00:00 CST 2026"
      }
    },
    {
      "type": "Feature",
      "geometry": {
        "type": "Point",
        "coordinates": [
          121.4893646,
          25.1409468
        ]
      },
      "properties": {
        "id": "TPE1544",
        "name": "北投稻香地下停車場",
        "area": "北投區",
        "address": "稻香路81號地下1至3層",
        "summary": "大型車:0格，小型車:91格(含身心障礙停車位2格，孕婦、育有六歲以下兒童停車位2格)，機車:89格(含身心障礙停車位3格)，充電格位:3格",
        "tel": "0228983536",
        "car": 91,
        "motor": 89,
        "charging": 0,
        "occupied_rate": -99,
        "data_time": "Sat May 02 00:00:00 CST 2026"
      }
    },
    {
      "type": "Feature",
      "geometry": {
        "type": "Point",
        "coordinates": [
          121.5420158,
          25.0571213
        ]
      },
      "properties": {
        "id": "TPE1546",
        "name": "龍江路229巷臨時平面停車場",
        "area": "中山區",
        "address": "遼寧街與龍江路229巷交叉口",
        "summary": "大型車:0格，小型車:18格(含身心障礙停車位1格)，機車:0格",
        "tel": "2759-0666",
        "car": 18,
        "motor": 0,
        "charging": 0,
        "occupied_rate": -99,
        "data_time": "Sat May 02 00:00:00 CST 2026"
      }
    },
    {
      "type": "Feature",
      "geometry": {
        "type": "Point",
        "coordinates": [
          121.5554849,
          25.0821491
        ]
      },
      "properties": {
        "id": "TPE1548",
        "name": "Times敬業樂群",
        "area": "中山區",
        "address": "敬業三路123號旁空地",
        "summary": "大型車:0格，小型車:238格(含身心障礙停車位5格)，機車:0格",
        "tel": "2504-6098",
        "car": 238,
        "motor": 0,
        "charging": 0,
        "occupied_rate": -99,
        "data_time": "Sat May 02 00:00:00 CST 2026"
      }
    },
    {
      "type": "Feature",
      "geometry": {
        "type": "Point",
        "coordinates": [
          121.5147101,
          25.1070217
        ]
      },
      "properties": {
        "id": "TPE1549",
        "name": "Times文林北路第2停車場",
        "area": "北投區",
        "address": "文林北路175巷口旁空地",
        "summary": "大型車:0格，小型車:35格(含身心障礙停車位1格)，機車:0格",
        "tel": "(02)25040698、0800-888924",
        "car": 35,
        "motor": 0,
        "charging": 0,
        "occupied_rate": -99,
        "data_time": "Sat May 02 00:00:00 CST 2026"
      }
    },
    {
      "type": "Feature",
      "geometry": {
        "type": "Point",
        "coordinates": [
          121.5003996,
          25.0319932
        ]
      },
      "properties": {
        "id": "TPE1550",
        "name": "莒光社會住宅地下停車場",
        "area": "萬華區",
        "address": "萬大路22號地下1至4層",
        "summary": "大型車:0格，小型車:145格(含身心障礙停車位3格，孕婦、育有六歲以下兒童停車位3格)，機車:184格(含身心障礙停車位4格)，充電格位:4格",
        "tel": "2944-1489",
        "car": 145,
        "motor": 184,
        "charging": 0,
        "occupied_rate": -99,
        "data_time": "Sat May 02 00:00:00 CST 2026"
      }
    },
    {
      "type": "Feature",
      "geometry": {
        "type": "Point",
        "coordinates": [
          121.5241933,
          25.106853
        ]
      },
      "properties": {
        "id": "TPE1551",
        "name": "長揚停車場中山二站",
        "area": "士林區",
        "address": "中山北路6段157巷7號左側",
        "summary": "大型車:0格，小型車:6格(含身心障礙停車位1格)，機車:0格",
        "tel": "(02)27619188",
        "car": 6,
        "motor": 0,
        "charging": 0,
        "occupied_rate": -99,
        "data_time": "Sat May 02 00:00:00 CST 2026"
      }
    },
    {
      "type": "Feature",
      "geometry": {
        "type": "Point",
        "coordinates": [
          121.5498381,
          25.0460603
        ]
      },
      "properties": {
        "id": "TPE1552",
        "name": "Times八德路三段",
        "area": "松山區",
        "address": "八德路3段12巷52弄15號旁",
        "summary": "大型車:0格，小型車:2格(含身心障礙停車位1格)，機車:0格",
        "tel": "0800-888924或(02)25046098",
        "car": 2,
        "motor": 0,
        "charging": 0,
        "occupied_rate": -99,
        "data_time": "Sat May 02 00:00:00 CST 2026"
      }
    },
    {
      "type": "Feature",
      "geometry": {
        "type": "Point",
        "coordinates": [
          121.5568773,
          25.0823245
        ]
      },
      "properties": {
        "id": "TPE1554",
        "name": "NOKE忠泰樂生活地下停車場",
        "area": "中山區",
        "address": "樂群三路200號地下1-3層",
        "summary": "大型車:0格，小型車:247格(含身心障礙停車位8格，孕婦、育有六歲以下兒童停車位7格)，機車:262格(含身心障礙停車位6格)",
        "tel": "8501-1888",
        "car": 247,
        "motor": 262,
        "charging": 0,
        "occupied_rate": -99,
        "data_time": "Sat May 02 00:00:00 CST 2026"
      }
    },
    {
      "type": "Feature",
      "geometry": {
        "type": "Point",
        "coordinates": [
          121.6162369,
          25.0514174
        ]
      },
      "properties": {
        "id": "TPE1555",
        "name": "USPACE南港研究院路停車場",
        "area": "南港區",
        "address": "研究院路1段101巷16弄8號旁",
        "summary": "大型車:0格，小型車:34格(含身心障礙停車位1格)，機車:0格",
        "tel": "0933223591",
        "car": 34,
        "motor": 0,
        "charging": 0,
        "occupied_rate": -99,
        "data_time": "Sat May 02 00:00:00 CST 2026"
      }
    },
    {
      "type": "Feature",
      "geometry": {
        "type": "Point",
        "coordinates": [
          121.5737017,
          25.0786515
        ]
      },
      "properties": {
        "id": "TPE1556",
        "name": "大港墘公園大客車平面停車場",
        "area": "內湖區",
        "address": "洲子街18號旁",
        "summary": "大型車:4格，小型車:0格，機車:0格",
        "tel": "0227590666",
        "car": 0,
        "motor": 0,
        "charging": 0,
        "occupied_rate": -99,
        "data_time": "Sat May 02 00:00:00 CST 2026"
      }
    },
    {
      "type": "Feature",
      "geometry": {
        "type": "Point",
        "coordinates": [
          121.5319423,
          25.0743268
        ]
      },
      "properties": {
        "id": "TPE1557",
        "name": "基隆河大佳網球場平面停車場",
        "area": "中山區",
        "address": "自基隆河10號水門至大佳網球場",
        "summary": "大型車:0格，小型車:50格(含身心障礙停車位1格)，機車:0格",
        "tel": "2759-0666",
        "car": 50,
        "motor": 0,
        "charging": 0,
        "occupied_rate": -99,
        "data_time": "Sat May 02 00:00:00 CST 2026"
      }
    },
    {
      "type": "Feature",
      "geometry": {
        "type": "Point",
        "coordinates": [
          121.5134136,
          25.0454277
        ]
      },
      "properties": {
        "id": "TPE1558",
        "name": "Times重慶南路一段",
        "area": "中正區",
        "address": "重慶南路1段35號旁",
        "summary": "大型車:0格，小型車:5格(含身心障礙停車位1格)，機車:0格",
        "tel": "0800888924",
        "car": 5,
        "motor": 0,
        "charging": 0,
        "occupied_rate": -99,
        "data_time": "Sat May 02 00:00:00 CST 2026"
      }
    },
    {
      "type": "Feature",
      "geometry": {
        "type": "Point",
        "coordinates": [
          121.5256948,
          25.1008509
        ]
      },
      "properties": {
        "id": "TPE1559",
        "name": "叭叭房雙溪二停車場",
        "area": "士林區",
        "address": "雙溪街108號旁空地",
        "summary": "大型車:0格，小型車:14格(含身心障礙停車位1格)，機車:0格",
        "tel": "(02)26550000",
        "car": 14,
        "motor": 0,
        "charging": 0,
        "occupied_rate": -99,
        "data_time": "Sat May 02 00:00:00 CST 2026"
      }
    },
    {
      "type": "Feature",
      "geometry": {
        "type": "Point",
        "coordinates": [
          121.5072572,
          25.1277283
        ]
      },
      "properties": {
        "id": "TPE1560",
        "name": "博客停車場-家福公館場",
        "area": "北投區",
        "address": "公舘路198號",
        "summary": "大型車:0格，小型車:61格(含身心障礙停車位1格)，機車:0格",
        "tel": "(02)29488889",
        "car": 61,
        "motor": 0,
        "charging": 0,
        "occupied_rate": -99,
        "data_time": "Sat May 02 00:00:00 CST 2026"
      }
    },
    {
      "type": "Feature",
      "geometry": {
        "type": "Point",
        "coordinates": [
          121.5384419,
          25.0442919
        ]
      },
      "properties": {
        "id": "TPE1561",
        "name": "Times市民大道三段",
        "area": "大安區",
        "address": "市民大道3段198號地下3層",
        "summary": "大型車:0格，小型車:12格(含身心障礙停車位1格)，機車:0格",
        "tel": "0800-88-8924；2504-6098",
        "car": 12,
        "motor": 0,
        "charging": 0,
        "occupied_rate": -99,
        "data_time": "Sat May 02 00:00:00 CST 2026"
      }
    },
    {
      "type": "Feature",
      "geometry": {
        "type": "Point",
        "coordinates": [
          121.5198277,
          25.0755953
        ]
      },
      "properties": {
        "id": "TPE1562",
        "name": "臺北市立明倫高級中學停車場",
        "area": "大同區",
        "address": "承德路3段336號地下1層",
        "summary": "大型車:0格，小型車:49格(含身心障礙停車位2格，孕婦、育有六歲以下兒童停車位1格)，機車:0格",
        "tel": "2596-1567",
        "car": 49,
        "motor": 0,
        "charging": 0,
        "occupied_rate": -99,
        "data_time": "Sat May 02 00:00:00 CST 2026"
      }
    },
    {
      "type": "Feature",
      "geometry": {
        "type": "Point",
        "coordinates": [
          121.5060561,
          25.1436329
        ]
      },
      "properties": {
        "id": "TPE1563",
        "name": "北投翔帆停車場",
        "area": "北投區",
        "address": "奉賢路10號旁空地",
        "summary": "大型車:0格，小型車:6格(含身心障礙停車位1格)，機車:0格",
        "tel": "(02)22461708",
        "car": 6,
        "motor": 0,
        "charging": 0,
        "occupied_rate": -99,
        "data_time": "Sat May 02 00:00:00 CST 2026"
      }
    },
    {
      "type": "Feature",
      "geometry": {
        "type": "Point",
        "coordinates": [
          121.528463,
          25.0469504
        ]
      },
      "properties": {
        "id": "TPE1565",
        "name": "Times 市民大道二段",
        "area": "中山區",
        "address": "市民大道2段47號旁",
        "summary": "大型車:0格，小型車:34格(含身心障礙停車位1格)，機車:0格",
        "tel": "2504-6098",
        "car": 34,
        "motor": 0,
        "charging": 0,
        "occupied_rate": -99,
        "data_time": "Sat May 02 00:00:00 CST 2026"
      }
    },
    {
      "type": "Feature",
      "geometry": {
        "type": "Point",
        "coordinates": [
          121.5201887,
          25.0296118
        ]
      },
      "properties": {
        "id": "TPE1566",
        "name": "國語日報停車場",
        "area": "中正區",
        "address": "福州街2號地下1至2層",
        "summary": "大型車:0格，小型車:30格(含身心障礙停車位1格)，機車:0格",
        "tel": "2321-3479",
        "car": 30,
        "motor": 0,
        "charging": 0,
        "occupied_rate": -99,
        "data_time": "Sat May 02 00:00:00 CST 2026"
      }
    },
    {
      "type": "Feature",
      "geometry": {
        "type": "Point",
        "coordinates": [
          121.5173479,
          25.0594234
        ]
      },
      "properties": {
        "id": "TPE1567",
        "name": "公園首席停車場",
        "area": "大同區",
        "address": "興城街70號地下1層",
        "summary": "大型車:0格，小型車:28格(含身心障礙停車位1格)，機車:14格(含身心障礙停車位1格)",
        "tel": "2552-9581",
        "car": 28,
        "motor": 14,
        "charging": 0,
        "occupied_rate": -99,
        "data_time": "Sat May 02 00:00:00 CST 2026"
      }
    },
    {
      "type": "Feature",
      "geometry": {
        "type": "Point",
        "coordinates": [
          121.5143846,
          25.0283726
        ]
      },
      "properties": {
        "id": "TPE1568",
        "name": "及泰泉州1場",
        "area": "中正區",
        "address": "泉州街55號對面空地",
        "summary": "大型車:0格，小型車:35格(含身心障礙停車位1格)，機車:10格(含身心障礙停車位1格)",
        "tel": "2754-6661",
        "car": 35,
        "motor": 10,
        "charging": 0,
        "occupied_rate": -99,
        "data_time": "Sat May 02 00:00:00 CST 2026"
      }
    },
    {
      "type": "Feature",
      "geometry": {
        "type": "Point",
        "coordinates": [
          121.6096659,
          25.052178
        ]
      },
      "properties": {
        "id": "TPE1569",
        "name": "台北生技園區地下室停車場",
        "area": "南港區",
        "address": "忠孝東路7段508號地下1層",
        "summary": "大型車:0格，小型車:33格(含身心障礙停車位3格，孕婦、育有六歲以下兒童停車位1格)，機車:0格",
        "tel": "0226516868",
        "car": 33,
        "motor": 0,
        "charging": 0,
        "occupied_rate": -99,
        "data_time": "Sat May 02 00:00:00 CST 2026"
      }
    },
    {
      "type": "Feature",
      "geometry": {
        "type": "Point",
        "coordinates": [
          121.4720491,
          25.1242108
        ]
      },
      "properties": {
        "id": "TPE1571",
        "name": "宏達經營管理顧問有限公司大愛二停車場",
        "area": "北投區",
        "address": "立德路8號地上1層",
        "summary": "大型車:0格，小型車:67格(含身心障礙停車位2格)，機車:0格，充電格位:1格",
        "tel": "02-2283-5158",
        "car": 67,
        "motor": 0,
        "charging": 0,
        "occupied_rate": -99,
        "data_time": "Sat May 02 00:00:00 CST 2026"
      }
    },
    {
      "type": "Feature",
      "geometry": {
        "type": "Point",
        "coordinates": [
          121.5165884,
          25.0617756
        ]
      },
      "properties": {
        "id": "TPE1572",
        "name": "168停車聯盟-承德1場",
        "area": "大同區",
        "address": "民權西路102巷4弄9號旁空地",
        "summary": "大型車:0格，小型車:39格(含身心障礙停車位1格)，機車:0格",
        "tel": "0227546661",
        "car": 39,
        "motor": 0,
        "charging": 0,
        "occupied_rate": -99,
        "data_time": "Sat May 02 00:00:00 CST 2026"
      }
    },
    {
      "type": "Feature",
      "geometry": {
        "type": "Point",
        "coordinates": [
          121.5342778,
          25.0341323
        ]
      },
      "properties": {
        "id": "TPE1573",
        "name": "Times新生南路一段",
        "area": "大安區",
        "address": "新生南路1段165巷10號旁",
        "summary": "大型車:0格，小型車:3格(含身心障礙停車位1格)，機車:0格",
        "tel": "0800-88-8924；2504-6098",
        "car": 3,
        "motor": 0,
        "charging": 0,
        "occupied_rate": -99,
        "data_time": "Sat May 02 00:00:00 CST 2026"
      }
    },
    {
      "type": "Feature",
      "geometry": {
        "type": "Point",
        "coordinates": [
          121.5827015,
          25.0567438
        ]
      },
      "properties": {
        "id": "TPE1574",
        "name": "168停車聯盟-內湖新明場",
        "area": "內湖區",
        "address": "新明路268號後方空地",
        "summary": "大型車:0格，小型車:49格(含身心障礙停車位1格)，機車:0格",
        "tel": "2754-6661 #18",
        "car": 49,
        "motor": 0,
        "charging": 0,
        "occupied_rate": -99,
        "data_time": "Sat May 02 00:00:00 CST 2026"
      }
    },
    {
      "type": "Feature",
      "geometry": {
        "type": "Point",
        "coordinates": [
          121.5231024,
          25.0919516
        ]
      },
      "properties": {
        "id": "TPE1577",
        "name": "陽光士林669-23停車場",
        "area": "士林區",
        "address": "福德路31號",
        "summary": "大型車:0格，小型車:49格(含身心障礙停車位1格)，機車:0格",
        "tel": "(02)28811111",
        "car": 49,
        "motor": 0,
        "charging": 0,
        "occupied_rate": -99,
        "data_time": "Sat May 02 00:00:00 CST 2026"
      }
    },
    {
      "type": "Feature",
      "geometry": {
        "type": "Point",
        "coordinates": [
          121.545593,
          25.0606495
        ]
      },
      "properties": {
        "id": "TPE1578",
        "name": "中山國中地下停車場",
        "area": "松山區",
        "address": "民權東路3段140巷6號地下(地下共2層)",
        "summary": "大型車:0格，小型車:288格(含身心障礙停車位7格，孕婦、育有六歲以下兒童停車位6格)，機車:0格，充電格位:6格",
        "tel": "2655-0818",
        "car": 288,
        "motor": 0,
        "charging": 0,
        "occupied_rate": -99,
        "data_time": "Sat May 02 00:00:00 CST 2026"
      }
    },
    {
      "type": "Feature",
      "geometry": {
        "type": "Point",
        "coordinates": [
          121.5374822,
          25.0103746
        ]
      },
      "properties": {
        "id": "TPE1579",
        "name": "百里亭公館停車場",
        "area": "大安區",
        "address": "羅斯福路4段123巷17號對面空地",
        "summary": "大型車:0格，小型車:3格(含身心障礙停車位1格)，機車:0格",
        "tel": "7715-3105#688",
        "car": 3,
        "motor": 0,
        "charging": 0,
        "occupied_rate": -99,
        "data_time": "Sat May 02 00:00:00 CST 2026"
      }
    },
    {
      "type": "Feature",
      "geometry": {
        "type": "Point",
        "coordinates": [
          121.5478394,
          25.0420344
        ]
      },
      "properties": {
        "id": "TPE1580",
        "name": "USPACE頂好名店城二場",
        "area": "大安區",
        "address": "忠孝東路4段97號旁空地",
        "summary": "大型車:0格，小型車:7格(含身心障礙停車位1格)，機車:0格",
        "tel": "7751-8097",
        "car": 7,
        "motor": 0,
        "charging": 0,
        "occupied_rate": -99,
        "data_time": "Sat May 02 00:00:00 CST 2026"
      }
    },
    {
      "type": "Feature",
      "geometry": {
        "type": "Point",
        "coordinates": [
          121.6191667,
          25.0580114
        ]
      },
      "properties": {
        "id": "TPE1581",
        "name": "TFC PLAZA 大樓地下停車場",
        "area": "南港區",
        "address": "經貿一路166、168、170號地下1至3層",
        "summary": "大型車:0格，小型車:549格(含身心障礙停車位12格，孕婦、育有六歲以下兒童停車位11格)，機車:0格",
        "tel": "02-22461708",
        "car": 549,
        "motor": 0,
        "charging": 0,
        "occupied_rate": -99,
        "data_time": "Sat May 02 00:00:00 CST 2026"
      }
    },
    {
      "type": "Feature",
      "geometry": {
        "type": "Point",
        "coordinates": [
          121.5268389,
          25.0494795
        ]
      },
      "properties": {
        "id": "TPE1582",
        "name": "Times林森五條通第2",
        "area": "中山區",
        "address": "林森北路85巷57號旁",
        "summary": "大型車:0格，小型車:28格(含身心障礙停車位1格)，機車:0格",
        "tel": "2504-6098",
        "car": 28,
        "motor": 0,
        "charging": 0,
        "occupied_rate": -99,
        "data_time": "Sat May 02 00:00:00 CST 2026"
      }
    },
    {
      "type": "Feature",
      "geometry": {
        "type": "Point",
        "coordinates": [
          121.5880181,
          25.0644486
        ]
      },
      "properties": {
        "id": "TPE1584",
        "name": "昇恆昌免稅廣場停車場",
        "area": "內湖區",
        "address": "金莊路129號地下2至3層",
        "summary": "大型車:0格，小型車:130格(含身心障礙停車位6格，孕婦、育有六歲以下兒童停車位4格)，機車:0格，充電格位:2格",
        "tel": "0800098668",
        "car": 130,
        "motor": 0,
        "charging": 0,
        "occupied_rate": -99,
        "data_time": "Sat May 02 00:00:00 CST 2026"
      }
    },
    {
      "type": "Feature",
      "geometry": {
        "type": "Point",
        "coordinates": [
          121.5232169,
          25.0431388
        ]
      },
      "properties": {
        "id": "TPE1585",
        "name": "臺北市立成功高級中學綜合大樓地下停車場",
        "area": "中正區",
        "address": "濟南路1段71號地下2層",
        "summary": "大型車:0格，小型車:93格(含身心障礙停車位2格)，機車:0格，充電格位:2格",
        "tel": "2321-8222",
        "car": 93,
        "motor": 0,
        "charging": 0,
        "occupied_rate": -99,
        "data_time": "Sat May 02 00:00:00 CST 2026"
      }
    },
    {
      "type": "Feature",
      "geometry": {
        "type": "Point",
        "coordinates": [
          121.5916613,
          25.0501315
        ]
      },
      "properties": {
        "id": "TPE1586",
        "name": "昆陽站旁機車平面停車場",
        "area": "南港區",
        "address": "忠孝東路6段403巷口",
        "summary": "大型車:0格，小型車:0格，機車:258格(含身心障礙停車位7格)",
        "tel": "0227590666",
        "car": 0,
        "motor": 258,
        "charging": 0,
        "occupied_rate": -99,
        "data_time": "Sat May 02 00:00:00 CST 2026"
      }
    },
    {
      "type": "Feature",
      "geometry": {
        "type": "Point",
        "coordinates": [
          121.5085624,
          25.0999988
        ]
      },
      "properties": {
        "id": "TPE1587",
        "name": "北投洲美臨時平面停車場",
        "area": "北投區",
        "address": "福美路210號對面空地",
        "summary": "大型車:0格，小型車:102格(含身心障礙停車位3格)，機車:0格，充電格位:2格",
        "tel": "0800-021-111或(02)28911794",
        "car": 102,
        "motor": 0,
        "charging": 0,
        "occupied_rate": -99,
        "data_time": "Sat May 02 00:00:00 CST 2026"
      }
    },
    {
      "type": "Feature",
      "geometry": {
        "type": "Point",
        "coordinates": [
          121.5306002,
          25.0356577
        ]
      },
      "properties": {
        "id": "TPE1588",
        "name": "USPACE臨沂榮譽場",
        "area": "中正區",
        "address": "臨沂街63巷23號空地",
        "summary": "大型車:0格，小型車:6格(含身心障礙停車位2格)，機車:0格",
        "tel": "7751-8097",
        "car": 6,
        "motor": 0,
        "charging": 0,
        "occupied_rate": -99,
        "data_time": "Sat May 02 00:00:00 CST 2026"
      }
    },
    {
      "type": "Feature",
      "geometry": {
        "type": "Point",
        "coordinates": [
          121.5561849,
          24.9807951
        ]
      },
      "properties": {
        "id": "TPE1589",
        "name": "景美女中地下停車場",
        "area": "文山區",
        "address": "木新路3段210巷9號地下(地下共2層)",
        "summary": "大型車:0格，小型車:268格(含身心障礙停車位6格，孕婦、育有六歲以下兒童停車位6格)，機車:140格(含身心障礙停車位3格)，充電格位:6格",
        "tel": "6603-9014",
        "car": 268,
        "motor": 140,
        "charging": 0,
        "occupied_rate": -99,
        "data_time": "Sat May 02 00:00:00 CST 2026"
      }
    },
    {
      "type": "Feature",
      "geometry": {
        "type": "Point",
        "coordinates": [
          121.5685071,
          25.0571757
        ]
      },
      "properties": {
        "id": "TPE1590",
        "name": "泊京民生鉑月站停車場",
        "area": "松山區",
        "address": "延壽街18巷1號地下1至2層",
        "summary": "大型車:0格，小型車:30格(含身心障礙停車位1格)，機車:15格(含身心障礙停車位1格)",
        "tel": "2703-9696",
        "car": 30,
        "motor": 15,
        "charging": 0,
        "occupied_rate": -99,
        "data_time": "Sat May 02 00:00:00 CST 2026"
      }
    },
    {
      "type": "Feature",
      "geometry": {
        "type": "Point",
        "coordinates": [
          121.5406691,
          25.004743
        ]
      },
      "properties": {
        "id": "TPE1591",
        "name": "台灣聯通興隆停車場",
        "area": "文山區",
        "address": "興隆路1段15號地上1、3層",
        "summary": "大型車:0格，小型車:85格(含身心障礙停車位1格)，機車:0格",
        "tel": "2523-5000",
        "car": 85,
        "motor": 0,
        "charging": 0,
        "occupied_rate": -99,
        "data_time": "Sat May 02 00:00:00 CST 2026"
      }
    },
    {
      "type": "Feature",
      "geometry": {
        "type": "Point",
        "coordinates": [
          121.5848894,
          25.0647746
        ]
      },
      "properties": {
        "id": "TPE1592",
        "name": "新湖一路平面停車場",
        "area": "內湖區",
        "address": "新湖一路383號旁",
        "summary": "大型車:0格，小型車:24格(含身心障礙停車位1格)，機車:0格",
        "tel": "(02)25683773",
        "car": 24,
        "motor": 0,
        "charging": 0,
        "occupied_rate": -99,
        "data_time": "Sat May 02 00:00:00 CST 2026"
      }
    },
    {
      "type": "Feature",
      "geometry": {
        "type": "Point",
        "coordinates": [
          121.5487297,
          25.0159038
        ]
      },
      "properties": {
        "id": "TPE1593",
        "name": "辛亥水安停車場",
        "area": "大安區",
        "address": "長興街131號",
        "summary": "大型車:0格，小型車:62格(含身心障礙停車位2格，孕婦、育有六歲以下兒童停車位1格)，機車:0格，充電格位:2格",
        "tel": "83695104",
        "car": 62,
        "motor": 0,
        "charging": 0,
        "occupied_rate": -99,
        "data_time": "Sat May 02 00:00:00 CST 2026"
      }
    },
    {
      "type": "Feature",
      "geometry": {
        "type": "Point",
        "coordinates": [
          121.5519945,
          25.0553151
        ]
      },
      "properties": {
        "id": "TPE1594",
        "name": "長揚停車場敦北站",
        "area": "松山區",
        "address": "敦化北路155巷66弄60號旁空地",
        "summary": "大型車:0格，小型車:5格(含身心障礙停車位1格)，機車:0格",
        "tel": "2761-9188",
        "car": 5,
        "motor": 0,
        "charging": 0,
        "occupied_rate": -99,
        "data_time": "Sat May 02 00:00:00 CST 2026"
      }
    },
    {
      "type": "Feature",
      "geometry": {
        "type": "Point",
        "coordinates": [
          121.5771146,
          25.0487194
        ]
      },
      "properties": {
        "id": "TPE1595",
        "name": "Times 松山松隆",
        "area": "信義區",
        "address": "松隆路215巷4弄13號旁",
        "summary": "大型車:0格，小型車:17格(含身心障礙停車位1格)，機車:0格",
        "tel": "0800-88-8924；2504-6098",
        "car": 17,
        "motor": 0,
        "charging": 0,
        "occupied_rate": -99,
        "data_time": "Sat May 02 00:00:00 CST 2026"
      }
    },
    {
      "type": "Feature",
      "geometry": {
        "type": "Point",
        "coordinates": [
          121.5155597,
          25.0627317
        ]
      },
      "properties": {
        "id": "TPE1596",
        "name": "民權西路160巷機車平面停車場",
        "area": "大同區",
        "address": "民權西路與民權西路160巷交叉口",
        "summary": "大型車:0格，小型車:0格，機車:33格(含身心障礙停車位1格)",
        "tel": "2759-0666",
        "car": 0,
        "motor": 33,
        "charging": 0,
        "occupied_rate": -99,
        "data_time": "Sat May 02 00:00:00 CST 2026"
      }
    },
    {
      "type": "Feature",
      "geometry": {
        "type": "Point",
        "coordinates": [
          121.5482432,
          25.0452243
        ]
      },
      "properties": {
        "id": "TPE1598",
        "name": "USPACE富邦敦北大樓",
        "area": "松山區",
        "address": "敦化南路1段108號地下3層",
        "summary": "大型車:0格，小型車:34格(含身心障礙停車位1格)，機車:0格，充電格位:3格",
        "tel": "027751-8097",
        "car": 34,
        "motor": 0,
        "charging": 0,
        "occupied_rate": -99,
        "data_time": "Sat May 02 00:00:00 CST 2026"
      }
    },
    {
      "type": "Feature",
      "geometry": {
        "type": "Point",
        "coordinates": [
          121.6020724,
          25.0561587
        ]
      },
      "properties": {
        "id": "TPE1599",
        "name": "臺北市南港區東新國民小學停車場",
        "area": "南港區",
        "address": "興南街62號",
        "summary": "大型車:0格，小型車:20格(含身心障礙停車位1格)，機車:0格，充電格位:2格",
        "tel": "0227837577",
        "car": 20,
        "motor": 0,
        "charging": 0,
        "occupied_rate": -99,
        "data_time": "Sat May 02 00:00:00 CST 2026"
      }
    },
    {
      "type": "Feature",
      "geometry": {
        "type": "Point",
        "coordinates": [
          121.5165466,
          25.0312653
        ]
      },
      "properties": {
        "id": "TPE1600",
        "name": "168停車聯盟-南昌場",
        "area": "中正區",
        "address": "南昌路1段54巷6號對面空地",
        "summary": "大型車:0格，小型車:6格(含身心障礙停車位1格)，機車:0格",
        "tel": "2754-6661分機18",
        "car": 6,
        "motor": 0,
        "charging": 0,
        "occupied_rate": -99,
        "data_time": "Sat May 02 00:00:00 CST 2026"
      }
    },
    {
      "type": "Feature",
      "geometry": {
        "type": "Point",
        "coordinates": [
          121.4779516,
          25.1360389
        ]
      },
      "properties": {
        "id": "TPE1601",
        "name": "Times行天宮北投分宮",
        "area": "北投區",
        "address": "中央北路4段30巷18號旁",
        "summary": "大型車:0格，小型車:64格(含身心障礙停車位2格)，機車:0格，充電格位:1格",
        "tel": "0800-888-924或(02)25046098",
        "car": 64,
        "motor": 0,
        "charging": 0,
        "occupied_rate": -99,
        "data_time": "Sat May 02 00:00:00 CST 2026"
      }
    },
    {
      "type": "Feature",
      "geometry": {
        "type": "Point",
        "coordinates": [
          121.5033135,
          25.0260112
        ]
      },
      "properties": {
        "id": "TPE1602",
        "name": "新和國小地下停車場",
        "area": "萬華區",
        "address": "西藏路125巷31號地下1至3層",
        "summary": "大型車:0格，小型車:304格(含身心障礙停車位7格，孕婦、育有六歲以下兒童停車位7格)，機車:56格(含身心障礙停車位2格)，充電格位:6格",
        "tel": "2799-5657",
        "car": 304,
        "motor": 56,
        "charging": 0,
        "occupied_rate": -99,
        "data_time": "Sat May 02 00:00:00 CST 2026"
      }
    },
    {
      "type": "Feature",
      "geometry": {
        "type": "Point",
        "coordinates": [
          121.6124351,
          25.0690218
        ]
      },
      "properties": {
        "id": "TPE1604",
        "name": "東湖立體停車場",
        "area": "內湖區",
        "address": "東湖路3號(地下共2層、地上1層及3至8層)",
        "summary": "大型車:0格，小型車:228格(含身心障礙停車位5格，孕婦、育有六歲以下兒童停車位5格)，機車:202格(含身心障礙停車位5格)，充電格位:15格",
        "tel": "(02)27995657",
        "car": 228,
        "motor": 202,
        "charging": 0,
        "occupied_rate": -99,
        "data_time": "Sat May 02 00:00:00 CST 2026"
      }
    },
    {
      "type": "Feature",
      "geometry": {
        "type": "Point",
        "coordinates": [
          121.5094289,
          25.0632855
        ]
      },
      "properties": {
        "id": "TPE1605",
        "name": "臺北大橋橋下機車停車場",
        "area": "大同區",
        "address": "環河北路2段至延平北路3段橋下空間",
        "summary": "大型車:0格，小型車:0格，機車:176格(含身心障礙停車位4格)",
        "tel": "2759-0666",
        "car": 0,
        "motor": 176,
        "charging": 0,
        "occupied_rate": -99,
        "data_time": "Sat May 02 00:00:00 CST 2026"
      }
    },
    {
      "type": "Feature",
      "geometry": {
        "type": "Point",
        "coordinates": [
          121.5661121,
          24.9884113
        ]
      },
      "properties": {
        "id": "TPE1606",
        "name": "湖畔公園平面停車場",
        "area": "內湖區",
        "address": "大湖山莊街177巷25號對面至大湖山莊街219巷31弄43號對面",
        "summary": "大型車:0格，小型車:47格(含身心障礙停車位1格)，機車:12格",
        "tel": "0227590666",
        "car": 47,
        "motor": 12,
        "charging": 0,
        "occupied_rate": -99,
        "data_time": "Sat May 02 00:00:00 CST 2026"
      }
    },
    {
      "type": "Feature",
      "geometry": {
        "type": "Point",
        "coordinates": [
          121.5663073,
          25.0415182
        ]
      },
      "properties": {
        "id": "TPE1615",
        "name": "Uspace車位共享平臺停車場(信義區)",
        "area": "信義區",
        "address": "忠孝東路5段53號後放平面車位",
        "summary": "大型車:0格，小型車:14格，機車:0格",
        "tel": "8771-8502",
        "car": 14,
        "motor": 0,
        "charging": 0,
        "occupied_rate": -99,
        "data_time": "Sat May 02 00:00:00 CST 2026"
      }
    },
    {
      "type": "Feature",
      "geometry": {
        "type": "Point",
        "coordinates": [
          121.5612259,
          25.0480896
        ]
      },
      "properties": {
        "id": "TPE1617",
        "name": "便利停車場八德站",
        "area": "松山區",
        "address": "八德路4段106巷3號旁空地",
        "summary": "大型車:0格，小型車:28格(含身心障礙停車位1格)，機車:0格",
        "tel": "(02)27991001",
        "car": 28,
        "motor": 0,
        "charging": 0,
        "occupied_rate": -99,
        "data_time": "Sat May 02 00:00:00 CST 2026"
      }
    },
    {
      "type": "Feature",
      "geometry": {
        "type": "Point",
        "coordinates": [
          121.5835241,
          25.0900651
        ]
      },
      "properties": {
        "id": "TPE1618",
        "name": "翡翠社區停車場",
        "area": "內湖區",
        "address": "內湖路3段326巷旁空地",
        "summary": "大型車:0格，小型車:165格，機車:0格",
        "tel": "02-27900489",
        "car": 165,
        "motor": 0,
        "charging": 0,
        "occupied_rate": -99,
        "data_time": "Sat May 02 00:00:00 CST 2026"
      }
    },
    {
      "type": "Feature",
      "geometry": {
        "type": "Point",
        "coordinates": [
          121.5186498,
          25.0943823
        ]
      },
      "properties": {
        "id": "TPE1619",
        "name": "Times基河路第7",
        "area": "士林區",
        "address": "基河路350號旁空地",
        "summary": "大型車:0格，小型車:45格(含身心障礙停車位1格)，機車:0格",
        "tel": "(02)26550000",
        "car": 45,
        "motor": 0,
        "charging": 0,
        "occupied_rate": -99,
        "data_time": "Sat May 02 00:00:00 CST 2026"
      }
    },
    {
      "type": "Feature",
      "geometry": {
        "type": "Point",
        "coordinates": [
          121.5578699,
          25.0394353
        ]
      },
      "properties": {
        "id": "TPE1620",
        "name": "嘟嘟房國父紀念館-光復站停車場",
        "area": "信義區",
        "address": "仁愛路4段505號(光復南路側停車場)",
        "summary": "大型車:0格，小型車:147格(含身心障礙停車位3格，孕婦、育有六歲以下兒童停車位3格)，機車:0格，充電格位:7格",
        "tel": "0226550818",
        "car": 147,
        "motor": 0,
        "charging": 0,
        "occupied_rate": -99,
        "data_time": "Sat May 02 00:00:00 CST 2026"
      }
    },
    {
      "type": "Feature",
      "geometry": {
        "type": "Point",
        "coordinates": [
          121.5323214,
          25.0558902
        ]
      },
      "properties": {
        "id": "TPE1621",
        "name": "嘟嘟房松江2站停車場",
        "area": "中山區",
        "address": "松江路170巷12號地下2層",
        "summary": "大型車:0格，小型車:47格(含身心障礙停車位1格)，機車:0格",
        "tel": "2655-0818",
        "car": 47,
        "motor": 0,
        "charging": 0,
        "occupied_rate": -99,
        "data_time": "Sat May 02 00:00:00 CST 2026"
      }
    },
    {
      "type": "Feature",
      "geometry": {
        "type": "Point",
        "coordinates": [
          121.5242438,
          25.0878895
        ]
      },
      "properties": {
        "id": "TPE1622",
        "name": "台北市公有士林市場停車場",
        "area": "士林區",
        "address": "基河路101號地下3層",
        "summary": "大型車:0格，小型車:46格(含身心障礙停車位2格)，機車:0格",
        "tel": "(02)28815557",
        "car": 46,
        "motor": 0,
        "charging": 0,
        "occupied_rate": -99,
        "data_time": "Sat May 02 00:00:00 CST 2026"
      }
    },
    {
      "type": "Feature",
      "geometry": {
        "type": "Point",
        "coordinates": [
          121.5784738,
          25.0483033
        ]
      },
      "properties": {
        "id": "TPE1623",
        "name": "松山車站機車停車場",
        "area": "信義區",
        "address": "松山路11號地下1、2層",
        "summary": "大型車:0格，小型車:0格，機車:1625格(含身心障礙停車位24格)",
        "tel": "02-27995657",
        "car": 0,
        "motor": 1625,
        "charging": 0,
        "occupied_rate": -99,
        "data_time": "Sat May 02 00:00:00 CST 2026"
      }
    },
    {
      "type": "Feature",
      "geometry": {
        "type": "Point",
        "coordinates": [
          121.5248813,
          25.0205401
        ]
      },
      "properties": {
        "id": "TPE1624",
        "name": "臺北市客家文化中心附設地下停車場",
        "area": "中正區",
        "address": "汀州路3段2號",
        "summary": "大型車:0格，小型車:63格(含身心障礙停車位3格，孕婦、育有六歲以下兒童停車位1格)，機車:55格(含身心障礙停車位2格)，充電格位:1格",
        "tel": "2369-1198",
        "car": 63,
        "motor": 55,
        "charging": 0,
        "occupied_rate": -99,
        "data_time": "Sat May 02 00:00:00 CST 2026"
      }
    },
    {
      "type": "Feature",
      "geometry": {
        "type": "Point",
        "coordinates": [
          121.5799843,
          25.0614174
        ]
      },
      "properties": {
        "id": "TPE1625",
        "name": "天成舊宗停車場(松山、內湖保管場)",
        "area": "內湖區",
        "address": "新湖二路191巷18號旁空地",
        "summary": "大型車:0格，小型車:32格(含身心障礙停車位1格)，機車:10格(含身心障礙停車位1格)",
        "tel": "02-27961088",
        "car": 32,
        "motor": 10,
        "charging": 0,
        "occupied_rate": -99,
        "data_time": "Sat May 02 00:00:00 CST 2026"
      }
    },
    {
      "type": "Feature",
      "geometry": {
        "type": "Point",
        "coordinates": [
          121.5836356,
          25.0460013
        ]
      },
      "properties": {
        "id": "TPE1626",
        "name": "忠孝玉成停車場",
        "area": "南港區",
        "address": "忠孝東路6段62號旁空地",
        "summary": "大型車:0格，小型車:149格(含身心障礙停車位3格，孕婦、育有六歲以下兒童停車位2格)，機車:0格，充電格位:2格",
        "tel": "0800208333",
        "car": 149,
        "motor": 0,
        "charging": 0,
        "occupied_rate": -99,
        "data_time": "Sat May 02 00:00:00 CST 2026"
      }
    },
    {
      "type": "Feature",
      "geometry": {
        "type": "Point",
        "coordinates": [
          121.5392808,
          25.0576368
        ]
      },
      "properties": {
        "id": "TPE1627",
        "name": "民生東路三段停車場",
        "area": "中山區",
        "address": "民生東路3段30號旁空地",
        "summary": "大型車:0格，小型車:5格(含身心障礙停車位1格)，機車:0格",
        "tel": "02-22702916",
        "car": 5,
        "motor": 0,
        "charging": 0,
        "occupied_rate": -99,
        "data_time": "Sat May 02 00:00:00 CST 2026"
      }
    },
    {
      "type": "Feature",
      "geometry": {
        "type": "Point",
        "coordinates": [
          121.5280155,
          25.0361815
        ]
      },
      "properties": {
        "id": "TPE1629",
        "name": "聯永物業股份有限公司臨沂站",
        "area": "中正區",
        "address": "金山南路1段89巷5號空地旁",
        "summary": "大型車:0格，小型車:6格(含身心障礙停車位1格)，機車:0格",
        "tel": "0975-024268、0800-000267",
        "car": 6,
        "motor": 0,
        "charging": 0,
        "occupied_rate": -99,
        "data_time": "Sat May 02 00:00:00 CST 2026"
      }
    },
    {
      "type": "Feature",
      "geometry": {
        "type": "Point",
        "coordinates": [
          121.5437925,
          25.0298839
        ]
      },
      "properties": {
        "id": "TPE1630",
        "name": "千里亭有限公司復興南路停車場",
        "area": "大安區",
        "address": "復興南路2段119號旁空地",
        "summary": "大型車:0格，小型車:49格(含身心障礙停車位1格)，機車:0格",
        "tel": "0933-204-317",
        "car": 49,
        "motor": 0,
        "charging": 0,
        "occupied_rate": -99,
        "data_time": "Sat May 02 00:00:00 CST 2026"
      }
    },
    {
      "type": "Feature",
      "geometry": {
        "type": "Point",
        "coordinates": [
          121.5181887,
          25.052338
        ]
      },
      "properties": {
        "id": "TPE1632",
        "name": "Times南京西路【機車】",
        "area": "大同區",
        "address": "南京西路64巷14弄2號對面",
        "summary": "大型車:0格，小型車:0格，機車:68格(含身心障礙停車位2格)",
        "tel": "0809008924",
        "car": 0,
        "motor": 68,
        "charging": 0,
        "occupied_rate": -99,
        "data_time": "Sat May 02 00:00:00 CST 2026"
      }
    },
    {
      "type": "Feature",
      "geometry": {
        "type": "Point",
        "coordinates": [
          121.5268995,
          25.1221843
        ]
      },
      "properties": {
        "id": "TPE1633",
        "name": "嘟嘟房天母北站停車場",
        "area": "士林區",
        "address": "天母北路85號旁空地",
        "summary": "大型車:0格，小型車:10格(含身心障礙停車位1格)，機車:0格",
        "tel": "0226550818",
        "car": 10,
        "motor": 0,
        "charging": 0,
        "occupied_rate": -99,
        "data_time": "Sat May 02 00:00:00 CST 2026"
      }
    },
    {
      "type": "Feature",
      "geometry": {
        "type": "Point",
        "coordinates": [
          121.5693452,
          25.0793476
        ]
      },
      "properties": {
        "id": "TPE1634",
        "name": "洲子站",
        "area": "內湖區",
        "address": "瑞光路513巷22弄2號地下1層",
        "summary": "大型車:0格，小型車:35格(含身心障礙停車位1格，孕婦、育有六歲以下兒童停車位1格)，機車:69格(含身心障礙停車位2格)，充電格位:1格",
        "tel": "0227995657",
        "car": 35,
        "motor": 69,
        "charging": 0,
        "occupied_rate": -99,
        "data_time": "Sat May 02 00:00:00 CST 2026"
      }
    },
    {
      "type": "Feature",
      "geometry": {
        "type": "Point",
        "coordinates": [
          121.4977136,
          25.0357624
        ]
      },
      "properties": {
        "id": "TPE1635",
        "name": "Times 梧州街",
        "area": "萬華區",
        "address": "梧州街59號",
        "summary": "大型車:0格，小型車:12格(含身心障礙停車位1格)，機車:0格",
        "tel": "0800-88-8924；2504-6098",
        "car": 12,
        "motor": 0,
        "charging": 0,
        "occupied_rate": -99,
        "data_time": "Sat May 02 00:00:00 CST 2026"
      }
    },
    {
      "type": "Feature",
      "geometry": {
        "type": "Point",
        "coordinates": [
          121.5666411,
          25.0244449
        ]
      },
      "properties": {
        "id": "TPE1636",
        "name": "吳興街停車場",
        "area": "信義區",
        "address": "吳興街394巷15號旁空地",
        "summary": "大型車:0格，小型車:2格(含身心障礙停車位1格)，機車:0格",
        "tel": "02-27785756",
        "car": 2,
        "motor": 0,
        "charging": 0,
        "occupied_rate": -99,
        "data_time": "Sat May 02 00:00:00 CST 2026"
      }
    },
    {
      "type": "Feature",
      "geometry": {
        "type": "Point",
        "coordinates": [
          121.5571882,
          25.0348381
        ]
      },
      "properties": {
        "id": "TPE1637",
        "name": "光南信義平面停車場",
        "area": "大安區",
        "address": "光復南路460號旁空地",
        "summary": "大型車:0格，小型車:37格(含身心障礙停車位1格)，機車:0格，充電格位:1格",
        "tel": "2252-5022",
        "car": 37,
        "motor": 0,
        "charging": 0,
        "occupied_rate": -99,
        "data_time": "Sat May 02 00:00:00 CST 2026"
      }
    },
    {
      "type": "Feature",
      "geometry": {
        "type": "Point",
        "coordinates": [
          121.5398215,
          25.0373939
        ]
      },
      "properties": {
        "id": "TPE1638",
        "name": "驛東交停企業有限公司仁愛場",
        "area": "大安區",
        "address": "仁愛路3段108號旁空地",
        "summary": "大型車:0格，小型車:32格(含身心障礙停車位1格)，機車:0格",
        "tel": "2362-1685",
        "car": 32,
        "motor": 0,
        "charging": 0,
        "occupied_rate": -99,
        "data_time": "Sat May 02 00:00:00 CST 2026"
      }
    },
    {
      "type": "Feature",
      "geometry": {
        "type": "Point",
        "coordinates": [
          121.4892531,
          25.028981
        ]
      },
      "properties": {
        "id": "TPE1639",
        "name": "臺北市環南綜合市場自治會",
        "area": "萬華區",
        "address": "環河南路2段245號地下1至2、地上1層",
        "summary": "大型車:9格，小型車:483格(含身心障礙停車位10格)，機車:0格",
        "tel": "23621685",
        "car": 483,
        "motor": 0,
        "charging": 0,
        "occupied_rate": -99,
        "data_time": "Sat May 02 00:00:00 CST 2026"
      }
    },
    {
      "type": "Feature",
      "geometry": {
        "type": "Point",
        "coordinates": [
          121.5260505,
          25.0408763
        ]
      },
      "properties": {
        "id": "TPE1640",
        "name": "中正首藝停車場",
        "area": "中正區",
        "address": "杭州南路1段47號",
        "summary": "大型車:0格，小型車:22格(含身心障礙停車位1格)，機車:0格",
        "tel": "8512-1825#206、0982-217-785田先生",
        "car": 22,
        "motor": 0,
        "charging": 0,
        "occupied_rate": -99,
        "data_time": "Sat May 02 00:00:00 CST 2026"
      }
    },
    {
      "type": "Feature",
      "geometry": {
        "type": "Point",
        "coordinates": [
          121.5856329,
          25.0618602
        ]
      },
      "properties": {
        "id": "TPE1642",
        "name": "城市車旅潭美二站停車場",
        "area": "內湖區",
        "address": "行善路333巷與281巷19弄交叉口",
        "summary": "大型車:0格，小型車:38格(含身心障礙停車位1格)，機車:0格",
        "tel": "0800208333",
        "car": 38,
        "motor": 0,
        "charging": 0,
        "occupied_rate": -99,
        "data_time": "Sat May 02 00:00:00 CST 2026"
      }
    },
    {
      "type": "Feature",
      "geometry": {
        "type": "Point",
        "coordinates": [
          121.5314354,
          25.0370811
        ]
      },
      "properties": {
        "id": "TPE1645",
        "name": "臨沂街71巷平面停車場",
        "area": "中正區",
        "address": "臨沂街57巷32弄9號隔壁",
        "summary": "大型車:0格，小型車:3格(含身心障礙停車位1格)，機車:0格",
        "tel": "27590666",
        "car": 3,
        "motor": 0,
        "charging": 0,
        "occupied_rate": -99,
        "data_time": "Sat May 02 00:00:00 CST 2026"
      }
    },
    {
      "type": "Feature",
      "geometry": {
        "type": "Point",
        "coordinates": [
          121.5813664,
          25.0649623
        ]
      },
      "properties": {
        "id": "TPE1646",
        "name": "內湖行愛地下停車場",
        "area": "內湖區",
        "address": "行愛路141巷36號地下1至2層",
        "summary": "大型車:0格，小型車:97格(含身心障礙停車位1格)，機車:0格，充電格位:1格",
        "tel": "0800-021-111",
        "car": 97,
        "motor": 0,
        "charging": 0,
        "occupied_rate": -99,
        "data_time": "Sat May 02 00:00:00 CST 2026"
      }
    },
    {
      "type": "Feature",
      "geometry": {
        "type": "Point",
        "coordinates": [
          121.5661578,
          24.9874384
        ]
      },
      "properties": {
        "id": "TPE1647",
        "name": "木柵路三段48巷臨時平面停車場",
        "area": "文山區",
        "address": "木柵路3段48巷與木柵路3段102巷交叉口",
        "summary": "大型車:0格，小型車:120格(含身心障礙停車位3格)，機車:0格",
        "tel": "036218228",
        "car": 120,
        "motor": 0,
        "charging": 0,
        "occupied_rate": -99,
        "data_time": "Sat May 02 00:00:00 CST 2026"
      }
    },
    {
      "type": "Feature",
      "geometry": {
        "type": "Point",
        "coordinates": [
          121.5183994,
          25.0545672
        ]
      },
      "properties": {
        "id": "TPE1648",
        "name": "臺北市建成綜合大樓停車場",
        "area": "大同區",
        "address": "承德路2段33號地下1至4層",
        "summary": "大型車:0格，小型車:37格(含身心障礙停車位1格，孕婦、育有六歲以下兒童停車位2格)，機車:47格(含身心障礙停車位1格)，充電格位:1格",
        "tel": "0225503853",
        "car": 37,
        "motor": 47,
        "charging": 0,
        "occupied_rate": -99,
        "data_time": "Sat May 02 00:00:00 CST 2026"
      }
    },
    {
      "type": "Feature",
      "geometry": {
        "type": "Point",
        "coordinates": [
          121.5254304,
          25.1240831
        ]
      },
      "properties": {
        "id": "TPE1649",
        "name": "USPACE石牌路二段357巷停車場",
        "area": "北投區",
        "address": "石牌路2段357巷15號旁空地",
        "summary": "大型車:0格，小型車:1格(含身心障礙停車位1格)，機車:0格",
        "tel": "0277518097",
        "car": 1,
        "motor": 0,
        "charging": 0,
        "occupied_rate": -99,
        "data_time": "Sat May 02 00:00:00 CST 2026"
      }
    },
    {
      "type": "Feature",
      "geometry": {
        "type": "Point",
        "coordinates": [
          121.5486928,
          25.0002763
        ]
      },
      "properties": {
        "id": "TPE1650",
        "name": "168停車聯盟-興岩社福大樓",
        "area": "文山區",
        "address": "興隆路2段88號地下1至2層",
        "summary": "大型車:0格，小型車:160格(含身心障礙停車位6格，孕婦、育有六歲以下兒童停車位7格)，機車:203格(含身心障礙停車位8格)，充電格位:3格",
        "tel": "022754-6661#18",
        "car": 160,
        "motor": 203,
        "charging": 0,
        "occupied_rate": -99,
        "data_time": "Sat May 02 00:00:00 CST 2026"
      }
    },
    {
      "type": "Feature",
      "geometry": {
        "type": "Point",
        "coordinates": [
          121.5670261,
          25.0461717
        ]
      },
      "properties": {
        "id": "TPE1651",
        "name": "富邦松山停車場",
        "area": "信義區",
        "address": "基隆路1段98號地下2至4層",
        "summary": "大型車:0格，小型車:144格(含身心障礙停車位4格)，機車:0格，充電格位:2格",
        "tel": "27645717",
        "car": 144,
        "motor": 0,
        "charging": 0,
        "occupied_rate": -99,
        "data_time": "Sat May 02 00:00:00 CST 2026"
      }
    },
    {
      "type": "Feature",
      "geometry": {
        "type": "Point",
        "coordinates": [
          121.5781047,
          25.0638804
        ]
      },
      "properties": {
        "id": "TPE1653",
        "name": "新湖平面停車場",
        "area": "內湖區",
        "address": "新湖二路146巷與新湖三路口西南角空地",
        "summary": "大型車:0格，小型車:113格(含身心障礙停車位3格，孕婦、育有六歲以下兒童停車位3格)，機車:0格，充電格位:1格",
        "tel": "0227831863",
        "car": 113,
        "motor": 0,
        "charging": 0,
        "occupied_rate": -99,
        "data_time": "Sat May 02 00:00:00 CST 2026"
      }
    },
    {
      "type": "Feature",
      "geometry": {
        "type": "Point",
        "coordinates": [
          121.50337,
          25.1007816
        ]
      },
      "properties": {
        "id": "TPE1654",
        "name": "福國路(洲美段一)橋下平面停車場",
        "area": "北投區",
        "address": "洲美街176號對側橋孔與洲美街182號對側橋孔間",
        "summary": "大型車:0格，小型車:12格(含身心障礙停車位1格)，機車:12格(含身心障礙停車位1格)",
        "tel": "0227590666",
        "car": 12,
        "motor": 12,
        "charging": 0,
        "occupied_rate": -99,
        "data_time": "Sat May 02 00:00:00 CST 2026"
      }
    },
    {
      "type": "Feature",
      "geometry": {
        "type": "Point",
        "coordinates": [
          121.6153412,
          25.0610787
        ]
      },
      "properties": {
        "id": "TPE1655",
        "name": "Times 經貿二路第2",
        "area": "南港區",
        "address": "經貿二路157巷36弄62號旁",
        "summary": "大型車:0格，小型車:23格(含身心障礙停車位1格)，機車:0格",
        "tel": "0800-88-8924、02-2504-6098",
        "car": 23,
        "motor": 0,
        "charging": 0,
        "occupied_rate": -99,
        "data_time": "Sat May 02 00:00:00 CST 2026"
      }
    },
    {
      "type": "Feature",
      "geometry": {
        "type": "Point",
        "coordinates": [
          121.5471899,
          25.0546399
        ]
      },
      "properties": {
        "id": "TPE1656",
        "name": "嘟嘟房長春站停車場",
        "area": "松山區",
        "address": "長春路445號",
        "summary": "大型車:0格，小型車:104格(含身心障礙停車位2格)，機車:0格",
        "tel": "",
        "car": 104,
        "motor": 0,
        "charging": 0,
        "occupied_rate": -99,
        "data_time": "Sat May 02 00:00:00 CST 2026"
      }
    },
    {
      "type": "Feature",
      "geometry": {
        "type": "Point",
        "coordinates": [
          121.5409895,
          25.051715
        ]
      },
      "properties": {
        "id": "TPE1657",
        "name": "嘟嘟房南京復興站停車場",
        "area": "中山區",
        "address": "南京東路3段132、136號地下1至2層",
        "summary": "大型車:0格，小型車:26格(含身心障礙停車位1格)，機車:0格",
        "tel": "2655-0818",
        "car": 26,
        "motor": 0,
        "charging": 0,
        "occupied_rate": -99,
        "data_time": "Sat May 02 00:00:00 CST 2026"
      }
    },
    {
      "type": "Feature",
      "geometry": {
        "type": "Point",
        "coordinates": [
          121.5110172,
          25.080228
        ]
      },
      "properties": {
        "id": "TPE1658",
        "name": "宏達經營管理顧問有限公司延平北停車場",
        "area": "士林區",
        "address": "延平北路5段50號",
        "summary": "大型車:0格，小型車:46格(含身心障礙停車位1格)，機車:0格",
        "tel": "(02)22835158",
        "car": 46,
        "motor": 0,
        "charging": 0,
        "occupied_rate": -99,
        "data_time": "Sat May 02 00:00:00 CST 2026"
      }
    },
    {
      "type": "Feature",
      "geometry": {
        "type": "Point",
        "coordinates": [
          121.6161358,
          25.0715253
        ]
      },
      "properties": {
        "id": "TPE1659",
        "name": "璞初停車股份有限公司蒔璞案",
        "area": "內湖區",
        "address": "東湖路113巷7、9、11、13號地上1層及地下2至3層",
        "summary": "大型車:0格，小型車:30格(含身心障礙停車位1格)，機車:15格(含身心障礙停車位1格)",
        "tel": "0226317130",
        "car": 30,
        "motor": 15,
        "charging": 0,
        "occupied_rate": -99,
        "data_time": "Sat May 02 00:00:00 CST 2026"
      }
    },
    {
      "type": "Feature",
      "geometry": {
        "type": "Point",
        "coordinates": [
          121.5274257,
          25.0915459
        ]
      },
      "properties": {
        "id": "TPE1660",
        "name": "花園官邸停車場",
        "area": "士林區",
        "address": "中山北路5段453、455號",
        "summary": "大型車:0格，小型車:50格(含身心障礙停車位2格)，機車:0格",
        "tel": "",
        "car": 50,
        "motor": 0,
        "charging": 0,
        "occupied_rate": -99,
        "data_time": "Sat May 02 00:00:00 CST 2026"
      }
    },
    {
      "type": "Feature",
      "geometry": {
        "type": "Point",
        "coordinates": [
          121.5595001,
          25.0419909
        ]
      },
      "properties": {
        "id": "TPE1661",
        "name": "臺北大巨蛋園區停車場",
        "area": "信義區",
        "address": "忠孝東路4段515號地下1、3至5層",
        "summary": "大型車:56格，小型車:1902格(含身心障礙停車位39格，孕婦、育有六歲以下兒童停車位60格)，機車:3800格(含身心障礙停車位76格)，充電格位:20格",
        "tel": "0222461708",
        "car": 1902,
        "motor": 3800,
        "charging": 0,
        "occupied_rate": -99,
        "data_time": "Sat May 02 00:00:00 CST 2026"
      }
    },
    {
      "type": "Feature",
      "geometry": {
        "type": "Point",
        "coordinates": [
          121.5310127,
          25.0430502
        ]
      },
      "properties": {
        "id": "TPE1662",
        "name": "良友八德停車場",
        "area": "中正區",
        "address": "忠孝東路2段95號",
        "summary": "大型車:0格，小型車:52格(含身心障礙停車位1格)，機車:0格",
        "tel": "25238939",
        "car": 52,
        "motor": 0,
        "charging": 0,
        "occupied_rate": -99,
        "data_time": "Sat May 02 00:00:00 CST 2026"
      }
    },
    {
      "type": "Feature",
      "geometry": {
        "type": "Point",
        "coordinates": [
          121.566888,
          25.0782037
        ]
      },
      "properties": {
        "id": "TPE1664",
        "name": "台灣聯通瑞堤停車場",
        "area": "內湖區",
        "address": "堤頂大道2段239號地下2至4層",
        "summary": "大型車:0格，小型車:304格(含身心障礙停車位6格)，機車:0格",
        "tel": "2523-5000",
        "car": 304,
        "motor": 0,
        "charging": 0,
        "occupied_rate": -99,
        "data_time": "Sat May 02 00:00:00 CST 2026"
      }
    },
    {
      "type": "Feature",
      "geometry": {
        "type": "Point",
        "coordinates": [
          121.5500734,
          25.0367944
        ]
      },
      "properties": {
        "id": "TPE1665",
        "name": "大安中山醫院地下停車場",
        "area": "大安區",
        "address": "仁愛路4段112巷5、7號地下1層",
        "summary": "大型車:0格，小型車:11格(含身心障礙停車位1格)，機車:0格",
        "tel": "0800-021-111",
        "car": 11,
        "motor": 0,
        "charging": 0,
        "occupied_rate": -99,
        "data_time": "Sat May 02 00:00:00 CST 2026"
      }
    },
    {
      "type": "Feature",
      "geometry": {
        "type": "Point",
        "coordinates": [
          121.562277,
          25.032589
        ]
      },
      "properties": {
        "id": "TPE1666",
        "name": "信義世貿平面停車場",
        "area": "信義區",
        "address": "松勤街41號",
        "summary": "大型車:0格，小型車:20格(含身心障礙停車位1格)，機車:0格",
        "tel": "",
        "car": 20,
        "motor": 0,
        "charging": 0,
        "occupied_rate": -99,
        "data_time": "Sat May 02 00:00:00 CST 2026"
      }
    },
    {
      "type": "Feature",
      "geometry": {
        "type": "Point",
        "coordinates": [
          121.5648173,
          25.03262
        ]
      },
      "properties": {
        "id": "TPE1667",
        "name": "詮營信義101停車場",
        "area": "信義區",
        "address": "信義路5段101大樓對面空地",
        "summary": "大型車:0格，小型車:83格(含身心障礙停車位2格)，機車:41格(含身心障礙停車位1格)，充電格位:2格",
        "tel": "0227935818",
        "car": 83,
        "motor": 41,
        "charging": 0,
        "occupied_rate": -99,
        "data_time": "Sat May 02 00:00:00 CST 2026"
      }
    },
    {
      "type": "Feature",
      "geometry": {
        "type": "Point",
        "coordinates": [
          121.5185921,
          25.1069901
        ]
      },
      "properties": {
        "id": "TPE1668",
        "name": "明明德停車場",
        "area": "北投區",
        "address": "明德路38巷16號地下2至3層",
        "summary": "大型車:0格，小型車:30格(含身心障礙停車位1格)，機車:0格",
        "tel": "(02)27483861",
        "car": 30,
        "motor": 0,
        "charging": 0,
        "occupied_rate": -99,
        "data_time": "Sat May 02 00:00:00 CST 2026"
      }
    },
    {
      "type": "Feature",
      "geometry": {
        "type": "Point",
        "coordinates": [
          121.4716306,
          25.1234448
        ]
      },
      "properties": {
        "id": "TPE1669",
        "name": "宏達經營管理顧問有限公司大愛一停車場",
        "area": "北投區",
        "address": "立德路2號地下2至3層",
        "summary": "大型車:0格，小型車:173格(含身心障礙停車位2格)，機車:0格，充電格位:2格",
        "tel": "(02)2283-5158",
        "car": 173,
        "motor": 0,
        "charging": 0,
        "occupied_rate": -99,
        "data_time": "Sat May 02 00:00:00 CST 2026"
      }
    },
    {
      "type": "Feature",
      "geometry": {
        "type": "Point",
        "coordinates": [
          121.503014,
          25.03091
        ]
      },
      "properties": {
        "id": "TPE1670",
        "name": "Times莒光路",
        "area": "萬華區",
        "address": "莒光路153巷4號對面空地",
        "summary": "大型車:0格，小型車:5格(含身心障礙停車位1格)，機車:0格",
        "tel": "0800-88-8924；0809-00-8924",
        "car": 5,
        "motor": 0,
        "charging": 0,
        "occupied_rate": -99,
        "data_time": "Sat May 02 00:00:00 CST 2026"
      }
    },
    {
      "type": "Feature",
      "geometry": {
        "type": "Point",
        "coordinates": [
          121.5057171,
          25.1318277
        ]
      },
      "properties": {
        "id": "TPE1671",
        "name": "微笑安心停",
        "area": "北投區",
        "address": "公舘路85巷2號旁空地",
        "summary": "大型車:0格，小型車:22格(含身心障礙停車位1格，孕婦、育有六歲以下兒童停車位1格)，機車:0格",
        "tel": "0928091639",
        "car": 22,
        "motor": 0,
        "charging": 0,
        "occupied_rate": -99,
        "data_time": "Sat May 02 00:00:00 CST 2026"
      }
    },
    {
      "type": "Feature",
      "geometry": {
        "type": "Point",
        "coordinates": [
          121.5279414,
          25.0575805
        ]
      },
      "properties": {
        "id": "TPE1672",
        "name": "新生北路停車場",
        "area": "中山區",
        "address": "新生北路2段101巷1號空地",
        "summary": "大型車:0格，小型車:23格(含身心障礙停車位1格)，機車:0格",
        "tel": "0225117767",
        "car": 23,
        "motor": 0,
        "charging": 0,
        "occupied_rate": -99,
        "data_time": "Sat May 02 00:00:00 CST 2026"
      }
    },
    {
      "type": "Feature",
      "geometry": {
        "type": "Point",
        "coordinates": [
          121.5444334,
          25.0263584
        ]
      },
      "properties": {
        "id": "TPE1673",
        "name": "城市車旅台北科技停車場",
        "area": "大安區",
        "address": "復興南路2段193巷16弄旁空地",
        "summary": "大型車:0格，小型車:22格(含身心障礙停車位1格)，機車:0格",
        "tel": "2246-1708",
        "car": 22,
        "motor": 0,
        "charging": 0,
        "occupied_rate": -99,
        "data_time": "Sat May 02 00:00:00 CST 2026"
      }
    },
    {
      "type": "Feature",
      "geometry": {
        "type": "Point",
        "coordinates": [
          121.5097964,
          25.1161163
        ]
      },
      "properties": {
        "id": "TPE1674",
        "name": "北投運動中心停車場",
        "area": "北投區",
        "address": "石牌路1段39巷100號",
        "summary": "大型車:0格，小型車:95格(含身心障礙停車位2格)，機車:0格，充電格位:1格",
        "tel": "(02)28202880；0932-200970",
        "car": 95,
        "motor": 0,
        "charging": 0,
        "occupied_rate": -99,
        "data_time": "Sat May 02 00:00:00 CST 2026"
      }
    },
    {
      "type": "Feature",
      "geometry": {
        "type": "Point",
        "coordinates": [
          121.53243,
          25.1117259
        ]
      },
      "properties": {
        "id": "TPE1675",
        "name": "168停車聯盟-士林場",
        "area": "士林區",
        "address": "忠誠路2段53巷7號地下1至2層",
        "summary": "大型車:0格，小型車:69格(含身心障礙停車位2格，孕婦、育有六歲以下兒童停車位1格)，機車:0格，充電格位:1格",
        "tel": "(02)27546661",
        "car": 69,
        "motor": 0,
        "charging": 0,
        "occupied_rate": -99,
        "data_time": "Sat May 02 00:00:00 CST 2026"
      }
    },
    {
      "type": "Feature",
      "geometry": {
        "type": "Point",
        "coordinates": [
          121.5593899,
          24.9971714
        ]
      },
      "properties": {
        "id": "TPE1676",
        "name": "臺北市文山運動中心停車場",
        "area": "文山區",
        "address": "興隆路3段222號地上1層級地下1至2層",
        "summary": "大型車:0格，小型車:79格(含身心障礙停車位2格，孕婦、育有六歲以下兒童停車位1格)，機車:207格(含身心障礙停車位5格)，充電格位:2格",
        "tel": "0222308268#221",
        "car": 79,
        "motor": 207,
        "charging": 0,
        "occupied_rate": -99,
        "data_time": "Sat May 02 00:00:00 CST 2026"
      }
    },
    {
      "type": "Feature",
      "geometry": {
        "type": "Point",
        "coordinates": [
          121.5146363,
          25.0902727
        ]
      },
      "properties": {
        "id": "TPE1678",
        "name": "百齡橋堤外足球場停車場(一)",
        "area": "士林區",
        "address": "百齡橋下足球場",
        "summary": "大型車:0格，小型車:148格(含身心障礙停車位3格)，機車:65格(含身心障礙停車位2格)",
        "tel": "0227590666",
        "car": 148,
        "motor": 65,
        "charging": 0,
        "occupied_rate": -99,
        "data_time": "Sat May 02 00:00:00 CST 2026"
      }
    },
    {
      "type": "Feature",
      "geometry": {
        "type": "Point",
        "coordinates": [
          121.5428081,
          25.024342
        ]
      },
      "properties": {
        "id": "TPE1679",
        "name": "博客停車場科技大樓站",
        "area": "大安區",
        "address": "和平東路2段118巷2-2號旁",
        "summary": "大型車:0格，小型車:4格(含身心障礙停車位1格)，機車:0格",
        "tel": "2948-8889",
        "car": 4,
        "motor": 0,
        "charging": 0,
        "occupied_rate": -99,
        "data_time": "Sat May 02 00:00:00 CST 2026"
      }
    },
    {
      "type": "Feature",
      "geometry": {
        "type": "Point",
        "coordinates": [
          121.5149679,
          25.0877256
        ]
      },
      "properties": {
        "id": "TPE1680",
        "name": "百齡橋堤外足球場停車場(二)",
        "area": "士林區",
        "address": "百齡橋堤外足球場",
        "summary": "大型車:0格，小型車:117格(含身心障礙停車位2格，孕婦、育有六歲以下兒童停車位2格)，機車:18格(含身心障礙停車位1格)",
        "tel": "0227590666",
        "car": 117,
        "motor": 18,
        "charging": 0,
        "occupied_rate": -99,
        "data_time": "Sat May 02 00:00:00 CST 2026"
      }
    },
    {
      "type": "Feature",
      "geometry": {
        "type": "Point",
        "coordinates": [
          121.5282054,
          25.0568009
        ]
      },
      "properties": {
        "id": "TPE1682",
        "name": "新生北2停車場",
        "area": "中山區",
        "address": "新生北路2段77巷1-2號空地",
        "summary": "大型車:0格，小型車:6格(含身心障礙停車位1格)，機車:0格",
        "tel": "0225117767",
        "car": 6,
        "motor": 0,
        "charging": 0,
        "occupied_rate": -99,
        "data_time": "Sat May 02 00:00:00 CST 2026"
      }
    },
    {
      "type": "Feature",
      "geometry": {
        "type": "Point",
        "coordinates": [
          121.5607389,
          25.0817953
        ]
      },
      "properties": {
        "id": "TPE1683",
        "name": "Times植福路第2",
        "area": "中山區",
        "address": "植福路298號旁",
        "summary": "大型車:0格，小型車:88格(含身心障礙停車位2格)，機車:0格",
        "tel": "2504-6098",
        "car": 88,
        "motor": 0,
        "charging": 0,
        "occupied_rate": -99,
        "data_time": "Sat May 02 00:00:00 CST 2026"
      }
    },
    {
      "type": "Feature",
      "geometry": {
        "type": "Point",
        "coordinates": [
          121.5474598,
          24.9868222
        ]
      },
      "properties": {
        "id": "TPE1684",
        "name": "禮頓企業有限公司文山試院站停車場",
        "area": "文山區",
        "address": "木柵路1段60號旁空地",
        "summary": "大型車:0格，小型車:12格(含身心障礙停車位1格)，機車:0格",
        "tel": "",
        "car": 12,
        "motor": 0,
        "charging": 0,
        "occupied_rate": -99,
        "data_time": "Sat May 02 00:00:00 CST 2026"
      }
    },
    {
      "type": "Feature",
      "geometry": {
        "type": "Point",
        "coordinates": [
          121.6045425,
          25.0530927
        ]
      },
      "properties": {
        "id": "TPE1685",
        "name": "Times 南港車站前",
        "area": "南港區",
        "address": "市民大道8段335號旁",
        "summary": "大型車:0格，小型車:83格(含身心障礙停車位2格)，機車:0格",
        "tel": "0800-88-8924；2504-6098",
        "car": 83,
        "motor": 0,
        "charging": 0,
        "occupied_rate": -99,
        "data_time": "Sat May 02 00:00:00 CST 2026"
      }
    },
    {
      "type": "Feature",
      "geometry": {
        "type": "Point",
        "coordinates": [
          121.5362438,
          25.0497957
        ]
      },
      "properties": {
        "id": "TPE1686",
        "name": "便利停車場建國三站",
        "area": "中山區",
        "address": "建國北路1段90號地下2-4層",
        "summary": "大型車:0格，小型車:192格(含身心障礙停車位4格)，機車:0格",
        "tel": "2799-1001",
        "car": 192,
        "motor": 0,
        "charging": 0,
        "occupied_rate": -99,
        "data_time": "Sat May 02 00:00:00 CST 2026"
      }
    },
    {
      "type": "Feature",
      "geometry": {
        "type": "Point",
        "coordinates": [
          121.5541903,
          25.083454
        ]
      },
      "properties": {
        "id": "TPE1687",
        "name": "台灣聯通敬業停車場",
        "area": "中山區",
        "address": "敬業一路128巷51號旁空地",
        "summary": "大型車:0格，小型車:34格(含身心障礙停車位1格)，機車:0格",
        "tel": "2523-5000",
        "car": 34,
        "motor": 0,
        "charging": 0,
        "occupied_rate": -99,
        "data_time": "Sat May 02 00:00:00 CST 2026"
      }
    },
    {
      "type": "Feature",
      "geometry": {
        "type": "Point",
        "coordinates": [
          121.5137399,
          25.0289029
        ]
      },
      "properties": {
        "id": "TPE1689",
        "name": "168停車聯盟-泉州場",
        "area": "中正區",
        "address": "泉州街6巷8號對側空地",
        "summary": "大型車:0格，小型車:21格(含身心障礙停車位1格)，機車:0格",
        "tel": "2754-6661",
        "car": 21,
        "motor": 0,
        "charging": 0,
        "occupied_rate": -99,
        "data_time": "Sat May 02 00:00:00 CST 2026"
      }
    },
    {
      "type": "Feature",
      "geometry": {
        "type": "Point",
        "coordinates": [
          121.5545629,
          25.0806878
        ]
      },
      "properties": {
        "id": "TPE1692",
        "name": "敬業二路平面停車場",
        "area": "中山區",
        "address": "敬業二路2號左側空地",
        "summary": "大型車:0格，小型車:218格(含身心障礙停車位5格)，機車:0格",
        "tel": "02-22702916",
        "car": 218,
        "motor": 0,
        "charging": 0,
        "occupied_rate": -99,
        "data_time": "Sat May 02 00:00:00 CST 2026"
      }
    },
    {
      "type": "Feature",
      "geometry": {
        "type": "Point",
        "coordinates": [
          121.5318433,
          25.0286948
        ]
      },
      "properties": {
        "id": "TPE1693",
        "name": "Times青田街",
        "area": "大安區",
        "address": "青田街2-2號",
        "summary": "大型車:0格，小型車:13格(含身心障礙停車位1格)，機車:0格",
        "tel": "0800888924",
        "car": 13,
        "motor": 0,
        "charging": 0,
        "occupied_rate": -99,
        "data_time": "Sat May 02 00:00:00 CST 2026"
      }
    },
    {
      "type": "Feature",
      "geometry": {
        "type": "Point",
        "coordinates": [
          121.51798,
          25.0617076
        ]
      },
      "properties": {
        "id": "TPE1694",
        "name": "承德二站停車場",
        "area": "大同區",
        "address": "民權西路102巷33弄旁空地",
        "summary": "大型車:0格，小型車:20格(含身心障礙停車位1格)，機車:0格",
        "tel": "0225117767",
        "car": 20,
        "motor": 0,
        "charging": 0,
        "occupied_rate": -99,
        "data_time": "Sat May 02 00:00:00 CST 2026"
      }
    },
    {
      "type": "Feature",
      "geometry": {
        "type": "Point",
        "coordinates": [
          121.5754017,
          24.9901407
        ]
      },
      "properties": {
        "id": "TPE1696",
        "name": "國際學人暨學生會館(I-House)收費停車場",
        "area": "文山區",
        "address": "秀明路2段112巷17號地下2層",
        "summary": "大型車:0格，小型車:20格(含身心障礙停車位1格)，機車:0格",
        "tel": "29393091",
        "car": 20,
        "motor": 0,
        "charging": 0,
        "occupied_rate": -99,
        "data_time": "Sat May 02 00:00:00 CST 2026"
      }
    },
    {
      "type": "Feature",
      "geometry": {
        "type": "Point",
        "coordinates": [
          121.5211249,
          25.0510435
        ]
      },
      "properties": {
        "id": "TPE1697",
        "name": "USPACE中山機車旗艦場",
        "area": "中山區",
        "address": "中山北路1段126巷14-1號斜前方空地",
        "summary": "大型車:0格，小型車:0格，機車:14格(含身心障礙停車位1格)",
        "tel": "7751-8097",
        "car": 0,
        "motor": 14,
        "charging": 0,
        "occupied_rate": -99,
        "data_time": "Sat May 02 00:00:00 CST 2026"
      }
    },
    {
      "type": "Feature",
      "geometry": {
        "type": "Point",
        "coordinates": [
          121.5657569,
          25.078849
        ]
      },
      "properties": {
        "id": "TPE1698",
        "name": "Times 基湖路第3",
        "area": "內湖區",
        "address": "基湖路35巷2弄9號斜對面",
        "summary": "大型車:0格，小型車:16格(含身心障礙停車位1格)，機車:0格",
        "tel": "0800-88-8924、02-2504-6098",
        "car": 16,
        "motor": 0,
        "charging": 0,
        "occupied_rate": -99,
        "data_time": "Sat May 02 00:00:00 CST 2026"
      }
    },
    {
      "type": "Feature",
      "geometry": {
        "type": "Point",
        "coordinates": [
          121.5626491,
          25.0321655
        ]
      },
      "properties": {
        "id": "TPE1700",
        "name": "Times松勤街",
        "area": "信義區",
        "address": "松勤街41號西側停車場",
        "summary": "大型車:0格，小型車:76格(含身心障礙停車位2格)，機車:0格，充電格位:1格",
        "tel": "0800-88-8924、02-2504-6098",
        "car": 76,
        "motor": 0,
        "charging": 0,
        "occupied_rate": -99,
        "data_time": "Sat May 02 00:00:00 CST 2026"
      }
    },
    {
      "type": "Feature",
      "geometry": {
        "type": "Point",
        "coordinates": [
          121.5445316,
          25.0575026
        ]
      },
      "properties": {
        "id": "TPE1701",
        "name": "民生大樓停車場",
        "area": "松山區",
        "address": "民生東路3段100號地下2至4層",
        "summary": "大型車:0格，小型車:109格(含身心障礙停車位2格)，機車:0格，充電格位:1格",
        "tel": "(02)29890039",
        "car": 109,
        "motor": 0,
        "charging": 0,
        "occupied_rate": -99,
        "data_time": "Sat May 02 00:00:00 CST 2026"
      }
    },
    {
      "type": "Feature",
      "geometry": {
        "type": "Point",
        "coordinates": [
          121.5645681,
          25.0427978
        ]
      },
      "properties": {
        "id": "TPE1702",
        "name": "基隆路二場B區平面停車場",
        "area": "信義區",
        "address": "基隆路1段176巷13號旁",
        "summary": "大型車:0格，小型車:6格(含身心障礙停車位1格)，機車:0格",
        "tel": "2651-0865",
        "car": 6,
        "motor": 0,
        "charging": 0,
        "occupied_rate": -99,
        "data_time": "Sat May 02 00:00:00 CST 2026"
      }
    },
    {
      "type": "Feature",
      "geometry": {
        "type": "Point",
        "coordinates": [
          121.5333396,
          25.0558459
        ]
      },
      "properties": {
        "id": "TPE1703",
        "name": "松江商業大樓停車場",
        "area": "中山區",
        "address": "松江路169號地下1至5層",
        "summary": "大型車:0格，小型車:66格(含身心障礙停車位2格)，機車:0格，充電格位:1格",
        "tel": "2523-0089",
        "car": 66,
        "motor": 0,
        "charging": 0,
        "occupied_rate": -99,
        "data_time": "Sat May 02 00:00:00 CST 2026"
      }
    },
    {
      "type": "Feature",
      "geometry": {
        "type": "Point",
        "coordinates": [
          121.5479255,
          25.0320603
        ]
      },
      "properties": {
        "id": "TPE1704",
        "name": "USPACE信義四維停車場",
        "area": "大安區",
        "address": "四維路118號旁空地",
        "summary": "大型車:0格，小型車:3格(含身心障礙停車位1格)，機車:0格",
        "tel": "7751-8097",
        "car": 3,
        "motor": 0,
        "charging": 0,
        "occupied_rate": -99,
        "data_time": "Sat May 02 00:00:00 CST 2026"
      }
    },
    {
      "type": "Feature",
      "geometry": {
        "type": "Point",
        "coordinates": [
          121.5454663,
          25.0255714
        ]
      },
      "properties": {
        "id": "TPE1705",
        "name": "榮帝科技全聯大安北師店停車場",
        "area": "大安區",
        "address": "和平東路2段311巷29號地下1層",
        "summary": "大型車:0格，小型車:5格(含身心障礙停車位1格)，機車:0格",
        "tel": "02-22702916",
        "car": 5,
        "motor": 0,
        "charging": 0,
        "occupied_rate": -99,
        "data_time": "Sat May 02 00:00:00 CST 2026"
      }
    },
    {
      "type": "Feature",
      "geometry": {
        "type": "Point",
        "coordinates": [
          121.6184248,
          25.0418205
        ]
      },
      "properties": {
        "id": "TPE1706",
        "name": "舊莊街1段3巷平面停車場",
        "area": "南港區",
        "address": "舊莊街1段3巷12弄12號旁",
        "summary": "大型車:0格，小型車:9格(含身心障礙停車位1格)，機車:26格(含身心障礙停車位1格)",
        "tel": "0227590666",
        "car": 9,
        "motor": 26,
        "charging": 0,
        "occupied_rate": -99,
        "data_time": "Sat May 02 00:00:00 CST 2026"
      }
    },
    {
      "type": "Feature",
      "geometry": {
        "type": "Point",
        "coordinates": [
          121.5302171,
          25.0326188
        ]
      },
      "properties": {
        "id": "TPE1707",
        "name": "城市車旅永康二站停車場",
        "area": "大安區",
        "address": "永康街13巷8號旁空地",
        "summary": "大型車:0格，小型車:14格(含身心障礙停車位1格)，機車:0格",
        "tel": "2246-1708",
        "car": 14,
        "motor": 0,
        "charging": 0,
        "occupied_rate": -99,
        "data_time": "Sat May 02 00:00:00 CST 2026"
      }
    },
    {
      "type": "Feature",
      "geometry": {
        "type": "Point",
        "coordinates": [
          121.5550685,
          25.0353019
        ]
      },
      "properties": {
        "id": "TPE1708",
        "name": "168停車聯盟-延吉場",
        "area": "大安區",
        "address": "延吉街246巷10號地下1至2層",
        "summary": "大型車:0格，小型車:30格(含身心障礙停車位1格，孕婦、育有六歲以下兒童停車位1格)，機車:94格(含身心障礙停車位2格)",
        "tel": "2754-6661",
        "car": 30,
        "motor": 94,
        "charging": 0,
        "occupied_rate": -99,
        "data_time": "Sat May 02 00:00:00 CST 2026"
      }
    },
    {
      "type": "Feature",
      "geometry": {
        "type": "Point",
        "coordinates": [
          121.5726029,
          25.0793057
        ]
      },
      "properties": {
        "id": "TPE1709",
        "name": "宏達經營管理顧問有限公司洲子停車場",
        "area": "內湖區",
        "address": "洲子街60、62號地下1至3層",
        "summary": "大型車:0格，小型車:45格(含身心障礙停車位1格)，機車:0格",
        "tel": "0222835158",
        "car": 45,
        "motor": 0,
        "charging": 0,
        "occupied_rate": -99,
        "data_time": "Sat May 02 00:00:00 CST 2026"
      }
    },
    {
      "type": "Feature",
      "geometry": {
        "type": "Point",
        "coordinates": [
          121.565622,
          24.9882642
        ]
      },
      "properties": {
        "id": "TPE1711",
        "name": "木柵郵局停車場",
        "area": "文山區",
        "address": "木柵路3段27號對面",
        "summary": "大型車:0格，小型車:48格(含身心障礙停車位1格)，機車:0格，充電格位:1格",
        "tel": "2246-1708",
        "car": 48,
        "motor": 0,
        "charging": 0,
        "occupied_rate": -99,
        "data_time": "Sat May 02 00:00:00 CST 2026"
      }
    },
    {
      "type": "Feature",
      "geometry": {
        "type": "Point",
        "coordinates": [
          121.5491678,
          25.0324642
        ]
      },
      "properties": {
        "id": "TPE1712",
        "name": "寶紘敦南停車場",
        "area": "大安區",
        "address": "敦化南路2段19號地下1至2層",
        "summary": "大型車:0格，小型車:29格(含身心障礙停車位1格)，機車:0格，充電格位:5格",
        "tel": "2732-1156",
        "car": 29,
        "motor": 0,
        "charging": 0,
        "occupied_rate": -99,
        "data_time": "Sat May 02 00:00:00 CST 2026"
      }
    },
    {
      "type": "Feature",
      "geometry": {
        "type": "Point",
        "coordinates": [
          121.5049581,
          25.0372976
        ]
      },
      "properties": {
        "id": "TPE1713",
        "name": "新本大樓附設停車場",
        "area": "萬華區",
        "address": "柳州街80號地下1至4層",
        "summary": "大型車:0格，小型車:47格(含身心障礙停車位1格)，機車:0格",
        "tel": "2246-1708 #69",
        "car": 47,
        "motor": 0,
        "charging": 0,
        "occupied_rate": -99,
        "data_time": "Sat May 02 00:00:00 CST 2026"
      }
    },
    {
      "type": "Feature",
      "geometry": {
        "type": "Point",
        "coordinates": [
          121.5398365,
          25.0260456
        ]
      },
      "properties": {
        "id": "TPE1714",
        "name": "宸亭有限公司瑞安停車場",
        "area": "大安區",
        "address": "和平東路2段107巷6弄12號對面空地",
        "summary": "大型車:0格，小型車:6格(含身心障礙停車位1格)，機車:0格",
        "tel": "02-2270-2916#306",
        "car": 6,
        "motor": 0,
        "charging": 0,
        "occupied_rate": -99,
        "data_time": "Sat May 02 00:00:00 CST 2026"
      }
    },
    {
      "type": "Feature",
      "geometry": {
        "type": "Point",
        "coordinates": [
          121.5225541,
          25.0306237
        ]
      },
      "properties": {
        "id": "TPE1715",
        "name": "富山杭州南路停車場",
        "area": "大安區",
        "address": "杭州南路2段61-1號",
        "summary": "大型車:0格，小型車:85格(含身心障礙停車位2格)，機車:0格，充電格位:1格",
        "tel": "2265-1151",
        "car": 85,
        "motor": 0,
        "charging": 0,
        "occupied_rate": -99,
        "data_time": "Sat May 02 00:00:00 CST 2026"
      }
    },
    {
      "type": "Feature",
      "geometry": {
        "type": "Point",
        "coordinates": [
          121.5269136,
          25.1172279
        ]
      },
      "properties": {
        "id": "TPE1716",
        "name": "日僑停車場",
        "area": "士林區",
        "address": "中山北路6段441巷30號之1地下1至2層",
        "summary": "大型車:0格，小型車:62格(含身心障礙停車位1格)，機車:0格，充電格位:1格",
        "tel": "(02)27470235",
        "car": 62,
        "motor": 0,
        "charging": 0,
        "occupied_rate": -99,
        "data_time": "Sat May 02 00:00:00 CST 2026"
      }
    },
    {
      "type": "Feature",
      "geometry": {
        "type": "Point",
        "coordinates": [
          121.5254638,
          25.040032
        ]
      },
      "properties": {
        "id": "TPE1717",
        "name": "Right here parking瑞誼停車場",
        "area": "中正區",
        "address": "杭州南路1段12號",
        "summary": "大型車:0格，小型車:28格(含身心障礙停車位2格)，機車:0格",
        "tel": "7735-7360#5062",
        "car": 28,
        "motor": 0,
        "charging": 0,
        "occupied_rate": -99,
        "data_time": "Sat May 02 00:00:00 CST 2026"
      }
    },
    {
      "type": "Feature",
      "geometry": {
        "type": "Point",
        "coordinates": [
          121.5598621,
          25.082329
        ]
      },
      "properties": {
        "id": "TPE1718",
        "name": "168停車聯盟-樂群場",
        "area": "中山區",
        "address": "樂群三路310號旁空地",
        "summary": "大型車:0格，小型車:86格(含身心障礙停車位1格)，機車:47格(含身心障礙停車位1格)，充電格位:1格",
        "tel": "2754-6661#0",
        "car": 86,
        "motor": 47,
        "charging": 0,
        "occupied_rate": -99,
        "data_time": "Sat May 02 00:00:00 CST 2026"
      }
    },
    {
      "type": "Feature",
      "geometry": {
        "type": "Point",
        "coordinates": [
          121.5601279,
          25.0817773
        ]
      },
      "properties": {
        "id": "TPE1719",
        "name": "168停車聯盟-植福場",
        "area": "中山區",
        "address": "植福路286巷6號對面空地",
        "summary": "大型車:0格，小型車:116格(含身心障礙停車位2格)，機車:0格，充電格位:1格",
        "tel": "2754-6661#0",
        "car": 116,
        "motor": 0,
        "charging": 0,
        "occupied_rate": -99,
        "data_time": "Sat May 02 00:00:00 CST 2026"
      }
    },
    {
      "type": "Feature",
      "geometry": {
        "type": "Point",
        "coordinates": [
          121.5732722,
          25.0344
        ]
      },
      "properties": {
        "id": "TPE1720",
        "name": "松德停車場",
        "area": "信義區",
        "address": "松勇路53巷68號對面空地",
        "summary": "大型車:0格，小型車:54格(含身心障礙停車位2格)，機車:0格，充電格位:1格",
        "tel": "0222461708",
        "car": 54,
        "motor": 0,
        "charging": 0,
        "occupied_rate": -99,
        "data_time": "Sat May 02 00:00:00 CST 2026"
      }
    },
    {
      "type": "Feature",
      "geometry": {
        "type": "Point",
        "coordinates": [
          121.5634904,
          25.078817
        ]
      },
      "properties": {
        "id": "TPE1722",
        "name": "神通基湖路停車場",
        "area": "中山區",
        "address": "基湖路112巷8號對面",
        "summary": "大型車:0格，小型車:21格(含身心障礙停車位1格)，機車:0格",
        "tel": "0965008257#0",
        "car": 21,
        "motor": 0,
        "charging": 0,
        "occupied_rate": -99,
        "data_time": "Sat May 02 00:00:00 CST 2026"
      }
    },
    {
      "type": "Feature",
      "geometry": {
        "type": "Point",
        "coordinates": [
          121.5245476,
          25.0600053
        ]
      },
      "properties": {
        "id": "TPE1723",
        "name": "Times錦州街",
        "area": "中山區",
        "address": "錦州街30巷2號旁",
        "summary": "大型車:0格，小型車:14格(含身心障礙停車位1格)，機車:0格",
        "tel": "2504-6098",
        "car": 14,
        "motor": 0,
        "charging": 0,
        "occupied_rate": -99,
        "data_time": "Sat May 02 00:00:00 CST 2026"
      }
    },
    {
      "type": "Feature",
      "geometry": {
        "type": "Point",
        "coordinates": [
          121.5329281,
          25.0210486
        ]
      },
      "properties": {
        "id": "TPE1724",
        "name": "溫州街52巷平面停車場",
        "area": "大安區",
        "address": "溫州街52巷1、3號",
        "summary": "大型車:0格，小型車:14格(含身心障礙停車位1格)，機車:8格(含身心障礙停車位1格)",
        "tel": "2759-0666",
        "car": 14,
        "motor": 8,
        "charging": 0,
        "occupied_rate": -99,
        "data_time": "Sat May 02 00:00:00 CST 2026"
      }
    },
    {
      "type": "Feature",
      "geometry": {
        "type": "Point",
        "coordinates": [
          121.5822378,
          25.0470924
        ]
      },
      "properties": {
        "id": "TPE1725",
        "name": "聯永物業股份有限公司南港新天地站",
        "area": "南港區",
        "address": "忠孝東路6段21號地下2層之6",
        "summary": "大型車:0格，小型車:42格(含身心障礙停車位2格)，機車:0格",
        "tel": "0226546264",
        "car": 42,
        "motor": 0,
        "charging": 0,
        "occupied_rate": -99,
        "data_time": "Sat May 02 00:00:00 CST 2026"
      }
    },
    {
      "type": "Feature",
      "geometry": {
        "type": "Point",
        "coordinates": [
          121.5066532,
          25.0470015
        ]
      },
      "properties": {
        "id": "TPE1726",
        "name": "福星社會住宅地下停車場",
        "area": "萬華區",
        "address": "開封街2段37號地下1至4層",
        "summary": "大型車:0格，小型車:165格(含身心障礙停車位5格，孕婦、育有六歲以下兒童停車位4格)，機車:236格(含身心障礙停車位5格)，大型重機:4格，充電格位:6格",
        "tel": "29441489#0",
        "car": 165,
        "motor": 236,
        "charging": 0,
        "occupied_rate": -99,
        "data_time": "Sat May 02 00:00:00 CST 2026"
      }
    },
    {
      "type": "Feature",
      "geometry": {
        "type": "Point",
        "coordinates": [
          121.5036623,
          25.1342272
        ]
      },
      "properties": {
        "id": "TPE1727",
        "name": "北投溫泉停車場",
        "area": "北投區",
        "address": "溫泉路37巷及溫泉路交叉口",
        "summary": "大型車:0格，小型車:11格(含身心障礙停車位1格)，機車:0格",
        "tel": "0901234676",
        "car": 11,
        "motor": 0,
        "charging": 0,
        "occupied_rate": -99,
        "data_time": "Sat May 02 00:00:00 CST 2026"
      }
    },
    {
      "type": "Feature",
      "geometry": {
        "type": "Point",
        "coordinates": [
          121.5473189,
          25.0420543
        ]
      },
      "properties": {
        "id": "TPE1728",
        "name": "中心診所醫療財團法人中心綜合醫院附設停車場",
        "area": "大安區",
        "address": "忠孝東路4段77號",
        "summary": "大型車:0格，小型車:4格(含身心障礙停車位1格)，機車:0格",
        "tel": "2751-0221",
        "car": 4,
        "motor": 0,
        "charging": 0,
        "occupied_rate": -99,
        "data_time": "Sat May 02 00:00:00 CST 2026"
      }
    },
    {
      "type": "Feature",
      "geometry": {
        "type": "Point",
        "coordinates": [
          121.5613963,
          25.0370815
        ]
      },
      "properties": {
        "id": "TPE1729",
        "name": "仁愛路4段512巷機車平面停車場",
        "area": "信義區",
        "address": "仁愛路4段512巷與光復南路415巷口",
        "summary": "大型車:0格，小型車:0格，機車:84格(含身心障礙停車位2格)",
        "tel": "0227590666",
        "car": 0,
        "motor": 84,
        "charging": 0,
        "occupied_rate": -99,
        "data_time": "Sat May 02 00:00:00 CST 2026"
      }
    },
    {
      "type": "Feature",
      "geometry": {
        "type": "Point",
        "coordinates": [
          121.5256282,
          25.0496124
        ]
      },
      "properties": {
        "id": "TPE1730",
        "name": "五條通停車場",
        "area": "中山區",
        "address": "長安東路1段43巷6號邊空地",
        "summary": "大型車:0格，小型車:7格(含身心障礙停車位1格)，機車:0格",
        "tel": "0906683953",
        "car": 7,
        "motor": 0,
        "charging": 0,
        "occupied_rate": -99,
        "data_time": "Sat May 02 00:00:00 CST 2026"
      }
    },
    {
      "type": "Feature",
      "geometry": {
        "type": "Point",
        "coordinates": [
          121.5502353,
          25.0313837
        ]
      },
      "properties": {
        "id": "TPE1732",
        "name": "多多站敦南二場",
        "area": "大安區",
        "address": "敦化南路2段63巷21弄16號對面空地",
        "summary": "大型車:0格，小型車:6格(含身心障礙停車位1格)，機車:0格",
        "tel": "02-2270-2916#306",
        "car": 6,
        "motor": 0,
        "charging": 0,
        "occupied_rate": -99,
        "data_time": "Sat May 02 00:00:00 CST 2026"
      }
    },
    {
      "type": "Feature",
      "geometry": {
        "type": "Point",
        "coordinates": [
          121.5365183,
          25.0600483
        ]
      },
      "properties": {
        "id": "TPE1733",
        "name": "USPACE三寶大樓地下停車場",
        "area": "中山區",
        "address": "建國北路2段196號地下2層",
        "summary": "大型車:0格，小型車:32格(含身心障礙停車位1格)，機車:0格",
        "tel": "7751-8097",
        "car": 32,
        "motor": 0,
        "charging": 0,
        "occupied_rate": -99,
        "data_time": "Sat May 02 00:00:00 CST 2026"
      }
    },
    {
      "type": "Feature",
      "geometry": {
        "type": "Point",
        "coordinates": [
          121.5402133,
          25.0455381
        ]
      },
      "properties": {
        "id": "TPE1734",
        "name": "USPACE中崙旗艦二場",
        "area": "中山區",
        "address": "安東街16巷28號對面空地",
        "summary": "大型車:0格，小型車:49格(含身心障礙停車位1格)，機車:0格",
        "tel": "7751-8097",
        "car": 49,
        "motor": 0,
        "charging": 0,
        "occupied_rate": -99,
        "data_time": "Sat May 02 00:00:00 CST 2026"
      }
    },
    {
      "type": "Feature",
      "geometry": {
        "type": "Point",
        "coordinates": [
          121.5205276,
          25.0488653
        ]
      },
      "properties": {
        "id": "TPE1735",
        "name": "華陰商圈停車場",
        "area": "中山區",
        "address": "華陰街6號邊空地",
        "summary": "大型車:0格，小型車:15格(含身心障礙停車位1格)，機車:0格",
        "tel": "",
        "car": 15,
        "motor": 0,
        "charging": 0,
        "occupied_rate": -99,
        "data_time": "Sat May 02 00:00:00 CST 2026"
      }
    },
    {
      "type": "Feature",
      "geometry": {
        "type": "Point",
        "coordinates": [
          121.530722,
          25.0159444
        ]
      },
      "properties": {
        "id": "TPE1736",
        "name": "168停車聯盟-汀州場",
        "area": "中正區",
        "address": "汀州路3段46號旁空地",
        "summary": "大型車:0格，小型車:26格(含身心障礙停車位1格)，機車:0格",
        "tel": "27546661",
        "car": 26,
        "motor": 0,
        "charging": 0,
        "occupied_rate": -99,
        "data_time": "Sat May 02 00:00:00 CST 2026"
      }
    },
    {
      "type": "Feature",
      "geometry": {
        "type": "Point",
        "coordinates": [
          121.5268497,
          25.04548
        ]
      },
      "properties": {
        "id": "TPE1737",
        "name": "歐泊停車 URBAN PARKING",
        "area": "中正區",
        "address": "北平東路36號",
        "summary": "大型車:0格，小型車:37格(含身心障礙停車位1格)，機車:0格",
        "tel": "23218154#0",
        "car": 37,
        "motor": 0,
        "charging": 0,
        "occupied_rate": -99,
        "data_time": "Sat May 02 00:00:00 CST 2026"
      }
    },
    {
      "type": "Feature",
      "geometry": {
        "type": "Point",
        "coordinates": [
          121.5381364,
          25.055244
        ]
      },
      "properties": {
        "id": "TPE1738",
        "name": "合江街20巷內車位",
        "area": "中山區",
        "address": "合江街20巷31號旁空地",
        "summary": "大型車:0格，小型車:2格(含身心障礙停車位1格)，機車:0格",
        "tel": "7751-8097",
        "car": 2,
        "motor": 0,
        "charging": 0,
        "occupied_rate": -99,
        "data_time": "Sat May 02 00:00:00 CST 2026"
      }
    },
    {
      "type": "Feature",
      "geometry": {
        "type": "Point",
        "coordinates": [
          121.5814545,
          25.0439944
        ]
      },
      "properties": {
        "id": "TPE1739",
        "name": "聯永物業股份有限公司-台北二十站",
        "area": "信義區",
        "address": "忠孝東路5段789號旁空地",
        "summary": "大型車:0格，小型車:5格(含身心障礙停車位1格)，機車:0格",
        "tel": "0226546264",
        "car": 5,
        "motor": 0,
        "charging": 0,
        "occupied_rate": -99,
        "data_time": "Sat May 02 00:00:00 CST 2026"
      }
    },
    {
      "type": "Feature",
      "geometry": {
        "type": "Point",
        "coordinates": [
          121.5711025,
          25.0340924
        ]
      },
      "properties": {
        "id": "TPE1740",
        "name": "168停車聯盟-松勇二場",
        "area": "信義區",
        "address": "松勇路53巷12號旁空地",
        "summary": "大型車:0格，小型車:14格(含身心障礙停車位1格)，機車:0格",
        "tel": "0287735399",
        "car": 14,
        "motor": 0,
        "charging": 0,
        "occupied_rate": -99,
        "data_time": "Sat May 02 00:00:00 CST 2026"
      }
    },
    {
      "type": "Feature",
      "geometry": {
        "type": "Point",
        "coordinates": [
          121.5315601,
          25.0957066
        ]
      },
      "properties": {
        "id": "TPE1741",
        "name": "台灣聯通士林官邸停車場",
        "area": "士林區",
        "address": "福林路100巷旁空地",
        "summary": "大型車:0格，小型車:78格(含身心障礙停車位1格)，機車:0格",
        "tel": "0225235000",
        "car": 78,
        "motor": 0,
        "charging": 0,
        "occupied_rate": -99,
        "data_time": "Sat May 02 00:00:00 CST 2026"
      }
    },
    {
      "type": "Feature",
      "geometry": {
        "type": "Point",
        "coordinates": [
          121.5206298,
          25.0515079
        ]
      },
      "properties": {
        "id": "TPE1742",
        "name": "USPACE中山南西旗艦停車場",
        "area": "中山區",
        "address": "長安西路19巷2弄49號旁空地",
        "summary": "大型車:0格，小型車:44格(含身心障礙停車位1格)，機車:25格(含身心障礙停車位1格)",
        "tel": "7751-8097",
        "car": 44,
        "motor": 25,
        "charging": 0,
        "occupied_rate": -99,
        "data_time": "Sat May 02 00:00:00 CST 2026"
      }
    },
    {
      "type": "Feature",
      "geometry": {
        "type": "Point",
        "coordinates": [
          121.5866635,
          25.0638987
        ]
      },
      "properties": {
        "id": "TPE1746",
        "name": "及拓行善停車場",
        "area": "內湖區",
        "address": "行善路383巷37號旁空地",
        "summary": "大型車:0格，小型車:49格(含身心障礙停車位1格)，機車:0格",
        "tel": "0227546661",
        "car": 49,
        "motor": 0,
        "charging": 0,
        "occupied_rate": -99,
        "data_time": "Sat May 02 00:00:00 CST 2026"
      }
    },
    {
      "type": "Feature",
      "geometry": {
        "type": "Point",
        "coordinates": [
          121.4724964,
          25.1283533
        ]
      },
      "properties": {
        "id": "TPE1747",
        "name": "醫療財團法人辜公亮基金會和信治癌中心醫院停車場",
        "area": "北投區",
        "address": "立德路125號地下2至4層(教學研究大樓)",
        "summary": "大型車:0格，小型車:84格(含身心障礙停車位3格)，機車:0格，充電格位:1格",
        "tel": "0222461708",
        "car": 84,
        "motor": 0,
        "charging": 0,
        "occupied_rate": -99,
        "data_time": "Sat May 02 00:00:00 CST 2026"
      }
    },
    {
      "type": "Feature",
      "geometry": {
        "type": "Point",
        "coordinates": [
          121.5258761,
          25.0657605
        ]
      },
      "properties": {
        "id": "TPE1748",
        "name": "台灣捷通華國停車場",
        "area": "中山區",
        "address": "林森北路577號旁空地",
        "summary": "大型車:0格，小型車:4格(含身心障礙停車位1格)，機車:0格",
        "tel": "2523-5000",
        "car": 4,
        "motor": 0,
        "charging": 0,
        "occupied_rate": -99,
        "data_time": "Sat May 02 00:00:00 CST 2026"
      }
    },
    {
      "type": "Feature",
      "geometry": {
        "type": "Point",
        "coordinates": [
          121.508936,
          25.0871732
        ]
      },
      "properties": {
        "id": "TPE1749",
        "name": "社子延平停車場",
        "area": "士林區",
        "address": "延平北路6段25號後方空地",
        "summary": "大型車:0格，小型車:12格(含身心障礙停車位1格)，機車:0格",
        "tel": "0222461708",
        "car": 12,
        "motor": 0,
        "charging": 0,
        "occupied_rate": -99,
        "data_time": "Sat May 02 00:00:00 CST 2026"
      }
    },
    {
      "type": "Feature",
      "geometry": {
        "type": "Point",
        "coordinates": [
          121.5173869,
          25.0343387
        ]
      },
      "properties": {
        "id": "TPE1750",
        "name": "Times中正紀念堂捷運站",
        "area": "中正區",
        "address": "羅斯福路1段1-2號旁",
        "summary": "大型車:0格，小型車:10格(含身心障礙停車位1格)，機車:0格",
        "tel": "0800888924",
        "car": 10,
        "motor": 0,
        "charging": 0,
        "occupied_rate": -99,
        "data_time": "Sat May 02 00:00:00 CST 2026"
      }
    },
    {
      "type": "Feature",
      "geometry": {
        "type": "Point",
        "coordinates": [
          121.497295,
          25.0255033
        ]
      },
      "properties": {
        "id": "TPE1751",
        "name": "萬華民和街停車場",
        "area": "萬華區",
        "address": "民和街98號地下室",
        "summary": "大型車:0格，小型車:21格(含身心障礙停車位1格)，機車:0格",
        "tel": "25185299",
        "car": 21,
        "motor": 0,
        "charging": 0,
        "occupied_rate": -99,
        "data_time": "Sat May 02 00:00:00 CST 2026"
      }
    },
    {
      "type": "Feature",
      "geometry": {
        "type": "Point",
        "coordinates": [
          121.5400471,
          25.0459969
        ]
      },
      "properties": {
        "id": "TPE1752",
        "name": "USPACE中崙旗艦中場",
        "area": "中山區",
        "address": "八德路2段214號旁空地",
        "summary": "大型車:0格，小型車:43格(含身心障礙停車位1格)，機車:0格",
        "tel": "7751-8097",
        "car": 43,
        "motor": 0,
        "charging": 0,
        "occupied_rate": -99,
        "data_time": "Sat May 02 00:00:00 CST 2026"
      }
    },
    {
      "type": "Feature",
      "geometry": {
        "type": "Point",
        "coordinates": [
          121.5217821,
          25.020885
        ]
      },
      "properties": {
        "id": "TPE1753",
        "name": "台北金門街停車場",
        "area": "中正區",
        "address": "金門街44巷6弄4號對面",
        "summary": "大型車:0格，小型車:6格(含身心障礙停車位1格)，機車:0格",
        "tel": "77381111",
        "car": 6,
        "motor": 0,
        "charging": 0,
        "occupied_rate": -99,
        "data_time": "Sat May 02 00:00:00 CST 2026"
      }
    },
    {
      "type": "Feature",
      "geometry": {
        "type": "Point",
        "coordinates": [
          121.5415069,
          25.0226134
        ]
      },
      "properties": {
        "id": "TPE1754",
        "name": "台北復興南二停車場",
        "area": "大安區",
        "address": "復興南路2段340巷32號旁",
        "summary": "大型車:0格，小型車:0格，機車:13格(含身心障礙停車位1格)",
        "tel": "77381111",
        "car": 0,
        "motor": 13,
        "charging": 0,
        "occupied_rate": -99,
        "data_time": "Sat May 02 00:00:00 CST 2026"
      }
    },
    {
      "type": "Feature",
      "geometry": {
        "type": "Point",
        "coordinates": [
          121.5072499,
          25.0319903
        ]
      },
      "properties": {
        "id": "TPE1755",
        "name": "和雲和平西路機車停車場",
        "area": "中正區",
        "address": "和平西路2段85號旁空地",
        "summary": "大型車:0格，小型車:0格，機車:2格(含身心障礙停車位1格)",
        "tel": "0809050550",
        "car": 0,
        "motor": 2,
        "charging": 0,
        "occupied_rate": -99,
        "data_time": "Sat May 02 00:00:00 CST 2026"
      }
    },
    {
      "type": "Feature",
      "geometry": {
        "type": "Point",
        "coordinates": [
          121.5602399,
          25.040266
        ]
      },
      "properties": {
        "id": "TPE1756",
        "name": "嘟嘟房國父紀念館-忠孝站停車場",
        "area": "信義區",
        "address": "仁愛路4段505號(忠孝東路側停車場)",
        "summary": "大型車:0格，小型車:65格(含身心障礙停車位2格，孕婦、育有六歲以下兒童停車位2格)，機車:0格，充電格位:4格",
        "tel": "",
        "car": 65,
        "motor": 0,
        "charging": 0,
        "occupied_rate": -99,
        "data_time": "Sat May 02 00:00:00 CST 2026"
      }
    },
    {
      "type": "Feature",
      "geometry": {
        "type": "Point",
        "coordinates": [
          121.51584,
          25.0765639
        ]
      },
      "properties": {
        "id": "TPE1757",
        "name": "龍平安有限公司敦煌停車場",
        "area": "大同區",
        "address": "敦煌路71號對面空地",
        "summary": "大型車:0格，小型車:80格(含身心障礙停車位2格，孕婦、育有六歲以下兒童停車位2格)，機車:0格",
        "tel": "0920450646",
        "car": 80,
        "motor": 0,
        "charging": 0,
        "occupied_rate": -99,
        "data_time": "Sat May 02 00:00:00 CST 2026"
      }
    },
    {
      "type": "Feature",
      "geometry": {
        "type": "Point",
        "coordinates": [
          121.5653901,
          25.0289682
        ]
      },
      "properties": {
        "id": "TPE1758",
        "name": "168停車聯盟-松智場",
        "area": "信義區",
        "address": "松智路與莊敬路391巷11弄交叉口空地",
        "summary": "大型車:0格，小型車:214格(含身心障礙停車位4格)，機車:0格，充電格位:4格",
        "tel": "0227546661#18",
        "car": 214,
        "motor": 0,
        "charging": 0,
        "occupied_rate": -99,
        "data_time": "Sat May 02 00:00:00 CST 2026"
      }
    },
    {
      "type": "Feature",
      "geometry": {
        "type": "Point",
        "coordinates": [
          121.4996899,
          25.0400351
        ]
      },
      "properties": {
        "id": "TPE1759",
        "name": "貴陽街停車場",
        "area": "萬華區",
        "address": "貴陽街2段216號旁空地",
        "summary": "大型車:0格，小型車:7格(含身心障礙停車位1格)，機車:0格",
        "tel": "27785756",
        "car": 7,
        "motor": 0,
        "charging": 0,
        "occupied_rate": -99,
        "data_time": "Sat May 02 00:00:00 CST 2026"
      }
    },
    {
      "type": "Feature",
      "geometry": {
        "type": "Point",
        "coordinates": [
          121.5163699,
          25.0494689
        ]
      },
      "properties": {
        "id": "TPE1760",
        "name": "皇翔臺北廣場停車場",
        "area": "大同區",
        "address": "承德路1段2號地下1至5層",
        "summary": "大型車:0格，小型車:228格(含身心障礙停車位6格，孕婦、育有六歲以下兒童停車位4格)，機車:351格(含身心障礙停車位8格)，充電格位:5格",
        "tel": "022246-1708#15",
        "car": 228,
        "motor": 351,
        "charging": 0,
        "occupied_rate": -99,
        "data_time": "Sat May 02 00:00:00 CST 2026"
      }
    },
    {
      "type": "Feature",
      "geometry": {
        "type": "Point",
        "coordinates": [
          121.51962,
          25.033532
        ]
      },
      "properties": {
        "id": "TPE1761",
        "name": "Times中正紀念堂前",
        "area": "中正區",
        "address": "愛國東路70號旁空地",
        "summary": "大型車:0格，小型車:5格(含身心障礙停車位1格)，機車:0格",
        "tel": "0800888924",
        "car": 5,
        "motor": 0,
        "charging": 0,
        "occupied_rate": -99,
        "data_time": "Sat May 02 00:00:00 CST 2026"
      }
    },
    {
      "type": "Feature",
      "geometry": {
        "type": "Point",
        "coordinates": [
          121.5403301,
          25.0540308
        ]
      },
      "properties": {
        "id": "TPE1762",
        "name": "愛山林企業總部地下收費停車場",
        "area": "中山區",
        "address": "龍江路128號地下1至4層",
        "summary": "大型車:0格，小型車:171格(含身心障礙停車位4格)，機車:0格，充電格位:3格",
        "tel": "8773-6688",
        "car": 171,
        "motor": 0,
        "charging": 0,
        "occupied_rate": -99,
        "data_time": "Sat May 02 00:00:00 CST 2026"
      }
    },
    {
      "type": "Feature",
      "geometry": {
        "type": "Point",
        "coordinates": [
          121.5573596,
          25.0040133
        ]
      },
      "properties": {
        "id": "TPE1763",
        "name": "辛亥生態公園平面停車場",
        "area": "文山區",
        "address": "興德路66巷與興德路口",
        "summary": "大型車:0格，小型車:10格(含身心障礙停車位1格)，機車:14格(含身心障礙停車位1格)",
        "tel": "2759-0666",
        "car": 10,
        "motor": 14,
        "charging": 0,
        "occupied_rate": -99,
        "data_time": "Sat May 02 00:00:00 CST 2026"
      }
    },
    {
      "type": "Feature",
      "geometry": {
        "type": "Point",
        "coordinates": [
          121.5329347,
          25.0258651
        ]
      },
      "properties": {
        "id": "TPE1764",
        "name": "溫州街停車場",
        "area": "大安區",
        "address": "溫州街12巷3號旁空地",
        "summary": "大型車:0格，小型車:5格(含身心障礙停車位1格)，機車:0格",
        "tel": "22651161",
        "car": 5,
        "motor": 0,
        "charging": 0,
        "occupied_rate": -99,
        "data_time": "Sat May 02 00:00:00 CST 2026"
      }
    },
    {
      "type": "Feature",
      "geometry": {
        "type": "Point",
        "coordinates": [
          121.5317274,
          25.0215653
        ]
      },
      "properties": {
        "id": "TPE1765",
        "name": "辛亥路1段100號機車平面停車場",
        "area": "大安區",
        "address": "辛亥路1段100號對面",
        "summary": "大型車:0格，小型車:0格，機車:64格(含身心障礙停車位1格)",
        "tel": "2759-0666",
        "car": 0,
        "motor": 64,
        "charging": 0,
        "occupied_rate": -99,
        "data_time": "Sat May 02 00:00:00 CST 2026"
      }
    },
    {
      "type": "Feature",
      "geometry": {
        "type": "Point",
        "coordinates": [
          121.5042717,
          25.1181011
        ]
      },
      "properties": {
        "id": "TPE1766",
        "name": "宏達經營管理顧問有限公司吉利停車場",
        "area": "北投區",
        "address": "吉利街17號旁空地",
        "summary": "大型車:0格，小型車:6格(含身心障礙停車位1格)，機車:0格",
        "tel": "0222835158",
        "car": 6,
        "motor": 0,
        "charging": 0,
        "occupied_rate": -99,
        "data_time": "Sat May 02 00:00:00 CST 2026"
      }
    },
    {
      "type": "Feature",
      "geometry": {
        "type": "Point",
        "coordinates": [
          121.5494248,
          24.9849913
        ]
      },
      "properties": {
        "id": "TPE1767",
        "name": "和興水岸社會住宅地下停車場",
        "area": "文山區",
        "address": "和興路88號地下1至2層",
        "summary": "大型車:0格，小型車:113格(含身心障礙停車位3格，孕婦、育有六歲以下兒童停車位2格)，機車:141格(含身心障礙停車位5格)，大型重機:2格，充電格位:3格",
        "tel": "25573722",
        "car": 113,
        "motor": 141,
        "charging": 0,
        "occupied_rate": -99,
        "data_time": "Sat May 02 00:00:00 CST 2026"
      }
    },
    {
      "type": "Feature",
      "geometry": {
        "type": "Point",
        "coordinates": [
          121.5491245,
          25.062029
        ]
      },
      "properties": {
        "id": "TPE1768",
        "name": "民權東路3段197巷口西側平面停車場",
        "area": "松山區",
        "address": "民權東路3段197巷西側空地",
        "summary": "大型車:0格，小型車:17格(含身心障礙停車位1格)，機車:8格(含身心障礙停車位1格)",
        "tel": "0227590666",
        "car": 17,
        "motor": 8,
        "charging": 0,
        "occupied_rate": -99,
        "data_time": "Sat May 02 00:00:00 CST 2026"
      }
    },
    {
      "type": "Feature",
      "geometry": {
        "type": "Point",
        "coordinates": [
          121.5032446,
          25.0204298
        ]
      },
      "properties": {
        "id": "TPE1769",
        "name": "青年二期社會住宅地下停車場",
        "area": "萬華區",
        "address": "青年路180、182號地下1至3層",
        "summary": "大型車:0格，小型車:296格(含身心障礙停車位5格，孕婦、育有六歲以下兒童停車位6格)，機車:518格(含身心障礙停車位24格)，大型重機:9格，充電格位:6格",
        "tel": "25573722",
        "car": 296,
        "motor": 518,
        "charging": 0,
        "occupied_rate": -99,
        "data_time": "Sat May 02 00:00:00 CST 2026"
      }
    },
    {
      "type": "Feature",
      "geometry": {
        "type": "Point",
        "coordinates": [
          121.5460662,
          25.1360767
        ]
      },
      "properties": {
        "id": "TPE1770",
        "name": "博客停車場-士林格致場",
        "area": "士林區",
        "address": "格致路7號地下1層",
        "summary": "大型車:0格，小型車:14格(含身心障礙停車位3格)，機車:0格",
        "tel": "0229488889",
        "car": 14,
        "motor": 0,
        "charging": 0,
        "occupied_rate": -99,
        "data_time": "Sat May 02 00:00:00 CST 2026"
      }
    },
    {
      "type": "Feature",
      "geometry": {
        "type": "Point",
        "coordinates": [
          121.5552001,
          25.0508591
        ]
      },
      "properties": {
        "id": "TPE1771",
        "name": "漢傑台北小巨蛋站",
        "area": "松山區",
        "address": "南京東路4段120巷11號地下1至3層",
        "summary": "大型車:0格，小型車:62格(含身心障礙停車位1格)，機車:0格，充電格位:1格",
        "tel": "0222324287",
        "car": 62,
        "motor": 0,
        "charging": 0,
        "occupied_rate": -99,
        "data_time": "Sat May 02 00:00:00 CST 2026"
      }
    },
    {
      "type": "Feature",
      "geometry": {
        "type": "Point",
        "coordinates": [
          121.5533276,
          25.0514077
        ]
      },
      "properties": {
        "id": "TPE1772",
        "name": "國泰中央商業大樓停車場",
        "area": "松山區",
        "address": "南京東路4段16至18號地下4層",
        "summary": "大型車:0格，小型車:59格(含身心障礙停車位1格)，機車:0格，充電格位:1格",
        "tel": "0800208333",
        "car": 59,
        "motor": 0,
        "charging": 0,
        "occupied_rate": -99,
        "data_time": "Sat May 02 00:00:00 CST 2026"
      }
    },
    {
      "type": "Feature",
      "geometry": {
        "type": "Point",
        "coordinates": [
          121.5880301,
          25.0688406
        ]
      },
      "properties": {
        "id": "TPE1773",
        "name": "臺北市內湖區新湖國民小學活動中心地下停車場",
        "area": "內湖區",
        "address": "民權東路6段138號",
        "summary": "大型車:0格，小型車:21格(含身心障礙停車位1格)，機車:0格，充電格位:3格",
        "tel": "0227963721#121",
        "car": 21,
        "motor": 0,
        "charging": 0,
        "occupied_rate": -99,
        "data_time": "Sat May 02 00:00:00 CST 2026"
      }
    },
    {
      "type": "Feature",
      "geometry": {
        "type": "Point",
        "coordinates": [
          121.4996627,
          25.1015096
        ]
      },
      "properties": {
        "id": "TPE1774",
        "name": "福國路(洲美段二)橋下平面停車場",
        "area": "北投區",
        "address": "洲美街、洲美街196巷口對面",
        "summary": "大型車:0格，小型車:43格(含身心障礙停車位1格)，機車:0格",
        "tel": "0227590666",
        "car": 43,
        "motor": 0,
        "charging": 0,
        "occupied_rate": -99,
        "data_time": "Sat May 02 00:00:00 CST 2026"
      }
    },
    {
      "type": "Feature",
      "geometry": {
        "type": "Point",
        "coordinates": [
          121.5324778,
          25.0513711
        ]
      },
      "properties": {
        "id": "TPE1775",
        "name": "嘟嘟房松江南京2站停車場",
        "area": "中山區",
        "address": "松江路106號地下2至3層",
        "summary": "大型車:0格，小型車:51格(含身心障礙停車位1格)，機車:0格，充電格位:1格",
        "tel": "022655-0818",
        "car": 51,
        "motor": 0,
        "charging": 0,
        "occupied_rate": -99,
        "data_time": "Sat May 02 00:00:00 CST 2026"
      }
    },
    {
      "type": "Feature",
      "geometry": {
        "type": "Point",
        "coordinates": [
          121.5285508,
          25.0356492
        ]
      },
      "properties": {
        "id": "TPE1776",
        "name": "台北臨沂街停車場",
        "area": "中正區",
        "address": "臨沂街69巷8號旁空地",
        "summary": "大型車:0格，小型車:4格(含身心障礙停車位1格)，機車:0格",
        "tel": "2518-5299",
        "car": 4,
        "motor": 0,
        "charging": 0,
        "occupied_rate": -99,
        "data_time": "Sat May 02 00:00:00 CST 2026"
      }
    },
    {
      "type": "Feature",
      "geometry": {
        "type": "Point",
        "coordinates": [
          121.5605092,
          25.0269464
        ]
      },
      "properties": {
        "id": "TPE1777",
        "name": "吳興街220巷59弄平面停車場",
        "area": "信義區",
        "address": "吳興街220巷59弄內(景勤1號公園斜對面)",
        "summary": "大型車:0格，小型車:141格(含身心障礙停車位3格，孕婦、育有六歲以下兒童停車位1格)，機車:354格(含身心障礙停車位7格)",
        "tel": "0800208333",
        "car": 141,
        "motor": 354,
        "charging": 0,
        "occupied_rate": -99,
        "data_time": "Sat May 02 00:00:00 CST 2026"
      }
    },
    {
      "type": "Feature",
      "geometry": {
        "type": "Point",
        "coordinates": [
          121.5350606,
          25.0628816
        ]
      },
      "properties": {
        "id": "TPE1778",
        "name": "嘟嘟房行天宮1站停車場",
        "area": "中山區",
        "address": "民權東路2段137號後方空地",
        "summary": "大型車:0格，小型車:28格(含身心障礙停車位1格)，機車:0格",
        "tel": "2655-0818",
        "car": 28,
        "motor": 0,
        "charging": 0,
        "occupied_rate": -99,
        "data_time": "Sat May 02 00:00:00 CST 2026"
      }
    },
    {
      "type": "Feature",
      "geometry": {
        "type": "Point",
        "coordinates": [
          121.5658499,
          25.0779887
        ]
      },
      "properties": {
        "id": "TPE1779",
        "name": "樂群二路停車場",
        "area": "中山區",
        "address": "樂群二路266巷28號旁",
        "summary": "大型車:0格，小型車:6格(含身心障礙停車位1格)，機車:0格",
        "tel": "022536-6655",
        "car": 6,
        "motor": 0,
        "charging": 0,
        "occupied_rate": -99,
        "data_time": "Sat May 02 00:00:00 CST 2026"
      }
    },
    {
      "type": "Feature",
      "geometry": {
        "type": "Point",
        "coordinates": [
          121.5925496,
          25.0529718
        ]
      },
      "properties": {
        "id": "TPE1780",
        "name": "國建南港昆陽大樓停車場",
        "area": "南港區",
        "address": "昆陽街16號地下1至3層",
        "summary": "大型車:0格，小型車:172格(含身心障礙停車位4格)，機車:0格，充電格位:2格",
        "tel": "0225230089",
        "car": 172,
        "motor": 0,
        "charging": 0,
        "occupied_rate": -99,
        "data_time": "Sat May 02 00:00:00 CST 2026"
      }
    },
    {
      "type": "Feature",
      "geometry": {
        "type": "Point",
        "coordinates": [
          121.6017907,
          25.0601389
        ]
      },
      "properties": {
        "id": "TPE1781",
        "name": "拓鑫安美大型車停車場",
        "area": "內湖區",
        "address": "安美街181號旁空地",
        "summary": "大型車:42格，小型車:0格，機車:0格",
        "tel": "0958388960",
        "car": 0,
        "motor": 0,
        "charging": 0,
        "occupied_rate": -99,
        "data_time": "Sat May 02 00:00:00 CST 2026"
      }
    },
    {
      "type": "Feature",
      "geometry": {
        "type": "Point",
        "coordinates": [
          121.57435,
          25.0465972
        ]
      },
      "properties": {
        "id": "TPE1782",
        "name": "Times永吉路",
        "area": "信義區",
        "address": "永吉路225巷7弄2號旁",
        "summary": "大型車:0格，小型車:3格(含身心障礙停車位1格)，機車:0格",
        "tel": "0800888924",
        "car": 3,
        "motor": 0,
        "charging": 0,
        "occupied_rate": -99,
        "data_time": "Sat May 02 00:00:00 CST 2026"
      }
    },
    {
      "type": "Feature",
      "geometry": {
        "type": "Point",
        "coordinates": [
          121.5236017,
          25.032965
        ]
      },
      "properties": {
        "id": "TPE1783",
        "name": "杭州南路二段51巷平面停車場",
        "area": "大安區",
        "address": "杭州南路2段51巷內旁",
        "summary": "大型車:0格，小型車:35格(含身心障礙停車位1格)，機車:0格，大型重機:1格，充電格位:1格",
        "tel": "24551299",
        "car": 35,
        "motor": 0,
        "charging": 0,
        "occupied_rate": -99,
        "data_time": "Sat May 02 00:00:00 CST 2026"
      }
    },
    {
      "type": "Feature",
      "geometry": {
        "type": "Point",
        "coordinates": [
          121.5650735,
          25.0822912
        ]
      },
      "properties": {
        "id": "TPE1784",
        "name": "興林-內湖路停車場",
        "area": "內湖區",
        "address": "內湖路1段238號旁空地",
        "summary": "大型車:0格，小型車:15格(含身心障礙停車位1格)，機車:0格",
        "tel": "0285228556",
        "car": 15,
        "motor": 0,
        "charging": 0,
        "occupied_rate": -99,
        "data_time": "Sat May 02 00:00:00 CST 2026"
      }
    },
    {
      "type": "Feature",
      "geometry": {
        "type": "Point",
        "coordinates": [
          121.5815525,
          25.0385659
        ]
      },
      "properties": {
        "id": "TPE1785",
        "name": "廣慈3區社會住宅地下停車場",
        "area": "信義區",
        "address": "福德街84巷80、82號(地下共4層)",
        "summary": "大型車:0格，小型車:269格(含身心障礙停車位12格，孕婦、育有六歲以下兒童停車位6格)，機車:501格(含身心障礙停車位20格)，大型重機:2格，充電格位:6格",
        "tel": "0225573722",
        "car": 269,
        "motor": 501,
        "charging": 0,
        "occupied_rate": -99,
        "data_time": "Sat May 02 00:00:00 CST 2026"
      }
    },
    {
      "type": "Feature",
      "geometry": {
        "type": "Point",
        "coordinates": [
          121.5552599,
          25.0009042
        ]
      },
      "properties": {
        "id": "TPE1786",
        "name": "興德路62巷平面停車場",
        "area": "文山區",
        "address": "興德路62巷2號旁",
        "summary": "大型車:0格，小型車:7格(含身心障礙停車位1格)，機車:15格(含身心障礙停車位1格)",
        "tel": "2759-0666",
        "car": 7,
        "motor": 15,
        "charging": 0,
        "occupied_rate": -99,
        "data_time": "Sat May 02 00:00:00 CST 2026"
      }
    },
    {
      "type": "Feature",
      "geometry": {
        "type": "Point",
        "coordinates": [
          121.5295259,
          25.0412657
        ]
      },
      "properties": {
        "id": "TPE1787",
        "name": "御車坊",
        "area": "中正區",
        "address": "金山南路1段17號旁空地",
        "summary": "大型車:0格，小型車:34格(含身心障礙停車位1格)，機車:0格",
        "tel": "0909667501",
        "car": 34,
        "motor": 0,
        "charging": 0,
        "occupied_rate": -99,
        "data_time": "Sat May 02 00:00:00 CST 2026"
      }
    },
    {
      "type": "Feature",
      "geometry": {
        "type": "Point",
        "coordinates": [
          121.52955,
          25.0246652
        ]
      },
      "properties": {
        "id": "TPE1788",
        "name": "Times師大夜市",
        "area": "大安區",
        "address": "泰順街38巷25號旁",
        "summary": "大型車:0格，小型車:18格(含身心障礙停車位1格)，機車:0格",
        "tel": "0809008924",
        "car": 18,
        "motor": 0,
        "charging": 0,
        "occupied_rate": -99,
        "data_time": "Sat May 02 00:00:00 CST 2026"
      }
    },
    {
      "type": "Feature",
      "geometry": {
        "type": "Point",
        "coordinates": [
          121.5363079,
          25.0503552
        ]
      },
      "properties": {
        "id": "TPE1789",
        "name": "新光建設首都天下停車場",
        "area": "中山區",
        "address": "建國北路1段96號地下2至3層",
        "summary": "大型車:0格，小型車:40格(含身心障礙停車位1格)，機車:0格",
        "tel": "2515-1959",
        "car": 40,
        "motor": 0,
        "charging": 0,
        "occupied_rate": -99,
        "data_time": "Sat May 02 00:00:00 CST 2026"
      }
    },
    {
      "type": "Feature",
      "geometry": {
        "type": "Point",
        "coordinates": [
          121.6153901,
          25.0605301
        ]
      },
      "properties": {
        "id": "TPE1790",
        "name": "Times 經貿二路第3",
        "area": "南港區",
        "address": "經貿二路197號旁",
        "summary": "大型車:0格，小型車:41格(含身心障礙停車位1格)，機車:0格",
        "tel": "",
        "car": 41,
        "motor": 0,
        "charging": 0,
        "occupied_rate": -99,
        "data_time": "Sat May 02 00:00:00 CST 2026"
      }
    },
    {
      "type": "Feature",
      "geometry": {
        "type": "Point",
        "coordinates": [
          121.5953915,
          25.0708539
        ]
      },
      "properties": {
        "id": "TPE1791",
        "name": "國防醫學大學",
        "area": "內湖區",
        "address": "民權東路6段161號",
        "summary": "大型車:0格，小型車:14格(含身心障礙停車位1格)，機車:48格(含身心障礙停車位1格)",
        "tel": "0225573722",
        "car": 14,
        "motor": 48,
        "charging": 0,
        "occupied_rate": -99,
        "data_time": "Sat May 02 00:00:00 CST 2026"
      }
    },
    {
      "type": "Feature",
      "geometry": {
        "type": "Point",
        "coordinates": [
          121.5044401,
          25.1380501
        ]
      },
      "properties": {
        "id": "TPE1792",
        "name": "USPACE北投晶泉丰旅停車場",
        "area": "北投區",
        "address": "泉源路19號",
        "summary": "大型車:0格，小型車:107格(含身心障礙停車位4格)，機車:0格，充電格位:6格",
        "tel": "0277518097",
        "car": 107,
        "motor": 0,
        "charging": 0,
        "occupied_rate": -99,
        "data_time": "Sat May 02 00:00:00 CST 2026"
      }
    },
    {
      "type": "Feature",
      "geometry": {
        "type": "Point",
        "coordinates": [
          121.5462099,
          25.0297396
        ]
      },
      "properties": {
        "id": "TPE1793",
        "name": "大安國中地下停車場",
        "area": "大安區",
        "address": "大安路2段63號地下1至2層",
        "summary": "大型車:0格，小型車:223格(含身心障礙停車位5格，孕婦、育有六歲以下兒童停車位5格)，機車:52格(含身心障礙停車位2格)，大型重機:1格，充電格位:5格",
        "tel": "2799-5657",
        "car": 223,
        "motor": 52,
        "charging": 0,
        "occupied_rate": -99,
        "data_time": "Sat May 02 00:00:00 CST 2026"
      }
    },
    {
      "type": "Feature",
      "geometry": {
        "type": "Point",
        "coordinates": [
          121.5934777,
          25.0610504
        ]
      },
      "properties": {
        "id": "TPE1795",
        "name": "潭美停車場",
        "area": "內湖區",
        "address": "安康路22巷及潭美街交叉路口旁空地",
        "summary": "大型車:0格，小型車:120格(含身心障礙停車位3格，孕婦、育有六歲以下兒童停車位3格)，機車:0格，充電格位:2格",
        "tel": "0958388960",
        "car": 120,
        "motor": 0,
        "charging": 0,
        "occupied_rate": -99,
        "data_time": "Sat May 02 00:00:00 CST 2026"
      }
    },
    {
      "type": "Feature",
      "geometry": {
        "type": "Point",
        "coordinates": [
          121.5505284,
          25.0205196
        ]
      },
      "properties": {
        "id": "TPE1796",
        "name": "樂業街精華車位",
        "area": "大安區",
        "address": "樂業街94巷27號",
        "summary": "大型車:0格，小型車:6格(含身心障礙停車位1格)，機車:0格",
        "tel": "7751-8097",
        "car": 6,
        "motor": 0,
        "charging": 0,
        "occupied_rate": -99,
        "data_time": "Sat May 02 00:00:00 CST 2026"
      }
    },
    {
      "type": "Feature",
      "geometry": {
        "type": "Point",
        "coordinates": [
          121.50542,
          25.1289285
        ]
      },
      "properties": {
        "id": "TPE1797",
        "name": "三合街1段82巷62弄平面停車場",
        "area": "北投區",
        "address": "三合街1段82巷62弄及公舘路130巷1弄交叉口",
        "summary": "大型車:0格，小型車:48格(含身心障礙停車位1格)，機車:9格(含身心障礙停車位1格)",
        "tel": "0227590666",
        "car": 48,
        "motor": 9,
        "charging": 0,
        "occupied_rate": -99,
        "data_time": "Sat May 02 00:00:00 CST 2026"
      }
    },
    {
      "type": "Feature",
      "geometry": {
        "type": "Point",
        "coordinates": [
          121.5045001,
          25.1290355
        ]
      },
      "properties": {
        "id": "TPE1798",
        "name": "三合街1段82巷86弄平面停車場",
        "area": "北投區",
        "address": "三合街1段82巷及三合街1段82巷86弄交叉口",
        "summary": "大型車:0格，小型車:28格(含身心障礙停車位1格)，機車:0格，大型重機:1格",
        "tel": "0227590666",
        "car": 28,
        "motor": 0,
        "charging": 0,
        "occupied_rate": -99,
        "data_time": "Sat May 02 00:00:00 CST 2026"
      }
    },
    {
      "type": "Feature",
      "geometry": {
        "type": "Point",
        "coordinates": [
          121.4959697,
          25.0339558
        ]
      },
      "properties": {
        "id": "TPE1799",
        "name": "謙喆有限公司東吳有容場",
        "area": "萬華區",
        "address": "大理街136號",
        "summary": "大型車:0格，小型車:30格(含身心障礙停車位1格)，機車:0格",
        "tel": "0916485486",
        "car": 30,
        "motor": 0,
        "charging": 0,
        "occupied_rate": -99,
        "data_time": "Sat May 02 00:00:00 CST 2026"
      }
    },
    {
      "type": "Feature",
      "geometry": {
        "type": "Point",
        "coordinates": [
          121.5540178,
          25.039039
        ]
      },
      "properties": {
        "id": "TPE1800",
        "name": "USPACE延吉街車位",
        "area": "大安區",
        "address": "仁愛路4段345巷4弄1號旁空地",
        "summary": "大型車:0格，小型車:3格(含身心障礙停車位1格)，機車:0格",
        "tel": "0933223591",
        "car": 3,
        "motor": 0,
        "charging": 0,
        "occupied_rate": -99,
        "data_time": "Sat May 02 00:00:00 CST 2026"
      }
    },
    {
      "type": "Feature",
      "geometry": {
        "type": "Point",
        "coordinates": [
          121.5493401,
          25.0621004
        ]
      },
      "properties": {
        "id": "TPE1801",
        "name": "民權東路3段197巷口東側平面停車場",
        "area": "松山區",
        "address": "民權東路3段197巷與民權東路口",
        "summary": "大型車:0格，小型車:13格(含身心障礙停車位1格)，機車:0格",
        "tel": "2759-0666",
        "car": 13,
        "motor": 0,
        "charging": 0,
        "occupied_rate": -99,
        "data_time": "Sat May 02 00:00:00 CST 2026"
      }
    },
    {
      "type": "Feature",
      "geometry": {
        "type": "Point",
        "coordinates": [
          121.5491233,
          25.0620403
        ]
      },
      "properties": {
        "id": "TPE1802",
        "name": "民權東路3段153巷西側平面停車場",
        "area": "松山區",
        "address": "民權東路3段153巷與民權東路口",
        "summary": "大型車:0格，小型車:8格(含身心障礙停車位1格)，機車:0格",
        "tel": "2759-0666",
        "car": 8,
        "motor": 0,
        "charging": 0,
        "occupied_rate": -99,
        "data_time": "Sat May 02 00:00:00 CST 2026"
      }
    },
    {
      "type": "Feature",
      "geometry": {
        "type": "Point",
        "coordinates": [
          121.5169199,
          25.10185
        ]
      },
      "properties": {
        "id": "TPE1803",
        "name": "文林橋下平面停車場",
        "area": "北投區",
        "address": "文林北路53巷及文林北路75巷口",
        "summary": "大型車:0格，小型車:20格，機車:46格(含身心障礙停車位1格)",
        "tel": "0227590666",
        "car": 20,
        "motor": 46,
        "charging": 0,
        "occupied_rate": -99,
        "data_time": "Sat May 02 00:00:00 CST 2026"
      }
    },
    {
      "type": "Feature",
      "geometry": {
        "type": "Point",
        "coordinates": [
          121.5463711,
          25.0622626
        ]
      },
      "properties": {
        "id": "TPE1804",
        "name": "永春常載停車場",
        "area": "信義區",
        "address": "信義路6段76巷8弄10-20號前方",
        "summary": "大型車:0格，小型車:6格(含身心障礙停車位1格)，機車:0格",
        "tel": "0913899705",
        "car": 6,
        "motor": 0,
        "charging": 0,
        "occupied_rate": -99,
        "data_time": "Sat May 02 00:00:00 CST 2026"
      }
    },
    {
      "type": "Feature",
      "geometry": {
        "type": "Point",
        "coordinates": [
          121.604119,
          25.0721502
        ]
      },
      "properties": {
        "id": "TPE1805",
        "name": "五都停車場內湖石潭站",
        "area": "內湖區",
        "address": "民權東路6段423巷9弄15號旁空地",
        "summary": "大型車:0格，小型車:64格(含身心障礙停車位2格，孕婦、育有六歲以下兒童停車位2格)，機車:0格，充電格位:1格",
        "tel": "0423383145",
        "car": 64,
        "motor": 0,
        "charging": 0,
        "occupied_rate": -99,
        "data_time": "Sat May 02 00:00:00 CST 2026"
      }
    },
    {
      "type": "Feature",
      "geometry": {
        "type": "Point",
        "coordinates": [
          121.55479,
          25.0008947
        ]
      },
      "properties": {
        "id": "TPE1807",
        "name": "興隆A區社會住宅地下停車場",
        "area": "文山區",
        "address": "興隆路4段42巷1號地下1至3層",
        "summary": "大型車:0格，小型車:272格(含身心障礙停車位6格，孕婦、育有六歲以下兒童停車位5格)，機車:336格(含身心障礙停車位8格)，充電格位:5格",
        "tel": "2939-8935",
        "car": 272,
        "motor": 336,
        "charging": 0,
        "occupied_rate": -99,
        "data_time": "Sat May 02 00:00:00 CST 2026"
      }
    },
    {
      "type": "Feature",
      "geometry": {
        "type": "Point",
        "coordinates": [
          121.5477617,
          25.025098
        ]
      },
      "properties": {
        "id": "TPE1808",
        "name": "四維路停車場",
        "area": "大安區",
        "address": "四維路393號對面空地",
        "summary": "大型車:0格，小型車:8格(含身心障礙停車位1格)，機車:0格",
        "tel": "25117767",
        "car": 8,
        "motor": 0,
        "charging": 0,
        "occupied_rate": -99,
        "data_time": "Sat May 02 00:00:00 CST 2026"
      }
    },
    {
      "type": "Feature",
      "geometry": {
        "type": "Point",
        "coordinates": [
          121.52257,
          25.0964991
        ]
      },
      "properties": {
        "id": "TPE1809",
        "name": "華榮社宅場",
        "area": "士林區",
        "address": "華聲街17號地下1至3層",
        "summary": "大型車:0格，小型車:114格(含身心障礙停車位4格)，機車:151格(含身心障礙停車位5格)",
        "tel": "0277381111",
        "car": 114,
        "motor": 151,
        "charging": 0,
        "occupied_rate": -99,
        "data_time": "Sat May 02 00:00:00 CST 2026"
      }
    },
    {
      "type": "Feature",
      "geometry": {
        "type": "Point",
        "coordinates": [
          121.5930655,
          25.0523265
        ]
      },
      "properties": {
        "id": "TPE1810",
        "name": "Times 昆陽街",
        "area": "南港區",
        "address": "昆陽街64號旁空地",
        "summary": "大型車:0格，小型車:247格(含身心障礙停車位5格)，機車:0格",
        "tel": "0809008924",
        "car": 247,
        "motor": 0,
        "charging": 0,
        "occupied_rate": -99,
        "data_time": "Sat May 02 00:00:00 CST 2026"
      }
    },
    {
      "type": "Feature",
      "geometry": {
        "type": "Point",
        "coordinates": [
          121.5050219,
          25.0316932
        ]
      },
      "properties": {
        "id": "TPE1811",
        "name": "Times大埔街",
        "area": "中正區",
        "address": "大埔街44-2號對面",
        "summary": "大型車:0格，小型車:6格(含身心障礙停車位1格)，機車:0格",
        "tel": "0809008924",
        "car": 6,
        "motor": 0,
        "charging": 0,
        "occupied_rate": -99,
        "data_time": "Sat May 02 00:00:00 CST 2026"
      }
    },
    {
      "type": "Feature",
      "geometry": {
        "type": "Point",
        "coordinates": [
          121.52701,
          25.11616
        ]
      },
      "properties": {
        "id": "TPE1812",
        "name": "鴻藶有限公司天母停車場",
        "area": "士林區",
        "address": "中山北路6段441巷15號空地",
        "summary": "大型車:0格，小型車:20格(含身心障礙停車位1格)，機車:0格",
        "tel": "0958601771",
        "car": 20,
        "motor": 0,
        "charging": 0,
        "occupied_rate": -99,
        "data_time": "Sat May 02 00:00:00 CST 2026"
      }
    },
    {
      "type": "Feature",
      "geometry": {
        "type": "Point",
        "coordinates": [
          121.6178999,
          25.05917
        ]
      },
      "properties": {
        "id": "TPE1813",
        "name": "南港LaLaport停車場",
        "area": "南港區",
        "address": "經貿二路111、121、131、135號地下2至5層",
        "summary": "大型車:0格，小型車:2378格(含身心障礙停車位47格，孕婦、育有六歲以下兒童停車位48格)，機車:1953格(含身心障礙停車位39格)，充電格位:24格",
        "tel": "0800208333",
        "car": 2378,
        "motor": 1953,
        "charging": 0,
        "occupied_rate": -99,
        "data_time": "Sat May 02 00:00:00 CST 2026"
      }
    },
    {
      "type": "Feature",
      "geometry": {
        "type": "Point",
        "coordinates": [
          121.5746999,
          25.06611
        ]
      },
      "properties": {
        "id": "TPE1814",
        "name": "長揚停車場舊宗站",
        "area": "內湖區",
        "address": "舊宗路1段78號地下1至3層",
        "summary": "大型車:0格，小型車:44格(含身心障礙停車位1格)，機車:0格",
        "tel": "0980140052",
        "car": 44,
        "motor": 0,
        "charging": 0,
        "occupied_rate": -99,
        "data_time": "Sat May 02 00:00:00 CST 2026"
      }
    },
    {
      "type": "Feature",
      "geometry": {
        "type": "Point",
        "coordinates": [
          121.5337907,
          25.0378559
        ]
      },
      "properties": {
        "id": "TPE1815",
        "name": "Times仁愛路三段",
        "area": "大安區",
        "address": "仁愛路3段8號旁",
        "summary": "大型車:0格，小型車:25格(含身心障礙停車位1格)，機車:0格",
        "tel": "0809008924",
        "car": 25,
        "motor": 0,
        "charging": 0,
        "occupied_rate": -99,
        "data_time": "Sat May 02 00:00:00 CST 2026"
      }
    },
    {
      "type": "Feature",
      "geometry": {
        "type": "Point",
        "coordinates": [
          121.5139958,
          25.1047717
        ]
      },
      "properties": {
        "id": "TPE1816",
        "name": "USPACE 正大樂富停車場",
        "area": "北投區",
        "address": "文承路26、28號地下1至2層",
        "summary": "大型車:0格，小型車:45格(含身心障礙停車位1格)，機車:0格，充電格位:4格",
        "tel": "0277518097",
        "car": 45,
        "motor": 0,
        "charging": 0,
        "occupied_rate": -99,
        "data_time": "Sat May 02 00:00:00 CST 2026"
      }
    },
    {
      "type": "Feature",
      "geometry": {
        "type": "Point",
        "coordinates": [
          121.59223,
          25.0792016
        ]
      },
      "properties": {
        "id": "TPE1817",
        "name": "Times 星雲街",
        "area": "內湖區",
        "address": "星雲街61號後面",
        "summary": "大型車:0格，小型車:25格(含身心障礙停車位1格)，機車:0格",
        "tel": "0809008924",
        "car": 25,
        "motor": 0,
        "charging": 0,
        "occupied_rate": -99,
        "data_time": "Sat May 02 00:00:00 CST 2026"
      }
    },
    {
      "type": "Feature",
      "geometry": {
        "type": "Point",
        "coordinates": [
          121.5855899,
          25.0635621
        ]
      },
      "properties": {
        "id": "TPE1818",
        "name": "城市車旅內湖領航停車場",
        "area": "內湖區",
        "address": "行善路365號地下1至5層",
        "summary": "大型車:0格，小型車:117格(含身心障礙停車位3格)，機車:0格，充電格位:1格",
        "tel": "0800208333",
        "car": 117,
        "motor": 0,
        "charging": 0,
        "occupied_rate": -99,
        "data_time": "Sat May 02 00:00:00 CST 2026"
      }
    },
    {
      "type": "Feature",
      "geometry": {
        "type": "Point",
        "coordinates": [
          121.5449655,
          25.0306041
        ]
      },
      "properties": {
        "id": "TPE1819",
        "name": "非禮勿停停車場",
        "area": "大安區",
        "address": "瑞安街31巷18號旁",
        "summary": "大型車:0格，小型車:1格(含身心障礙停車位1格)，機車:0格",
        "tel": "0937852419",
        "car": 1,
        "motor": 0,
        "charging": 0,
        "occupied_rate": -99,
        "data_time": "Sat May 02 00:00:00 CST 2026"
      }
    },
    {
      "type": "Feature",
      "geometry": {
        "type": "Point",
        "coordinates": [
          121.5800726,
          25.0802269
        ]
      },
      "properties": {
        "id": "TPE1820",
        "name": "臺北市內湖區內湖國民小學孝悌樓地下停車場",
        "area": "內湖區",
        "address": "內湖路2段41號地下1層",
        "summary": "大型車:0格，小型車:49格(含身心障礙停車位1格)，機車:0格，充電格位:1格",
        "tel": "0227970237#1313",
        "car": 49,
        "motor": 0,
        "charging": 0,
        "occupied_rate": -99,
        "data_time": "Sat May 02 00:00:00 CST 2026"
      }
    },
    {
      "type": "Feature",
      "geometry": {
        "type": "Point",
        "coordinates": [
          121.5297864,
          25.0300925
        ]
      },
      "properties": {
        "id": "TPE1821",
        "name": "Times 永康街第5",
        "area": "大安區",
        "address": "永康街47巷2號旁空地",
        "summary": "大型車:0格，小型車:10格(含身心障礙停車位1格)，機車:0格",
        "tel": "0809008924",
        "car": 10,
        "motor": 0,
        "charging": 0,
        "occupied_rate": -99,
        "data_time": "Sat May 02 00:00:00 CST 2026"
      }
    },
    {
      "type": "Feature",
      "geometry": {
        "type": "Point",
        "coordinates": [
          121.48771,
          25.139185
        ]
      },
      "properties": {
        "id": "TPE1822",
        "name": "北投製片廠平面停車場",
        "area": "北投區",
        "address": "新興公園旁",
        "summary": "大型車:0格，小型車:80格(含身心障礙停車位1格)，機車:0格",
        "tel": "0227590666",
        "car": 80,
        "motor": 0,
        "charging": 0,
        "occupied_rate": -99,
        "data_time": "Sat May 02 00:00:00 CST 2026"
      }
    },
    {
      "type": "Feature",
      "geometry": {
        "type": "Point",
        "coordinates": [
          121.51881,
          25.1065786
        ]
      },
      "properties": {
        "id": "TPE1823",
        "name": "嘟嘟房北投文林站停車場",
        "area": "北投區",
        "address": "文林北路94巷40號旁空地",
        "summary": "大型車:0格，小型車:50格(含身心障礙停車位1格)，機車:0格",
        "tel": "0226550818",
        "car": 50,
        "motor": 0,
        "charging": 0,
        "occupied_rate": -99,
        "data_time": "Sat May 02 00:00:00 CST 2026"
      }
    },
    {
      "type": "Feature",
      "geometry": {
        "type": "Point",
        "coordinates": [
          121.5888599,
          25.0768768
        ]
      },
      "properties": {
        "id": "TPE1824",
        "name": "內湖國中地下停車場",
        "area": "內湖區",
        "address": "陽光街1號(地下共2層)",
        "summary": "大型車:0格，小型車:119格(含身心障礙停車位3格，孕婦、育有六歲以下兒童停車位3格)，機車:20格(含身心障礙停車位1格)，大型重機:4格，充電格位:3格",
        "tel": "0227949119",
        "car": 119,
        "motor": 20,
        "charging": 0,
        "occupied_rate": -99,
        "data_time": "Sat May 02 00:00:00 CST 2026"
      }
    },
    {
      "type": "Feature",
      "geometry": {
        "type": "Point",
        "coordinates": [
          121.5116799,
          25.0570529
        ]
      },
      "properties": {
        "id": "TPE1825",
        "name": "嘟嘟房延平北站停車場",
        "area": "大同區",
        "address": "延平北路2段272巷18號",
        "summary": "大型車:0格，小型車:1格(含身心障礙停車位1格)，機車:0格",
        "tel": "2655-0818",
        "car": 1,
        "motor": 0,
        "charging": 0,
        "occupied_rate": -99,
        "data_time": "Sat May 02 00:00:00 CST 2026"
      }
    },
    {
      "type": "Feature",
      "geometry": {
        "type": "Point",
        "coordinates": [
          121.5804999,
          24.9862185
        ]
      },
      "properties": {
        "id": "TPE1826",
        "name": "Times新光路一段第3(月租)",
        "area": "文山區",
        "address": "新光路1段32巷16號對面",
        "summary": "大型車:0格，小型車:10格(含身心障礙停車位1格)，機車:0格",
        "tel": "0809-008-9",
        "car": 10,
        "motor": 0,
        "charging": 0,
        "occupied_rate": -99,
        "data_time": "Sat May 02 00:00:00 CST 2026"
      }
    },
    {
      "type": "Feature",
      "geometry": {
        "type": "Point",
        "coordinates": [
          121.4686299,
          25.1285619
        ]
      },
      "properties": {
        "id": "TPE1827",
        "name": "北投央北站停車場",
        "area": "北投區",
        "address": "中央北路4段532號旁空地",
        "summary": "大型車:0格，小型車:62格(含身心障礙停車位2格)，機車:0格，充電格位:1格",
        "tel": "0227935818",
        "car": 62,
        "motor": 0,
        "charging": 0,
        "occupied_rate": -99,
        "data_time": "Sat May 02 00:00:00 CST 2026"
      }
    },
    {
      "type": "Feature",
      "geometry": {
        "type": "Point",
        "coordinates": [
          121.50867,
          25.0607489
        ]
      },
      "properties": {
        "id": "TPE1828",
        "name": "環河停車場",
        "area": "大同區",
        "address": "迪化街1段280巷16號旁空地",
        "summary": "大型車:0格，小型車:11格(含身心障礙停車位1格)，機車:0格",
        "tel": "0953022736",
        "car": 11,
        "motor": 0,
        "charging": 0,
        "occupied_rate": -99,
        "data_time": "Sat May 02 00:00:00 CST 2026"
      }
    },
    {
      "type": "Feature",
      "geometry": {
        "type": "Point",
        "coordinates": [
          121.5423601,
          24.9922645
        ]
      },
      "properties": {
        "id": "TPE1830",
        "name": "嘟嘟房景美愛買站停車場",
        "area": "文山區",
        "address": "景中街30巷12號地下1層",
        "summary": "大型車:0格，小型車:42格(含身心障礙停車位1格)，機車:0格",
        "tel": "0226550818",
        "car": 42,
        "motor": 0,
        "charging": 0,
        "occupied_rate": -99,
        "data_time": "Sat May 02 00:00:00 CST 2026"
      }
    },
    {
      "type": "Feature",
      "geometry": {
        "type": "Point",
        "coordinates": [
          121.5577198,
          25.0539891
        ]
      },
      "properties": {
        "id": "TPE1831",
        "name": "三軍總醫院松山分院附設民眾停車場",
        "area": "松山區",
        "address": "健康路131號地下1至地上5層",
        "summary": "大型車:0格，小型車:113格(含身心障礙停車位2格，孕婦、育有六歲以下兒童停車位2格)，機車:117格(含身心障礙停車位3格)",
        "tel": "0227642151#9",
        "car": 113,
        "motor": 117,
        "charging": 0,
        "occupied_rate": -99,
        "data_time": "Sat May 02 00:00:00 CST 2026"
      }
    },
    {
      "type": "Feature",
      "geometry": {
        "type": "Point",
        "coordinates": [
          121.5497498,
          25.0522358
        ]
      },
      "properties": {
        "id": "TPE1832",
        "name": "南京巨蛋停車場",
        "area": "松山區",
        "address": "南京東路4段13巷旁",
        "summary": "大型車:0格，小型車:7格(含身心障礙停車位1格)，機車:0格",
        "tel": "0289855627",
        "car": 7,
        "motor": 0,
        "charging": 0,
        "occupied_rate": -99,
        "data_time": "Sat May 02 00:00:00 CST 2026"
      }
    },
    {
      "type": "Feature",
      "geometry": {
        "type": "Point",
        "coordinates": [
          121.55312,
          25.0849679
        ]
      },
      "properties": {
        "id": "TPE1833",
        "name": "明水四平面停車場",
        "area": "中山區",
        "address": "北安路770巷與北安路交叉口空地",
        "summary": "大型車:0格，小型車:49格(含身心障礙停車位1格)，機車:0格",
        "tel": "2517-2642",
        "car": 49,
        "motor": 0,
        "charging": 0,
        "occupied_rate": -99,
        "data_time": "Sat May 02 00:00:00 CST 2026"
      }
    },
    {
      "type": "Feature",
      "geometry": {
        "type": "Point",
        "coordinates": [
          121.5166999,
          25.1157065
        ]
      },
      "properties": {
        "id": "TPE1834",
        "name": "168停車聯盟-石牌二場",
        "area": "北投區",
        "address": "裕民二路與裕民三路交叉口空地",
        "summary": "大型車:0格，小型車:148格(含身心障礙停車位2格)，機車:0格，充電格位:1格",
        "tel": "0227546661",
        "car": 148,
        "motor": 0,
        "charging": 0,
        "occupied_rate": -99,
        "data_time": "Sat May 02 00:00:00 CST 2026"
      }
    },
    {
      "type": "Feature",
      "geometry": {
        "type": "Point",
        "coordinates": [
          121.5196399,
          25.0699218
        ]
      },
      "properties": {
        "id": "TPE1835",
        "name": "Times 圓山捷運站",
        "area": "大同區",
        "address": "酒泉街10巷25號",
        "summary": "大型車:0格，小型車:3格(含身心障礙停車位1格)，機車:0格",
        "tel": "0809008924",
        "car": 3,
        "motor": 0,
        "charging": 0,
        "occupied_rate": -99,
        "data_time": "Sat May 02 00:00:00 CST 2026"
      }
    },
    {
      "type": "Feature",
      "geometry": {
        "type": "Point",
        "coordinates": [
          121.50658,
          25.121095
        ]
      },
      "properties": {
        "id": "TPE1836",
        "name": "唭哩岸停車場",
        "area": "北投區",
        "address": "東華街2段322號旁空地",
        "summary": "大型車:0格，小型車:6格(含身心障礙停車位1格)，機車:0格",
        "tel": "0224551299",
        "car": 6,
        "motor": 0,
        "charging": 0,
        "occupied_rate": -99,
        "data_time": "Sat May 02 00:00:00 CST 2026"
      }
    },
    {
      "type": "Feature",
      "geometry": {
        "type": "Point",
        "coordinates": [
          121.5259801,
          25.11009
        ]
      },
      "properties": {
        "id": "TPE1837",
        "name": "168停車聯盟-三玉場",
        "area": "士林區",
        "address": "中山北路6段290巷17號旁空地",
        "summary": "大型車:0格，小型車:28格(含身心障礙停車位1格)，機車:0格",
        "tel": "0227546661",
        "car": 28,
        "motor": 0,
        "charging": 0,
        "occupied_rate": -99,
        "data_time": "Sat May 02 00:00:00 CST 2026"
      }
    },
    {
      "type": "Feature",
      "geometry": {
        "type": "Point",
        "coordinates": [
          121.60282,
          25.0540589
        ]
      },
      "properties": {
        "id": "TPE1838",
        "name": "便利停車場明珠站",
        "area": "南港區",
        "address": "南港路2段88號",
        "summary": "大型車:0格，小型車:11格(含身心障礙停車位1格，孕婦、育有六歲以下兒童停車位1格)，機車:0格",
        "tel": "2799-1001#115",
        "car": 11,
        "motor": 0,
        "charging": 0,
        "occupied_rate": -99,
        "data_time": "Sat May 02 00:00:00 CST 2026"
      }
    },
    {
      "type": "Feature",
      "geometry": {
        "type": "Point",
        "coordinates": [
          121.5125554,
          25.0439366
        ]
      },
      "properties": {
        "id": "TPE1839",
        "name": "Alife武昌街停車場",
        "area": "中正區",
        "address": "武昌街1段18號地下2層",
        "summary": "大型車:0格，小型車:15格(含身心障礙停車位1格)，機車:0格",
        "tel": "0933223591",
        "car": 15,
        "motor": 0,
        "charging": 0,
        "occupied_rate": -99,
        "data_time": "Sat May 02 00:00:00 CST 2026"
      }
    },
    {
      "type": "Feature",
      "geometry": {
        "type": "Point",
        "coordinates": [
          121.5082844,
          25.025877
        ]
      },
      "properties": {
        "id": "TPE1840",
        "name": "中華路2段409巷平面停車場",
        "area": "中正區",
        "address": "中華路2段409巷2號旁",
        "summary": "大型車:0格，小型車:5格(含身心障礙停車位1格)，機車:0格",
        "tel": "27590666",
        "car": 5,
        "motor": 0,
        "charging": 0,
        "occupied_rate": -99,
        "data_time": "Sat May 02 00:00:00 CST 2026"
      }
    },
    {
      "type": "Feature",
      "geometry": {
        "type": "Point",
        "coordinates": [
          121.5868201,
          25.064521
        ]
      },
      "properties": {
        "id": "TPE1841",
        "name": "及拓行善2停車場",
        "area": "內湖區",
        "address": "行善路417巷28號旁空地",
        "summary": "大型車:0格，小型車:49格(含身心障礙停車位1格)，機車:0格",
        "tel": "0227546661",
        "car": 49,
        "motor": 0,
        "charging": 0,
        "occupied_rate": -99,
        "data_time": "Sat May 02 00:00:00 CST 2026"
      }
    },
    {
      "type": "Feature",
      "geometry": {
        "type": "Point",
        "coordinates": [
          121.50577,
          25.1002543
        ]
      },
      "properties": {
        "id": "TPE1842",
        "name": "洲美公園臨時平面停車場",
        "area": "北投區",
        "address": "福美路199號旁",
        "summary": "大型車:0格，小型車:6格(含身心障礙停車位1格)，機車:17格(含身心障礙停車位1格)",
        "tel": "0227590666",
        "car": 6,
        "motor": 17,
        "charging": 0,
        "occupied_rate": -99,
        "data_time": "Sat May 02 00:00:00 CST 2026"
      }
    },
    {
      "type": "Feature",
      "geometry": {
        "type": "Point",
        "coordinates": [
          121.51189,
          25.1137596
        ]
      },
      "properties": {
        "id": "TPE1843",
        "name": "石牌陽信大樓停車場",
        "area": "北投區",
        "address": "石牌路1段90號地下1至2層",
        "summary": "大型車:0格，小型車:59格(含身心障礙停車位1格)，機車:0格",
        "tel": "0277518097",
        "car": 59,
        "motor": 0,
        "charging": 0,
        "occupied_rate": -99,
        "data_time": "Sat May 02 00:00:00 CST 2026"
      }
    },
    {
      "type": "Feature",
      "geometry": {
        "type": "Point",
        "coordinates": [
          121.5510137,
          25.0231765
        ]
      },
      "properties": {
        "id": "TPE1844",
        "name": "台灣聯通樂業停車場",
        "area": "大安區",
        "address": "基隆路2段232號旁空地",
        "summary": "大型車:0格，小型車:5格(含身心障礙停車位1格)，機車:0格",
        "tel": "25235000",
        "car": 5,
        "motor": 0,
        "charging": 0,
        "occupied_rate": -99,
        "data_time": "Sat May 02 00:00:00 CST 2026"
      }
    },
    {
      "type": "Feature",
      "geometry": {
        "type": "Point",
        "coordinates": [
          150943.1594289,
          -25041.3265212
        ]
      },
      "properties": {
        "id": "TPE1845",
        "name": "中山停車場",
        "area": "中山區",
        "address": "中山北路2段136號旁空地",
        "summary": "大型車:0格，小型車:35格(含身心障礙停車位1格)，機車:0格",
        "tel": "0925975999",
        "car": 35,
        "motor": 0,
        "charging": 0,
        "occupied_rate": -99,
        "data_time": "Sat May 02 00:00:00 CST 2026"
      }
    },
    {
      "type": "Feature",
      "geometry": {
        "type": "Point",
        "coordinates": [
          121.5190901,
          25.1045215
        ]
      },
      "properties": {
        "id": "TPE1846",
        "name": "萊客有限公司文林北停車場",
        "area": "北投區",
        "address": "文林北路20號旁空地",
        "summary": "大型車:0格，小型車:4格(含身心障礙停車位1格)，機車:0格",
        "tel": "0933204317",
        "car": 4,
        "motor": 0,
        "charging": 0,
        "occupied_rate": -99,
        "data_time": "Sat May 02 00:00:00 CST 2026"
      }
    },
    {
      "type": "Feature",
      "geometry": {
        "type": "Point",
        "coordinates": [
          121.5160901,
          25.0551372
        ]
      },
      "properties": {
        "id": "TPE1847",
        "name": "平陽街機車臨時平面停車場",
        "area": "大同區",
        "address": "平陽街18號旁",
        "summary": "大型車:0格，小型車:0格，機車:23格(含身心障礙停車位1格)",
        "tel": "0224551299",
        "car": 0,
        "motor": 23,
        "charging": 0,
        "occupied_rate": -99,
        "data_time": "Sat May 02 00:00:00 CST 2026"
      }
    },
    {
      "type": "Feature",
      "geometry": {
        "type": "Point",
        "coordinates": [
          121.5373501,
          25.101028
        ]
      },
      "properties": {
        "id": "TPE1848",
        "name": "至誠公園鄰近停車場",
        "area": "士林區",
        "address": "至誠路1段2之4號旁空地",
        "summary": "大型車:0格，小型車:2格(含身心障礙停車位1格)，機車:0格",
        "tel": "0277518097",
        "car": 2,
        "motor": 0,
        "charging": 0,
        "occupied_rate": -99,
        "data_time": "Sat May 02 00:00:00 CST 2026"
      }
    },
    {
      "type": "Feature",
      "geometry": {
        "type": "Point",
        "coordinates": [
          121.6152901,
          25.0717004
        ]
      },
      "properties": {
        "id": "TPE1850",
        "name": "及泰-東湖一場",
        "area": "內湖區",
        "address": "東湖路113巷95弄11號旁空地",
        "summary": "大型車:0格，小型車:14格(含身心障礙停車位1格)，機車:0格",
        "tel": "0227546661",
        "car": 14,
        "motor": 0,
        "charging": 0,
        "occupied_rate": -99,
        "data_time": "Sat May 02 00:00:00 CST 2026"
      }
    },
    {
      "type": "Feature",
      "geometry": {
        "type": "Point",
        "coordinates": [
          121.5062999,
          25.1158552
        ]
      },
      "properties": {
        "id": "TPE1851",
        "name": "承德七停車場",
        "area": "北投區",
        "address": "承德路7段280巷6弄7號對面空地",
        "summary": "大型車:0格，小型車:6格(含身心障礙停車位1格)，機車:0格",
        "tel": "0225117767",
        "car": 6,
        "motor": 0,
        "charging": 0,
        "occupied_rate": -99,
        "data_time": "Sat May 02 00:00:00 CST 2026"
      }
    },
    {
      "type": "Feature",
      "geometry": {
        "type": "Point",
        "coordinates": [
          121.5816701,
          25.0459052
        ]
      },
      "properties": {
        "id": "TPE1852",
        "name": "忠孝詠吉停車場",
        "area": "南港區",
        "address": "永吉路553巷7之1號",
        "summary": "大型車:0格，小型車:98格(含身心障礙停車位1格)，機車:0格，充電格位:1格",
        "tel": "0227546661",
        "car": 98,
        "motor": 0,
        "charging": 0,
        "occupied_rate": -99,
        "data_time": "Sat May 02 00:00:00 CST 2026"
      }
    },
    {
      "type": "Feature",
      "geometry": {
        "type": "Point",
        "coordinates": [
          121.5414201,
          24.9935815
        ]
      },
      "properties": {
        "id": "TPE1853",
        "name": "Times 景美捷運站",
        "area": "文山區",
        "address": "景文街5號旁",
        "summary": "大型車:0格，小型車:4格(含身心障礙停車位1格)，機車:0格",
        "tel": "0809008924",
        "car": 4,
        "motor": 0,
        "charging": 0,
        "occupied_rate": -99,
        "data_time": "Sat May 02 00:00:00 CST 2026"
      }
    },
    {
      "type": "Feature",
      "geometry": {
        "type": "Point",
        "coordinates": [
          121.5443099,
          25.0397046
        ]
      },
      "properties": {
        "id": "TPE1854",
        "name": "嵨開安旅",
        "area": "大安區",
        "address": "忠孝東路4段26巷60號",
        "summary": "大型車:0格，小型車:102格(含身心障礙停車位2格)，機車:0格",
        "tel": "27713318",
        "car": 102,
        "motor": 0,
        "charging": 0,
        "occupied_rate": -99,
        "data_time": "Sat May 02 00:00:00 CST 2026"
      }
    },
    {
      "type": "Feature",
      "geometry": {
        "type": "Point",
        "coordinates": [
          121.5239701,
          25.0304629
        ]
      },
      "properties": {
        "id": "TPE1855",
        "name": "便利停車場金華站",
        "area": "大安區",
        "address": "金華街48巷與金華街交叉口空地",
        "summary": "大型車:0格，小型車:32格(含身心障礙停車位1格，孕婦、育有六歲以下兒童停車位1格)，機車:0格",
        "tel": "2799-1001#115",
        "car": 32,
        "motor": 0,
        "charging": 0,
        "occupied_rate": -99,
        "data_time": "Sat May 02 00:00:00 CST 2026"
      }
    },
    {
      "type": "Feature",
      "geometry": {
        "type": "Point",
        "coordinates": [
          121.5561401,
          25.0239971
        ]
      },
      "properties": {
        "id": "TPE1856",
        "name": "USPACE 崇德街停車場",
        "area": "信義區",
        "address": "崇德街111號旁空地",
        "summary": "大型車:0格，小型車:19格(含身心障礙停車位1格)，機車:0格",
        "tel": "0277518097",
        "car": 19,
        "motor": 0,
        "charging": 0,
        "occupied_rate": -99,
        "data_time": "Sat May 02 00:00:00 CST 2026"
      }
    },
    {
      "type": "Feature",
      "geometry": {
        "type": "Point",
        "coordinates": [
          121.5727299,
          25.0751839
        ]
      },
      "properties": {
        "id": "TPE1857",
        "name": "USPACE瑞光一停車場",
        "area": "內湖區",
        "address": "堤頂大道2段11號旁空地",
        "summary": "大型車:0格，小型車:13格(含身心障礙停車位1格)，機車:0格",
        "tel": "0277518097",
        "car": 13,
        "motor": 0,
        "charging": 0,
        "occupied_rate": -99,
        "data_time": "Sat May 02 00:00:00 CST 2026"
      }
    },
    {
      "type": "Feature",
      "geometry": {
        "type": "Point",
        "coordinates": [
          121.5844099,
          25.0531462
        ]
      },
      "properties": {
        "id": "TPE1858",
        "name": "Times 松河街",
        "area": "南港區",
        "address": "松河街328號旁",
        "summary": "大型車:0格，小型車:24格(含身心障礙停車位1格)，機車:0格",
        "tel": "0809008924",
        "car": 24,
        "motor": 0,
        "charging": 0,
        "occupied_rate": -99,
        "data_time": "Sat May 02 00:00:00 CST 2026"
      }
    },
    {
      "type": "Feature",
      "geometry": {
        "type": "Point",
        "coordinates": [
          121.5585999,
          24.9916199
        ]
      },
      "properties": {
        "id": "TPE1859",
        "name": "興隆路3段308號臨時平面停車場",
        "area": "文山區",
        "address": "興隆路3段308號",
        "summary": "大型車:0格，小型車:50格(含身心障礙停車位1格)，機車:0格",
        "tel": "0800208333",
        "car": 50,
        "motor": 0,
        "charging": 0,
        "occupied_rate": -99,
        "data_time": "Sat May 02 00:00:00 CST 2026"
      }
    },
    {
      "type": "Feature",
      "geometry": {
        "type": "Point",
        "coordinates": [
          121.5493401,
          25.0455543
        ]
      },
      "properties": {
        "id": "TPE1860",
        "name": "富麗華敦南停車場",
        "area": "松山區",
        "address": "敦化南路1段63號",
        "summary": "大型車:0格，小型車:31格(含身心障礙停車位1格)，機車:0格",
        "tel": "0800208333",
        "car": 31,
        "motor": 0,
        "charging": 0,
        "occupied_rate": -99,
        "data_time": "Sat May 02 00:00:00 CST 2026"
      }
    },
    {
      "type": "Feature",
      "geometry": {
        "type": "Point",
        "coordinates": [
          121.51803,
          25.071162
        ]
      },
      "properties": {
        "id": "TPE1861",
        "name": "大龍峒社會住宅地下停車場",
        "area": "大同區",
        "address": "承德路3段212、212-2號地上1層及地下1至3層",
        "summary": "大型車:0格，小型車:84格(含身心障礙停車位1格，孕婦、育有六歲以下兒童停車位1格)，機車:196格(含身心障礙停車位4格)，充電格位:2格",
        "tel": "0227546661",
        "car": 84,
        "motor": 196,
        "charging": 0,
        "occupied_rate": -99,
        "data_time": "Sat May 02 00:00:00 CST 2026"
      }
    },
    {
      "type": "Feature",
      "geometry": {
        "type": "Point",
        "coordinates": [
          121.4879199,
          25.1366407
        ]
      },
      "properties": {
        "id": "TPE1862",
        "name": "大業路527巷平面停車場",
        "area": "北投區",
        "address": "大業路527巷近捷運復興崗站",
        "summary": "大型車:0格，小型車:14格(含身心障礙停車位1格)，機車:10格(含身心障礙停車位1格)",
        "tel": "0227590666",
        "car": 14,
        "motor": 10,
        "charging": 0,
        "occupied_rate": -99,
        "data_time": "Sat May 02 00:00:00 CST 2026"
      }
    },
    {
      "type": "Feature",
      "geometry": {
        "type": "Point",
        "coordinates": [
          121.53019,
          25.0425859
        ]
      },
      "properties": {
        "id": "TPE1863",
        "name": "臨沂街6巷機車平面停車場",
        "area": "中正區",
        "address": "臨沂街6巷8號對面",
        "summary": "大型車:0格，小型車:0格，機車:81格(含身心障礙停車位2格)",
        "tel": "27590666",
        "car": 0,
        "motor": 81,
        "charging": 0,
        "occupied_rate": -99,
        "data_time": "Sat May 02 00:00:00 CST 2026"
      }
    },
    {
      "type": "Feature",
      "geometry": {
        "type": "Point",
        "coordinates": [
          121.51822,
          25.1157621
        ]
      },
      "properties": {
        "id": "TPE1864",
        "name": "振華公園地下停車場",
        "area": "北投區",
        "address": "振華街15號地下共2層",
        "summary": "大型車:0格，小型車:405格(含身心障礙停車位9格，孕婦、育有六歲以下兒童停車位9格)，機車:144格(含身心障礙停車位3格)，大型重機:4格，充電格位:13格",
        "tel": "0227995657",
        "car": 405,
        "motor": 144,
        "charging": 0,
        "occupied_rate": -99,
        "data_time": "Sat May 02 00:00:00 CST 2026"
      }
    },
    {
      "type": "Feature",
      "geometry": {
        "type": "Point",
        "coordinates": [
          121.5432899,
          25.05344
        ]
      },
      "properties": {
        "id": "TPE1865",
        "name": "遼寧街185巷機車平面停車場",
        "area": "中山區",
        "address": "遼寧街185巷17號對面空地",
        "summary": "大型車:0格，小型車:0格，機車:35格(含身心障礙停車位1格)",
        "tel": "27590666",
        "car": 0,
        "motor": 35,
        "charging": 0,
        "occupied_rate": -99,
        "data_time": "Sat May 02 00:00:00 CST 2026"
      }
    },
    {
      "type": "Feature",
      "geometry": {
        "type": "Point",
        "coordinates": [
          121.5329001,
          25.0230868
        ]
      },
      "properties": {
        "id": "TPE1866",
        "name": "城市車旅雲和站停車場",
        "area": "大安區",
        "address": "雲和街118號",
        "summary": "大型車:0格，小型車:6格(含身心障礙停車位1格)，機車:0格",
        "tel": "0800208333",
        "car": 6,
        "motor": 0,
        "charging": 0,
        "occupied_rate": -99,
        "data_time": "Sat May 02 00:00:00 CST 2026"
      }
    },
    {
      "type": "Feature",
      "geometry": {
        "type": "Point",
        "coordinates": [
          121.5479001,
          25.0310763
        ]
      },
      "properties": {
        "id": "TPE1867",
        "name": "168停車聯盟-應安四維場",
        "area": "大安區",
        "address": "四維路150號旁空地",
        "summary": "大型車:0格，小型車:3格(含身心障礙停車位1格)，機車:0格",
        "tel": "27546661",
        "car": 3,
        "motor": 0,
        "charging": 0,
        "occupied_rate": -99,
        "data_time": "Sat May 02 00:00:00 CST 2026"
      }
    },
    {
      "type": "Feature",
      "geometry": {
        "type": "Point",
        "coordinates": [
          121.59824,
          25.0552827
        ]
      },
      "properties": {
        "id": "TPE1868",
        "name": "南港重陽停車場",
        "area": "南港區",
        "address": "重陽路72號旁空地",
        "summary": "大型車:0格，小型車:149格(含身心障礙停車位3格，孕婦、育有六歲以下兒童停車位3格)，機車:0格，充電格位:2格",
        "tel": "",
        "car": 149,
        "motor": 0,
        "charging": 0,
        "occupied_rate": -99,
        "data_time": "Sat May 02 00:00:00 CST 2026"
      }
    },
    {
      "type": "Feature",
      "geometry": {
        "type": "Point",
        "coordinates": [
          121.5152101,
          25.0571874
        ]
      },
      "properties": {
        "id": "TPE1869",
        "name": "來來停車場有限公司寧夏場",
        "area": "大同區",
        "address": "民生西路239號地下2層",
        "summary": "大型車:0格，小型車:16格(含身心障礙停車位1格)，機車:0格",
        "tel": "0225598770",
        "car": 16,
        "motor": 0,
        "charging": 0,
        "occupied_rate": -99,
        "data_time": "Sat May 02 00:00:00 CST 2026"
      }
    },
    {
      "type": "Feature",
      "geometry": {
        "type": "Point",
        "coordinates": [
          121.5564601,
          24.9775824
        ]
      },
      "properties": {
        "id": "TPE1870",
        "name": "樟新水岸社會住宅地下停車場",
        "area": "文山區",
        "address": "樟新街65號（地下1-3層）",
        "summary": "大型車:0格，小型車:154格(含身心障礙停車位6格，孕婦、育有六歲以下兒童停車位4格)，機車:210格(含身心障礙停車位6格)，充電格位:3格",
        "tel": "",
        "car": 154,
        "motor": 210,
        "charging": 0,
        "occupied_rate": -99,
        "data_time": "Sat May 02 00:00:00 CST 2026"
      }
    },
    {
      "type": "Feature",
      "geometry": {
        "type": "Point",
        "coordinates": [
          121.5339099,
          25.0447958
        ]
      },
      "properties": {
        "id": "TPE1871",
        "name": "八德路2段臨時平面停車場",
        "area": "大安區",
        "address": "八德路2段31號旁",
        "summary": "大型車:0格，小型車:12格(含身心障礙停車位1格)，機車:12格(含身心障礙停車位1格)",
        "tel": "27590666",
        "car": 12,
        "motor": 12,
        "charging": 0,
        "occupied_rate": -99,
        "data_time": "Sat May 02 00:00:00 CST 2026"
      }
    },
    {
      "type": "Feature",
      "geometry": {
        "type": "Point",
        "coordinates": [
          121.4719402,
          25.1264975
        ]
      },
      "properties": {
        "id": "TPE1872",
        "name": "Times立德路",
        "area": "北投區",
        "address": "立德路70號北側空地",
        "summary": "大型車:0格，小型車:29格(含身心障礙停車位1格)，機車:0格",
        "tel": "0809008924",
        "car": 29,
        "motor": 0,
        "charging": 0,
        "occupied_rate": -99,
        "data_time": "Sat May 02 00:00:00 CST 2026"
      }
    },
    {
      "type": "Feature",
      "geometry": {
        "type": "Point",
        "coordinates": [
          121.5267501,
          25.0360934
        ]
      },
      "properties": {
        "id": "TPE1873",
        "name": "東門市場停車場",
        "area": "中正區",
        "address": "杭州南路1段131巷24號",
        "summary": "大型車:0格，小型車:10格(含身心障礙停車位1格)，機車:0格，充電格位:1格",
        "tel": "22462098",
        "car": 10,
        "motor": 0,
        "charging": 0,
        "occupied_rate": -99,
        "data_time": "Sat May 02 00:00:00 CST 2026"
      }
    },
    {
      "type": "Feature",
      "geometry": {
        "type": "Point",
        "coordinates": [
          121.5588899,
          25.0274761
        ]
      },
      "properties": {
        "id": "TPE1875",
        "name": "六張犁1區社宅停車場",
        "area": "信義區",
        "address": "信安街25、29號、信安街15巷20弄2、6號地下1至3層",
        "summary": "大型車:0格，小型車:230格(含身心障礙停車位10格，孕婦、育有六歲以下兒童停車位4格)，機車:310格(含身心障礙停車位12格)，充電格位:5格",
        "tel": "",
        "car": 230,
        "motor": 310,
        "charging": 0,
        "occupied_rate": -99,
        "data_time": "Sat May 02 00:00:00 CST 2026"
      }
    },
    {
      "type": "Feature",
      "geometry": {
        "type": "Point",
        "coordinates": [
          121.5593001,
          25.0277251
        ]
      },
      "properties": {
        "id": "TPE1876",
        "name": "六張犁2區社宅停車場",
        "area": "信義區",
        "address": "信安街15巷36號、信安街15巷20弄1、3號、信安街15巷46弄2、6號、信安街47巷26、37、39號地下1至3層",
        "summary": "大型車:0格，小型車:340格(含身心障礙停車位31格，孕婦、育有六歲以下兒童停車位6格)，機車:583格(含身心障礙停車位35格)，充電格位:7格",
        "tel": "",
        "car": 340,
        "motor": 583,
        "charging": 0,
        "occupied_rate": -99,
        "data_time": "Sat May 02 00:00:00 CST 2026"
      }
    },
    {
      "type": "Feature",
      "geometry": {
        "type": "Point",
        "coordinates": [
          121.5354101,
          25.0392449
        ]
      },
      "properties": {
        "id": "TPE1877",
        "name": "168停車聯盟-濟南2場",
        "area": "大安區",
        "address": "仁愛路3段31巷3弄2-5號旁空地",
        "summary": "大型車:0格，小型車:19格(含身心障礙停車位1格)，機車:0格",
        "tel": "2754-6661",
        "car": 19,
        "motor": 0,
        "charging": 0,
        "occupied_rate": -99,
        "data_time": "Sat May 02 00:00:00 CST 2026"
      }
    },
    {
      "type": "Feature",
      "geometry": {
        "type": "Point",
        "coordinates": [
          121.5344099,
          25.0398849
        ]
      },
      "properties": {
        "id": "TPE1878",
        "name": "168停車聯盟-濟南1場",
        "area": "大安區",
        "address": "仁愛路3段5巷5弄21號旁空地",
        "summary": "大型車:0格，小型車:8格(含身心障礙停車位1格)，機車:0格",
        "tel": "27546661",
        "car": 8,
        "motor": 0,
        "charging": 0,
        "occupied_rate": -99,
        "data_time": "Sat May 02 00:00:00 CST 2026"
      }
    },
    {
      "type": "Feature",
      "geometry": {
        "type": "Point",
        "coordinates": [
          121.52298,
          25.0856708
        ]
      },
      "properties": {
        "id": "TPE1879",
        "name": "CAAM承德168",
        "area": "士林區",
        "address": "承德路4段168號",
        "summary": "大型車:0格，小型車:17格(含身心障礙停車位1格)，機車:0格",
        "tel": "0970832283",
        "car": 17,
        "motor": 0,
        "charging": 0,
        "occupied_rate": -99,
        "data_time": "Sat May 02 00:00:00 CST 2026"
      }
    },
    {
      "type": "Feature",
      "geometry": {
        "type": "Point",
        "coordinates": [
          121.55047,
          25.0409458
        ]
      },
      "properties": {
        "id": "TPE1880",
        "name": "建成大廈平面停車場",
        "area": "大安區",
        "address": "忠孝東路4段170巷6弄3號",
        "summary": "大型車:0格，小型車:18格(含身心障礙停車位2格)，機車:0格，充電格位:1格",
        "tel": "77518097",
        "car": 18,
        "motor": 0,
        "charging": 0,
        "occupied_rate": -99,
        "data_time": "Sat May 02 00:00:00 CST 2026"
      }
    },
    {
      "type": "Feature",
      "geometry": {
        "type": "Point",
        "coordinates": [
          121.5073299,
          25.139487
        ]
      },
      "properties": {
        "id": "TPE1881",
        "name": "北投新民停車場",
        "area": "北投區",
        "address": "新民路23號旁空地",
        "summary": "大型車:0格，小型車:45格(含身心障礙停車位1格)，機車:0格",
        "tel": "0930139540",
        "car": 45,
        "motor": 0,
        "charging": 0,
        "occupied_rate": -99,
        "data_time": "Sat May 02 00:00:00 CST 2026"
      }
    },
    {
      "type": "Feature",
      "geometry": {
        "type": "Point",
        "coordinates": [
          121.5800001,
          25.0786428
        ]
      },
      "properties": {
        "id": "TPE1882",
        "name": "Times 成功路二段",
        "area": "內湖區",
        "address": "成功路2段320巷8號旁",
        "summary": "大型車:0格，小型車:4格(含身心障礙停車位1格)，機車:0格",
        "tel": "0809008924",
        "car": 4,
        "motor": 0,
        "charging": 0,
        "occupied_rate": -99,
        "data_time": "Sat May 02 00:00:00 CST 2026"
      }
    },
    {
      "type": "Feature",
      "geometry": {
        "type": "Point",
        "coordinates": [
          121.6057701,
          25.0533224
        ]
      },
      "properties": {
        "id": "TPE1883",
        "name": "南港停車場",
        "area": "南港區",
        "address": "忠孝東路7段359號對面空地",
        "summary": "大型車:0格，小型車:145格(含身心障礙停車位3格)，機車:0格，充電格位:1格",
        "tel": "0925975999",
        "car": 145,
        "motor": 0,
        "charging": 0,
        "occupied_rate": -99,
        "data_time": "Sat May 02 00:00:00 CST 2026"
      }
    },
    {
      "type": "Feature",
      "geometry": {
        "type": "Point",
        "coordinates": [
          121.6102999,
          25.056256
        ]
      },
      "properties": {
        "id": "TPE1884",
        "name": "經貿社會住宅地下停車場",
        "area": "南港區",
        "address": "興東街28、30、32號地下1至3層",
        "summary": "大型車:0格，小型車:108格(含身心障礙停車位2格，孕婦、育有六歲以下兒童停車位2格)，機車:130格(含身心障礙停車位2格)，大型重機:1格，充電格位:5格",
        "tel": "0800021111",
        "car": 108,
        "motor": 130,
        "charging": 0,
        "occupied_rate": -99,
        "data_time": "Sat May 02 00:00:00 CST 2026"
      }
    },
    {
      "type": "Feature",
      "geometry": {
        "type": "Point",
        "coordinates": [
          121.5170199,
          25.0439188
        ]
      },
      "properties": {
        "id": "TPE1885",
        "name": "台大醫院景福停車場",
        "area": "中正區",
        "address": "公園路15-2號",
        "summary": "大型車:0格，小型車:19格(含身心障礙停車位1格)，機車:0格",
        "tel": "23123456",
        "car": 19,
        "motor": 0,
        "charging": 0,
        "occupied_rate": -99,
        "data_time": "Sat May 02 00:00:00 CST 2026"
      }
    },
    {
      "type": "Feature",
      "geometry": {
        "type": "Point",
        "coordinates": [
          121.5645301,
          25.0778199
        ]
      },
      "properties": {
        "id": "TPE1886",
        "name": "及泰基湖場",
        "area": "中山區",
        "address": "基湖路145巷18號旁空地",
        "summary": "大型車:0格，小型車:6格(含身心障礙停車位1格)，機車:0格",
        "tel": "0227546661",
        "car": 6,
        "motor": 0,
        "charging": 0,
        "occupied_rate": -99,
        "data_time": "Sat May 02 00:00:00 CST 2026"
      }
    },
    {
      "type": "Feature",
      "geometry": {
        "type": "Point",
        "coordinates": [
          121.4887201,
          25.0323209
        ]
      },
      "properties": {
        "id": "TPE1887",
        "name": "環河快速道路停車場",
        "area": "萬華區",
        "address": "長順街62號旁",
        "summary": "大型車:0格，小型車:33格(含身心障礙停車位1格)，機車:0格",
        "tel": "27590666",
        "car": 33,
        "motor": 0,
        "charging": 0,
        "occupied_rate": -99,
        "data_time": "Sat May 02 00:00:00 CST 2026"
      }
    },
    {
      "type": "Feature",
      "geometry": {
        "type": "Point",
        "coordinates": [
          121.5432799,
          25.0260759
        ]
      },
      "properties": {
        "id": "TPE1888",
        "name": "科技大樓地下停車場",
        "area": "大安區",
        "address": "復興南路2段228-230號地上2至地下4層",
        "summary": "大型車:0格，小型車:113格(含身心障礙停車位4格，孕婦、育有六歲以下兒童停車位3格)，機車:196格(含身心障礙停車位4格)，大型重機:3格，充電格位:4格",
        "tel": "27995657",
        "car": 113,
        "motor": 196,
        "charging": 0,
        "occupied_rate": -99,
        "data_time": "Sat May 02 00:00:00 CST 2026"
      }
    },
    {
      "type": "Feature",
      "geometry": {
        "type": "Point",
        "coordinates": [
          121.5125801,
          25.1075324
        ]
      },
      "properties": {
        "id": "TPE1889",
        "name": "福星公園地下停車場",
        "area": "北投區",
        "address": "北科路220號〔地下共2層〕",
        "summary": "大型車:0格，小型車:425格(含身心障礙停車位9格，孕婦、育有六歲以下兒童停車位9格)，機車:50格(含身心障礙停車位1格)，大型重機:5格，充電格位:21格",
        "tel": "0228233418",
        "car": 425,
        "motor": 50,
        "charging": 0,
        "occupied_rate": -99,
        "data_time": "Sat May 02 00:00:00 CST 2026"
      }
    },
    {
      "type": "Feature",
      "geometry": {
        "type": "Point",
        "coordinates": [
          121.5061199,
          25.098768
        ]
      },
      "properties": {
        "id": "TPE1890",
        "name": "及泰-福善二場",
        "area": "北投區",
        "address": "福善路122號對面巷內空地",
        "summary": "大型車:0格，小型車:32格(含身心障礙停車位1格)，機車:10格(含身心障礙停車位1格)，充電格位:1格",
        "tel": "0227546661",
        "car": 32,
        "motor": 10,
        "charging": 0,
        "occupied_rate": -99,
        "data_time": "Sat May 02 00:00:00 CST 2026"
      }
    },
    {
      "type": "Feature",
      "geometry": {
        "type": "Point",
        "coordinates": [
          121.5500399,
          25.031644
        ]
      },
      "properties": {
        "id": "TPE1891",
        "name": "多多站收費停車場（敦南場）",
        "area": "大安區",
        "address": "敦化南路2段63巷21弄24號旁空地",
        "summary": "大型車:0格，小型車:14格(含身心障礙停車位1格)，機車:0格",
        "tel": "0933204317",
        "car": 14,
        "motor": 0,
        "charging": 0,
        "occupied_rate": -99,
        "data_time": "Sat May 02 00:00:00 CST 2026"
      }
    },
    {
      "type": "Feature",
      "geometry": {
        "type": "Point",
        "coordinates": [
          121.52693,
          25.0448523
        ]
      },
      "properties": {
        "id": "TPE1892",
        "name": "USPACE新光華山金融中心停車場",
        "area": "中正區",
        "address": "杭州北路26號地下2至5層",
        "summary": "大型車:0格，小型車:117格(含身心障礙停車位2格)，機車:0格，充電格位:1格",
        "tel": "87718502",
        "car": 117,
        "motor": 0,
        "charging": 0,
        "occupied_rate": -99,
        "data_time": "Sat May 02 00:00:00 CST 2026"
      }
    },
    {
      "type": "Feature",
      "geometry": {
        "type": "Point",
        "coordinates": [
          121.5396799,
          25.0332686
        ]
      },
      "properties": {
        "id": "TPE1893",
        "name": "嘟嘟房信義1站停車場",
        "area": "大安區",
        "address": "信義路3段140號旁空地",
        "summary": "大型車:0格，小型車:49格(含身心障礙停車位1格，孕婦、育有六歲以下兒童停車位1格)，機車:0格",
        "tel": "26550818",
        "car": 49,
        "motor": 0,
        "charging": 0,
        "occupied_rate": -99,
        "data_time": "Sat May 02 00:00:00 CST 2026"
      }
    },
    {
      "type": "Feature",
      "geometry": {
        "type": "Point",
        "coordinates": [
          121.5414401,
          25.0411934
        ]
      },
      "properties": {
        "id": "TPE1894",
        "name": "新光三越Diamond Towers停車場",
        "area": "大安區",
        "address": "忠孝東路3段268號地下2層",
        "summary": "大型車:0格，小型車:64格(含身心障礙停車位3格，孕婦、育有六歲以下兒童停車位3格)，機車:0格，充電格位:2格",
        "tel": "27216688",
        "car": 64,
        "motor": 0,
        "charging": 0,
        "occupied_rate": -99,
        "data_time": "Sat May 02 00:00:00 CST 2026"
      }
    },
    {
      "type": "Feature",
      "geometry": {
        "type": "Point",
        "coordinates": [
          121.5931199,
          25.0558946
        ]
      },
      "properties": {
        "id": "TPE1896",
        "name": "嘟嘟房南港成功站停車場",
        "area": "南港區",
        "address": "成功路1段32號對面空地",
        "summary": "大型車:0格，小型車:124格(含身心障礙停車位2格)，機車:0格，充電格位:1格",
        "tel": "0226550818",
        "car": 124,
        "motor": 0,
        "charging": 0,
        "occupied_rate": -99,
        "data_time": "Sat May 02 00:00:00 CST 2026"
      }
    },
    {
      "type": "Feature",
      "geometry": {
        "type": "Point",
        "coordinates": [
          121.62052,
          25.0698369
        ]
      },
      "properties": {
        "id": "TPE1897",
        "name": "樂活公園地下停車場",
        "area": "內湖區",
        "address": "康樂街85巷57號地下（地下共2層）",
        "summary": "大型車:0格，小型車:207格(含身心障礙停車位5格，孕婦、育有六歲以下兒童停車位5格)，機車:71格(含身心障礙停車位2格)，大型重機:4格，充電格位:21格",
        "tel": "0226550818",
        "car": 207,
        "motor": 71,
        "charging": 0,
        "occupied_rate": -99,
        "data_time": "Sat May 02 00:00:00 CST 2026"
      }
    },
    {
      "type": "Feature",
      "geometry": {
        "type": "Point",
        "coordinates": [
          121.59599,
          25.0507574
        ]
      },
      "properties": {
        "id": "TPE1898",
        "name": "南港機廠1區社會住宅停車場",
        "area": "南港區",
        "address": "忠孝東路7段10、12號地上2至地上5層",
        "summary": "大型車:0格，小型車:727格(含身心障礙停車位15格，孕婦、育有六歲以下兒童停車位15格)，機車:1211格(含身心障礙停車位25格)，充電格位:15格",
        "tel": "0228233418",
        "car": 727,
        "motor": 1211,
        "charging": 0,
        "occupied_rate": -99,
        "data_time": "Sat May 02 00:00:00 CST 2026"
      }
    },
    {
      "type": "Feature",
      "geometry": {
        "type": "Point",
        "coordinates": [
          121.52661,
          25.1133424
        ]
      },
      "properties": {
        "id": "TPE1899",
        "name": "Times中山北路六段第2",
        "area": "士林區",
        "address": "中山北路6段419巷1號旁",
        "summary": "大型車:0格，小型車:13格(含身心障礙停車位1格)，機車:0格",
        "tel": "0809008924",
        "car": 13,
        "motor": 0,
        "charging": 0,
        "occupied_rate": -99,
        "data_time": "Sat May 02 00:00:00 CST 2026"
      }
    },
    {
      "type": "Feature",
      "geometry": {
        "type": "Point",
        "coordinates": [
          121.60566,
          25.0552526
        ]
      },
      "properties": {
        "id": "TPE1900",
        "name": "Times 興華路",
        "area": "南港區",
        "address": "興華路32號後面",
        "summary": "大型車:0格，小型車:10格(含身心障礙停車位1格)，機車:0格",
        "tel": "2504-6098 #199",
        "car": 10,
        "motor": 0,
        "charging": 0,
        "occupied_rate": -99,
        "data_time": "Sat May 02 00:00:00 CST 2026"
      }
    },
    {
      "type": "Feature",
      "geometry": {
        "type": "Point",
        "coordinates": [
          121.5140001,
          25.1138877
        ]
      },
      "properties": {
        "id": "TPE1901",
        "name": "吉美天悅收費停車場",
        "area": "北投區",
        "address": "石牌路1段166巷25號",
        "summary": "大型車:0格，小型車:31格(含身心障礙停車位1格)，機車:0格",
        "tel": "0223460553",
        "car": 31,
        "motor": 0,
        "charging": 0,
        "occupied_rate": -99,
        "data_time": "Sat May 02 00:00:00 CST 2026"
      }
    },
    {
      "type": "Feature",
      "geometry": {
        "type": "Point",
        "coordinates": [
          121.5557098,
          25.0436279
        ]
      },
      "properties": {
        "id": "TPE1902",
        "name": "168停車聯盟-文教六場",
        "area": "大安區",
        "address": "光復南路116巷7號西側空地",
        "summary": "大型車:0格，小型車:8格(含身心障礙停車位1格)，機車:0格",
        "tel": "0227546661",
        "car": 8,
        "motor": 0,
        "charging": 0,
        "occupied_rate": -99,
        "data_time": "Sat May 02 00:00:00 CST 2026"
      }
    },
    {
      "type": "Feature",
      "geometry": {
        "type": "Point",
        "coordinates": [
          121.50964,
          25.0389856
        ]
      },
      "properties": {
        "id": "TPE1903",
        "name": "城市車旅台北貴陽停車場",
        "area": "中正區",
        "address": "貴陽街1段56號旁空地",
        "summary": "大型車:0格，小型車:29格(含身心障礙停車位1格)，機車:0格",
        "tel": "0800208333",
        "car": 29,
        "motor": 0,
        "charging": 0,
        "occupied_rate": -99,
        "data_time": "Sat May 02 00:00:00 CST 2026"
      }
    },
    {
      "type": "Feature",
      "geometry": {
        "type": "Point",
        "coordinates": [
          121.49002,
          25.0334158
        ]
      },
      "properties": {
        "id": "TPE1904",
        "name": "台灣聯通萬華安居A停車場",
        "area": "萬華區",
        "address": "環河南路2段250巷23號地下1至2層",
        "summary": "大型車:0格，小型車:76格(含身心障礙停車位2格)，機車:93格(含身心障礙停車位2格)，充電格位:2格",
        "tel": "25235000",
        "car": 76,
        "motor": 93,
        "charging": 0,
        "occupied_rate": -99,
        "data_time": "Sat May 02 00:00:00 CST 2026"
      }
    },
    {
      "type": "Feature",
      "geometry": {
        "type": "Point",
        "coordinates": [
          121.49071,
          25.0331179
        ]
      },
      "properties": {
        "id": "TPE1905",
        "name": "台灣聯通萬華安居B停車場",
        "area": "萬華區",
        "address": "環河南路2段250巷21號地下1至2層",
        "summary": "大型車:0格，小型車:94格(含身心障礙停車位2格)，機車:108格(含身心障礙停車位3格)，充電格位:2格",
        "tel": "25235000",
        "car": 94,
        "motor": 108,
        "charging": 0,
        "occupied_rate": -99,
        "data_time": "Sat May 02 00:00:00 CST 2026"
      }
    },
    {
      "type": "Feature",
      "geometry": {
        "type": "Point",
        "coordinates": [
          121.5472899,
          24.9864662
        ]
      },
      "properties": {
        "id": "TPE1906",
        "name": "嘟嘟房文山試院站停車場",
        "area": "文山區",
        "address": "木柵路1段52、56號地下1至2層",
        "summary": "大型車:0格，小型車:44格(含身心障礙停車位1格)，機車:0格",
        "tel": "",
        "car": 44,
        "motor": 0,
        "charging": 0,
        "occupied_rate": -99,
        "data_time": "Sat May 02 00:00:00 CST 2026"
      }
    },
    {
      "type": "Feature",
      "geometry": {
        "type": "Point",
        "coordinates": [
          121.5778501,
          25.0625678
        ]
      },
      "properties": {
        "id": "TPE1908",
        "name": "舊宗社會住宅地下停車場",
        "area": "內湖區",
        "address": "舊宗路1段185號地下1至3層",
        "summary": "大型車:0格，小型車:62格(含身心障礙停車位3格，孕婦、育有六歲以下兒童停車位2格)，機車:72格(含身心障礙停車位2格)，充電格位:1格",
        "tel": "0227546661",
        "car": 62,
        "motor": 72,
        "charging": 0,
        "occupied_rate": -99,
        "data_time": "Sat May 02 00:00:00 CST 2026"
      }
    },
    {
      "type": "Feature",
      "geometry": {
        "type": "Point",
        "coordinates": [
          121.55263,
          25.0810584
        ]
      },
      "properties": {
        "id": "TPE1910",
        "name": "USPACE 良茂機構總部大樓停車場",
        "area": "中山區",
        "address": "敬業一路19號地下3層",
        "summary": "大型車:0格，小型車:42格(含身心障礙停車位2格)，機車:0格，充電格位:4格",
        "tel": "0287718502",
        "car": 42,
        "motor": 0,
        "charging": 0,
        "occupied_rate": -99,
        "data_time": "Sat May 02 00:00:00 CST 2026"
      }
    },
    {
      "type": "Feature",
      "geometry": {
        "type": "Point",
        "coordinates": [
          121.5570198,
          25.0461667
        ]
      },
      "properties": {
        "id": "TPE1911",
        "name": "台灣聯通延吉好室停車場",
        "area": "松山區",
        "address": "光復南路46巷7號地下1至3層",
        "summary": "大型車:0格，小型車:114格(含身心障礙停車位2格)，機車:96格(含身心障礙停車位2格)，充電格位:2格",
        "tel": "0225235000",
        "car": 114,
        "motor": 96,
        "charging": 0,
        "occupied_rate": -99,
        "data_time": "Sat May 02 00:00:00 CST 2026"
      }
    },
    {
      "type": "Feature",
      "geometry": {
        "type": "Point",
        "coordinates": [
          121.4855299,
          25.1388694
        ]
      },
      "properties": {
        "id": "TPE1912",
        "name": "168停車聯盟-中央北場",
        "area": "北投區",
        "address": "中央北路3段40巷20弄6號旁空地",
        "summary": "大型車:0格，小型車:20格(含身心障礙停車位1格)，機車:0格",
        "tel": "0227546661",
        "car": 20,
        "motor": 0,
        "charging": 0,
        "occupied_rate": -99,
        "data_time": "Sat May 02 00:00:00 CST 2026"
      }
    },
    {
      "type": "Feature",
      "geometry": {
        "type": "Point",
        "coordinates": [
          121.6058301,
          25.0540625
        ]
      },
      "properties": {
        "id": "TPE1913",
        "name": "中華電信南港停車場",
        "area": "南港區",
        "address": "南港路2段1號地下1至4層",
        "summary": "大型車:0格，小型車:215格(含身心障礙停車位5格，孕婦、育有六歲以下兒童停車位3格)，機車:212格(含身心障礙停車位5格)，充電格位:2格",
        "tel": "0800208333",
        "car": 215,
        "motor": 212,
        "charging": 0,
        "occupied_rate": -99,
        "data_time": "Sat May 02 00:00:00 CST 2026"
      }
    },
    {
      "type": "Feature",
      "geometry": {
        "type": "Point",
        "coordinates": [
          121.55726,
          24.9980574
        ]
      },
      "properties": {
        "id": "TPE1914",
        "name": "萬芳醫院停車場",
        "area": "文山區",
        "address": "興隆路3段112巷11號對位面空地",
        "summary": "大型車:0格，小型車:49格(含身心障礙停車位1格，孕婦、育有六歲以下兒童停車位1格)，機車:0格",
        "tel": "0800208333",
        "car": 49,
        "motor": 0,
        "charging": 0,
        "occupied_rate": -99,
        "data_time": "Sat May 02 00:00:00 CST 2026"
      }
    },
    {
      "type": "Feature",
      "geometry": {
        "type": "Point",
        "coordinates": [
          121.5208101,
          25.0958959
        ]
      },
      "properties": {
        "id": "TPE1915",
        "name": "叭叭房友誼大樓地下停車場",
        "area": "士林區",
        "address": "文昌路89號地下1至3層",
        "summary": "大型車:0格，小型車:95格(含身心障礙停車位2格)，機車:0格，充電格位:1格",
        "tel": "0925891898",
        "car": 95,
        "motor": 0,
        "charging": 0,
        "occupied_rate": -99,
        "data_time": "Sat May 02 00:00:00 CST 2026"
      }
    },
    {
      "type": "Feature",
      "geometry": {
        "type": "Point",
        "coordinates": [
          121.5033001,
          25.0889935
        ]
      },
      "properties": {
        "id": "TPE1916",
        "name": "永平社會住宅地下停車場",
        "area": "士林區",
        "address": "延平北路6段261巷2號地上1層及地下1至2層",
        "summary": "大型車:0格，小型車:61格(含身心障礙停車位1格，孕婦、育有六歲以下兒童停車位1格)，機車:90格(含身心障礙停車位1格)，充電格位:1格",
        "tel": "0227546661",
        "car": 61,
        "motor": 90,
        "charging": 0,
        "occupied_rate": -99,
        "data_time": "Sat May 02 00:00:00 CST 2026"
      }
    },
    {
      "type": "Feature",
      "geometry": {
        "type": "Point",
        "coordinates": [
          121.5929099,
          25.067686
        ]
      },
      "properties": {
        "id": "TPE1917",
        "name": "Times 民權東路六段",
        "area": "內湖區",
        "address": "民權東路6段180巷23號旁",
        "summary": "大型車:0格，小型車:25格(含身心障礙停車位1格)，機車:0格",
        "tel": "0809008924",
        "car": 25,
        "motor": 0,
        "charging": 0,
        "occupied_rate": -99,
        "data_time": "Sat May 02 00:00:00 CST 2026"
      }
    },
    {
      "type": "Feature",
      "geometry": {
        "type": "Point",
        "coordinates": [
          121.5422,
          25.0511689
        ]
      },
      "properties": {
        "id": "TPE1918",
        "name": "博客停車場-盤古南京場",
        "area": "中山區",
        "address": "南京東路3段194巷18號地上1、地下2至3層",
        "summary": "大型車:0格，小型車:30格(含身心障礙停車位1格)，機車:0格",
        "tel": "0800868688",
        "car": 30,
        "motor": 0,
        "charging": 0,
        "occupied_rate": -99,
        "data_time": "Sat May 02 00:00:00 CST 2026"
      }
    },
    {
      "type": "Feature",
      "geometry": {
        "type": "Point",
        "coordinates": [
          121.5444698,
          25.0483709
        ]
      },
      "properties": {
        "id": "TPE1919",
        "name": "芝麻地下停車場",
        "area": "松山區",
        "address": "長安東路2段215號地下2層、復興北路15號地下2層",
        "summary": "大型車:0格，小型車:38格(含身心障礙停車位1格)，機車:0格",
        "tel": "0229290791",
        "car": 38,
        "motor": 0,
        "charging": 0,
        "occupied_rate": -99,
        "data_time": "Sat May 02 00:00:00 CST 2026"
      }
    },
    {
      "type": "Feature",
      "geometry": {
        "type": "Point",
        "coordinates": [
          121.5247101,
          25.0502318
        ]
      },
      "properties": {
        "id": "TPE1920",
        "name": "亞士都停車場",
        "area": "中山區",
        "address": "林森北路98號地下2至3層",
        "summary": "大型車:0格，小型車:30格(含身心障礙停車位1格)，機車:0格",
        "tel": "",
        "car": 30,
        "motor": 0,
        "charging": 0,
        "occupied_rate": -99,
        "data_time": "Sat May 02 00:00:00 CST 2026"
      }
    },
    {
      "type": "Feature",
      "geometry": {
        "type": "Point",
        "coordinates": [
          121.5260899,
          25.1107081
        ]
      },
      "properties": {
        "id": "TPE1921",
        "name": "Times中山北路六段",
        "area": "士林區",
        "address": "中山北路6段312巷內空地",
        "summary": "大型車:0格，小型車:20格(含身心障礙停車位1格)，機車:0格",
        "tel": "0809008924",
        "car": 20,
        "motor": 0,
        "charging": 0,
        "occupied_rate": -99,
        "data_time": "Sat May 02 00:00:00 CST 2026"
      }
    },
    {
      "type": "Feature",
      "geometry": {
        "type": "Point",
        "coordinates": [
          121.5139399,
          25.0541583
        ]
      },
      "properties": {
        "id": "TPE1922",
        "name": "Times南京西路第2【機車】",
        "area": "大同區",
        "address": "南京西路135號旁空地",
        "summary": "大型車:0格，小型車:15格(含身心障礙停車位1格)，機車:0格",
        "tel": "0809008924",
        "car": 15,
        "motor": 0,
        "charging": 0,
        "occupied_rate": -99,
        "data_time": "Sat May 02 00:00:00 CST 2026"
      }
    },
    {
      "type": "Feature",
      "geometry": {
        "type": "Point",
        "coordinates": [
          121.5841699,
          25.0519171
        ]
      },
      "properties": {
        "id": "TPE1923",
        "name": "圓泰南港停車場",
        "area": "南港區",
        "address": "南港路3段151號地下1層",
        "summary": "大型車:0格，小型車:16格(含身心障礙停車位4格)，機車:60格(含身心障礙停車位1格)",
        "tel": "0226546394",
        "car": 16,
        "motor": 60,
        "charging": 0,
        "occupied_rate": -99,
        "data_time": "Sat May 02 00:00:00 CST 2026"
      }
    },
    {
      "type": "Feature",
      "geometry": {
        "type": "Point",
        "coordinates": [
          121.5410699,
          25.1372054
        ]
      },
      "properties": {
        "id": "TPE1924",
        "name": "中國文化大學曉峯館停車場",
        "area": "士林區",
        "address": "華岡路55號",
        "summary": "大型車:0格，小型車:8格(含身心障礙停車位2格)，機車:120格(含身心障礙停車位2格)",
        "tel": "0228610511",
        "car": 8,
        "motor": 120,
        "charging": 0,
        "occupied_rate": -99,
        "data_time": "Sat May 02 00:00:00 CST 2026"
      }
    },
    {
      "type": "Feature",
      "geometry": {
        "type": "Point",
        "coordinates": [
          121.5396901,
          25.1346488
        ]
      },
      "properties": {
        "id": "TPE1925",
        "name": "中國文化大學大孝館停車場",
        "area": "士林區",
        "address": "華岡路55號",
        "summary": "大型車:0格，小型車:6格(含身心障礙停車位1格)，機車:146格(含身心障礙停車位6格)",
        "tel": "0228610511",
        "car": 6,
        "motor": 146,
        "charging": 0,
        "occupied_rate": -99,
        "data_time": "Sat May 02 00:00:00 CST 2026"
      }
    },
    {
      "type": "Feature",
      "geometry": {
        "type": "Point",
        "coordinates": [
          121.5463599,
          25.0575117
        ]
      },
      "properties": {
        "id": "TPE1926",
        "name": "環宇大樓停車場",
        "area": "松山區",
        "address": "民生東路3段132、134號地下1至4層",
        "summary": "大型車:0格，小型車:227格(含身心障礙停車位5格)，機車:0格，充電格位:6格",
        "tel": "0227152140",
        "car": 227,
        "motor": 0,
        "charging": 0,
        "occupied_rate": -99,
        "data_time": "Sat May 02 00:00:00 CST 2026"
      }
    },
    {
      "type": "Feature",
      "geometry": {
        "type": "Point",
        "coordinates": [
          121.55025,
          25.0037644
        ]
      },
      "properties": {
        "id": "TPE1927",
        "name": "文山福興停車場",
        "area": "文山區",
        "address": "福興路62號地下1層",
        "summary": "大型車:0格，小型車:21格(含身心障礙停車位1格)，機車:0格",
        "tel": "0277518097",
        "car": 21,
        "motor": 0,
        "charging": 0,
        "occupied_rate": -99,
        "data_time": "Sat May 02 00:00:00 CST 2026"
      }
    },
    {
      "type": "Feature",
      "geometry": {
        "type": "Point",
        "coordinates": [
          121.5468001,
          25.0522986
        ]
      },
      "properties": {
        "id": "TPE1928",
        "name": "Uspace共享車位(松山區)",
        "area": "松山區",
        "address": "南京東路3段305號地下1層",
        "summary": "大型車:0格，小型車:5格，機車:0格",
        "tel": "",
        "car": 5,
        "motor": 0,
        "charging": 0,
        "occupied_rate": -99,
        "data_time": "Sat May 02 00:00:00 CST 2026"
      }
    },
    {
      "type": "Feature",
      "geometry": {
        "type": "Point",
        "coordinates": [
          121.5015901,
          25.1264724
        ]
      },
      "properties": {
        "id": "TPE1929",
        "name": "Times奇岩捷運站",
        "area": "北投區",
        "address": "崇仁路1段71號旁",
        "summary": "大型車:0格，小型車:3格(含身心障礙停車位1格)，機車:0格",
        "tel": "0809008924",
        "car": 3,
        "motor": 0,
        "charging": 0,
        "occupied_rate": -99,
        "data_time": "Sat May 02 00:00:00 CST 2026"
      }
    },
    {
      "type": "Feature",
      "geometry": {
        "type": "Point",
        "coordinates": [
          121.6153599,
          25.0503895
        ]
      },
      "properties": {
        "id": "TPE1930",
        "name": "南港中南停車場",
        "area": "南港區",
        "address": "研究院路1段157號對面空地",
        "summary": "大型車:0格，小型車:34格(含身心障礙停車位1格，孕婦、育有六歲以下兒童停車位1格)，機車:0格",
        "tel": "0800208333",
        "car": 34,
        "motor": 0,
        "charging": 0,
        "occupied_rate": -99,
        "data_time": "Sat May 02 00:00:00 CST 2026"
      }
    }
  ]
}