{"type" : "FeatureCollection", "features" : [{"type" : "Feature", "geometry" : {"type":"Polygon","coordinates":[[[121.5118706,25.023929786],[121.511870534,25.023929774],[121.511870468,25.023929733],[121.510965093,25.023559956],[121.510960307,25.023559032],[121.510956475,25.023556869],[121.510253401,25.023338938],[121.510251293,25.023338624],[121.510243653,25.023336415],[121.509142518,25.023106145],[121.508957538,25.023044444],[121.508223664,25.022630996],[121.507226611,25.022004055],[121.50416216,25.019910547],[121.504140298,25.019899243],[121.504102353,25.019892499],[121.504064465,25.0198995],[121.504032401,25.019919179],[121.504011042,25.019948541],[121.504003641,25.019983115],[121.504011324,25.020017638],[121.504032922,25.020046854],[121.504043284,25.020055011],[121.507109294,25.022149585],[121.507110625,25.022150273],[121.507112453,25.022151656],[121.50811316,25.022780894],[121.508115439,25.022782019],[121.508117329,25.022783377],[121.508861898,25.023202851],[121.508876433,25.023209601],[121.508878409,25.023209952],[121.508879945,25.023210842],[121.509080232,25.023277648],[121.509081975,25.023277927],[121.509092129,25.023280862],[121.51019438,25.023511366],[121.510888264,25.023726448],[121.511789345,25.024094471],[121.512267559,25.024290542],[121.512308594,25.024298493],[121.512346483,25.02429149],[121.512378547,25.024271809],[121.512399904,25.024242446],[121.512407303,25.024207872],[121.512399617,25.024173349],[121.512378017,25.024144134],[121.512348879,25.024125884],[121.5118706,25.023929786]]]}, "properties" : {"section_id" : "Z4060G0", "section_name" : "水源快往北 泉州街-青年路", "travel_speed" : 64, "level_name" : "車多", "level_color" : "#F8C920", "data_time" : "2025-12-29 12:48:00+00"}}, {"type" : "Feature", "geometry" : {"type":"Polygon","coordinates":[[[121.513949019,25.023932514],[121.51394965,25.023932383],[121.513953683,25.023932195],[121.514407897,25.023891261],[121.514410006,25.023890775],[121.514415125,25.023890363],[121.515101033,25.023781651],[121.515122318,25.023775983],[121.515138838,25.023767931],[121.515713904,25.023420225],[121.515729447,25.023408596],[121.515744398,25.023390966],[121.516034129,25.02294469],[121.516040534,25.022932956],[121.516045065,25.022920288],[121.516170952,25.022453934],[121.516554283,25.021709249],[121.516563659,25.021670568],[121.516555972,25.021636046],[121.516534372,25.021606832],[121.516502145,25.021587374],[121.5164642,25.021580633],[121.516426311,25.021587637],[121.516394249,25.021607319],[121.516374872,25.021632576],[121.515987373,25.022385355],[121.515986869,25.022387433],[121.515985394,25.022389461],[121.515980864,25.022402129],[121.515856125,25.022864227],[121.515585403,25.023281222],[121.515046589,25.023607008],[121.514384759,25.023711904],[121.513936506,25.023752301],[121.513656634,25.023765414],[121.513623458,25.023772299],[121.513591394,25.02379198],[121.513570038,25.023821343],[121.513562639,25.023855918],[121.513570325,25.02389044],[121.513591926,25.023919655],[121.513624152,25.023939114],[121.513666811,25.023945736],[121.513949019,25.023932514]]]}, "properties" : {"section_id" : "Z4270C0", "section_name" : "水源快往南 泉州街-中正橋", "travel_speed" : 54, "level_name" : "車多", "level_color" : "#F8C920", "data_time" : "2025-12-29 12:48:00+00"}}, {"type" : "Feature", "geometry" : {"type":"Polygon","coordinates":[[[121.522431478,25.020629816],[121.522440989,25.020625631],[121.522917428,25.020386662],[121.522939979,25.020371163],[121.522961333,25.020341799],[121.522968728,25.020307224],[121.52296104,25.020272702],[121.522939438,25.020243489],[121.522907211,25.020224032],[121.522869265,25.020217293],[121.522831378,25.020224298],[121.522821867,25.020228483],[121.522357932,25.020461181],[121.518165166,25.021303633],[121.518151662,25.021307531],[121.518150237,25.02130778],[121.517370119,25.02158734],[121.517369226,25.021587876],[121.517368117,25.021588081],[121.517359076,25.021592031],[121.516795977,25.021870834],[121.516772956,25.021886565],[121.516762439,25.021897965],[121.516546575,25.022175559],[121.516535736,25.022193523],[121.516530189,25.022210385],[121.516403669,25.022798432],[121.516192429,25.023378094],[121.515588214,25.023850379],[121.514533559,25.024123388],[121.513574172,25.024212031],[121.512433194,25.024129754],[121.512425002,25.024129473],[121.512387112,25.024136476],[121.512355049,25.024156157],[121.512333692,25.02418552],[121.512326293,25.024220094],[121.512333978,25.024254617],[121.512355579,25.024283832],[121.512387805,25.024303291],[121.512417559,25.024309752],[121.513567453,25.024392672],[121.513575646,25.024392952],[121.513585266,25.024392493],[121.514562238,25.024302225],[121.514569806,25.024300473],[121.514579319,25.024299249],[121.515663298,25.024018649],[121.515674485,25.024015082],[121.515700734,25.024000327],[121.516342319,25.02349883],[121.516348134,25.023493903],[121.51636949,25.02346454],[121.516370209,25.023461176],[121.51637184,25.023458759],[121.516593725,25.022849883],[121.516594236,25.022846966],[121.516596922,25.022838801],[121.516720562,25.022264136],[121.516910821,25.022019469],[121.517448328,25.021753337],[121.518215482,25.021478422],[121.522414547,25.020634704],[121.522431478,25.020629816]]]}, "properties" : {"section_id" : "Z4050G0", "section_name" : "水源快往北 師大路-泉州街", "travel_speed" : 66, "level_name" : "順暢", "level_color" : "#19FF1C", "data_time" : "2025-12-29 12:48:00+00"}}, {"type" : "Feature", "geometry" : {"type":"Polygon","coordinates":[[[121.502601008,25.018905843],[121.502607581,25.018908808],[121.50260883,25.018909606],[121.503892107,25.019461698],[121.504193152,25.019627272],[121.504852206,25.020081962],[121.504852584,25.020082158],[121.504853192,25.020082633],[121.506550654,25.021223784],[121.506551591,25.021224264],[121.506552832,25.021225207],[121.508275347,25.022318874],[121.508800533,25.022659716],[121.508814956,25.022666963],[121.508817581,25.022668603],[121.509121271,25.022792294],[121.509122757,25.02279258],[121.509124132,25.02279341],[121.509137145,25.022797336],[121.509744437,25.022938914],[121.509769371,25.022941731],[121.50980726,25.022934729],[121.509839324,25.022915048],[121.509860681,25.022885686],[121.509868081,25.022851111],[121.509860396,25.022816589],[121.509838796,25.022787374],[121.509806571,25.022767914],[121.509793558,25.022763988],[121.509194439,25.022624315],[121.508907462,25.022507431],[121.508389897,25.022171536],[121.508389514,25.022171344],[121.508389061,25.022170999],[121.506667226,25.021077764],[121.504971337,25.019937672],[121.504308622,25.019480456],[121.504304416,25.019478269],[121.504300013,25.01947514],[121.503990182,25.019304735],[121.503982772,25.019301339],[121.503981284,25.019300389],[121.502697441,25.018748053],[121.502171774,25.018467124],[121.502159224,25.018461463],[121.50212128,25.018454719],[121.502083392,25.018461719],[121.502051328,25.018481398],[121.502029969,25.018510759],[121.502022568,25.018545333],[121.50203025,25.018579856],[121.502051847,25.018609072],[121.502071521,25.018622873],[121.502601008,25.018905843]]]}, "properties" : {"section_id" : "Z4250B0", "section_name" : "水源快往南 富民街-泉州街", "travel_speed" : 52, "level_name" : "車多", "level_color" : "#F8C920", "data_time" : "2025-12-29 12:48:00+00"}}, {"type" : "Feature", "geometry" : {"type":"Polygon","coordinates":[[[121.522888131,25.020233819],[121.522881843,25.020245375],[121.522874447,25.02027995],[121.522882135,25.020314472],[121.522903737,25.020343685],[121.522935964,25.020363142],[121.52297391,25.020369881],[121.523011797,25.020362875],[121.523043858,25.020343192],[121.523058924,25.020325383],[121.527464106,25.013502944],[121.527470394,25.013491388],[121.527477788,25.013456813],[121.527470099,25.013422291],[121.527448497,25.013393078],[121.527416271,25.013373622],[121.527378327,25.013366884],[121.527340442,25.013373891],[121.527308384,25.013393575],[121.52729332,25.013411385],[121.522888131,25.020233819]]]}, "properties" : {"section_id" : "Z4040H0", "section_name" : "水源快往北 福和橋-師大路", "travel_speed" : 67, "level_name" : "順暢", "level_color" : "#19FF1C", "data_time" : "2025-12-29 12:48:00+00"}}, {"type" : "Feature", "geometry" : {"type":"Polygon","coordinates":[[[121.492491601,25.019582666],[121.492491579,25.019582696],[121.49058582,25.023911858],[121.490578698,25.023945794],[121.490586378,25.023980318],[121.490607973,25.024009536],[121.490640196,25.024029],[121.490678141,25.024035747],[121.490716032,25.02402875],[121.490748099,25.024009074],[121.490769744,25.023979077],[121.492675469,25.01964998],[121.492675484,25.019649947],[121.493232738,25.018386914],[121.493574027,25.017798678],[121.493889458,25.017315004],[121.494080872,25.017127596],[121.494292856,25.01694518],[121.494316504,25.016913788],[121.494323907,25.016879214],[121.494316227,25.01684469],[121.494294632,25.016815473],[121.49426241,25.016796009],[121.494224467,25.016789263],[121.494186579,25.016796261],[121.494156801,25.016813906],[121.493942494,25.01699832],[121.493940656,25.01700076],[121.493937992,25.017002452],[121.493737173,25.017199068],[121.493735126,25.017201983],[121.493724526,25.017214455],[121.493402414,25.017708374],[121.493400831,25.017711266],[121.493399997,25.017712299],[121.493055141,25.018306682],[121.493051058,25.018314631],[121.493050992,25.018314942],[121.493050804,25.018315201],[121.492491608,25.01958263],[121.492491601,25.019582666]]]}, "properties" : {"section_id" : "Z4210D0", "section_name" : "水源快往南 西園路-華中橋", "travel_speed" : 48, "level_name" : "壅塞", "level_color" : "#FA0300", "data_time" : "2025-12-29 12:48:00+00"}}, {"type" : "Feature", "geometry" : {"type":"Polygon","coordinates":[[[121.503603577,25.019642736],[121.503602383,25.019642223],[121.503602067,25.019642014],[121.502610372,25.01917797],[121.502607598,25.019176806],[121.502607191,25.019176547],[121.501787617,25.018826192],[121.501016973,25.018361803],[121.499890402,25.017421245],[121.499888743,25.017420286],[121.499880368,25.017413901],[121.499092492,25.016910269],[121.499085295,25.016906683],[121.499081625,25.016904232],[121.498313435,25.01653695],[121.498304979,25.016533359],[121.498288574,25.016528699],[121.49766378,25.016404152],[121.497642242,25.016402067],[121.497641876,25.016402134],[121.497641517,25.016402072],[121.497138322,25.016407108],[121.49713802,25.016407165],[121.497126761,25.016407842],[121.496405497,25.016492442],[121.496379895,25.016498703],[121.496347831,25.01651838],[121.496326471,25.016547741],[121.496319068,25.016582315],[121.496326749,25.016616838],[121.496348344,25.016646056],[121.496380566,25.016665518],[121.496418509,25.016672264],[121.496430796,25.016671526],[121.497146303,25.0165876],[121.497632433,25.016582734],[121.498233185,25.016702489],[121.498983909,25.01706142],[121.499761287,25.017558342],[121.500888866,25.018499742],[121.500891106,25.018501038],[121.500901146,25.018508481],[121.501684337,25.01898043],[121.501694527,25.018985342],[121.501696908,25.01898686],[121.502521422,25.019339326],[121.503510784,25.019802278],[121.503894364,25.019989434],[121.50390356,25.019993382],[121.503941505,25.020000126],[121.503979393,25.019993125],[121.504011457,25.019973446],[121.504032816,25.019944084],[121.504040217,25.01990951],[121.504032533,25.019874987],[121.504010936,25.019845771],[121.503987908,25.019830258],[121.503603577,25.019642736]]]}, "properties" : {"section_id" : "Z4070G0", "section_name" : "水源快往北 青年路-萬大路", "travel_speed" : 31, "level_name" : "壅塞", "level_color" : "#FA0300", "data_time" : "2025-12-29 12:48:00+00"}}, {"type" : "Feature", "geometry" : {"type":"Polygon","coordinates":[[[121.517013554,25.021242678],[121.517010578,25.021243228],[121.516992103,25.021252493],[121.516451241,25.021596751],[121.516437653,25.021607168],[121.516416298,25.021636531],[121.5164089,25.021671106],[121.516416587,25.021705628],[121.516438188,25.021734843],[121.516470414,25.021754301],[121.51650836,25.021761042],[121.516546248,25.021754038],[121.516564723,25.021744773],[121.517094584,25.021407517],[121.517979462,25.021121859],[121.518964858,25.020873292],[121.520402968,25.020581378],[121.521843697,25.020330006],[121.52185057,25.020328117],[121.521854292,25.020327599],[121.522317002,25.020197432],[121.522326042,25.020194444],[121.522358104,25.020174761],[121.522379457,25.020145396],[121.522386853,25.020110821],[121.522379165,25.020076299],[121.522357563,25.020047086],[121.522325336,25.020027629],[121.522287391,25.02002089],[121.522258544,25.020024907],[121.521801058,25.020153604],[121.520364241,25.020404294],[121.52036278,25.020404696],[121.520361329,25.020404844],[121.518919308,25.020697551],[121.518916272,25.020698431],[121.518914416,25.020698664],[121.517923228,25.020948693],[121.517917774,25.020950413],[121.517916574,25.020950603],[121.517015756,25.021241406],[121.517013554,25.021242678]]]}, "properties" : {"section_id" : "Z4280C0", "section_name" : "水源快往南 中正橋-師大路", "travel_speed" : 38, "level_name" : "壅塞", "level_color" : "#FA0300", "data_time" : "2025-12-29 12:48:00+00"}}, {"type" : "Feature", "geometry" : {"type":"Polygon","coordinates":[[[121.577863002,25.020760531],[121.577864267,25.020756797],[121.578018481,25.020099313],[121.578020668,25.02008006],[121.578012964,25.020045541],[121.577991349,25.020016336],[121.577959114,25.019996891],[121.577921166,25.019990166],[121.577883282,25.019997186],[121.57785123,25.020016881],[121.577829889,25.020046253],[121.577824696,25.020061577],[121.577671162,25.020716159],[121.577452722,25.021418167],[121.577273711,25.021962409],[121.57683884,25.022870213],[121.576349642,25.023497516],[121.57633871,25.023515615],[121.576331329,25.023550193],[121.576339033,25.023584712],[121.576360648,25.023613917],[121.576392884,25.023633362],[121.576430833,25.023640087],[121.576468718,25.023633068],[121.576500772,25.023613373],[121.576511181,25.0236021],[121.577006318,25.022967182],[121.577014936,25.022952913],[121.577016358,25.022951004],[121.577457717,25.022029652],[121.577457946,25.022028643],[121.577458609,25.02202773],[121.57746182,25.022019455],[121.577642755,25.021469358],[121.57764281,25.021469013],[121.577643168,25.021468066],[121.577862698,25.020762555],[121.577863002,25.020760531]]]}, "properties" : {"section_id" : "Z9040A0", "section_name" : "信快往北 文山象山間", "travel_speed" : 74, "level_name" : "順暢", "level_color" : "#19FF1C", "data_time" : "2025-12-29 12:48:00+00"}}, {"type" : "Feature", "geometry" : {"type":"Polygon","coordinates":[[[121.510639312,25.050114256],[121.510643659,25.050113168],[121.51064885,25.050112593],[121.511526478,25.049918478],[121.511533444,25.049916394],[121.511535427,25.049916088],[121.512111555,25.049734952],[121.512113216,25.049734002],[121.51211563,25.049733579],[121.512949268,25.049433616],[121.51412079,25.049120919],[121.516018194,25.048723431],[121.518229407,25.048393716],[121.518251673,25.048387897],[121.518283743,25.048368215],[121.518305102,25.048338851],[121.518312501,25.048304276],[121.518304812,25.048269754],[121.518283206,25.04824054],[121.518250972,25.048221083],[121.518213018,25.048214343],[121.518197388,25.048215528],[121.515983056,25.048545708],[121.515980119,25.048546476],[121.515976853,25.048546819],[121.514073519,25.048945549],[121.514069803,25.048946638],[121.514067862,25.048946895],[121.512889198,25.049261498],[121.512881254,25.049264064],[121.512880655,25.049264169],[121.512044834,25.049564917],[121.511475174,25.04974402],[121.510606808,25.049936086],[121.509888934,25.050028347],[121.509864508,25.050034465],[121.509832437,25.050054145],[121.509811075,25.050083508],[121.509803674,25.050118082],[121.509811361,25.050152605],[121.509832965,25.05018182],[121.509865198,25.050201279],[121.509903152,25.050208021],[121.509916624,25.050207137],[121.510639312,25.050114256]]]}, "properties" : {"section_id" : "Z0120C0", "section_name" : "市高往東 中華承德", "travel_speed" : 60, "level_name" : "車多", "level_color" : "#F8C920", "data_time" : "2025-12-29 12:48:00+00"}}, {"type" : "Feature", "geometry" : {"type":"Polygon","coordinates":[[[121.524214952,25.047711838],[121.524215799,25.047711646],[121.524218453,25.047711486],[121.524758436,25.047648396],[121.524764241,25.047646977],[121.524770983,25.047646172],[121.525945809,25.047365318],[121.525952521,25.047363247],[121.525954,25.047363011],[121.526399142,25.047218114],[121.526399656,25.047217816],[121.526400418,25.04721769],[121.527146639,25.046964232],[121.527182365,25.04694323],[121.527203722,25.046913865],[121.527211118,25.04687929],[121.527203427,25.046844768],[121.527181819,25.046815556],[121.527149584,25.0467961],[121.52711163,25.046789362],[121.527077394,25.04679505],[121.52633181,25.047048291],[121.525891347,25.047191665],[121.524726868,25.047470045],[121.524194986,25.04753219],[121.522628468,25.047663858],[121.522599294,25.047670483],[121.522567226,25.047690166],[121.522545868,25.04771953],[121.52253847,25.047754105],[121.52254616,25.047788627],[121.522567767,25.04781784],[121.522600002,25.047837297],[121.522637956,25.047844035],[121.522646678,25.047843654],[121.524214952,25.047711838]]]}, "properties" : {"section_id" : "Z0130A1", "section_name" : "市高往東 中山林森", "travel_speed" : 81, "level_name" : "順暢", "level_color" : "#19FF1C", "data_time" : "2025-12-29 12:48:00+00"}}, {"type" : "Feature", "geometry" : {"type":"Polygon","coordinates":[[[121.528854244,25.046206602],[121.528853621,25.046206701],[121.52715163,25.046762146],[121.527114704,25.046783549],[121.527093347,25.046812914],[121.527085951,25.046847489],[121.527093642,25.04688201],[121.52711525,25.046911223],[121.527147485,25.046930679],[121.527185439,25.046937416],[121.527218475,25.046932128],[121.528918492,25.046377327],[121.531390328,25.045676637],[121.533744326,25.045059914],[121.534563847,25.044881681],[121.53457912,25.044877139],[121.534611185,25.044857454],[121.53463254,25.044828088],[121.534639934,25.044793512],[121.534632241,25.044758991],[121.534610632,25.04472978],[121.534578396,25.044710325],[121.534540443,25.04470359],[121.534517822,25.044706057],[121.533696099,25.044884769],[121.533693233,25.044885622],[121.53369172,25.044885819],[121.531334517,25.045503381],[121.531333007,25.045503865],[121.531332461,25.045503941],[121.5288576,25.046205489],[121.528854244,25.046206602]]]}, "properties" : {"section_id" : "Z0140C0", "section_name" : "市高往東 新生建國", "travel_speed" : 77, "level_name" : "順暢", "level_color" : "#19FF1C", "data_time" : "2025-12-29 12:48:00+00"}}, {"type" : "Feature", "geometry" : {"type":"Polygon","coordinates":[[[121.534764844,25.044653178],[121.534757037,25.04465403],[121.534517822,25.044706057],[121.534502548,25.044710598],[121.534470483,25.044730284],[121.534449128,25.04475965],[121.534441734,25.044794225],[121.534449427,25.044828746],[121.534471036,25.044857958],[121.534503272,25.044877412],[121.534541226,25.044884148],[121.534563847,25.044881681],[121.534796844,25.044831006],[121.536181512,25.044697417],[121.537476668,25.044621211],[121.540207844,25.044480941],[121.541097752,25.044483844],[121.541503375,25.044488524],[121.54154292,25.04448152],[121.541574984,25.044461833],[121.541596338,25.044432466],[121.541603729,25.04439789],[121.541596034,25.044363369],[121.541574423,25.044334159],[121.541542187,25.044314706],[121.541505885,25.044307979],[121.541099812,25.044303293],[121.541099376,25.044303371],[121.541098912,25.044303287],[121.540205585,25.044300373],[121.540202445,25.044300942],[121.540199651,25.044300515],[121.537465108,25.044440959],[121.537464647,25.044441056],[121.537464297,25.044441003],[121.536166709,25.044517352],[121.536166025,25.044517499],[121.536162659,25.044517667],[121.534769613,25.044652064],[121.534764844,25.044653178]]]}, "properties" : {"section_id" : "Z0140C1", "section_name" : "市高往東 建國復興", "travel_speed" : 72, "level_name" : "順暢", "level_color" : "#19FF1C", "data_time" : "2025-12-29 12:48:00+00"}}, {"type" : "Feature", "geometry" : {"type":"Polygon","coordinates":[[[121.542263832,25.044411129],[121.542262788,25.044410875],[121.541625156,25.044333666],[121.541611702,25.04433288],[121.541573809,25.04433989],[121.541541744,25.044359578],[121.541520391,25.044388944],[121.541512999,25.04442352],[121.541520694,25.044458041],[121.541542305,25.044487251],[121.541574541,25.044506704],[121.541599041,25.044512652],[121.542235249,25.044589688],[121.542922609,25.044691473],[121.542923208,25.044691516],[121.542923603,25.044691615],[121.543841937,25.044818894],[121.543843003,25.044818965],[121.543843604,25.044819112],[121.54487666,25.044945964],[121.544878551,25.044946076],[121.544879351,25.04494626],[121.545912293,25.045046978],[121.545921888,25.045047427],[121.545922229,25.045047489],[121.546945838,25.04505323],[121.546946336,25.04505314],[121.546946848,25.045053231],[121.546957606,25.045052658],[121.547707892,25.044975205],[121.547735028,25.044968766],[121.547767091,25.044949078],[121.547788443,25.04491971],[121.547795833,25.044885134],[121.547788136,25.044850614],[121.547766524,25.044821404],[121.547734286,25.044801953],[121.547696332,25.04479522],[121.547685574,25.044795794],[121.546941154,25.044872641],[121.545928432,25.044866961],[121.544901793,25.044766858],[121.543870915,25.044640273],[121.542953912,25.044513179],[121.542265631,25.044411258],[121.542263832,25.044411129]]]}, "properties" : {"section_id" : "Z0150C0", "section_name" : "市高往東 復興敦化", "travel_speed" : 79, "level_name" : "順暢", "level_color" : "#19FF1C", "data_time" : "2025-12-29 12:48:00+00"}}, {"type" : "Feature", "geometry" : {"type":"Polygon","coordinates":[[[121.550379465,25.044430844],[121.550378179,25.044430931],[121.550207846,25.044453579],[121.550183862,25.044459646],[121.550151799,25.044479335],[121.550130448,25.044508703],[121.550123058,25.044543279],[121.550130756,25.0445778],[121.550152369,25.044607009],[121.550184606,25.04462646],[121.550222561,25.044633191],[121.550236471,25.044632245],[121.55040586,25.044609723],[121.551582566,25.044474273],[121.552773479,25.044374433],[121.552802695,25.044367799],[121.552834757,25.04434811],[121.552856108,25.044318741],[121.552863497,25.044284165],[121.552855798,25.044249645],[121.552834185,25.044220436],[121.552801947,25.044200986],[121.552763992,25.044194255],[121.552755316,25.044194634],[121.551562729,25.044294614],[121.551561928,25.044294796],[121.551559387,25.044294946],[121.550380069,25.044430697],[121.550379465,25.044430844]]]}, "properties" : {"section_id" : "Z0150C2", "section_name" : "市高往東 敦化延吉", "travel_speed" : 74, "level_name" : "順暢", "level_color" : "#19FF1C", "data_time" : "2025-12-29 12:48:00+00"}}, {"type" : "Feature", "geometry" : {"type":"Polygon","coordinates":[[[121.506736847,25.050659749],[121.50671347,25.050665726],[121.506681398,25.050685406],[121.506660035,25.050714768],[121.506652633,25.050749342],[121.506660319,25.050783865],[121.506681923,25.05081308],[121.506714155,25.05083254],[121.50675211,25.050839283],[121.506766629,25.050838259],[121.509945445,25.050398138],[121.509968822,25.05039216],[121.510000894,25.05037248],[121.510022256,25.050343117],[121.510029656,25.050308543],[121.51002197,25.05027402],[121.510000365,25.050244805],[121.509968132,25.050225346],[121.509930178,25.050218604],[121.509915658,25.050219628],[121.506736847,25.050659749]]]}, "properties" : {"section_id" : "Z5062G0", "section_name" : "市高往西 中華環河", "travel_speed" : 51, "level_name" : "車多", "level_color" : "#F8C920", "data_time" : "2025-12-29 12:48:00+00"}}, {"type" : "Feature", "geometry" : {"type":"Polygon","coordinates":[[[121.512970424,25.049446228],[121.512964672,25.049448109],[121.512963954,25.04944823],[121.511969852,25.049791185],[121.511348307,25.049958651],[121.510306351,25.050164098],[121.509981261,25.050212626],[121.509959017,25.050218441],[121.509926946,25.050238121],[121.509905584,25.050267484],[121.509898183,25.050302058],[121.50990587,25.050336581],[121.509927474,25.050365796],[121.509959707,25.050385255],[121.509997661,25.050391997],[121.510013314,25.05039081],[121.510340886,25.050341911],[121.510343136,25.050341323],[121.510345825,25.050341056],[121.511393845,25.050134414],[121.511398482,25.050133084],[121.511400988,25.05013275],[121.512029609,25.049963376],[121.512035811,25.049961365],[121.512036599,25.049961232],[121.513030957,25.04961819],[121.513447063,25.049503809],[121.513456706,25.049500655],[121.513488776,25.049480973],[121.513510137,25.04945161],[121.513517537,25.049417036],[121.513509849,25.049382514],[121.513488244,25.049353299],[121.513456011,25.04933384],[121.513418057,25.049327099],[121.513389802,25.049330948],[121.512970424,25.049446228]]]}, "properties" : {"section_id" : "Z03E0G1", "section_name" : "市高往西 重慶中華", "travel_speed" : 64, "level_name" : "車多", "level_color" : "#F8C920", "data_time" : "2025-12-29 12:48:00+00"}}, {"type" : "Feature", "geometry" : {"type":"Polygon","coordinates":[[[121.523895022,25.047966125],[121.52389751,25.047966009],[121.524306581,25.047929061],[121.524335083,25.047922495],[121.524367151,25.047902812],[121.524388509,25.047873447],[121.524395906,25.047838872],[121.524388215,25.04780435],[121.524366608,25.047775138],[121.524334373,25.047755681],[121.524296419,25.047748943],[121.524287025,25.047749383],[121.52387946,25.047786194],[121.521870193,25.047911386],[121.521869764,25.047911479],[121.5218677,25.04791157],[121.521287952,25.047961105],[121.521258929,25.047967716],[121.52122686,25.047987399],[121.521205501,25.048016764],[121.521198104,25.048051338],[121.521205794,25.04808586],[121.5212274,25.048115074],[121.521259634,25.048134531],[121.521297588,25.04814127],[121.521306461,25.048140876],[121.521884965,25.048091448],[121.523894496,25.047966239],[121.523895022,25.047966125]]]}, "properties" : {"section_id" : "Z03D0G1", "section_name" : "市高往西 林森中山", "travel_speed" : 59, "level_name" : "車多", "level_color" : "#F8C920", "data_time" : "2025-12-29 12:48:00+00"}}, {"type" : "Feature", "geometry" : {"type":"Polygon","coordinates":[[[121.526436948,25.047476645],[121.526437682,25.047476525],[121.527330552,25.047178744],[121.52736683,25.047157556],[121.527388187,25.047128191],[121.527395583,25.047093616],[121.527387892,25.047059094],[121.527366284,25.047029882],[121.527334049,25.047010426],[121.527296095,25.047003688],[121.52726241,25.04700919],[121.526372119,25.047306111],[121.52561341,25.047516563],[121.524553311,25.047725331],[121.524287025,25.047749383],[121.524258524,25.047755949],[121.524226456,25.047775632],[121.524205097,25.047804997],[121.5241977,25.047839572],[121.524205391,25.047874093],[121.524226998,25.047903306],[121.524259233,25.047922763],[121.524297187,25.047929501],[121.524306581,25.047929061],[121.524578499,25.047904501],[121.524582242,25.047903639],[121.52458966,25.047902903],[121.525659297,25.047692257],[121.525664576,25.047690744],[121.525667224,25.047690381],[121.526432479,25.047478113],[121.526436948,25.047476645]]]}, "properties" : {"section_id" : "Z03D0G0", "section_name" : "市高往西 新生林森", "travel_speed" : 60, "level_name" : "車多", "level_color" : "#F8C920", "data_time" : "2025-12-29 12:48:00+00"}}, {"type" : "Feature", "geometry" : {"type":"Polygon","coordinates":[[[121.574333128,25.026048117],[121.574336161,25.026046254],[121.574343025,25.026039254],[121.576468423,25.023630412],[121.576482901,25.02360804],[121.576490282,25.023573463],[121.576482578,25.023538944],[121.576460963,25.023509739],[121.576428727,25.023490294],[121.576390778,25.023483569],[121.576352893,25.023490588],[121.57632084,25.023510282],[121.576313976,25.023517282],[121.574193885,25.025920106],[121.573994486,25.02608044],[121.573213873,25.026606661],[121.573202447,25.026615669],[121.572419284,25.027335289],[121.572402399,25.027356058],[121.57224112,25.027628988],[121.572236662,25.02763759],[121.572236135,25.027640058],[121.57223486,25.027641914],[121.572123469,25.027931372],[121.57212292,25.027934346],[121.572119532,25.027944869],[121.571773523,25.0296541],[121.571772503,25.029664503],[121.571771964,25.029666756],[121.5717244,25.030717954],[121.57173202,25.030756573],[121.571753635,25.030785779],[121.571785872,25.030805225],[121.571823824,25.030811951],[121.571861711,25.030804933],[121.571893767,25.03078524],[121.571915111,25.030755869],[121.57192241,25.030725391],[121.571969683,25.029680572],[121.572313024,25.027984505],[121.572419297,25.027708343],[121.572570095,25.02745315],[121.573337832,25.026747705],[121.574115783,25.026223277],[121.574120839,25.026219291],[121.574122413,25.026218392],[121.574331364,25.026050378],[121.574333128,25.026048117]]]}, "properties" : {"section_id" : "Z9050A0", "section_name" : "信快往北 象山隧道", "travel_speed" : 72, "level_name" : "順暢", "level_color" : "#19FF1C", "data_time" : "2025-12-29 12:48:00+00"}}, {"type" : "Feature", "geometry" : {"type":"Polygon","coordinates":[[[121.53559596,25.045906033],[121.535600933,25.045909218],[121.536083459,25.046118204],[121.536126403,25.046126948],[121.536164298,25.04611994],[121.536196363,25.046100254],[121.536217718,25.046070887],[121.536225112,25.046036312],[121.536217418,25.046001791],[121.536195808,25.04597258],[121.536168562,25.045955135],[121.535695333,25.045750176],[121.535536333,25.045639882],[121.535531026,25.045637116],[121.535525964,25.045633587],[121.535225756,25.045475191],[121.534984682,25.045317685],[121.534975254,25.045312931],[121.534971175,25.045310267],[121.534880406,25.045269003],[121.534710801,25.045157841],[121.534708996,25.04515693],[121.534707071,25.045155513],[121.534423858,25.044987198],[121.534415331,25.044983121],[121.534412917,25.044981564],[121.534035186,25.044814857],[121.533835609,25.044712389],[121.533824515,25.044707495],[121.533823899,25.044707386],[121.53382339,25.044707082],[121.533596264,25.044625274],[121.53359553,25.044625147],[121.53359496,25.044624813],[121.533113055,25.044458358],[121.53307753,25.044452494],[121.533039636,25.044459502],[121.53300757,25.044479188],[121.532986214,25.044508553],[121.53297882,25.044543129],[121.532986513,25.04457765],[121.533008122,25.044606862],[121.533042786,25.044627189],[121.533524038,25.044793419],[121.533744206,25.044872721],[121.533940553,25.044973531],[121.533945051,25.044975515],[121.533946003,25.044976129],[121.534320837,25.045141558],[121.534596883,25.045305612],[121.534771134,25.04541982],[121.534780619,25.04542461],[121.534784762,25.045427316],[121.534875598,25.04546861],[121.53511416,25.045624475],[121.535118712,25.045626771],[121.535122248,25.045629235],[121.535421225,25.045786982],[121.535583448,25.045899511],[121.53559596,25.045906033]]]}, "properties" : {"section_id" : "ZK5JW60", "section_name" : "八德路 建國北路-新生北路", "travel_speed" : 73, "level_name" : "順暢", "level_color" : "#19FF1C", "data_time" : "2025-12-29 12:48:00+00"}}, {"type" : "Feature", "geometry" : {"type":"Polygon","coordinates":[[[121.539970162,25.044514482],[121.539966929,25.044515064],[121.539964028,25.04451462],[121.536949949,25.044667742],[121.536949409,25.044667855],[121.536948999,25.044667794],[121.535454808,25.044756791],[121.535452517,25.044757282],[121.535444049,25.044757973],[121.534684179,25.044880143],[121.534680384,25.044881159],[121.534676988,25.044881552],[121.534550683,25.044910801],[121.534536812,25.044915028],[121.534504747,25.044934713],[121.534483391,25.044964079],[121.534475998,25.044998655],[121.534483691,25.045033176],[121.5345053,25.045062387],[121.534537536,25.045081842],[121.534575489,25.045088577],[121.534599513,25.045085795],[121.534722251,25.045057372],[121.535473154,25.044936643],[121.536961457,25.044847997],[121.539972,25.044695055],[121.541348853,25.044702843],[121.541387758,25.044695834],[121.541419822,25.044676146],[121.541441176,25.04464678],[121.541448568,25.044612204],[121.541440872,25.044577683],[121.541419262,25.044548473],[121.541387026,25.04452902],[121.541350083,25.044522287],[121.539970162,25.044514482]]]}, "properties" : {"section_id" : "Z03C0G0", "section_name" : "市高往西 復興建國", "travel_speed" : 71, "level_name" : "順暢", "level_color" : "#19FF1C", "data_time" : "2025-12-29 12:48:00+00"}}, {"type" : "Feature", "geometry" : {"type":"Polygon","coordinates":[[[121.567118486,25.045839447],[121.56711886,25.045839512],[121.568836239,25.045821002],[121.568873375,25.04581399],[121.568905435,25.045794297],[121.568926782,25.045764927],[121.568934166,25.04573035],[121.568926463,25.04569583],[121.568904846,25.045666624],[121.568872605,25.045647178],[121.568833893,25.045640456],[121.567127546,25.045658847],[121.566843009,25.045603634],[121.565007512,25.045005648],[121.565007104,25.045005585],[121.56500683,25.045005429],[121.564629616,25.044885354],[121.564598342,25.044880581],[121.564596774,25.044880301],[121.564127256,25.044880956],[121.564127126,25.04488098],[121.564126995,25.044880957],[121.564112234,25.044882021],[121.560893062,25.045336371],[121.560363582,25.045348092],[121.558030283,25.045163209],[121.558011837,25.04516013],[121.557993567,25.045158653],[121.557955675,25.045165667],[121.557923613,25.045185358],[121.557902263,25.045214727],[121.557894876,25.045249304],[121.557902576,25.045283823],[121.557924191,25.045313031],[121.55795643,25.04533248],[121.557976115,25.045337732],[121.557999168,25.04534158],[121.55800566,25.045342106],[121.558008441,25.045342719],[121.560351896,25.045528407],[121.560360893,25.045528746],[121.560361916,25.045528556],[121.56036289,25.04552872],[121.560904296,25.045516734],[121.560905258,25.045516547],[121.56091706,25.045515696],[121.564135115,25.045061504],[121.564580184,25.045060883],[121.564941109,25.045175773],[121.56678251,25.045775681],[121.566784784,25.045776036],[121.566795234,25.045778972],[121.567097043,25.045837537],[121.567118104,25.045839517],[121.567118486,25.045839447]]]}, "properties" : {"section_id" : "Z0390G0", "section_name" : "市高往西 永吉光復", "travel_speed" : 70, "level_name" : "順暢", "level_color" : "#19FF1C", "data_time" : "2025-12-29 12:48:00+00"}}, {"type" : "Feature", "geometry" : {"type":"Polygon","coordinates":[[[121.567109697,25.04595934],[121.567105738,25.04595506],[121.567104379,25.045953031],[121.566972618,25.045810214],[121.566966534,25.045804196],[121.566959876,25.045798704],[121.566802005,25.045679873],[121.56679479,25.045675937],[121.566786452,25.04567027],[121.566287114,25.045421365],[121.566277084,25.045417012],[121.566239128,25.045410284],[121.566201236,25.045417301],[121.566169176,25.045436993],[121.566147828,25.045466364],[121.566140443,25.045500941],[121.566148145,25.04553546],[121.566169762,25.045564666],[121.566191973,25.045579761],[121.566683033,25.04582454],[121.566826684,25.045932668],[121.566949837,25.046066155],[121.567395771,25.046646405],[121.567407173,25.046658732],[121.567439414,25.046678179],[121.56747737,25.046684906],[121.567515263,25.046677889],[121.567547323,25.046658196],[121.567568671,25.046628826],[121.567576055,25.046594249],[121.567568353,25.04655973],[121.567558138,25.04654285],[121.567109697,25.04595934]]]}, "properties" : {"section_id" : "Z0380F0", "section_name" : "正氣橋 麥一市民", "travel_speed" : 75, "level_name" : "順暢", "level_color" : "#19FF1C", "data_time" : "2025-12-29 12:48:00+00"}}, {"type" : "Feature", "geometry" : {"type":"Polygon","coordinates":[[[121.519435554,25.048211659],[121.519436393,25.048211439],[121.519437546,25.04821134],[121.520419144,25.048044656],[121.521133198,25.047954229],[121.522132869,25.047875892],[121.522577364,25.047850148],[121.522609354,25.047843324],[121.522641423,25.047823641],[121.522662781,25.047794276],[121.522670179,25.047759702],[121.522662488,25.04772518],[121.522640882,25.047695967],[121.522608647,25.04767651],[121.522564788,25.047669952],[121.52211919,25.04769576],[121.522118841,25.047695834],[121.522116983,25.04769591],[121.521113628,25.047774536],[121.52111241,25.047774809],[121.521108475,25.047775064],[121.520389587,25.047866103],[121.52038787,25.047866532],[121.520385072,25.047866772],[121.51940222,25.048033669],[121.518275844,25.048203334],[121.518253735,25.04820913],[121.518221666,25.048228812],[121.518200306,25.048258176],[121.518192908,25.04829275],[121.518200597,25.048327272],[121.518222203,25.048356486],[121.518254436,25.048375944],[121.51829239,25.048382684],[121.518308178,25.048381475],[121.519435554,25.048211659]]]}, "properties" : {"section_id" : "Z0130A0", "section_name" : "市高往東 承德中山", "travel_speed" : 76, "level_name" : "順暢", "level_color" : "#19FF1C", "data_time" : "2025-12-29 12:48:00+00"}}, {"type" : "Feature", "geometry" : {"type":"Polygon","coordinates":[[[121.556972114,25.045129984],[121.556972855,25.045130198],[121.557972024,25.045336968],[121.557994385,25.04533921],[121.558032278,25.045332195],[121.558064339,25.045312505],[121.558085689,25.045283136],[121.558093076,25.045248559],[121.558085376,25.045214039],[121.558063761,25.045184831],[121.558031522,25.045165382],[121.558015928,25.045160895],[121.557017392,25.044954255],[121.55552401,25.044626481],[121.555521093,25.044626171],[121.555517818,25.044625311],[121.554334214,25.044437325],[121.554326254,25.044436712],[121.554323725,25.04443618],[121.553520923,25.044387864],[121.553516633,25.044388517],[121.553511733,25.0443877],[121.552892262,25.044402834],[121.55285662,25.044409816],[121.552824558,25.044429506],[121.552803207,25.044458874],[121.552795819,25.04449345],[121.552803517,25.04452797],[121.55282513,25.044557179],[121.552857368,25.044576629],[121.552897575,25.044583329],[121.553512448,25.044568307],[121.554305382,25.044616028],[121.55548066,25.044802692],[121.556971597,25.045129929],[121.556972114,25.045129984]]]}, "properties" : {"section_id" : "Z03A0G1", "section_name" : "市高往西 光復延吉", "travel_speed" : 66, "level_name" : "順暢", "level_color" : "#19FF1C", "data_time" : "2025-12-29 12:48:00+00"}}, {"type" : "Feature", "geometry" : {"type":"Polygon","coordinates":[[[121.571378628,25.029621733],[121.57137842,25.029622655],[121.571357347,25.030733468],[121.571365035,25.030769928],[121.571386651,25.030799134],[121.571418888,25.03081858],[121.571456839,25.030825306],[121.571494727,25.030818288],[121.571526782,25.030798595],[121.571548126,25.030769224],[121.571555495,25.030736588],[121.571576456,25.029631562],[121.571854257,25.027902338],[121.572003207,25.027547303],[121.572188445,25.027251885],[121.572671804,25.026796058],[121.573227692,25.026380229],[121.573918753,25.025900826],[121.573929089,25.025892563],[121.573929966,25.025891356],[121.57393117,25.025890592],[121.574139954,25.025686748],[121.574140625,25.025685793],[121.574141442,25.025685262],[121.574376275,25.025445488],[121.574376785,25.025444744],[121.57438016,25.025441268],[121.57610116,25.023452011],[121.576115047,25.023430316],[121.576122428,25.023395739],[121.576114724,25.02336122],[121.576093109,25.023332015],[121.576060873,25.023312569],[121.576022924,25.023305844],[121.575985039,25.023312863],[121.575952986,25.023332558],[121.575945531,25.023340234],[121.574226403,25.025327326],[121.573994319,25.025564294],[121.57379202,25.025761805],[121.573106198,25.026237574],[121.573104246,25.026239134],[121.573103348,25.026239627],[121.57254164,25.02665981],[121.572534154,25.026666019],[121.572533786,25.026666525],[121.572533254,25.026666856],[121.572037304,25.027134557],[121.572036086,25.027136258],[121.572022529,25.027152502],[121.571827345,25.02746378],[121.571821678,25.027474368],[121.571821446,25.027475455],[121.571820826,25.02747633],[121.571665243,25.027847172],[121.571664715,25.027849808],[121.571659756,25.027866332],[121.57137945,25.02961114],[121.571378628,25.029621733]]]}, "properties" : {"section_id" : "Z9230A0", "section_name" : "信快往北 象山隧道", "travel_speed" : 69, "level_name" : "順暢", "level_color" : "#19FF1C", "data_time" : "2025-12-29 12:48:00+00"}}, {"type" : "Feature", "geometry" : {"type":"Polygon","coordinates":[[[121.576388442,25.023115934],[121.576389569,25.023114157],[121.576392041,25.023111426],[121.576678626,25.022728127],[121.57668844,25.022711491],[121.576688781,25.022709893],[121.57668966,25.022708637],[121.576961587,25.022039267],[121.577233615,25.021393779],[121.5772338,25.021392863],[121.577237344,25.021382939],[121.577456372,25.02056994],[121.577456611,25.020568107],[121.577457387,25.020565745],[121.577560011,25.020087612],[121.577561852,25.0200699],[121.577554149,25.020035381],[121.577532534,25.020006176],[121.577500299,25.019986731],[121.57746235,25.019980006],[121.577424466,25.019987025],[121.577392414,25.02000672],[121.577371074,25.020036092],[121.577365534,25.020052957],[121.577263362,25.020528981],[121.577046383,25.021334367],[121.576776378,25.021975052],[121.57677626,25.021975639],[121.576775954,25.021976076],[121.576508027,25.022635599],[121.576229991,25.023007464],[121.57599721,25.023280867],[121.575983796,25.02330201],[121.575976416,25.023336588],[121.575984119,25.023371107],[121.576005734,25.023400312],[121.57603797,25.023419758],[121.576075919,25.023426483],[121.576113804,25.023419464],[121.576145857,25.023399769],[121.576153785,25.023391541],[121.576388442,25.023115934]]]}, "properties" : {"section_id" : "Z9240A0", "section_name" : "信快往北 象山文山間", "travel_speed" : 73, "level_name" : "順暢", "level_color" : "#19FF1C", "data_time" : "2025-12-29 12:48:00+00"}}, {"type" : "Feature", "geometry" : {"type":"Polygon","coordinates":[[[121.577820342,25.018596453],[121.577819293,25.018599245],[121.57739329,25.019998274],[121.577389685,25.020022795],[121.577397388,25.020057314],[121.577419003,25.020086519],[121.577451238,25.020105964],[121.577489186,25.020112689],[121.57752707,25.02010567],[121.577559122,25.020085975],[121.577580463,25.020056603],[121.577584238,25.020046547],[121.578009687,25.01864933],[121.578253609,25.017960938],[121.579821628,25.014519077],[121.580041994,25.014052977],[121.580042782,25.01404946],[121.580044656,25.014046716],[121.580225906,25.013568275],[121.580226081,25.01356731],[121.580226479,25.013566715],[121.58061457,25.012478353],[121.580614585,25.012478264],[121.580614727,25.012477909],[121.58091219,25.011628768],[121.580913652,25.011620091],[121.580916456,25.011609676],[121.581054276,25.010259536],[121.581054701,25.010250788],[121.581046997,25.010216269],[121.581025384,25.010187064],[121.58099315,25.01016762],[121.580955205,25.010160896],[121.580917324,25.010167916],[121.580885275,25.010187612],[121.580863937,25.010216984],[121.580856983,25.010242813],[121.580720156,25.011583195],[121.580426041,25.012422778],[121.580038307,25.013510135],[121.579858554,25.013984623],[121.579639385,25.014448189],[121.579639254,25.014448772],[121.579638871,25.014449297],[121.578069052,25.017895097],[121.578068184,25.017899112],[121.578066273,25.017901972],[121.57782048,25.018595643],[121.577820342,25.018596453]]]}, "properties" : {"section_id" : "Z9250A0", "section_name" : "信快往北 文山隧道", "travel_speed" : 70, "level_name" : "順暢", "level_color" : "#19FF1C", "data_time" : "2025-12-29 12:48:00+00"}}, {"type" : "Feature", "geometry" : {"type":"Polygon","coordinates":[[[121.581332718,25.010976145],[121.581332798,25.010975854],[121.581395687,25.010414269],[121.581396198,25.010404717],[121.581388494,25.010370198],[121.58136688,25.010340994],[121.581334647,25.010321549],[121.581296701,25.010314825],[121.58125882,25.010321846],[121.581226772,25.010341541],[121.581205433,25.010370914],[121.581198566,25.010395939],[121.581135735,25.010956989],[121.581022607,25.011860669],[121.580960464,25.012138435],[121.58038004,25.013736032],[121.580379966,25.01373646],[121.580379277,25.013738226],[121.580225534,25.014200565],[121.578515052,25.018013247],[121.578514268,25.018016923],[121.578512531,25.018019519],[121.578137345,25.019071994],[121.578137257,25.019072507],[121.578136523,25.019074415],[121.57783936,25.019995209],[121.577835337,25.020021064],[121.57784304,25.020055582],[121.577864655,25.020084787],[121.57789689,25.020104232],[121.577934839,25.020110957],[121.577972723,25.020103938],[121.578004775,25.020084243],[121.578026115,25.020054871],[121.578029472,25.020046148],[121.578326241,25.019126569],[121.578699863,25.018078477],[121.580410699,25.014264993],[121.580410713,25.014264963],[121.580410715,25.014264953],[121.580413822,25.014256982],[121.580568547,25.013791687],[121.581150421,25.012190094],[121.581150884,25.012187437],[121.581153444,25.012179754],[121.581217628,25.011892862],[121.581218152,25.011888026],[121.581218986,25.011885061],[121.581332671,25.01097692],[121.581332718,25.010976145]]]}, "properties" : {"section_id" : "Z9030A0", "section_name" : "信快往北 文山隧道", "travel_speed" : 77, "level_name" : "順暢", "level_color" : "#19FF1C", "data_time" : "2025-12-29 12:48:00+00"}}, {"type" : "Feature", "geometry" : {"type":"Polygon","coordinates":[[[121.571859199,25.031436983],[121.571859818,25.03143467],[121.571922427,25.030801431],[121.571922826,25.03079295],[121.571915123,25.030758431],[121.571893508,25.030729225],[121.57186127,25.030709779],[121.571823319,25.030703053],[121.571785432,25.030710071],[121.571753376,25.030729764],[121.571732032,25.030759136],[121.571725048,25.030785232],[121.57166282,25.031414611],[121.57153552,25.032068172],[121.571533997,25.032084328],[121.571541699,25.032118847],[121.571563315,25.032148053],[121.571595552,25.032167499],[121.571633504,25.032174225],[121.571671392,25.032167208],[121.571703448,25.032147514],[121.571724792,25.032118143],[121.571730652,25.032099721],[121.571858694,25.031442344],[121.571859199,25.031436983]]]}, "properties" : {"section_id" : "Z9060A0", "section_name" : "信快往北 象山出口", "travel_speed" : 46, "level_name" : "壅塞", "level_color" : "#FA0300", "data_time" : "2025-12-29 12:48:00+00"}}, {"type" : "Feature", "geometry" : {"type":"Polygon","coordinates":[[[121.571699131,25.032638072],[121.571734651,25.032631089],[121.571766707,25.032611396],[121.571788052,25.032582024],[121.571795434,25.032547447],[121.571787731,25.032512928],[121.571766116,25.032483722],[121.571733878,25.032464276],[121.571693558,25.032457585],[121.568403592,25.032541865],[121.568368071,25.032548847],[121.568336015,25.03256854],[121.56831467,25.032597911],[121.568307286,25.032632488],[121.568314988,25.032667007],[121.568336603,25.032696213],[121.56836884,25.03271566],[121.56840916,25.032722352],[121.571699131,25.032638072]]]}, "properties" : {"section_id" : "ZHXS600", "section_name" : "信義路 松仁路-松德路", "travel_speed" : 46, "level_name" : "壅塞", "level_color" : "#FA0300", "data_time" : "2025-12-29 12:48:00+00"}}, {"type" : "Feature", "geometry" : {"type":"Polygon","coordinates":[[[121.571594572,25.032647213],[121.571597605,25.03264535],[121.571618949,25.032615979],[121.571624262,25.032600143],[121.571727568,25.032147016],[121.571729638,25.032128275],[121.571721935,25.032093756],[121.571700319,25.03206455],[121.571668082,25.032045103],[121.57163013,25.032038377],[121.571592242,25.032045395],[121.571560186,25.032065089],[121.571538842,25.03209446],[121.571533529,25.032110295],[121.571436933,25.032533985],[121.571248462,25.032685518],[121.570124894,25.032716425],[121.570089579,25.032723402],[121.570057522,25.032743095],[121.570036178,25.032772466],[121.570028795,25.032807043],[121.570036497,25.032841562],[121.570058112,25.032870768],[121.57009035,25.032890215],[121.570130874,25.032896901],[121.571290198,25.032865011],[121.571325514,25.032858033],[121.571352773,25.032842463],[121.571592808,25.032649473],[121.571594572,25.032647213]]]}, "properties" : {"section_id" : "ZGYS7A0", "section_name" : "E_I-N-EX2", "travel_speed" : 39, "level_name" : "壅塞", "level_color" : "#FA0300", "data_time" : "2025-12-29 12:48:00+00"}}, {"type" : "Feature", "geometry" : {"type":"Polygon","coordinates":[[[121.536116224,25.044089577],[121.536115993,25.044090742],[121.53625348,25.048177292],[121.536261129,25.048209406],[121.536282739,25.048238616],[121.536314976,25.04825807],[121.53635293,25.048264806],[121.536390826,25.048257797],[121.536422892,25.04823811],[121.536444247,25.048208744],[121.536451595,25.048171761],[121.53631429,25.044090837],[121.536374296,25.043510407],[121.536594114,25.04231834],[121.536721739,25.041929104],[121.536725884,25.041902907],[121.53671819,25.041868386],[121.536696581,25.041839175],[121.536664346,25.041819721],[121.536626393,25.041812986],[121.5365885,25.041819995],[121.536556436,25.041839681],[121.536535081,25.041869047],[121.536531833,25.041877426],[121.53640245,25.042272024],[121.536401807,25.042276085],[121.536399673,25.042282907],[121.53617824,25.043483724],[121.536177834,25.043488265],[121.536177307,25.043490216],[121.536116383,25.044079511],[121.536115947,25.044088334],[121.536116224,25.044089577]]]}, "properties" : {"section_id" : "ZK7KP40", "section_name" : "建國北路 長安東路-忠孝東路", "travel_speed" : 69, "level_name" : "順暢", "level_color" : "#19FF1C", "data_time" : "2025-12-29 12:48:00+00"}}, {"type" : "Feature", "geometry" : {"type":"Polygon","coordinates":[[[121.536427075,25.044334094],[121.536419416,25.04430166],[121.536397807,25.044272449],[121.536365572,25.044252995],[121.536327618,25.04424626],[121.536289724,25.044253268],[121.536257659,25.044272954],[121.536236304,25.044302321],[121.536228946,25.044338983],[121.536290375,25.046404965],[121.536298033,25.046437399],[121.536319643,25.04646661],[121.536351879,25.046486064],[121.536389833,25.046492799],[121.536427728,25.04648579],[121.536459794,25.046466104],[121.536481148,25.046436738],[121.536488506,25.046400076],[121.536427075,25.044334094]]]}, "properties" : {"section_id" : "Z1250E0", "section_name" : "建國快往南 長安忠孝", "travel_speed" : 67, "level_name" : "順暢", "level_color" : "#19FF1C", "data_time" : "2025-12-29 12:48:00+00"}}, {"type" : "Feature", "geometry" : {"type":"Polygon","coordinates":[[[121.529901647,25.019977721],[121.529902282,25.019978092],[121.529902642,25.019978557],[121.531575164,25.021364346],[121.531576545,25.021365141],[121.531577255,25.02136603],[121.531979216,25.021680693],[121.531981666,25.021682059],[121.531988093,25.021686884],[121.532314127,25.021888766],[121.53232376,25.02189348],[121.532326724,25.02189539],[121.532796049,25.022101942],[121.532798803,25.022102511],[121.532801586,25.022104191],[121.532810868,25.022107174],[121.533122386,25.022191688],[121.533132713,25.02219304],[121.533142022,25.022195098],[121.533518149,25.022225092],[121.53352166,25.022225226],[121.53352223,25.022225341],[121.53389691,25.022241058],[121.533896916,25.022241057],[121.533896924,25.022241058],[121.534978721,25.022286299],[121.53498167,25.022285823],[121.534984927,25.022286381],[121.536190522,25.022267935],[121.536846468,25.022315358],[121.537196126,25.02239978],[121.53754881,25.022519458],[121.537583784,25.022525135],[121.537621671,25.022518125],[121.53765373,25.022498439],[121.537675081,25.022469073],[121.537682472,25.022434497],[121.53767478,25.022399976],[121.537653174,25.022370765],[121.537617971,25.022350252],[121.537260758,25.022229036],[121.537259716,25.022228867],[121.537251556,25.022226371],[121.536888591,25.022138736],[121.536877822,25.022137478],[121.536871048,25.022136007],[121.536201453,25.022087598],[121.536193223,25.022087316],[121.536192578,25.022087435],[121.536191952,25.022087328],[121.534984705,25.022105799],[121.533906024,25.022060689],[121.533906017,25.022060688],[121.533533388,25.022045057],[121.533169308,25.022016024],[121.532875059,25.021936195],[121.532419479,25.021735692],[121.532104106,25.021540412],[121.53170745,25.021229903],[121.530036462,25.019845386],[121.528047737,25.018151728],[121.528017641,25.018134142],[121.527979696,25.018127405],[121.527941809,25.018134411],[121.527909749,25.018154096],[121.527888397,25.018183461],[121.527881003,25.018218036],[121.527888693,25.018252558],[121.527912427,25.01828364],[121.529901647,25.019977721]]]}, "properties" : {"section_id" : "ZF9KB20", "section_name" : "辛亥路 汀州路-建國南路", "travel_speed" : 62, "level_name" : "車多", "level_color" : "#F8C920", "data_time" : "2025-12-29 12:48:00+00"}}, {"type" : "Feature", "geometry" : {"type":"Polygon","coordinates":[[[121.533160805,25.07046776],[121.533160509,25.070466344],[121.533160819,25.070464863],[121.533149389,25.069561156],[121.533147048,25.069020422],[121.53314607,25.068794403],[121.533144686,25.068474646],[121.533158122,25.068194386],[121.533192056,25.068004321],[121.533241089,25.06789608],[121.533354874,25.067751553],[121.533473796,25.067642379],[121.533728232,25.067478791],[121.533729032,25.067478175],[121.533729686,25.067477838],[121.534017334,25.06728571],[121.534029083,25.067276493],[121.534172751,25.067144599],[121.53419411,25.067115233],[121.534201505,25.067080658],[121.53419381,25.067046137],[121.534172197,25.067016926],[121.534139956,25.066997471],[121.534101996,25.066990736],[121.534064094,25.066997744],[121.534032023,25.06701743],[121.533893832,25.067144295],[121.533613179,25.067331751],[121.533352384,25.067499427],[121.533339181,25.067509597],[121.533208572,25.0676295],[121.533198386,25.067640476],[121.533073293,25.067799365],[121.533062417,25.067817267],[121.533062217,25.067817541],[121.533004434,25.067945099],[121.533004409,25.067945214],[121.533004337,25.067945313],[121.532998226,25.067965042],[121.532961517,25.068170648],[121.53296076,25.068179403],[121.532960326,25.0681812],[121.532946532,25.068468915],[121.532946926,25.068470928],[121.532946438,25.068473209],[121.532947831,25.068795115],[121.532948809,25.069021134],[121.532951151,25.06956221],[121.532951228,25.069562555],[121.532951157,25.069562894],[121.532962571,25.070465494],[121.532945894,25.071203409],[121.532953569,25.071240144],[121.532975182,25.071269355],[121.533007424,25.07128881],[121.533045386,25.071295546],[121.533083288,25.071288538],[121.533115361,25.071268852],[121.533136721,25.071239486],[121.533144096,25.071207125],[121.533160805,25.07046776]]]}, "properties" : {"section_id" : "Z1210E0", "section_name" : "建國快往南 濱江民權", "travel_speed" : 57, "level_name" : "車多", "level_color" : "#F8C920", "data_time" : "2025-12-29 12:48:00+00"}}, {"type" : "Feature", "geometry" : {"type":"Polygon","coordinates":[[[121.536917521,25.054143097],[121.536925192,25.054175985],[121.536946804,25.054205196],[121.536979042,25.05422465],[121.537016999,25.054231385],[121.537054896,25.054224376],[121.537086963,25.05420469],[121.537108319,25.054175323],[121.537115689,25.054139115],[121.537003773,25.049517438],[121.536996102,25.04948455],[121.536974491,25.049455339],[121.536942254,25.049435885],[121.536904299,25.04942915],[121.536866403,25.04943616],[121.536834337,25.049455846],[121.536812982,25.049485212],[121.536805612,25.04952142],[121.536917521,25.054143097]]]}, "properties" : {"section_id" : "Z1050A0", "section_name" : "建國快往北 南京東路", "travel_speed" : 76, "level_name" : "順暢", "level_color" : "#19FF1C", "data_time" : "2025-12-29 12:48:00+00"}}, {"type" : "Feature", "geometry" : {"type":"Polygon","coordinates":[[[121.536792333,25.049485074],[121.536800016,25.049518526],[121.536821626,25.049547737],[121.536853863,25.049567191],[121.536891819,25.049573926],[121.536929714,25.049566917],[121.53696178,25.049547231],[121.536983136,25.049517864],[121.536990518,25.04948222],[121.536889118,25.043640034],[121.536881436,25.043606582],[121.536859826,25.04357737],[121.536827591,25.043557917],[121.536789637,25.043551182],[121.536751744,25.043558191],[121.536719679,25.043577877],[121.536698324,25.043607243],[121.536690943,25.043642888],[121.536792333,25.049485074]]]}, "properties" : {"section_id" : "Z1040A0", "section_name" : "建國快往北 忠孝長安", "travel_speed" : 67, "level_name" : "順暢", "level_color" : "#19FF1C", "data_time" : "2025-12-29 12:48:00+00"}}, {"type" : "Feature", "geometry" : {"type":"Polygon","coordinates":[[[121.538341898,25.038892269],[121.538342456,25.038889658],[121.538341944,25.038880852],[121.538273738,25.038271986],[121.538266556,25.038246272],[121.538244947,25.038217061],[121.538212713,25.038197608],[121.538174761,25.038190873],[121.538136869,25.038197882],[121.538104806,25.038217569],[121.538083452,25.038246935],[121.53807606,25.038281511],[121.538076571,25.038290318],[121.538144012,25.038892357],[121.538120446,25.039321163],[121.537969219,25.040036503],[121.53768949,25.04071368],[121.537389434,25.041365995],[121.537381734,25.041401246],[121.537389428,25.041435767],[121.537411037,25.041464978],[121.537443272,25.041484432],[121.537481225,25.041491167],[121.537519118,25.041484158],[121.537551182,25.041464471],[121.537572229,25.04143578],[121.537872991,25.040781928],[121.537873364,25.04078022],[121.537874341,25.040778833],[121.538157681,25.040092912],[121.538158066,25.040090965],[121.538162243,25.040078189],[121.538316378,25.039349084],[121.538317395,25.039339173],[121.538318043,25.039336525],[121.538342333,25.038894532],[121.538341898,25.038892269]]]}, "properties" : {"section_id" : "ZJ7KV40", "section_name" : "建國南路 仁愛路-忠孝東路", "travel_speed" : 70, "level_name" : "順暢", "level_color" : "#19FF1C", "data_time" : "2025-12-29 12:48:00+00"}}, {"type" : "Feature", "geometry" : {"type":"Polygon","coordinates":[[[121.537770122,25.028688329],[121.537777808,25.028722018],[121.537799415,25.028751229],[121.537831646,25.028770683],[121.537869595,25.028777418],[121.537907484,25.028770409],[121.537939545,25.028750722],[121.537960897,25.028721356],[121.537968281,25.028685949],[121.537893293,25.023502327],[121.537885608,25.023468637],[121.537864002,25.023439426],[121.537831772,25.023419972],[121.537793824,25.023413237],[121.537755937,25.023420246],[121.537723878,25.023439933],[121.537702527,25.023469299],[121.537695143,25.023504706],[121.537770122,25.028688329]]]}, "properties" : {"section_id" : "Z1010A0", "section_name" : "建國快往北 辛亥信義", "travel_speed" : 56, "level_name" : "車多", "level_color" : "#F8C920", "data_time" : "2025-12-29 12:48:00+00"}}, {"type" : "Feature", "geometry" : {"type":"Polygon","coordinates":[[[121.534509,25.066663989],[121.53450894,25.066664022],[121.5341038,25.066976007],[121.53409743,25.066981364],[121.534076071,25.06701073],[121.534068676,25.067045306],[121.534076371,25.067079827],[121.534097984,25.067109038],[121.534130225,25.067128492],[121.534168186,25.067135228],[121.534206087,25.067128219],[121.534231789,25.067113891],[121.534636809,25.066801998],[121.535341917,25.066262486],[121.535825002,25.065902825],[121.535825133,25.065902717],[121.535825187,25.065902687],[121.536178077,25.06563866],[121.536185527,25.065632482],[121.53619583,25.065621358],[121.536429381,25.065323421],[121.536623057,25.065096454],[121.536628015,25.065088652],[121.53663258,25.065082976],[121.536758373,25.06486446],[121.536762313,25.064856753],[121.536766544,25.064845165],[121.536905245,25.064357232],[121.536905592,25.064354713],[121.536906699,25.0643513],[121.536975658,25.064017544],[121.536977367,25.064000489],[121.53697707,25.063999155],[121.536977316,25.063997911],[121.536961308,25.063549912],[121.536899954,25.05916414],[121.536892267,25.059130411],[121.536870654,25.0591012],[121.536838415,25.059081746],[121.536800457,25.059075011],[121.536762558,25.05908202],[121.53673049,25.059101706],[121.536709132,25.059131073],[121.536701746,25.05916644],[121.536763105,25.063553106],[121.536763318,25.063554039],[121.536763149,25.063554892],[121.536778834,25.063993885],[121.536712504,25.064314918],[121.536577503,25.064789831],[121.536461118,25.064992003],[121.536271627,25.065214065],[121.536270931,25.065215159],[121.536269219,25.065217008],[121.536042117,25.065506718],[121.535699451,25.065763096],[121.535215943,25.066123071],[121.535215191,25.066123693],[121.535214917,25.066123845],[121.53450918,25.066663838],[121.534509,25.066663989]]]}, "properties" : {"section_id" : "Z1220E0", "section_name" : "建國快往南 民權東路", "travel_speed" : 63, "level_name" : "車多", "level_color" : "#F8C920", "data_time" : "2025-12-29 12:48:00+00"}}, {"type" : "Feature", "geometry" : {"type":"Polygon","coordinates":[[[121.53659936,25.048350423],[121.536599163,25.04834959],[121.536599296,25.048348885],[121.536501702,25.046434115],[121.536494114,25.046403424],[121.536472504,25.046374213],[121.536440268,25.046354759],[121.536402314,25.046348024],[121.536364419,25.046355033],[121.536332354,25.046374719],[121.536310999,25.046404085],[121.536303711,25.04644249],[121.536401263,25.048356491],[121.536531472,25.052395812],[121.536539124,25.052428041],[121.536560735,25.052457252],[121.536592973,25.052476706],[121.536630929,25.052483441],[121.536668826,25.052476432],[121.536700893,25.052456746],[121.536722249,25.05242738],[121.5367296,25.052390512],[121.53659936,25.048350423]]]}, "properties" : {"section_id" : "Z1240E0", "section_name" : "建國快往南 長春長安", "travel_speed" : 44, "level_name" : "壅塞", "level_color" : "#FA0300", "data_time" : "2025-12-29 12:48:00+00"}}, {"type" : "Feature", "geometry" : {"type":"Polygon","coordinates":[[[121.537596604,25.037430502],[121.537594282,25.037423153],[121.537593512,25.03741857],[121.537423574,25.036917704],[121.537386846,25.036191474],[121.537562113,25.035120307],[121.537563196,25.035106638],[121.537563185,25.035106591],[121.537563195,25.035106545],[121.537555336,25.033675172],[121.537547643,25.033640744],[121.537526035,25.033611533],[121.537493802,25.03359208],[121.537455852,25.033585345],[121.537417962,25.033592354],[121.537385899,25.03361204],[121.537364547,25.033641406],[121.537357155,25.033676075],[121.537364974,25.035100529],[121.537189402,25.036173541],[121.53718832,25.036187211],[121.537188765,25.03618921],[121.537188424,25.036191008],[121.537226177,25.036937518],[121.537227846,25.036944272],[121.537230492,25.036960024],[121.53740217,25.037466022],[121.53746823,25.037829962],[121.537474597,25.037850113],[121.537496205,25.037879324],[121.537528439,25.037898777],[121.537566391,25.037905512],[121.537604283,25.037898503],[121.537636346,25.037878816],[121.537657699,25.03784945],[121.537665092,25.037814874],[121.537663765,25.037800504],[121.537596604,25.037430502]]]}, "properties" : {"section_id" : "ZINKW40", "section_name" : "建國南路 仁愛路-信義路", "travel_speed" : 49, "level_name" : "壅塞", "level_color" : "#FA0300", "data_time" : "2025-12-29 12:48:00+00"}}, {"type" : "Feature", "geometry" : {"type":"Polygon","coordinates":[[[121.537455526,25.025823587],[121.537447841,25.025789944],[121.537426235,25.025760733],[121.537394004,25.025741279],[121.537356056,25.025734544],[121.537318168,25.025741553],[121.537286108,25.02576124],[121.537264757,25.025790606],[121.537257373,25.025826059],[121.537368117,25.033194736],[121.537375802,25.033228379],[121.53739741,25.03325759],[121.537429643,25.033277044],[121.537467593,25.033283778],[121.537505483,25.033276769],[121.537537546,25.033257083],[121.537558898,25.033227716],[121.537566282,25.033192263],[121.537455526,25.025823587]]]}, "properties" : {"section_id" : "ZHMKW40", "section_name" : "建國南路 信義路-和平東路", "travel_speed" : 71, "level_name" : "順暢", "level_color" : "#19FF1C", "data_time" : "2025-12-29 12:48:00+00"}}, {"type" : "Feature", "geometry" : {"type":"Polygon","coordinates":[[[121.533507336,25.022636643],[121.53350807,25.022636779],[121.534623263,25.02264975],[121.534662805,25.022642748],[121.534694865,25.022623062],[121.534716217,25.022593696],[121.534723609,25.022559121],[121.534715917,25.0225246],[121.534694312,25.022495388],[121.534662083,25.022475934],[121.534625791,25.022469204],[121.533516657,25.022456304],[121.533011993,25.022393903],[121.532651733,25.022256018],[121.532651324,25.022255944],[121.532650968,25.022255729],[121.532224171,25.022096188],[121.531782176,25.021749061],[121.53082727,25.020938117],[121.53082542,25.020937038],[121.530824434,25.020935799],[121.529710889,25.020060538],[121.529683728,25.020045355],[121.529645782,25.020038618],[121.529607896,25.020045625],[121.529575836,25.020065309],[121.529554483,25.020094675],[121.52954709,25.02012925],[121.52955478,25.020163772],[121.529581451,25.020197256],[121.530693554,25.021071385],[121.531648474,25.021882342],[121.531650344,25.021883433],[121.53165134,25.021884683],[121.532106983,25.022242529],[121.532133859,25.022257546],[121.532134065,25.02225767],[121.53257537,25.022422634],[121.532947321,25.022564993],[121.532947757,25.022565072],[121.532948136,25.022565301],[121.532972369,25.022571218],[121.533496011,25.022635967],[121.533507336,25.022636643]]]}, "properties" : {"section_id" : "Z3320G0", "section_name" : "辛亥高架 新生泰順", "travel_speed" : 60, "level_name" : "車多", "level_color" : "#F8C920", "data_time" : "2025-12-29 12:48:00+00"}}, {"type" : "Feature", "geometry" : {"type":"Polygon","coordinates":[[[121.537054812,25.05479967],[121.537054932,25.054800187],[121.537054837,25.05480066],[121.537140946,25.057606344],[121.537148603,25.0576387],[121.537170215,25.057667911],[121.537202454,25.057687365],[121.537240412,25.0576941],[121.53727831,25.05768709],[121.537310379,25.057667404],[121.537331735,25.057638038],[121.537339091,25.057601298],[121.537252992,25.054796109],[121.537203251,25.052128109],[121.53719557,25.052094763],[121.537173959,25.052065552],[121.537141721,25.052046098],[121.537103765,25.052039363],[121.537065869,25.052046373],[121.537033802,25.052066059],[121.537012446,25.052095425],[121.537005066,25.052131175],[121.537054812,25.05479967]]]}, "properties" : {"section_id" : "ZN5KR00", "section_name" : "建國北路 南京東路-民生東路", "travel_speed" : 30, "level_name" : "壅塞", "level_color" : "#FA0300", "data_time" : "2025-12-29 12:48:00+00"}}, {"type" : "Feature", "geometry" : {"type":"Polygon","coordinates":[[[121.53697023,25.051713937],[121.536977904,25.051746947],[121.536999515,25.051776158],[121.537031752,25.051795612],[121.537069708,25.051802346],[121.537107604,25.051795337],[121.537139671,25.051775651],[121.537161027,25.051746285],[121.5371684,25.051710198],[121.537093868,25.048431844],[121.537086194,25.048398834],[121.537064584,25.048369623],[121.537032347,25.048350169],[121.536994392,25.048343434],[121.536956497,25.048350443],[121.536924431,25.04837013],[121.536903076,25.048399496],[121.536895703,25.048435582],[121.53697023,25.051713937]]]}, "properties" : {"section_id" : "ZLAKQ20", "section_name" : "建國北路 長安東路-南京東路", "travel_speed" : 56, "level_name" : "車多", "level_color" : "#F8C920", "data_time" : "2025-12-29 12:48:00+00"}}, {"type" : "Feature", "geometry" : {"type":"Polygon","coordinates":[[[121.544432621,25.041313729],[121.544430727,25.041313444],[121.543945911,25.041340189],[121.54391361,25.041347035],[121.543881547,25.041366723],[121.543860195,25.04139609],[121.543852804,25.041430666],[121.543860499,25.041465187],[121.54388211,25.041494397],[121.543914346,25.041513849],[121.543957891,25.041520418],[121.544440628,25.041493788],[121.545055191,25.04148346],[121.545976118,25.041473876],[121.546013277,25.04146687],[121.54604534,25.041447182],[121.546066692,25.041417814],[121.546074082,25.041383238],[121.546066386,25.041348718],[121.546044775,25.041319508],[121.546012539,25.041300056],[121.545973853,25.041293328],[121.54505258,25.041302916],[121.545052223,25.041302984],[121.545051884,25.041302926],[121.54443489,25.041313294],[121.544432621,25.041313729]]]}, "properties" : {"section_id" : "ZJHML20", "section_name" : "忠孝東路 復興南路-大安路", "travel_speed" : 51, "level_name" : "車多", "level_color" : "#F8C920", "data_time" : "2025-12-29 12:48:00+00"}}, {"type" : "Feature", "geometry" : {"type":"Polygon","coordinates":[[[121.53810629,25.037870646],[121.538106685,25.037868706],[121.538074526,25.036507277],[121.538066854,25.036474339],[121.538045246,25.036445128],[121.538013012,25.036425675],[121.537975061,25.03641894],[121.53793717,25.036425949],[121.537905107,25.036445636],[121.537883754,25.036475002],[121.537876384,25.036511161],[121.537908495,25.037870671],[121.537875544,25.039298519],[121.537813719,25.039860908],[121.537661173,25.040366647],[121.537428612,25.041071112],[121.537424414,25.041097472],[121.537432108,25.041131993],[121.537453718,25.041161204],[121.537485952,25.041180658],[121.537523905,25.041187393],[121.537561798,25.041180383],[121.537593862,25.041160697],[121.537615216,25.041131331],[121.53761841,25.041123115],[121.537851312,25.040417612],[121.537851402,25.040417048],[121.537851969,25.040415533],[121.538007044,25.039901406],[121.538008226,25.039893307],[121.538010093,25.039886481],[121.53807314,25.039312971],[121.538073484,25.039306428],[121.538073611,25.039305872],[121.538106686,25.037872546],[121.53810629,25.037870646]]]}, "properties" : {"section_id" : "Z1020A0", "section_name" : "建國快往北 信義仁愛", "travel_speed" : 55, "level_name" : "車多", "level_color" : "#F8C920", "data_time" : "2025-12-29 12:48:00+00"}}, {"type" : "Feature", "geometry" : {"type":"Polygon","coordinates":[[[121.537882768,25.036474556],[121.537890454,25.036508246],[121.537912062,25.036537456],[121.537944296,25.03655691],[121.537982247,25.036563645],[121.538020138,25.036556635],[121.538052201,25.036536949],[121.538073554,25.036507582],[121.538080939,25.036472176],[121.537968281,25.028685949],[121.537960595,25.028652259],[121.537938988,25.028623048],[121.537906757,25.028603594],[121.537868808,25.02859686],[121.537830919,25.028603869],[121.537798858,25.028623555],[121.537777506,25.028652922],[121.537770122,25.028688329],[121.537882768,25.036474556]]]}, "properties" : {"section_id" : "Z1010A1", "section_name" : "建國快往北 和平信義", "travel_speed" : 46, "level_name" : "壅塞", "level_color" : "#FA0300", "data_time" : "2025-12-29 12:48:00+00"}}, {"type" : "Feature", "geometry" : {"type":"Polygon","coordinates":[[[121.49880101,25.10465586],[121.49880078,25.104654706],[121.498801077,25.104653374],[121.498829925,25.10224408],[121.498822243,25.10220824],[121.498800632,25.102179024],[121.498768387,25.102159562],[121.498730417,25.102152817],[121.498692504,25.102159817],[121.498660417,25.102179495],[121.498639044,25.102208856],[121.498631642,25.102242112],[121.498602804,25.104650162],[121.498529545,25.106384325],[121.49853716,25.106422651],[121.498558771,25.106451867],[121.498591017,25.106471329],[121.498628988,25.106478074],[121.498666904,25.106471074],[121.498698991,25.106451396],[121.498720365,25.106422035],[121.4987277,25.106391265],[121.49880101,25.10465586]]]}, "properties" : {"section_id" : "Z8230E0", "section_name" : "洲美往南　焚化廠南", "travel_speed" : 68, "level_name" : "順暢", "level_color" : "#19FF1C", "data_time" : "2025-12-29 12:48:00+00"}}, {"type" : "Feature", "geometry" : {"type":"Polygon","coordinates":[[[121.527391217,25.062536079],[121.527425672,25.062529139],[121.527457743,25.062509454],[121.527479103,25.06248009],[121.5274865,25.062445514],[121.527478807,25.062410993],[121.527457196,25.062381781],[121.527424958,25.062362325],[121.527383554,25.062355654],[121.522860512,25.062514971],[121.522826056,25.06252191],[121.522793984,25.062541593],[121.522772623,25.062570957],[121.522765225,25.062605532],[121.522772917,25.062640054],[121.522794526,25.062669267],[121.522826764,25.062688724],[121.522868168,25.062695396],[121.527391217,25.062536079]]]}, "properties" : {"section_id" : "ZP6IG60", "section_name" : "民權東路 中山北路-新生北路", "travel_speed" : 79, "level_name" : "順暢", "level_color" : "#19FF1C", "data_time" : "2025-12-29 12:48:00+00"}}, {"type" : "Feature", "geometry" : {"type":"Polygon","coordinates":[[[121.498836383,25.101200234],[121.498836271,25.101199718],[121.498836385,25.101199187],[121.49883247,25.101174398],[121.498236625,25.099301638],[121.498232854,25.099291904],[121.498211243,25.099262688],[121.498178999,25.099243226],[121.49814103,25.099236481],[121.498103117,25.099243481],[121.498071032,25.099263159],[121.498049658,25.09929252],[121.498042251,25.099327093],[121.498046166,25.099351882],[121.498637981,25.101211984],[121.498629228,25.102219675],[121.498636913,25.102255245],[121.498658524,25.102284461],[121.498690769,25.102303923],[121.498728739,25.102310668],[121.498766653,25.102303668],[121.498798739,25.10228399],[121.498820113,25.102254629],[121.498827517,25.102221103],[121.498836383,25.101200234]]]}, "properties" : {"section_id" : "Z8240E0", "section_name" : "洲美往南　福國路段", "travel_speed" : 77, "level_name" : "順暢", "level_color" : "#19FF1C", "data_time" : "2025-12-29 12:48:00+00"}}, {"type" : "Feature", "geometry" : {"type":"Polygon","coordinates":[[[121.497807355,25.098674026],[121.497807516,25.098674882],[121.498047543,25.099302871],[121.498071332,25.099337268],[121.498103576,25.09935673],[121.498141545,25.099363475],[121.498179458,25.099356476],[121.498211543,25.099336798],[121.498232916,25.099307437],[121.498240324,25.099272863],[121.498234815,25.099243521],[121.497995048,25.098616215],[121.4977174,25.097850482],[121.497717259,25.097850274],[121.497717195,25.097849922],[121.497181859,25.096405254],[121.497023665,25.095738013],[121.497054356,25.095024123],[121.497597712,25.093773821],[121.497604667,25.093740269],[121.497596981,25.093705746],[121.497575372,25.093676529],[121.497543129,25.093657067],[121.497505162,25.093650322],[121.497467251,25.093657322],[121.497435166,25.093676999],[121.497413342,25.093707381],[121.496863765,25.094971992],[121.496862395,25.094978603],[121.496856885,25.095001681],[121.496825041,25.095742366],[121.496825403,25.09574419],[121.496824966,25.09574623],[121.496827198,25.095764949],[121.49698922,25.09644834],[121.496991725,25.096455599],[121.49699219,25.096458152],[121.497529211,25.097907371],[121.497807005,25.098673512],[121.497807355,25.098674026]]]}, "properties" : {"section_id" : "Z8250E0", "section_name" : "洲美往南　跨河橋段", "travel_speed" : 71, "level_name" : "順暢", "level_color" : "#19FF1C", "data_time" : "2025-12-29 12:48:00+00"}}, {"type" : "Feature", "geometry" : {"type":"Polygon","coordinates":[[[121.498674952,25.112843744],[121.498677212,25.112851651],[121.498678485,25.112859466],[121.498887588,25.113495511],[121.498891113,25.113504479],[121.49889204,25.113505733],[121.498892368,25.113507092],[121.499509608,25.114739001],[121.499686471,25.115261733],[121.499784695,25.115761842],[121.499790234,25.116002629],[121.499790855,25.116005299],[121.499790485,25.116007423],[121.499816641,25.116328165],[121.499802391,25.117484373],[121.499802788,25.117486227],[121.499802427,25.117488034],[121.499824145,25.118161782],[121.499821976,25.119190849],[121.49981341,25.119368471],[121.499813586,25.11936937],[121.499813338,25.119370452],[121.499809432,25.119532597],[121.499783932,25.119721464],[121.499783192,25.119732812],[121.49979088,25.119767335],[121.499812495,25.119796551],[121.499844745,25.119816012],[121.49988272,25.119822757],[121.499920639,25.119815756],[121.49995273,25.119796078],[121.499974106,25.119766717],[121.499980774,25.119743492],[121.500006881,25.119550125],[121.500007419,25.11954187],[121.500007598,25.11954109],[121.50001159,25.119375402],[121.500020199,25.119196876],[121.500019854,25.119195113],[121.500020294,25.119193089],[121.500022468,25.118160718],[121.500022151,25.118159272],[121.500022426,25.118157896],[121.50000072,25.117484568],[121.500014994,25.116326336],[121.500014108,25.116322198],[121.500014728,25.116318639],[121.499988453,25.115996448],[121.499982806,25.115751006],[121.499982572,25.115750001],[121.49998128,25.115737005],[121.499880626,25.115224527],[121.499878437,25.115217768],[121.499877779,25.115213841],[121.499697247,25.114680265],[121.499693952,25.114671986],[121.499693025,25.114670732],[121.499692698,25.114669373],[121.49907562,25.113437794],[121.498871006,25.112815408],[121.498868962,25.112798981],[121.498861904,25.11277429],[121.49884029,25.112745074],[121.498808043,25.112725613],[121.49877007,25.112718868],[121.498732152,25.112725868],[121.498700064,25.112745546],[121.498678688,25.112774907],[121.498671281,25.11280948],[121.498671911,25.112819313],[121.498674952,25.112843744]]]}, "properties" : {"section_id" : "Z8040A1", "section_name" : "洲美往北 往大度", "travel_speed" : 78, "level_name" : "順暢", "level_color" : "#19FF1C", "data_time" : "2025-12-29 12:48:00+00"}}, {"type" : "Feature", "geometry" : {"type":"Polygon","coordinates":[[[121.499350451,25.107217244],[121.499351029,25.107214545],[121.499349932,25.107201482],[121.499237112,25.106516897],[121.499230522,25.106495437],[121.49920891,25.106466221],[121.499176664,25.106446759],[121.499138692,25.106440015],[121.499100777,25.106447015],[121.49906869,25.106466693],[121.499047316,25.106496054],[121.499039909,25.106530628],[121.499041006,25.10654369],[121.499152341,25.107219275],[121.498896519,25.111692616],[121.498904074,25.111732167],[121.498925686,25.111761384],[121.498957934,25.111780845],[121.498995907,25.11178759],[121.499033824,25.11178059],[121.499065912,25.111760912],[121.499087287,25.111731551],[121.499094561,25.111702005],[121.499350896,25.107219574],[121.499350451,25.107217244]]]}, "properties" : {"section_id" : "ZLGGYA0", "section_name" : "洲美往北　北投匝道", "travel_speed" : 78, "level_name" : "順暢", "level_color" : "#19FF1C", "data_time" : "2025-12-29 12:48:00+00"}}, {"type" : "Feature", "geometry" : {"type":"Polygon","coordinates":[[[121.498911549,25.106478208],[121.49891918,25.106516137],[121.498940792,25.106545354],[121.498973038,25.106564815],[121.499011009,25.10657156],[121.499048924,25.10656456],[121.499081012,25.106544882],[121.499102386,25.106515521],[121.499109736,25.106484354],[121.499253902,25.102629578],[121.499246272,25.102591649],[121.49922466,25.102562432],[121.499192415,25.102542971],[121.499154445,25.102536226],[121.499116531,25.102543226],[121.499084445,25.102562904],[121.499063072,25.102592265],[121.499055721,25.102623433],[121.498911549,25.106478208]]]}, "properties" : {"section_id" : "Z8030A0", "section_name" : "洲美往北　焚化廠南", "travel_speed" : 91, "level_name" : "順暢", "level_color" : "#19FF1C", "data_time" : "2025-12-29 12:48:00+00"}}, {"type" : "Feature", "geometry" : {"type":"Polygon","coordinates":[[[121.546506388,25.01901795],[121.546506099,25.01901778],[121.54650593,25.019017559],[121.53795745,25.011775697],[121.537927538,25.01175827],[121.537889595,25.011751535],[121.537851711,25.011758544],[121.537819654,25.011778231],[121.537798306,25.011807597],[121.537790914,25.011842173],[121.537798606,25.011876694],[121.537822526,25.011907932],[121.546370778,25.019149607],[121.548038054,25.020579921],[121.548068427,25.020597737],[121.548106374,25.020604469],[121.54814426,25.020597457],[121.548176317,25.020577768],[121.548197665,25.020548401],[121.548205053,25.020513824],[121.548197358,25.020479304],[121.548173892,25.020448458],[121.546506388,25.01901795]]]}, "properties" : {"section_id" : "Z2320G0", "section_name" : "基隆快往西 敦化羅斯福", "travel_speed" : 56, "level_name" : "車多", "level_color" : "#F8C920", "data_time" : "2025-12-29 12:48:00+00"}}, {"type" : "Feature", "geometry" : {"type":"Polygon","coordinates":[[[121.50483772,25.033088462],[121.504838894,25.033090741],[121.50501326,25.033394707],[121.505031274,25.033416966],[121.505063502,25.033436427],[121.505101451,25.03344317],[121.505139343,25.033436169],[121.505171411,25.03341649],[121.505192771,25.033387128],[121.505200172,25.033352554],[121.505192488,25.033318031],[121.505188903,25.033311074],[121.505015285,25.033008412],[121.504799903,25.032601132],[121.50479911,25.032600119],[121.504796113,25.032594654],[121.504589358,25.032273392],[121.504393086,25.031919095],[121.504182872,25.03148235],[121.504097717,25.031289114],[121.504052313,25.030983122],[121.504049083,25.030644341],[121.504049044,25.030644167],[121.504048375,25.030634325],[121.503994463,25.030226661],[121.503998224,25.030074425],[121.504191898,25.029805841],[121.504484634,25.029479274],[121.504484976,25.029478751],[121.504486205,25.029477476],[121.50471497,25.029208577],[121.505078048,25.028795197],[121.505664486,25.028189002],[121.505664788,25.028188559],[121.505666717,25.028186612],[121.506248143,25.027541732],[121.506935141,25.026833167],[121.507545642,25.026311743],[121.507546103,25.026311134],[121.507546884,25.026310664],[121.508250926,25.025688119],[121.508251687,25.025687094],[121.508252839,25.02568638],[121.509003987,25.024984934],[121.509205941,25.024854007],[121.51195328,25.024084421],[121.511962426,25.024081404],[121.51199449,25.024061723],[121.512015847,25.02403236],[121.512023246,25.023997786],[121.51201556,25.023963263],[121.51199396,25.023934049],[121.511961734,25.023914589],[121.511923787,25.023907848],[121.511895044,25.023911833],[121.509132415,25.024685702],[121.50912327,25.024688718],[121.509104087,25.024698436],[121.508881841,25.024842518],[121.508868959,25.024852481],[121.508868718,25.024852812],[121.508868365,25.024853031],[121.508111942,25.025559404],[121.507409484,25.026180546],[121.506796204,25.026704343],[121.506793434,25.026708006],[121.506789709,25.026710439],[121.506098444,25.027423404],[121.506098137,25.027423854],[121.506096139,25.027425869],[121.505514678,25.028070788],[121.50492782,25.028677416],[121.504927391,25.028678045],[121.504924788,25.028680704],[121.504559758,25.029096308],[121.504559536,25.029096651],[121.504558808,25.029097407],[121.504330345,25.02936595],[121.504035158,25.02969525],[121.504033395,25.029697948],[121.504029088,25.029702786],[121.503816985,25.029996928],[121.503808113,25.030012262],[121.503800736,25.030044468],[121.503796175,25.030229035],[121.503796412,25.030230179],[121.50379615,25.030231403],[121.503796861,25.030241867],[121.503850958,25.030650935],[121.503854194,25.030990371],[121.503854241,25.030990578],[121.503855083,25.031001682],[121.503902973,25.031324429],[121.503908743,25.031343768],[121.503909215,25.031345971],[121.503999541,25.031550944],[121.504000421,25.031552152],[121.504000748,25.031553563],[121.504212666,25.031993848],[121.504214392,25.031996141],[121.504214953,25.03199827],[121.504413838,25.032357284],[121.50441463,25.032358277],[121.50441682,25.03236227],[121.504623112,25.032682814],[121.504837445,25.033088111],[121.50483772,25.033088462]]]}, "properties" : {"section_id" : "ZG7EQ00", "section_name" : "中華路 和平西路-水源路", "travel_speed" : 57, "level_name" : "車多", "level_color" : "#F8C920", "data_time" : "2025-12-29 12:48:00+00"}}, {"type" : "Feature", "geometry" : {"type":"Polygon","coordinates":[[[121.547686168,25.020021842],[121.547716168,25.020039339],[121.547754114,25.020046071],[121.547792,25.020039059],[121.547824057,25.020019371],[121.547845405,25.019990003],[121.547852794,25.019955427],[121.547845098,25.019920906],[121.547821259,25.019889742],[121.540874557,25.013991245],[121.54084456,25.013973747],[121.540806615,25.013967012],[121.540768731,25.013974022],[121.540736674,25.013993709],[121.540715326,25.014023076],[121.540707935,25.014057652],[121.540715628,25.014092173],[121.540739464,25.014123338],[121.547686168,25.020021842]]]}, "properties" : {"section_id" : "Z2120C0", "section_name" : "基隆快往東 辛亥敦化", "travel_speed" : 67, "level_name" : "順暢", "level_color" : "#19FF1C", "data_time" : "2025-12-29 12:48:00+00"}}, {"type" : "Feature", "geometry" : {"type":"Polygon","coordinates":[[[121.572903553,25.070500005],[121.572903158,25.07050211],[121.57291416,25.070700227],[121.57292174,25.070730568],[121.572943363,25.070759774],[121.572975611,25.07077922],[121.573013574,25.070785945],[121.573051474,25.070778927],[121.57308354,25.070759233],[121.57310489,25.070729861],[121.573112149,25.070691107],[121.573101271,25.070495217],[121.573100744,25.070076626],[121.573100628,25.070076101],[121.573100736,25.070075582],[121.573094041,25.069595808],[121.573093925,25.069595296],[121.573092588,25.069581511],[121.573022975,25.06921635],[121.57302001,25.069207112],[121.573019263,25.069203008],[121.572888853,25.068849937],[121.572693079,25.068310075],[121.572692976,25.068309923],[121.572692929,25.068309664],[121.572519096,25.067837929],[121.572517528,25.067835635],[121.572516803,25.067832329],[121.572358064,25.067480626],[121.572250399,25.067118379],[121.572133472,25.066619206],[121.572134144,25.066187481],[121.57213368,25.066185374],[121.572134051,25.066183438],[121.572113276,25.065747489],[121.572146045,25.065283997],[121.572180314,25.064951019],[121.572180745,25.064942211],[121.57217304,25.064907692],[121.572151418,25.064878487],[121.572119172,25.064859041],[121.57208121,25.064852315],[121.572043312,25.064859333],[121.572011248,25.064879027],[121.571989898,25.064908398],[121.571982946,25.064934167],[121.571948542,25.065268456],[121.571948437,25.065270594],[121.571948314,25.06527108],[121.571915108,25.065740741],[121.571915966,25.065745394],[121.571914997,25.065750458],[121.571935906,25.066189247],[121.571935222,25.066628538],[121.571935277,25.066628792],[121.571935222,25.066629048],[121.571937403,25.066647504],[121.572057086,25.067158445],[121.572058065,25.067161293],[121.572058348,25.067163198],[121.572168344,25.067533289],[121.572172281,25.067543736],[121.572172344,25.067544024],[121.572332206,25.067898215],[121.572504918,25.068366909],[121.572700701,25.068906801],[121.57270082,25.068906975],[121.572700874,25.068907273],[121.572828954,25.069254038],[121.572895917,25.069605303],[121.572902504,25.070077354],[121.572903032,25.070497654],[121.572903553,25.070500005]]]}, "properties" : {"section_id" : "ZPMSV40", "section_name" : "堤頂大道 舊宗路-民權東路", "travel_speed" : 56, "level_name" : "車多", "level_color" : "#F8C920", "data_time" : "2025-12-29 12:48:00+00"}}, {"type" : "Feature", "geometry" : {"type":"Polygon","coordinates":[[[121.572442129,25.074090762],[121.57244312,25.074089008],[121.57244395,25.074088021],[121.572538106,25.073940458],[121.572544141,25.073929292],[121.572544158,25.073929215],[121.572544205,25.07392915],[121.572655408,25.073680475],[121.572655544,25.073679834],[121.572655919,25.07367931],[121.572792892,25.073360391],[121.57279305,25.073359621],[121.572797034,25.073348312],[121.57287398,25.073052441],[121.572873988,25.073052377],[121.572874021,25.073052286],[121.572968497,25.072686128],[121.572969275,25.072679903],[121.572970517,25.072675466],[121.57303051,25.072184777],[121.573030735,25.072180933],[121.573030948,25.072180079],[121.573065099,25.071650502],[121.573064856,25.071649205],[121.573065236,25.071647557],[121.57307369,25.071351619],[121.573073606,25.071351206],[121.573073711,25.071350738],[121.573081931,25.070890355],[121.573074238,25.070853986],[121.573052615,25.07082478],[121.573020367,25.070805335],[121.572982403,25.070798609],[121.572944503,25.070805627],[121.572912438,25.070825321],[121.572891087,25.070854693],[121.572883715,25.070887419],[121.572875502,25.071347362],[121.572867102,25.071641387],[121.572833197,25.072167138],[121.572774148,25.072650098],[121.572681052,25.073010902],[121.572605731,25.073300523],[121.572471545,25.07361295],[121.572363216,25.073855196],[121.572273428,25.073995914],[121.57206764,25.07429359],[121.572059783,25.074307497],[121.572052399,25.074342074],[121.572060104,25.074376593],[121.572081728,25.074405799],[121.572113977,25.074425244],[121.572151941,25.07443197],[121.572189842,25.074424952],[121.572221909,25.074405258],[121.572235404,25.074389794],[121.572442129,25.074090762]]]}, "properties" : {"section_id" : "ZPMSV41", "section_name" : "堤頂大道 港墘路-舊宗路", "travel_speed" : 56, "level_name" : "車多", "level_color" : "#F8C920", "data_time" : "2025-12-29 12:48:00+00"}}, {"type" : "Feature", "geometry" : {"type":"Polygon","coordinates":[[[121.562471832,25.08082799],[121.56246569,25.080838961],[121.562465076,25.080839789],[121.562244267,25.081306414],[121.562244104,25.081307144],[121.562243628,25.081307798],[121.562034779,25.081770153],[121.562034698,25.081770527],[121.562034471,25.081770842],[121.561778336,25.082351417],[121.561777578,25.082355028],[121.561775923,25.08235751],[121.561583689,25.082903496],[121.561354586,25.083369808],[121.56135399,25.083372373],[121.561352403,25.083374618],[121.56117918,25.083789866],[121.561018941,25.084044195],[121.560787697,25.084327426],[121.560775506,25.084347091],[121.560768117,25.084381668],[121.560775821,25.084416187],[121.560797443,25.084445394],[121.560829693,25.084464843],[121.56086766,25.084471571],[121.560905565,25.084464556],[121.560937636,25.084444864],[121.560946801,25.08443516],[121.561181551,25.084147634],[121.561184542,25.084142809],[121.561187983,25.084138697],[121.561355049,25.083873532],[121.561360808,25.083862804],[121.561361062,25.083861616],[121.561361736,25.083860664],[121.561536727,25.083441175],[121.561766899,25.082972684],[121.561768124,25.082967406],[121.56177081,25.082963378],[121.56196363,25.082415726],[121.562218286,25.081838501],[121.562426666,25.081377184],[121.562644248,25.080917375],[121.562966055,25.080444081],[121.562973516,25.080430753],[121.562980904,25.080396176],[121.5629732,25.080361657],[121.562951578,25.08033245],[121.562919329,25.080313002],[121.562881362,25.080306274],[121.562843459,25.08031329],[121.562811389,25.080332982],[121.562797496,25.080349024],[121.562471832,25.08082799]]]}, "properties" : {"section_id" : "ZTXQL00", "section_name" : "堤頂大道 樂群二路-內湖路", "travel_speed" : 44, "level_name" : "壅塞", "level_color" : "#FA0300", "data_time" : "2025-12-29 12:48:00+00"}}, {"type" : "Feature", "geometry" : {"type":"Polygon","coordinates":[[[121.563956693,25.079054522],[121.563946495,25.079062685],[121.563945215,25.079064445],[121.563943529,25.079065529],[121.56365634,25.079353259],[121.563655862,25.079353948],[121.563652022,25.079357888],[121.563352565,25.079701782],[121.563058986,25.080038459],[121.563058149,25.080039759],[121.563055913,25.080042175],[121.562866371,25.08028416],[121.562855331,25.080302388],[121.562847943,25.080336964],[121.562855647,25.080371484],[121.562877269,25.08040069],[121.562909518,25.080420138],[121.562947484,25.080426866],[121.562985388,25.080419851],[121.563017458,25.080400159],[121.563027772,25.080389016],[121.56321583,25.080148925],[121.563507841,25.079814046],[121.563507851,25.079814031],[121.563507882,25.079813998],[121.563805287,25.079472462],[121.564084198,25.079193026],[121.564278222,25.079057996],[121.56428842,25.079049833],[121.564309774,25.079020463],[121.564317161,25.078985887],[121.564309457,25.078951367],[121.564287835,25.078922161],[121.564255586,25.078902713],[121.56421762,25.078895985],[121.564179718,25.078903002],[121.564157846,25.078914531],[121.563956693,25.079054522]]]}, "properties" : {"section_id" : "ZT5QV00", "section_name" : "堤頂大道 基湖路-樂群二路", "travel_speed" : 46, "level_name" : "壅塞", "level_color" : "#FA0300", "data_time" : "2025-12-29 12:48:00+00"}}, {"type" : "Feature", "geometry" : {"type":"Polygon","coordinates":[[[121.567743936,25.077644866],[121.567743007,25.077645391],[121.567741513,25.077645633],[121.56704664,25.077874803],[121.566244892,25.078092247],[121.565661137,25.078247782],[121.565656267,25.078249354],[121.565655343,25.078249503],[121.565287198,25.078370411],[121.565286044,25.078371082],[121.565284422,25.078371366],[121.564916645,25.078503609],[121.564916169,25.078503895],[121.564915566,25.078504004],[121.564651276,25.078602315],[121.564650898,25.078602545],[121.564650441,25.078602629],[121.564625834,25.078616133],[121.564455848,25.078743313],[121.564448386,25.078749502],[121.564427032,25.078778872],[121.564419645,25.078813448],[121.564427349,25.078847968],[121.564448972,25.078877174],[121.56448122,25.078896622],[121.564519186,25.078903349],[121.564557089,25.078896333],[121.564581696,25.078882829],[121.564740108,25.078764309],[121.564989991,25.078671357],[121.565355848,25.078539804],[121.56571973,25.078420296],[121.566300788,25.07826548],[121.566301114,25.078265375],[121.566301246,25.078265357],[121.567105979,25.078047103],[121.567110598,25.0780456],[121.567111439,25.078045464],[121.56780781,25.0778158],[121.568617396,25.077570185],[121.568656455,25.077548101],[121.568677808,25.07751873],[121.568685194,25.077484154],[121.568677489,25.077449635],[121.568655866,25.077420429],[121.568623616,25.077400982],[121.568585651,25.077394255],[121.568554739,25.077398882],[121.567743936,25.077644866]]]}, "properties" : {"section_id" : "ZSPRA60", "section_name" : "堤頂大道 樂群一路-基湖路", "travel_speed" : 63, "level_name" : "車多", "level_color" : "#F8C920", "data_time" : "2025-12-29 12:48:00+00"}}, {"type" : "Feature", "geometry" : {"type":"Polygon","coordinates":[[[121.572262932,25.07509099],[121.572265194,25.075088058],[121.572419688,25.074792442],[121.572429309,25.07475326],[121.572421603,25.074718741],[121.57239998,25.074689536],[121.572367731,25.07467009],[121.572329766,25.074663364],[121.572291865,25.074670382],[121.572259798,25.074690076],[121.572240683,25.074714842],[121.572089672,25.075003792],[121.571862817,25.075301032],[121.571861994,25.07530241],[121.571860856,25.075303701],[121.571646376,25.075607215],[121.571646369,25.075607226],[121.57143305,25.075909004],[121.571204906,25.076199874],[121.571003308,25.076420514],[121.570779663,25.076638238],[121.570452387,25.076861114],[121.570004167,25.077036426],[121.569514506,25.077191092],[121.568798684,25.077348087],[121.568783572,25.077352596],[121.568751504,25.077372289],[121.568730151,25.07740166],[121.568722765,25.077436236],[121.56873047,25.077470756],[121.568752093,25.077499962],[121.568784342,25.077519408],[121.568822308,25.077526135],[121.568845098,25.077523626],[121.569565625,25.0773656],[121.569572856,25.077363443],[121.569574898,25.077363126],[121.570072493,25.077205952],[121.570075322,25.077204331],[121.570079128,25.07720361],[121.570541437,25.077022788],[121.570542517,25.077022119],[121.570561681,25.077012137],[121.570905414,25.076778053],[121.570916441,25.076769318],[121.570917282,25.076768162],[121.570918441,25.076767428],[121.571150049,25.076541952],[121.57115032,25.076541567],[121.571153856,25.076538023],[121.571359635,25.076312807],[121.571360668,25.076311243],[121.5713641,25.076307537],[121.57159576,25.076012183],[121.571596845,25.076010393],[121.571598447,25.076008575],[121.57181307,25.075704953],[121.571813073,25.075704947],[121.571813077,25.075704943],[121.57202661,25.075402768],[121.572257085,25.075100785],[121.572262932,25.07509099]]]}, "properties" : {"section_id" : "ZSGRX60", "section_name" : "堤頂大道 港墘路-樂群一路", "travel_speed" : 55, "level_name" : "車多", "level_color" : "#F8C920", "data_time" : "2025-12-29 12:48:00+00"}}, {"type" : "Feature", "geometry" : {"type":"Polygon","coordinates":[[[121.573479514,25.071253381],[121.573479778,25.071252155],[121.573479768,25.070765906],[121.573472061,25.070731006],[121.573450438,25.070701801],[121.57341819,25.070682355],[121.573380226,25.07067563],[121.573342327,25.070682648],[121.573310261,25.070702342],[121.573288911,25.070731713],[121.573281526,25.070765909],[121.573281535,25.071250983],[121.573273157,25.071544273],[121.573239254,25.072070025],[121.573180206,25.072552984],[121.573087112,25.072913789],[121.573012254,25.073201633],[121.572724302,25.073800036],[121.572715967,25.073836657],[121.572723673,25.073871176],[121.572745296,25.073900381],[121.572777545,25.073919827],[121.57281551,25.073926552],[121.572853411,25.073919534],[121.572885477,25.07389984],[121.572905877,25.073872513],[121.573197428,25.073266628],[121.573197672,25.073265557],[121.573198379,25.073264584],[121.573203095,25.073251198],[121.573280041,25.072955327],[121.573280049,25.072955263],[121.573280081,25.072955172],[121.573374556,25.072589014],[121.573375333,25.072582788],[121.573376576,25.072578352],[121.573436567,25.072087663],[121.573436792,25.072083818],[121.573437006,25.072082965],[121.573471154,25.071553388],[121.573470911,25.07155209],[121.573471292,25.071550443],[121.573479745,25.071254504],[121.573479514,25.071253381]]]}, "properties" : {"section_id" : "ZRPSV00", "section_name" : "堤頂大道 舊宗路-港墘路", "travel_speed" : 40, "level_name" : "壅塞", "level_color" : "#FA0300", "data_time" : "2025-12-29 12:48:00+00"}}, {"type" : "Feature", "geometry" : {"type":"Polygon","coordinates":[[[121.57235245,25.06539679],[121.572352087,25.065402866],[121.572351882,25.065403732],[121.572340196,25.065701372],[121.572315887,25.066085143],[121.572316322,25.066087453],[121.572315723,25.066090215],[121.572315037,25.066531528],[121.572315092,25.066531782],[121.572315038,25.066532038],[121.572317218,25.066550494],[121.572436902,25.067061435],[121.572437882,25.067064282],[121.572438164,25.067066188],[121.572548161,25.067436278],[121.572552099,25.067446725],[121.572552162,25.067447013],[121.572712024,25.067801204],[121.572884737,25.068269898],[121.573080522,25.068809789],[121.573080641,25.068809963],[121.573080695,25.068810261],[121.573208776,25.069157026],[121.57327574,25.069508291],[121.573282329,25.069980342],[121.573282858,25.070400641],[121.573283379,25.070402993],[121.573282984,25.070405098],[121.573293986,25.070603214],[121.573301567,25.070633556],[121.57332319,25.070662761],[121.573355438,25.070682207],[121.573393401,25.070688932],[121.573431301,25.070681914],[121.573463367,25.07066222],[121.573484717,25.070632848],[121.573491976,25.070594094],[121.573481097,25.070398204],[121.573480569,25.069979613],[121.573480453,25.069979088],[121.573480561,25.069978569],[121.573473864,25.069498794],[121.573473748,25.069498283],[121.573472411,25.069484498],[121.573402797,25.069119337],[121.573399832,25.069110099],[121.573399085,25.069105995],[121.573268674,25.068752924],[121.573072899,25.068213063],[121.573072796,25.068212911],[121.573072748,25.068212652],[121.572898914,25.067740918],[121.572897347,25.067738623],[121.572896622,25.067735318],[121.572737881,25.067383615],[121.572630215,25.067021368],[121.572513287,25.066522196],[121.572513954,25.066093009],[121.572538164,25.065710786],[121.572538002,25.065709925],[121.572538265,25.065708812],[121.572549853,25.065413666],[121.572574703,25.065213993],[121.572575333,25.065203443],[121.572567627,25.065168924],[121.572546006,25.065139718],[121.572513759,25.065120272],[121.572475797,25.065113546],[121.572437899,25.065120565],[121.572405835,25.065140259],[121.572384485,25.06516963],[121.572377731,25.065193656],[121.57235245,25.06539679]]]}, "properties" : {"section_id" : "ZRPSV01", "section_name" : "堤頂大道 民權東路-高速公路", "travel_speed" : 60, "level_name" : "車多", "level_color" : "#F8C920", "data_time" : "2025-12-29 12:48:00+00"}}, {"type" : "Feature", "geometry" : {"type":"Polygon","coordinates":[[[121.532937503,25.068181533],[121.532973776,25.068174543],[121.533005848,25.068154857],[121.533027207,25.068125492],[121.533034602,25.068090916],[121.533026908,25.068056395],[121.533005295,25.068027184],[121.532973054,25.068007729],[121.532933464,25.068001012],[121.528147665,25.068089775],[121.528111393,25.068096764],[121.52807932,25.068116448],[121.528057959,25.068145813],[121.528050562,25.068180388],[121.528058256,25.06821491],[121.528079868,25.068244122],[121.528112108,25.068263577],[121.528151698,25.068270296],[121.532937503,25.068181533]]]}, "properties" : {"section_id" : "ZQEJF20", "section_name" : "民族東路 新生北路-松江路", "travel_speed" : 70, "level_name" : "順暢", "level_color" : "#19FF1C", "data_time" : "2025-12-29 12:48:00+00"}}, {"type" : "Feature", "geometry" : {"type":"Polygon","coordinates":[[[121.522919504,25.054699753],[121.522883114,25.054706743],[121.522851044,25.054726426],[121.522829684,25.05475579],[121.522822286,25.054790365],[121.522829977,25.054824887],[121.522851585,25.0548541],[121.522883821,25.054873557],[121.522923285,25.05488028],[121.52736758,25.054802986],[121.527403971,25.054795995],[121.52743604,25.054776311],[121.527457398,25.054746946],[121.527464795,25.054712371],[121.527457103,25.05467785],[121.527435494,25.054648637],[121.527403257,25.054629181],[121.527363793,25.05462246],[121.522919504,25.054699753]]]}, "properties" : {"section_id" : "ZMFIG20", "section_name" : "長春路 中山北路-新生北路", "travel_speed" : 73, "level_name" : "順暢", "level_color" : "#19FF1C", "data_time" : "2025-12-29 12:48:00+00"}}, {"type" : "Feature", "geometry" : {"type":"Polygon","coordinates":[[[121.526281422,25.048632474],[121.526282586,25.048632118],[121.526283213,25.048632039],[121.527353076,25.04836279],[121.528201791,25.048181193],[121.52881569,25.04805992],[121.529155351,25.047999162],[121.529155406,25.047999146],[121.529155468,25.047999141],[121.529561585,25.047926033],[121.529580656,25.047920738],[121.529612723,25.047901053],[121.52963408,25.047871688],[121.529641475,25.047837113],[121.529633783,25.047802591],[121.529612174,25.047773379],[121.529579939,25.047753924],[121.529541985,25.047747187],[121.52952316,25.047748899],[121.529117101,25.047821996],[121.528776543,25.047882915],[121.52877559,25.047883179],[121.528774636,25.047883274],[121.528158955,25.048004898],[121.528158046,25.048005159],[121.528157296,25.04800524],[121.52730588,25.048187415],[121.527303526,25.048188111],[121.52730215,25.048188283],[121.526231327,25.048457774],[121.524629532,25.048831639],[121.524615849,25.048835821],[121.524583781,25.048855505],[121.524562423,25.048884869],[121.524555026,25.048919444],[121.524562717,25.048953966],[121.524584324,25.048983179],[121.524616559,25.049002635],[121.524654514,25.049009373],[121.524678727,25.049006549],[121.526281422,25.048632474]]]}, "properties" : {"section_id" : "ZKVJB60", "section_name" : "長安東路 林森北路-新生北路", "travel_speed" : 70, "level_name" : "順暢", "level_color" : "#19FF1C", "data_time" : "2025-12-29 12:48:00+00"}}, {"type" : "Feature", "geometry" : {"type":"Polygon","coordinates":[[[121.530967153,25.045944331],[121.530965919,25.045936662],[121.530510239,25.044531382],[121.530506606,25.044522083],[121.530484998,25.044492871],[121.530452764,25.044473416],[121.53041481,25.044466679],[121.530376916,25.044473686],[121.53034485,25.044493371],[121.530323494,25.044522736],[121.530316099,25.044557312],[121.530320158,25.044582534],[121.530773405,25.045980321],[121.53083202,25.046444304],[121.530796753,25.046831359],[121.530668598,25.047118073],[121.530423898,25.047550891],[121.529867399,25.048132345],[121.52985039,25.048157452],[121.529842995,25.048192028],[121.529850687,25.048226549],[121.529872296,25.048255761],[121.529904531,25.048275216],[121.529942486,25.048281953],[121.529980381,25.048274946],[121.530016797,25.048251003],[121.530581197,25.047661293],[121.530586541,25.047653404],[121.530594602,25.0476433],[121.530846825,25.047197175],[121.530850428,25.04719006],[121.530850448,25.047189966],[121.530850506,25.047189885],[121.530986046,25.046886649],[121.53098618,25.046886017],[121.530993023,25.04686007],[121.531030357,25.046450331],[121.531030696,25.046442509],[121.531030047,25.046432541],[121.530969329,25.045951916],[121.530967153,25.045944331]]]}, "properties" : {"section_id" : "ZN0B0E0", "section_name" : "新生高 八德路-長安東路", "travel_speed" : 62, "level_name" : "車多", "level_color" : "#F8C920", "data_time" : "2025-12-29 12:48:00+00"}}, {"type" : "Feature", "geometry" : {"type":"Polygon","coordinates":[[[121.527308932,25.065747356],[121.527308867,25.065747672],[121.527358225,25.068356224],[121.527365904,25.068389542],[121.527387516,25.068418754],[121.527419756,25.06843821],[121.527457717,25.068444947],[121.527495618,25.06843794],[121.527527691,25.068418256],[121.527549052,25.068388891],[121.527556435,25.068353113],[121.52750708,25.065744883],[121.527444769,25.060110573],[121.527444694,25.060110242],[121.527444759,25.060109926],[121.527346057,25.054892815],[121.527338379,25.054859497],[121.52731677,25.054830284],[121.527284533,25.054810828],[121.527246576,25.054804091],[121.527208679,25.054811098],[121.527176609,25.054830782],[121.527155251,25.054860147],[121.527147868,25.054895926],[121.527246556,25.060112714],[121.527308858,25.065747025],[121.527308932,25.065747356]]]}, "properties" : {"section_id" : "ZN2B0E0", "section_name" : "新生高 民族東路-常春路", "travel_speed" : 67, "level_name" : "順暢", "level_color" : "#19FF1C", "data_time" : "2025-12-29 12:48:00+00"}}, {"type" : "Feature", "geometry" : {"type":"Polygon","coordinates":[[[121.527077846,25.053977894],[121.527076852,25.053983587],[121.527147971,25.054866196],[121.527155398,25.054894461],[121.527177007,25.054923673],[121.527209244,25.054943129],[121.5272472,25.054949866],[121.527285098,25.05494286],[121.527317167,25.054923176],[121.527338526,25.054893811],[121.527345657,25.054852979],[121.527275002,25.053976145],[121.527327891,25.053098803],[121.527448697,25.052474864],[121.527448987,25.052471776],[121.527449486,25.052470032],[121.527522884,25.051917657],[121.527633389,25.05146529],[121.527801618,25.050999502],[121.528045294,25.050368188],[121.528337032,25.049752942],[121.528732374,25.049051699],[121.52928833,25.048221278],[121.529295428,25.048208494],[121.529302824,25.048173918],[121.529295131,25.048139397],[121.529273523,25.048110185],[121.529241288,25.048090729],[121.529203333,25.048083992],[121.529165438,25.048091],[121.52913337,25.048110684],[121.529119111,25.048127264],[121.528561264,25.048960507],[121.528558864,25.048964831],[121.528557717,25.04896627],[121.528159205,25.049673133],[121.5281566,25.049678286],[121.528156384,25.049678577],[121.527861964,25.050299476],[121.52786123,25.050302742],[121.52785945,25.05030533],[121.527614295,25.050940472],[121.527614099,25.050941534],[121.527613649,25.050942204],[121.527443572,25.051413104],[121.527443201,25.05141524],[121.527440974,25.051421709],[121.527328342,25.051882781],[121.527327736,25.051887895],[121.527326694,25.051891542],[121.52725303,25.052445909],[121.527131657,25.05307277],[121.527130863,25.053081226],[121.5271303,25.053083501],[121.527076735,25.053972028],[121.527077846,25.053977894]]]}, "properties" : {"section_id" : "ZN2C0E0", "section_name" : "新生高 常春路-長安東路", "travel_speed" : 73, "level_name" : "順暢", "level_color" : "#19FF1C", "data_time" : "2025-12-29 12:48:00+00"}}, {"type" : "Feature", "geometry" : {"type":"Polygon","coordinates":[[[121.529715047,25.047902462],[121.529716055,25.04790113],[121.529717678,25.047900133],[121.53032133,25.047345902],[121.53033694,25.047327242],[121.530550524,25.046988109],[121.530556271,25.046977404],[121.530560154,25.046967004],[121.53065652,25.046646099],[121.530660032,25.046621923],[121.530659247,25.046618402],[121.530659752,25.046615492],[121.530618508,25.046116988],[121.530617197,25.046112022],[121.530615734,25.046101534],[121.530536312,25.045816874],[121.530536256,25.045816722],[121.530536242,25.045816627],[121.530119359,25.044339971],[121.53011479,25.044327583],[121.530093182,25.044298371],[121.530060947,25.044278915],[121.530022994,25.044272179],[121.5299851,25.044279186],[121.529953034,25.044298871],[121.529931677,25.044328236],[121.529924282,25.044362811],[121.529927405,25.044384944],[121.530344251,25.045861477],[121.530421513,25.046138396],[121.530460821,25.046613504],[121.530372311,25.046908248],[121.530171482,25.047227126],[121.52957827,25.047771773],[121.529306914,25.048003119],[121.529282926,25.048034813],[121.52927553,25.048069388],[121.529283222,25.048103909],[121.529304831,25.048133122],[121.529337066,25.048152577],[121.529375021,25.048159314],[121.529412916,25.048152307],[121.529442352,25.04813495],[121.529715047,25.047902462]]]}, "properties" : {"section_id" : "ZN2D0E0", "section_name" : "新生高 長安東路-八德路", "travel_speed" : 69, "level_name" : "順暢", "level_color" : "#19FF1C", "data_time" : "2025-12-29 12:48:00+00"}}, {"type" : "Feature", "geometry" : {"type":"Polygon","coordinates":[[[121.529424436,25.041849143],[121.529419881,25.041836805],[121.529398273,25.041807593],[121.52936604,25.041788138],[121.529328087,25.041781401],[121.529290193,25.041788408],[121.529258128,25.041808092],[121.529236772,25.041837458],[121.529229377,25.041872033],[121.529232513,25.041894216],[121.529927266,25.044349377],[121.529931821,25.044361715],[121.529953429,25.044390927],[121.529985664,25.044410383],[121.530023617,25.04441712],[121.530061512,25.044410112],[121.530093578,25.044390427],[121.530114934,25.044361062],[121.530122329,25.044326487],[121.530119192,25.044304304],[121.529424436,25.041849143]]]}, "properties" : {"section_id" : "ZN2E0E0", "section_name" : "新生高 八德路-濟南路", "travel_speed" : 56, "level_name" : "車多", "level_color" : "#F8C920", "data_time" : "2025-12-29 12:48:00+00"}}, {"type" : "Feature", "geometry" : {"type":"Polygon","coordinates":[[[121.521649749,25.047646403],[121.521647644,25.047646505],[121.520871054,25.047719119],[121.520842895,25.047725653],[121.520810827,25.047745336],[121.520789468,25.0477747],[121.52078207,25.047809274],[121.52078976,25.047843796],[121.520811366,25.04787301],[121.5208436,25.047892467],[121.520881554,25.047899206],[121.520891292,25.047898735],[121.52166658,25.047826243],[121.522631237,25.047759444],[121.523439152,25.047723854],[121.523439684,25.047723744],[121.52344341,25.047723582],[121.52397638,25.047679081],[121.523979918,25.047678279],[121.523987742,25.047677523],[121.524665994,25.047547505],[121.525323766,25.047425477],[121.525328492,25.047424152],[121.525331388,25.047423774],[121.526089663,25.047225048],[121.52609514,25.047223293],[121.526096132,25.047223132],[121.526576469,25.04706401],[121.527006435,25.046924617],[121.52700716,25.046924198],[121.527008226,25.046924019],[121.52799394,25.046584832],[121.528628084,25.046407996],[121.528631003,25.046407035],[121.528631649,25.046406934],[121.529513259,25.046127436],[121.53053641,25.045886131],[121.530549855,25.045882004],[121.530581921,25.045862319],[121.530603278,25.045832954],[121.530610673,25.045798379],[121.53060298,25.045763857],[121.530581372,25.045734646],[121.530549137,25.04571519],[121.530511183,25.045708454],[121.530486734,25.045711334],[121.529459669,25.045953563],[121.52945352,25.04595545],[121.529451933,25.045955697],[121.528568276,25.046235844],[121.527932886,25.046413028],[121.527927551,25.046414784],[121.527926874,25.046414898],[121.526939082,25.0467548],[121.526509694,25.046894006],[121.526509439,25.046894153],[121.526509052,25.046894216],[121.526031593,25.047052384],[121.525280364,25.047249263],[121.524626126,25.047370636],[121.52462581,25.047370724],[121.524625494,25.047370755],[121.523952558,25.047499753],[121.523427445,25.047543599],[121.5226203,25.047579156],[121.522618739,25.047579477],[121.522617575,25.04757931],[121.521650252,25.047646293],[121.521649749,25.047646403]]]}, "properties" : {"section_id" : "ZKNIV20", "section_name" : "市民大道 中山北路-金山北路", "travel_speed" : 49, "level_name" : "壅塞", "level_color" : "#FA0300", "data_time" : "2025-12-29 12:48:00+00"}}, {"type" : "Feature", "geometry" : {"type":"Polygon","coordinates":[[[121.527931062,25.068354636],[121.527938731,25.068387506],[121.527960343,25.068416718],[121.527992583,25.068436174],[121.528030544,25.068442911],[121.528068446,25.068435904],[121.528100518,25.06841622],[121.528121879,25.068386854],[121.528129252,25.068350628],[121.527990234,25.062646704],[121.527982565,25.062613834],[121.527960954,25.062584621],[121.527928715,25.062565166],[121.527890756,25.062558428],[121.527852856,25.062565435],[121.527820785,25.06258512],[121.527799425,25.062614485],[121.527792052,25.062650711],[121.527931062,25.068354636]]]}, "properties" : {"section_id" : "ZN0E0E0", "section_name" : "新生高 民權東路-民族東路", "travel_speed" : 36, "level_name" : "壅塞", "level_color" : "#FA0300", "data_time" : "2025-12-29 12:48:00+00"}}, {"type" : "Feature", "geometry" : {"type":"Polygon","coordinates":[[[121.52958649,25.048820587],[121.529588655,25.048818131],[121.529936626,25.048325131],[121.529944974,25.048310527],[121.52995237,25.048275952],[121.529944677,25.04824143],[121.529923068,25.048212218],[121.529890833,25.048192763],[121.529852878,25.048186026],[121.529814983,25.048193034],[121.529782916,25.048212718],[121.529769907,25.048227479],[121.52942362,25.048718093],[121.529203988,25.048990067],[121.529201616,25.048993917],[121.529198639,25.048997419],[121.528857235,25.049520381],[121.528856612,25.049521518],[121.528856177,25.049522042],[121.528552804,25.050010086],[121.528548956,25.050017304],[121.528548429,25.050018008],[121.528218479,25.05069657],[121.528217471,25.050700953],[121.528215146,25.050704385],[121.528015752,25.051245115],[121.528015397,25.051247123],[121.528013046,25.051253906],[121.527900433,25.051706486],[121.52790003,25.051709825],[121.527899111,25.05171285],[121.527816284,25.052208249],[121.527713117,25.052683521],[121.527712685,25.052687622],[121.527711953,25.052690186],[121.527637968,25.053246978],[121.527637251,25.053258178],[121.527640527,25.054023395],[121.527640706,25.054024196],[121.527640549,25.054024965],[121.527734047,25.058024688],[121.527741718,25.058057639],[121.527763328,25.058086852],[121.527795566,25.058106307],[121.527833523,25.058113045],[121.527871422,25.058106038],[121.527903492,25.058086353],[121.527924851,25.058056988],[121.527932226,25.058020844],[121.527838739,25.054021906],[121.527835489,25.053263095],[121.527908286,25.052715234],[121.528011157,25.052241321],[121.528011389,25.052239114],[121.528011909,25.052237402],[121.528094529,25.05174324],[121.528205245,25.051298277],[121.528401574,25.050765858],[121.528727683,25.050095192],[121.529028135,25.049611847],[121.529366521,25.049093504],[121.529585125,25.048822802],[121.52958649,25.048820587]]]}, "properties" : {"section_id" : "ZN0C0E0", "section_name" : "新生高 長安東路-民生東路", "travel_speed" : 54, "level_name" : "車多", "level_color" : "#F8C920", "data_time" : "2025-12-29 12:48:00+00"}}, {"type" : "Feature", "geometry" : {"type":"Polygon","coordinates":[[[121.572710107,25.052287358],[121.5727103,25.052287445],[121.572710396,25.052287512],[121.57483769,25.053416796],[121.574850053,25.053422349],[121.574888011,25.053429074],[121.574925906,25.053422055],[121.574957967,25.053402361],[121.574979314,25.053372989],[121.574986696,25.053338412],[121.574978991,25.053303893],[121.574957371,25.053274688],[121.57493749,25.053260794],[121.572810343,25.052131589],[121.570654601,25.05097823],[121.57064195,25.050972523],[121.570603992,25.050965796],[121.570566098,25.050972814],[121.570534037,25.050992508],[121.57051269,25.051021878],[121.570505306,25.051056456],[121.570513009,25.051090975],[121.570534628,25.05112018],[121.570554219,25.05113392],[121.572710107,25.052287358]]]}, "properties" : {"section_id" : "Z6130C0", "section_name" : "環東出城　麥帥一橋", "travel_speed" : 61, "level_name" : "車多", "level_color" : "#F8C920", "data_time" : "2025-12-29 12:48:00+00"}}, {"type" : "Feature", "geometry" : {"type":"Polygon","coordinates":[[[121.584773156,25.058684817],[121.584785622,25.058690423],[121.584823582,25.058697145],[121.584861478,25.058690124],[121.584893539,25.058670428],[121.584914884,25.058641055],[121.584922264,25.058606477],[121.584914556,25.058571959],[121.584892932,25.058542755],[121.584873152,25.058528917],[121.581599319,25.056786565],[121.581586853,25.056780959],[121.581548894,25.056774235],[121.581510999,25.056781256],[121.581478938,25.056800952],[121.581457592,25.056830324],[121.581450211,25.056864902],[121.581457918,25.05689942],[121.58147954,25.056928624],[121.58149932,25.056942462],[121.584773156,25.058684817]]]}, "properties" : {"section_id" : "Z6150C1", "section_name" : "環東出城 堤頂舊宗", "travel_speed" : 85, "level_name" : "順暢", "level_color" : "#19FF1C", "data_time" : "2025-12-29 12:48:00+00"}}, {"type" : "Feature", "geometry" : {"type":"Polygon","coordinates":[[[121.589158376,25.061126885],[121.589164357,25.061129637],[121.589166015,25.061130716],[121.589658171,25.061352423],[121.589661308,25.061353085],[121.589664579,25.061355057],[121.589702541,25.061361778],[121.58971332,25.061361735],[121.589751216,25.061354712],[121.589783276,25.061335015],[121.589804621,25.061305641],[121.589812,25.061271064],[121.58980429,25.061236546],[121.589782665,25.061207343],[121.589750417,25.0611879],[121.589733428,25.061184892],[121.589257803,25.060970632],[121.584897151,25.058550021],[121.584883104,25.058543556],[121.584845144,25.058536834],[121.584807248,25.058543855],[121.584775188,25.058563552],[121.584753842,25.058592924],[121.584746462,25.058627502],[121.58475417,25.05866202],[121.584775794,25.058691224],[121.584793994,25.058704202],[121.589158376,25.061126885]]]}, "properties" : {"section_id" : "Z6160C0", "section_name" : "環東出城　彩虹橋段", "travel_speed" : 76, "level_name" : "順暢", "level_color" : "#19FF1C", "data_time" : "2025-12-29 12:48:00+00"}}, {"type" : "Feature", "geometry" : {"type":"Polygon","coordinates":[[[121.590041793,25.061179871],[121.589712456,25.061181179],[121.58967456,25.061188202],[121.589642499,25.061207899],[121.589621154,25.061237273],[121.589613775,25.061271851],[121.589621485,25.061306369],[121.58964311,25.061335572],[121.589675358,25.061355014],[121.58971332,25.061361735],[121.590059694,25.061360359],[121.590092764,25.061355046],[121.59075515,25.061138349],[121.590757214,25.061137151],[121.590759976,25.061136639],[121.590792036,25.061116941],[121.59079957,25.061109173],[121.59162001,25.060158401],[121.592181489,25.059884277],[121.592205056,25.059868264],[121.5922264,25.05983889],[121.592233778,25.059804312],[121.592226068,25.059769794],[121.592204443,25.059740592],[121.592172194,25.05972115],[121.592134233,25.059714429],[121.592096338,25.059721452],[121.592087846,25.059725137],[121.591508085,25.060008187],[121.591484517,25.0600242],[121.591476983,25.060031968],[121.590661331,25.060977191],[121.590041793,25.061179871]]]}, "properties" : {"section_id" : "Z6160C1", "section_name" : "環東出城 彩虹經貿1", "travel_speed" : 76, "level_name" : "順暢", "level_color" : "#19FF1C", "data_time" : "2025-12-29 12:48:00+00"}}, {"type" : "Feature", "geometry" : {"type":"Polygon","coordinates":[[[121.59391602,25.058833028],[121.593907527,25.058836713],[121.592087846,25.059725137],[121.592064278,25.05974115],[121.592042934,25.059770524],[121.592035556,25.059805102],[121.592043266,25.05983962],[121.592064892,25.059868823],[121.59209714,25.059888264],[121.592135101,25.059894985],[121.592172996,25.059887962],[121.592181489,25.059884277],[121.59398431,25.059004085],[121.595638631,25.058836644],[121.595661048,25.058831346],[121.595664526,25.058830728],[121.596995097,25.058345439],[121.597974097,25.058165553],[121.5991017,25.05819468],[121.599142842,25.05818769],[121.599174901,25.058167991],[121.599196243,25.058138616],[121.599203619,25.058104038],[121.599195906,25.05806952],[121.59917428,25.058040319],[121.599142031,25.058020879],[121.599107318,25.058014195],[121.597968403,25.057984776],[121.597966848,25.05798504],[121.597965155,25.05798474],[121.597945995,25.057986522],[121.596947046,25.058170074],[121.596931166,25.058174518],[121.596929802,25.05817476],[121.595603351,25.058658546],[121.593943405,25.058826556],[121.59391602,25.058833028]]]}, "properties" : {"section_id" : "Z6160C2", "section_name" : "環東出城 彩虹經貿2", "travel_speed" : 77, "level_name" : "順暢", "level_color" : "#19FF1C", "data_time" : "2025-12-29 12:48:00+00"}}, {"type" : "Feature", "geometry" : {"type":"Polygon","coordinates":[[[121.600306623,25.058045433],[121.600305012,25.058045123],[121.599107318,25.058014195],[121.599066176,25.058021185],[121.599034118,25.058040884],[121.599012776,25.058070259],[121.5990054,25.058104837],[121.599013112,25.058139355],[121.599034738,25.058168556],[121.599066987,25.058187996],[121.5991017,25.05819468],[121.600297957,25.058225571],[121.602973976,25.058365587],[121.603859289,25.058481915],[121.603873882,25.058482839],[121.603911776,25.058475813],[121.603943834,25.058456112],[121.603965174,25.058426736],[121.603972549,25.058392158],[121.603964836,25.058357641],[121.603943208,25.05832844],[121.603910958,25.058309001],[121.60388759,25.058303207],[121.602998062,25.058186325],[121.602991273,25.058185895],[121.602989594,25.058185549],[121.600307889,25.058045236],[121.600306623,25.058045433]]]}, "properties" : {"section_id" : "Z6160C3", "section_name" : "環東出城 彩虹經貿3", "travel_speed" : 77, "level_name" : "順暢", "level_color" : "#19FF1C", "data_time" : "2025-12-29 12:48:00+00"}}, {"type" : "Feature", "geometry" : {"type":"Polygon","coordinates":[[[121.605145223,25.05846856],[121.605144264,25.058468322],[121.60388759,25.058303207],[121.603872997,25.058302283],[121.603835103,25.058309309],[121.603803046,25.05832901],[121.603781705,25.058358386],[121.60377433,25.058392964],[121.603782043,25.058427481],[121.603803671,25.058456682],[121.603835921,25.058476121],[121.603859289,25.058481915],[121.605114746,25.05864687],[121.606499278,25.058860887],[121.607616498,25.059185747],[121.607647083,25.059190022],[121.607684977,25.059182994],[121.607717035,25.059163293],[121.607738374,25.059133917],[121.607745748,25.059099338],[121.607738034,25.059064821],[121.607716405,25.059035621],[121.607684155,25.059016183],[121.607676778,25.059013741],[121.606552896,25.058686944],[121.606548546,25.058686336],[121.606539337,25.058683941],[121.605146697,25.05846867],[121.605145223,25.05846856]]]}, "properties" : {"section_id" : "Z6160C4", "section_name" : "環東出城 彩虹經貿4", "travel_speed" : 75, "level_name" : "順暢", "level_color" : "#19FF1C", "data_time" : "2025-12-29 12:48:00+00"}}, {"type" : "Feature", "geometry" : {"type":"Polygon","coordinates":[[[121.608888934,25.059367039],[121.608887176,25.05936598],[121.608879799,25.059363538],[121.607676778,25.059013741],[121.607646193,25.059009466],[121.607608299,25.059016493],[121.607576242,25.059036195],[121.607554902,25.059065571],[121.607547528,25.059100149],[121.607555242,25.059134666],[121.607576871,25.059163867],[121.607609122,25.059183305],[121.607616498,25.059185747],[121.6088139,25.05953391],[121.609468158,25.059805714],[121.610136158,25.060180773],[121.610478562,25.060431572],[121.610503157,25.06044478],[121.610541119,25.060451496],[121.610579013,25.060444468],[121.61061107,25.060424766],[121.61063241,25.06039539],[121.610639783,25.060360811],[121.610632067,25.060326294],[121.610610437,25.060297094],[121.610602781,25.060290865],[121.610255549,25.060036529],[121.610251416,25.06003431],[121.610245446,25.060030031],[121.609566912,25.059649058],[121.60955754,25.059644719],[121.609556034,25.059643771],[121.608890788,25.059367402],[121.608888934,25.059367039]]]}, "properties" : {"section_id" : "Z6160C5", "section_name" : "環東出城 彩虹經貿5", "travel_speed" : 75, "level_name" : "順暢", "level_color" : "#19FF1C", "data_time" : "2025-12-29 12:48:00+00"}}, {"type" : "Feature", "geometry" : {"type":"Polygon","coordinates":[[[121.611147337,25.060690351],[121.61113968,25.060684122],[121.610602781,25.060290865],[121.610578186,25.060277657],[121.610540224,25.060270941],[121.61050233,25.060277969],[121.610470273,25.060297671],[121.610448933,25.060327047],[121.61044156,25.060361626],[121.610449276,25.060396143],[121.610470906,25.060425343],[121.610478562,25.060431572],[121.611006985,25.06081862],[121.611734122,25.061646228],[121.611741739,25.061653944],[121.611773991,25.061673381],[121.611811953,25.061680097],[121.611849848,25.061673069],[121.611881905,25.061653366],[121.611903244,25.06162399],[121.611910617,25.061589411],[121.611902901,25.061554894],[121.611888888,25.06153341],[121.611154954,25.060698067],[121.611147337,25.060690351]]]}, "properties" : {"section_id" : "Z6160C6", "section_name" : "環東出城 彩虹經貿6", "travel_speed" : 75, "level_name" : "順暢", "level_color" : "#19FF1C", "data_time" : "2025-12-29 12:48:00+00"}}, {"type" : "Feature", "geometry" : {"type":"Polygon","coordinates":[[[121.612581352,25.062610505],[121.61258897,25.062618221],[121.612621222,25.062637658],[121.612659185,25.062644373],[121.61269708,25.062637345],[121.612729137,25.062617642],[121.612750476,25.062588266],[121.612757849,25.062553687],[121.612750133,25.06251917],[121.61273612,25.062497686],[121.611888888,25.06153341],[121.611881271,25.061525694],[121.611849019,25.061506257],[121.611811057,25.061499542],[121.611773162,25.06150657],[121.611741105,25.061526272],[121.611719766,25.061555649],[121.611712393,25.061590228],[121.611720109,25.061624744],[121.611734122,25.061646228],[121.612581352,25.062610505]]]}, "properties" : {"section_id" : "Z6160C7", "section_name" : "環東出城 彩虹經貿7", "travel_speed" : 67, "level_name" : "順暢", "level_color" : "#19FF1C", "data_time" : "2025-12-29 12:48:00+00"}}, {"type" : "Feature", "geometry" : {"type":"Polygon","coordinates":[[[121.620403173,25.059985496],[121.620407253,25.059981299],[121.622006575,25.058137215],[121.622020544,25.058115417],[121.622027914,25.058080838],[121.622020195,25.058046322],[121.621998563,25.058017124],[121.621966311,25.057997689],[121.621928349,25.057990976],[121.621890456,25.057998006],[121.621858401,25.058017711],[121.621851033,25.058025291],[121.620253896,25.059866852],[121.619814794,25.060305116],[121.619184761,25.060826384],[121.618070815,25.0616411],[121.616597684,25.062552277],[121.61658296,25.062563419],[121.616561622,25.062592796],[121.61655425,25.062627375],[121.616561968,25.062661891],[121.616583599,25.06269109],[121.616615852,25.062710526],[121.616653815,25.062717241],[121.61669171,25.062710211],[121.616709043,25.06270165],[121.618185457,25.061788443],[121.618189352,25.061785496],[121.618191831,25.061784151],[121.619311222,25.060965452],[121.619314997,25.060962354],[121.619315807,25.060961884],[121.619951511,25.060435923],[121.619954168,25.060432467],[121.61995808,25.060429954],[121.62040269,25.059986192],[121.620403173,25.059985496]]]}, "properties" : {"section_id" : "Z6180A0", "section_name" : "環東出城　往國道三號", "travel_speed" : 79, "level_name" : "順暢", "level_color" : "#19FF1C", "data_time" : "2025-12-29 12:48:00+00"}}, {"type" : "Feature", "geometry" : {"type":"Polygon","coordinates":[[[121.570564441,25.051449491],[121.570552405,25.051444111],[121.570514448,25.051437384],[121.570476554,25.051444402],[121.570444492,25.051464096],[121.570423145,25.051493467],[121.570415761,25.051528044],[121.570423464,25.051562563],[121.570445083,25.051591769],[121.57046529,25.051605835],[121.575671265,25.054345339],[121.575683302,25.054350718],[121.57572126,25.054357443],[121.575759155,25.054350424],[121.575791216,25.05433073],[121.575812563,25.054301358],[121.575819946,25.054266781],[121.57581224,25.054232262],[121.57579062,25.054203057],[121.575770412,25.054188991],[121.570564441,25.051449491]]]}, "properties" : {"section_id" : "Z6360G0", "section_name" : "環東進城　麥帥一橋", "travel_speed" : 65, "level_name" : "順暢", "level_color" : "#19FF1C", "data_time" : "2025-12-29 12:48:00+00"}}, {"type" : "Feature", "geometry" : {"type":"Polygon","coordinates":[[[121.527882762,25.038168038],[121.527880552,25.038168399],[121.527878074,25.038167961],[121.526880758,25.038173222],[121.526879614,25.038173434],[121.526878542,25.038173256],[121.525797414,25.038200982],[121.525795749,25.038201309],[121.525794383,25.038201102],[121.525376711,25.038223484],[121.525344252,25.038230335],[121.525312187,25.038250019],[121.52529083,25.038279384],[121.525283434,25.038313959],[121.525291125,25.03834848],[121.525312731,25.038377693],[121.525344963,25.03839715],[121.525388348,25.038403733],[121.525804507,25.038381431],[121.526883012,25.038353773],[121.527876878,25.03834853],[121.528162994,25.03835936],[121.528205387,25.03835243],[121.528237452,25.038332746],[121.528258807,25.038303381],[121.528266203,25.038268806],[121.528258511,25.038234284],[121.528236905,25.038205072],[121.528204672,25.038185616],[121.528171221,25.038178956],[121.527882762,25.038168038]]]}, "properties" : {"section_id" : "ZIPIZ60", "section_name" : "金山南路 信義路-仁愛路", "travel_speed" : 50, "level_name" : "順暢", "level_color" : "#19FF1C", "data_time" : "2025-12-29 12:48:00+00"}}, {"type" : "Feature", "geometry" : {"type":"Polygon","coordinates":[[[121.572887777,25.056964384],[121.572871326,25.056944774],[121.572871212,25.056944706],[121.572871136,25.056944604],[121.570463187,25.054781302],[121.570144579,25.054361859],[121.570055938,25.05362464],[121.570423754,25.05160218],[121.570425085,25.051587044],[121.570417382,25.051552525],[121.570395763,25.051523319],[121.57036352,25.051503872],[121.570325563,25.051497146],[121.570287669,25.051504164],[121.570255607,25.051523857],[121.57023426,25.051553228],[121.570228207,25.051572669],[121.569858162,25.053607375],[121.56985683,25.05362251],[121.569857418,25.053631959],[121.569950275,25.054404251],[121.56995739,25.054429321],[121.569967293,25.05444579],[121.570305475,25.054891002],[121.570317191,25.054903739],[121.570317305,25.054903807],[121.57031738,25.054903909],[121.572722113,25.057064324],[121.573199827,25.057832509],[121.573216279,25.057852119],[121.573248524,25.057871565],[121.573286483,25.057878291],[121.573324379,25.057871272],[121.573356442,25.057851578],[121.57337779,25.057822207],[121.573385173,25.05778763],[121.573377468,25.057753111],[121.573372299,25.057743516],[121.572887777,25.056964384]]]}, "properties" : {"section_id" : "Z7010A0", "section_name" : "正氣橋出城接麥二橋", "travel_speed" : 65, "level_name" : "順暢", "level_color" : "#19FF1C", "data_time" : "2025-12-29 12:48:00+00"}}, {"type" : "Feature", "geometry" : {"type":"Polygon","coordinates":[[[121.59181631,25.06030903],[121.59179276,25.060325036],[121.591784856,25.060333234],[121.590971059,25.061288149],[121.590419853,25.061552896],[121.589846518,25.06162049],[121.589678256,25.061572974],[121.589648474,25.061568926],[121.589610578,25.061575949],[121.589578517,25.061595646],[121.589557173,25.06162502],[121.589549793,25.061659598],[121.589557503,25.061694116],[121.589579128,25.061723318],[121.589611376,25.061742761],[121.589619556,25.061745434],[121.589808459,25.061798779],[121.589838241,25.061802827],[121.589850531,25.061802081],[121.590463009,25.061729872],[121.590488615,25.061723595],[121.590496516,25.061720197],[121.591082455,25.061438767],[121.591106614,25.061422468],[121.591114517,25.061414269],[121.591928536,25.060459094],[121.592396913,25.060230319],[121.592420464,25.060214314],[121.592441808,25.06018494],[121.592449186,25.060150362],[121.592441476,25.060115844],[121.59241985,25.060086642],[121.592387602,25.0600672],[121.592349641,25.060060479],[121.592311745,25.060067502],[121.592303236,25.060071196],[121.59181631,25.06030903]]]}, "properties" : {"section_id" : "Z6330G7", "section_name" : "環東出城 經貿彩虹7", "travel_speed" : 59, "level_name" : "車多", "level_color" : "#F8C920", "data_time" : "2025-12-29 12:48:00+00"}}, {"type" : "Feature", "geometry" : {"type":"Polygon","coordinates":[[[121.58910992,25.061601151],[121.5891181,25.061603825],[121.589619556,25.061745434],[121.589649338,25.061749482],[121.589687234,25.061742459],[121.589719295,25.061722762],[121.58974064,25.061693388],[121.589748019,25.06165881],[121.589740309,25.061624292],[121.589718684,25.06159509],[121.589686436,25.061575647],[121.589678256,25.061572974],[121.589188313,25.061434616],[121.585793685,25.059569841],[121.585780031,25.059563593],[121.58574207,25.059556871],[121.585704175,25.059563892],[121.585672114,25.059583589],[121.585650768,25.059612962],[121.585643388,25.05964754],[121.585651097,25.059682058],[121.585672721,25.059711262],[121.585691313,25.059724456],[121.589096266,25.061594904],[121.58910992,25.061601151]]]}, "properties" : {"section_id" : "Z6330G8", "section_name" : "環東出城 經貿彩虹8", "travel_speed" : 59, "level_name" : "車多", "level_color" : "#F8C920", "data_time" : "2025-12-29 12:48:00+00"}}, {"type" : "Feature", "geometry" : {"type":"Polygon","coordinates":[[[121.602808573,25.058431419],[121.602799121,25.058430784],[121.602797433,25.058430451],[121.598727201,25.058287225],[121.59868504,25.058294183],[121.598652982,25.058313883],[121.59863164,25.058343258],[121.598624264,25.058377836],[121.598631976,25.058412353],[121.598653602,25.058441555],[121.598685851,25.058460995],[121.598719546,25.058467648],[121.602784184,25.058610677],[121.603808211,25.058753145],[121.603823617,25.058754179],[121.603861511,25.058747152],[121.603893569,25.058727452],[121.60391491,25.058698076],[121.603922285,25.058663498],[121.603914571,25.058628981],[121.603892943,25.05859978],[121.603860694,25.058580341],[121.603838139,25.058574657],[121.602808573,25.058431419]]]}, "properties" : {"section_id" : "Z6330G5", "section_name" : "環東出城 經貿彩虹5", "travel_speed" : 72, "level_name" : "順暢", "level_color" : "#19FF1C", "data_time" : "2025-12-29 12:48:00+00"}}, {"type" : "Feature", "geometry" : {"type":"Polygon","coordinates":[[[121.59773754,25.058384206],[121.597721902,25.058387784],[121.597713207,25.058389192],[121.595850954,25.059003464],[121.594031988,25.059233149],[121.594007267,25.059239319],[121.593998758,25.059243012],[121.592303236,25.060071196],[121.592279685,25.060087201],[121.592258342,25.060116575],[121.592250963,25.060151152],[121.592258674,25.06018567],[121.592280299,25.060214873],[121.592312547,25.060234314],[121.592350509,25.060241035],[121.592388404,25.060234012],[121.592396913,25.060230319],[121.594076791,25.059409776],[121.595888504,25.059181007],[121.59590309,25.059177367],[121.59590864,25.059176468],[121.597768881,25.058562859],[121.598718638,25.05848031],[121.598747556,25.058473693],[121.598779615,25.058453994],[121.598800957,25.058424619],[121.598808333,25.05839004],[121.598800621,25.058355523],[121.598778994,25.058326321],[121.598746746,25.058306881],[121.598708785,25.058300162],[121.598699809,25.058300569],[121.59773754,25.058384206]]]}, "properties" : {"section_id" : "Z6330G6", "section_name" : "環東出城 經貿彩虹6", "travel_speed" : 72, "level_name" : "順暢", "level_color" : "#19FF1C", "data_time" : "2025-12-29 12:48:00+00"}}, {"type" : "Feature", "geometry" : {"type":"Polygon","coordinates":[[[121.610977946,25.060908914],[121.610969641,25.060900406],[121.61096086,25.060893366],[121.610396947,25.060492416],[121.610373476,25.060480019],[121.610335514,25.060473303],[121.610297619,25.060480331],[121.610265562,25.060500032],[121.610244223,25.060529409],[121.610236849,25.060563988],[121.610244565,25.060598504],[121.610266195,25.060627704],[121.610274975,25.060634745],[121.610829298,25.061028876],[121.611624284,25.061954749],[121.611632589,25.061963257],[121.611664841,25.061982694],[121.611702804,25.06198941],[121.611740698,25.061982382],[121.611772755,25.061962679],[121.611794095,25.061933303],[121.611801468,25.061898724],[121.611793752,25.061864207],[121.611780427,25.061843515],[121.610977946,25.060908914]]]}, "properties" : {"section_id" : "Z6330G2", "section_name" : "環東出城 經貿彩虹2", "travel_speed" : 75, "level_name" : "順暢", "level_color" : "#19FF1C", "data_time" : "2025-12-29 12:48:00+00"}}, {"type" : "Feature", "geometry" : {"type":"Polygon","coordinates":[[[121.610115258,25.06029213],[121.610112876,25.060290872],[121.610109265,25.060288187],[121.609481798,25.059907004],[121.609469613,25.05990111],[121.60946753,25.059899806],[121.608738336,25.059600441],[121.60873246,25.059599303],[121.608727925,25.059596794],[121.607563289,25.059255973],[121.607532528,25.059251647],[121.607494634,25.059258674],[121.607462576,25.059278376],[121.607441236,25.059307752],[121.607433862,25.05934233],[121.607441577,25.059376847],[121.607463206,25.059406048],[121.607502657,25.059427876],[121.608661976,25.059767142],[121.609378619,25.060061354],[121.609996202,25.060436532],[121.610274975,25.060634745],[121.610298446,25.060647142],[121.610336408,25.060653858],[121.610374302,25.06064683],[121.610406359,25.060627128],[121.610427699,25.060597752],[121.610435072,25.060563173],[121.610427357,25.060528656],[121.610405727,25.060499456],[121.610396947,25.060492416],[121.610115258,25.06029213]]]}, "properties" : {"section_id" : "Z6330G3", "section_name" : "環東出城 經貿彩虹3", "travel_speed" : 75, "level_name" : "順暢", "level_color" : "#19FF1C", "data_time" : "2025-12-29 12:48:00+00"}}, {"type" : "Feature", "geometry" : {"type":"Polygon","coordinates":[[[121.606925193,25.059069235],[121.606921771,25.059068754],[121.606913484,25.059066514],[121.605086262,25.058748356],[121.605084188,25.058748181],[121.605082615,25.058747785],[121.603838139,25.058574657],[121.603822732,25.058573623],[121.603784838,25.058580649],[121.60375278,25.05860035],[121.60373144,25.058629725],[121.603724065,25.058664304],[121.603731778,25.058698821],[121.603753406,25.058728022],[121.603785656,25.058747461],[121.603808211,25.058753145],[121.60505086,25.058926018],[121.606870322,25.059242825],[121.607502657,25.059427876],[121.607533418,25.059432203],[121.607571312,25.059425176],[121.607603369,25.059405474],[121.607624709,25.059376098],[121.607632083,25.059341519],[121.607624369,25.059307002],[121.60760274,25.059277802],[121.607563289,25.059255973],[121.606925193,25.059069235]]]}, "properties" : {"section_id" : "Z6330G4", "section_name" : "環東出城 經貿彩虹4", "travel_speed" : 75, "level_name" : "順暢", "level_color" : "#19FF1C", "data_time" : "2025-12-29 12:48:00+00"}}, {"type" : "Feature", "geometry" : {"type":"Polygon","coordinates":[[[121.620618642,25.060208285],[121.620626009,25.060200629],[121.622212447,25.058333339],[121.622225805,25.058312252],[121.622233175,25.058277672],[121.622225456,25.058243156],[121.622203824,25.058213958],[121.622171572,25.058194523],[121.62213361,25.05818781],[121.622095717,25.058194841],[121.622063663,25.058214545],[121.622055685,25.058222836],[121.620472755,25.060085994],[121.619527034,25.06096695],[121.6186059,25.061674603],[121.617884383,25.062128691],[121.617870321,25.06213942],[121.617848983,25.062168798],[121.617841612,25.062203377],[121.617849329,25.062237894],[121.617870961,25.062267092],[121.617903214,25.062286528],[121.617941177,25.062293242],[121.617979071,25.062286212],[121.617997065,25.062277238],[121.618722501,25.061820684],[121.618727608,25.061816787],[121.61873006,25.061815421],[121.619658472,25.061102176],[121.619664975,25.061096709],[121.619665161,25.061096453],[121.619665435,25.061096283],[121.620618491,25.060208494],[121.620618642,25.060208285]]]}, "properties" : {"section_id" : "Z6310G0", "section_name" : "環東進城　前方", "travel_speed" : 77, "level_name" : "順暢", "level_color" : "#19FF1C", "data_time" : "2025-12-29 12:48:00+00"}}, {"type" : "Feature", "geometry" : {"type":"Polygon","coordinates":[[[121.578262769,25.055222155],[121.57827487,25.055227568],[121.578312829,25.055234292],[121.578350724,25.055227273],[121.578382784,25.055207578],[121.578404131,25.055178206],[121.578411513,25.055143628],[121.578403807,25.05510911],[121.578382185,25.055079905],[121.578362042,25.055065874],[121.574937228,25.053260656],[121.574925128,25.053255242],[121.574887169,25.053248517],[121.574849275,25.053255536],[121.574817214,25.05327523],[121.574795867,25.053304602],[121.574788484,25.053339179],[121.574796189,25.053373698],[121.574817809,25.053402903],[121.574837952,25.053416935],[121.578262769,25.055222155]]]}, "properties" : {"section_id" : "Z6140C0", "section_name" : "環東出城　堤頂舊宗", "travel_speed" : 63, "level_name" : "車多", "level_color" : "#F8C920", "data_time" : "2025-12-29 12:48:00+00"}}, {"type" : "Feature", "geometry" : {"type":"Polygon","coordinates":[[[121.583901248,25.058423861],[121.583913538,25.058429398],[121.583913634,25.058429455],[121.584718658,25.05873128],[121.584756811,25.058738074],[121.584794706,25.058731053],[121.584826767,25.058711356],[121.584848112,25.058681983],[121.584855492,25.058647406],[121.584847784,25.058612887],[121.584826161,25.058583684],[121.584794106,25.058564312],[121.58399549,25.058264891],[121.581808388,25.057097388],[121.58179581,25.057091722],[121.58175785,25.057084998],[121.581719955,25.057092019],[121.581687894,25.057111715],[121.581666548,25.057141087],[121.581659167,25.057175665],[121.581666874,25.057210183],[121.581688497,25.057239387],[121.581708165,25.057253166],[121.583901248,25.058423861]]]}, "properties" : {"section_id" : "Z6151C0", "section_name" : "環東出城　舊宗匝道", "travel_speed" : 56, "level_name" : "車多", "level_color" : "#F8C920", "data_time" : "2025-12-29 12:48:00+00"}}, {"type" : "Feature", "geometry" : {"type":"Polygon","coordinates":[[[121.568589715,25.048125921],[121.568589923,25.048126174],[121.568590351,25.048126976],[121.57017559,25.0507126],[121.570182429,25.050720804],[121.570186776,25.050727234],[121.570528967,25.051091952],[121.570534523,25.051097402],[121.570566765,25.051116848],[121.570604723,25.051123574],[121.570642616,25.051116557],[121.570674678,25.051096863],[121.570696025,25.051067492],[121.570703409,25.051032915],[121.570695705,25.050998396],[121.570679643,25.050974641],[121.570343843,25.050616735],[121.56876372,25.04803946],[121.567773053,25.046371714],[121.567755674,25.046350575],[121.567723434,25.046331128],[121.567685478,25.046324401],[121.567647585,25.046331418],[121.567615525,25.046351111],[121.567594177,25.046380481],[121.567586793,25.046415058],[121.567594495,25.046449577],[121.567598734,25.046457645],[121.568589715,25.048125921]]]}, "properties" : {"section_id" : "Z6120C0", "section_name" : "環東出城　正氣橋", "travel_speed" : 41, "level_name" : "壅塞", "level_color" : "#FA0300", "data_time" : "2025-12-29 12:48:00+00"}}, {"type" : "Feature", "geometry" : {"type":"Polygon","coordinates":[[[121.575821797,25.054223763],[121.575809603,25.054218301],[121.575771644,25.054211576],[121.57573375,25.054218595],[121.575701689,25.054238289],[121.575680342,25.054267661],[121.575672959,25.054302238],[121.575680665,25.054336757],[121.575702285,25.054365962],[121.575722336,25.054379945],[121.577885219,25.055522829],[121.577897413,25.055528291],[121.577935372,25.055535016],[121.577973267,25.055527996],[121.578005328,25.055508301],[121.578026674,25.055478929],[121.578034056,25.055444352],[121.57802635,25.055409833],[121.578004729,25.055380628],[121.577984678,25.055366646],[121.575821797,25.054223763]]]}, "properties" : {"section_id" : "Z6350G0", "section_name" : "環東進城 堤頂麥一", "travel_speed" : 52, "level_name" : "車多", "level_color" : "#F8C920", "data_time" : "2025-12-29 12:48:00+00"}}, {"type" : "Feature", "geometry" : {"type":"Polygon","coordinates":[[[121.499344747,25.041593882],[121.4993426,25.041592602],[121.49934136,25.041591025],[121.498144453,25.040627626],[121.498144113,25.040627433],[121.498142544,25.040626127],[121.49652504,25.039389425],[121.496523476,25.039388564],[121.49651951,25.039385492],[121.49583605,25.038933968],[121.495244603,25.038541852],[121.495235181,25.038537061],[121.495230784,25.038534179],[121.494299469,25.038107864],[121.493350469,25.037644024],[121.49236128,25.037075135],[121.491738427,25.036667485],[121.491332862,25.036371716],[121.491308525,25.036358664],[121.491270576,25.036351917],[121.491232682,25.036358914],[121.491200611,25.036378591],[121.491179247,25.036407951],[121.491171841,25.036442524],[121.491179522,25.036477048],[121.49120112,25.036506266],[121.491209009,25.036512677],[121.491616589,25.036809915],[121.491617988,25.036810666],[121.491620699,25.036812756],[121.492248057,25.037223355],[121.492250541,25.037224609],[121.492252976,25.037226375],[121.493247637,25.037798412],[121.493251872,25.037800401],[121.493253686,25.037801624],[121.494206943,25.038267545],[121.494208846,25.038268363],[121.4942093,25.03826866],[121.495134548,25.038692198],[121.495719499,25.039080008],[121.495719556,25.039080036],[121.495719633,25.039080096],[121.496400318,25.039529787],[121.498014168,25.040763697],[121.499208401,25.041724945],[121.499785661,25.042235102],[121.499817077,25.042253837],[121.499855028,25.042260582],[121.499892924,25.042253582],[121.499924994,25.042233904],[121.499946357,25.042204543],[121.499953761,25.042169969],[121.499946077,25.042135446],[121.499923664,25.042105502],[121.499344747,25.041593882]]]}, "properties" : {"section_id" : "Z52A0E0", "section_name" : "環河快往南 桂林路-華江橋", "travel_speed" : 74, "level_name" : "順暢", "level_color" : "#19FF1C", "data_time" : "2025-12-29 12:48:00+00"}}, {"type" : "Feature", "geometry" : {"type":"Polygon","coordinates":[[[121.488770004,25.03347613],[121.488771046,25.033480186],[121.489008761,25.033921312],[121.489027896,25.033945593],[121.489060121,25.033965057],[121.489098069,25.033971804],[121.489135963,25.033964807],[121.489168033,25.033945131],[121.489189397,25.033915772],[121.489196803,25.033881198],[121.489186662,25.033841737],[121.48895101,25.033404441],[121.488607465,25.032577788],[121.488432216,25.031678926],[121.488299526,25.030777447],[121.488295672,25.029803898],[121.488327308,25.029663003],[121.488329318,25.029644583],[121.488321638,25.02961006],[121.488300043,25.029580841],[121.488267819,25.029561377],[121.488229872,25.029554629],[121.48819198,25.029561626],[121.48815991,25.029581302],[121.488138547,25.029610661],[121.488133151,25.029626815],[121.488099468,25.029776825],[121.488097458,25.029795245],[121.48810137,25.030783961],[121.488102248,25.030795635],[121.488236072,25.031704826],[121.488236482,25.031706203],[121.48823672,25.031708616],[121.488413954,25.032617664],[121.488418289,25.032631093],[121.488418847,25.032633843],[121.488767325,25.033472367],[121.488770004,25.03347613]]]}, "properties" : {"section_id" : "Z52C0E0", "section_name" : "環河快往南 華江橋-西藏路", "travel_speed" : 59, "level_name" : "車多", "level_color" : "#F8C920", "data_time" : "2025-12-29 12:48:00+00"}}, {"type" : "Feature", "geometry" : {"type":"Polygon","coordinates":[[[121.488317262,25.028813432],[121.488312749,25.028826944],[121.488133151,25.029626815],[121.488131141,25.029645234],[121.48813882,25.029679758],[121.488160416,25.029708977],[121.48819264,25.029728441],[121.488230587,25.029735189],[121.488268479,25.029728192],[121.488300548,25.029708516],[121.488321912,25.029679157],[121.488327308,25.029663003],[121.488505214,25.028870663],[121.489060108,25.02757358],[121.489747927,25.026229282],[121.489748324,25.026227634],[121.489749514,25.026226012],[121.49064003,25.024288693],[121.490647721,25.02425349],[121.490640041,25.024218966],[121.490618446,25.024189748],[121.490586223,25.024170284],[121.490548278,25.024163537],[121.490510387,25.024170534],[121.49047832,25.024190211],[121.490457243,25.024218942],[121.489567483,25.026154611],[121.48887914,25.027499931],[121.488878471,25.027502706],[121.488876626,25.02750529],[121.488317504,25.028812251],[121.488317262,25.028813432]]]}, "properties" : {"section_id" : "Z52D0E0", "section_name" : "環河快往南 西藏路-西園路", "travel_speed" : 71, "level_name" : "順暢", "level_color" : "#19FF1C", "data_time" : "2025-12-29 12:48:00+00"}}, {"type" : "Feature", "geometry" : {"type":"Polygon","coordinates":[[[121.506385365,25.049071315],[121.506385002,25.049069685],[121.506377792,25.049056942],[121.505744658,25.048127514],[121.505730265,25.04811104],[121.505698034,25.04809158],[121.50566008,25.048084837],[121.505622183,25.048091838],[121.505590112,25.048111518],[121.505568749,25.048140879],[121.505561347,25.048175454],[121.505569033,25.048209976],[121.505576242,25.048222719],[121.506204301,25.0491447],[121.506966478,25.050979214],[121.507017517,25.051184793],[121.507218569,25.05237533],[121.507218615,25.052375479],[121.507218637,25.052375726],[121.507446934,25.05368872],[121.507447796,25.053691486],[121.507448199,25.053694689],[121.508234711,25.056833112],[121.508239913,25.056847881],[121.508261518,25.056877096],[121.508293752,25.056896556],[121.508331708,25.056903299],[121.508369608,25.056896297],[121.508401681,25.056876617],[121.508423044,25.056847254],[121.508430446,25.05681268],[121.508427961,25.056792927],[121.507642188,25.05365747],[121.507414446,25.052347678],[121.507212899,25.051154225],[121.507212032,25.05115142],[121.50721161,25.051148037],[121.507158282,25.050933238],[121.507154651,25.050922892],[121.507154307,25.050921196],[121.506386272,25.049072589],[121.506385365,25.049071315]]]}, "properties" : {"section_id" : "Z5080A0", "section_name" : "環河快往北 市民民生", "travel_speed" : 64, "level_name" : "車多", "level_color" : "#F8C920", "data_time" : "2025-12-29 12:48:00+00"}}, {"type" : "Feature", "geometry" : {"type":"Polygon","coordinates":[[[121.502999264,25.04580669],[121.502998621,25.045805885],[121.501650681,25.044750857],[121.501623683,25.044735798],[121.501585731,25.044729054],[121.501547835,25.044736054],[121.501515764,25.044755733],[121.501494401,25.044785094],[121.501486998,25.044819668],[121.501494682,25.044854191],[121.501521516,25.04488781],[121.502868494,25.045942086],[121.504474543,25.047265672],[121.50555248,25.04820467],[121.505583389,25.048222957],[121.505621342,25.0482297],[121.505659239,25.048222698],[121.50569131,25.048203019],[121.505712673,25.048173657],[121.505720075,25.048139083],[121.50571239,25.04810456],[121.505689464,25.048074171],[121.504610536,25.047134311],[121.504609267,25.04713356],[121.504608529,25.04713261],[121.503000524,25.045807413],[121.502999264,25.04580669]]]}, "properties" : {"section_id" : "Z5070A1", "section_name" : "環河快往北 貴陽市民", "travel_speed" : 66, "level_name" : "順暢", "level_color" : "#19FF1C", "data_time" : "2025-12-29 12:48:00+00"}}, {"type" : "Feature", "geometry" : {"type":"Polygon","coordinates":[[[121.491961896,25.036568964],[121.49196218,25.036569134],[121.491970584,25.036575844],[121.492325538,25.03682548],[121.492331617,25.036828676],[121.492337283,25.036832586],[121.493010564,25.03717973],[121.494725742,25.038065508],[121.495392851,25.038455619],[121.496034322,25.038846093],[121.496976288,25.039472955],[121.497762676,25.040077392],[121.497788992,25.040091924],[121.497826943,25.040098669],[121.497864838,25.04009167],[121.497896908,25.040071992],[121.497918272,25.040042631],[121.497925675,25.040008057],[121.497917992,25.039973534],[121.497896393,25.039944317],[121.497890481,25.039939386],[121.497101443,25.039332913],[121.497099952,25.03933209],[121.497095994,25.039329014],[121.496149553,25.038699175],[121.49614799,25.038698379],[121.496146154,25.038697011],[121.495502201,25.038305026],[121.495501369,25.038304623],[121.495500676,25.038304116],[121.494830509,25.037912216],[121.494827481,25.037910781],[121.494825847,25.037909652],[121.49310827,25.037022636],[121.493108227,25.037022617],[121.493108209,25.037022604],[121.49244105,25.036678618],[121.492096254,25.036436125],[121.491284698,25.035713944],[121.491253046,25.035694995],[121.491215097,25.035688249],[121.491177203,25.035695246],[121.491145132,25.035714923],[121.491123768,25.035744282],[121.491116363,25.035778856],[121.491124043,25.03581338],[121.491146215,25.035843112],[121.491961896,25.036568964]]]}, "properties" : {"section_id" : "Z5060B0", "section_name" : "環河快往北 華江貴陽", "travel_speed" : 74, "level_name" : "順暢", "level_color" : "#19FF1C", "data_time" : "2025-12-29 12:48:00+00"}}, {"type" : "Feature", "geometry" : {"type":"Polygon","coordinates":[[[121.506110636,25.084038192],[121.506110043,25.084038961],[121.505460303,25.085285043],[121.50545072,25.085324107],[121.505458408,25.085358629],[121.505480018,25.085387845],[121.505512259,25.085407305],[121.505550224,25.085414048],[121.505588133,25.085407047],[121.505620213,25.085387367],[121.505639404,25.085362495],[121.506287804,25.084118977],[121.50689958,25.08311405],[121.506904609,25.083104511],[121.50690507,25.083102359],[121.506906208,25.083100715],[121.507620054,25.081285466],[121.507620264,25.081284351],[121.50762256,25.081278123],[121.507855312,25.080477122],[121.507855475,25.080475963],[121.507856148,25.080474022],[121.508015825,25.079833774],[121.508016122,25.079831326],[121.508016892,25.079828871],[121.508115105,25.079301385],[121.508115124,25.079301172],[121.508115173,25.079301015],[121.50821489,25.078751616],[121.508345387,25.078104663],[121.508435333,25.077699059],[121.508435643,25.077696183],[121.508436287,25.077694028],[121.508551301,25.076965089],[121.508551455,25.07696307],[121.508551709,25.076962161],[121.508602437,25.07654397],[121.508602593,25.076541292],[121.508602777,25.076540578],[121.508637499,25.076103958],[121.508630069,25.076062574],[121.508608461,25.076033359],[121.508576221,25.076013899],[121.508538259,25.076007157],[121.508500354,25.076014159],[121.508468276,25.076033839],[121.508446909,25.076063201],[121.508439764,25.076090914],[121.508405177,25.076525836],[121.508354832,25.076940867],[121.508240447,25.077665817],[121.508150882,25.078069697],[121.508150796,25.0780705],[121.508150552,25.078071257],[121.508019736,25.078719786],[121.508019649,25.078720677],[121.508019432,25.078721374],[121.507919603,25.079271383],[121.507821883,25.079796219],[121.507663201,25.080432473],[121.507431978,25.08122821],[121.506722272,25.083032923],[121.506112893,25.084033912],[121.506110636,25.084038192]]]}, "properties" : {"section_id" : "ZU8EF40", "section_name" : "環河北路 葫蘆街-敦煌路", "travel_speed" : 57, "level_name" : "車多", "level_color" : "#F8C920", "data_time" : "2025-12-29 12:48:00+00"}}, {"type" : "Feature", "geometry" : {"type":"Polygon","coordinates":[[[121.506873063,25.051469427],[121.506870074,25.051460431],[121.506869477,25.051457219],[121.506644137,25.050860818],[121.506643341,25.050859662],[121.506642986,25.050857933],[121.506272253,25.049975386],[121.506271435,25.049974242],[121.506271112,25.04997279],[121.50626592,25.049963147],[121.505724802,25.049093122],[121.505724285,25.049092506],[121.505723487,25.049091071],[121.505235358,25.048352241],[121.505228143,25.048343868],[121.505225104,25.048339423],[121.504331184,25.047406594],[121.504328549,25.047404876],[121.504326341,25.04740189],[121.504319182,25.047396017],[121.504280439,25.047367218],[121.504255367,25.047353629],[121.504217414,25.047346886],[121.504179517,25.047353887],[121.504147446,25.047373566],[121.504126083,25.047402928],[121.504118681,25.047437502],[121.504126366,25.047472024],[121.504147968,25.04750124],[121.504155128,25.047507113],[121.504187378,25.047531087],[121.50507004,25.04845217],[121.505552991,25.049183162],[121.506089794,25.050046252],[121.506457263,25.050921031],[121.506679791,25.051509992],[121.506879013,25.052446617],[121.50688489,25.052464305],[121.506906494,25.052493521],[121.506938727,25.052512981],[121.506976682,25.052519724],[121.50701458,25.052512722],[121.507046652,25.052493042],[121.507068015,25.05246368],[121.507075417,25.052429106],[121.507073608,25.052412271],[121.506873063,25.051469427]]]}, "properties" : {"section_id" : "Z5260E0", "section_name" : "環河快往南 忠孝橋", "travel_speed" : 53, "level_name" : "車多", "level_color" : "#F8C920", "data_time" : "2025-12-29 12:48:00+00"}}, {"type" : "Feature", "geometry" : {"type":"Polygon","coordinates":[[[121.502493646,25.046242315],[121.50249501,25.046243446],[121.504154238,25.047506444],[121.504180199,25.047520701],[121.504218152,25.047527445],[121.504256049,25.047520444],[121.504288121,25.047500765],[121.504309484,25.047471403],[121.504316886,25.047436829],[121.504309201,25.047402306],[121.504287598,25.04737309],[121.504281328,25.047367887],[121.502622952,25.046105539],[121.502071354,25.045666167],[121.502071001,25.045665968],[121.502069523,25.045664744],[121.50166184,25.045355592],[121.501636023,25.045341443],[121.50159807,25.045334699],[121.501560174,25.045341699],[121.501528103,25.045361378],[121.50150674,25.045390739],[121.501499337,25.045425313],[121.501507021,25.045459836],[121.501528622,25.045489052],[121.501535036,25.045494365],[121.501941794,25.045802815],[121.502493322,25.046242132],[121.502493646,25.046242315]]]}, "properties" : {"section_id" : "Z5270E0", "section_name" : "環河快往南 忠孝橋-中興橋", "travel_speed" : 45, "level_name" : "壅塞", "level_color" : "#FA0300", "data_time" : "2025-12-29 12:48:00+00"}}, {"type" : "Feature", "geometry" : {"type":"Polygon","coordinates":[[[121.528518166,25.038165714],[121.528482732,25.038172684],[121.528450668,25.038192368],[121.528429312,25.038221733],[121.528421917,25.038256309],[121.528429608,25.03829083],[121.528451215,25.038320042],[121.528483447,25.038339498],[121.528523858,25.038346199],[121.532597422,25.038239503],[121.532632855,25.038232532],[121.532664919,25.038212846],[121.532686273,25.038183481],[121.532693667,25.038148905],[121.532685975,25.038114384],[121.532664367,25.038085172],[121.532632134,25.038065718],[121.532591723,25.038059018],[121.528518166,25.038165714]]]}, "properties" : {"section_id" : "ZIPJA20", "section_name" : "仁愛路 新生南路-金山南路", "travel_speed" : 48, "level_name" : "順暢", "level_color" : "#19FF1C", "data_time" : "2025-12-29 12:48:00+00"}}, {"type" : "Feature", "geometry" : {"type":"Polygon","coordinates":[[[121.49714004,25.015897802],[121.497136213,25.015898462],[121.497132606,25.015897903],[121.496581662,25.015924238],[121.496579827,25.01592462],[121.49657084,25.015925301],[121.49589923,25.016025517],[121.495887806,25.016028503],[121.495883004,25.016029243],[121.495211835,25.016239676],[121.495206663,25.016242632],[121.495200591,25.016243922],[121.494784684,25.016429009],[121.494782834,25.016430217],[121.494775068,25.016433909],[121.494413918,25.01664279],[121.494213668,25.016753177],[121.494194639,25.016766818],[121.494173278,25.016796178],[121.494165875,25.016830752],[121.494173555,25.016865275],[121.49419515,25.016894493],[121.494227372,25.016913956],[121.494265315,25.016920702],[121.494303203,25.016913704],[121.494316238,25.016907667],[121.4945174,25.016796777],[121.494518069,25.016796297],[121.49451921,25.016795754],[121.494876602,25.016589048],[121.495282073,25.016408605],[121.495939538,25.016202468],[121.496597485,25.016104291],[121.497139272,25.016078394],[121.497646326,25.016088855],[121.49768682,25.016081879],[121.497718885,25.016062201],[121.497740244,25.01603284],[121.497747646,25.015998266],[121.497739965,25.015963743],[121.49771837,25.015934526],[121.497686148,25.015915063],[121.497650811,25.01590834],[121.49714004,25.015897802]]]}, "properties" : {"section_id" : "Z4220D0", "section_name" : "水源快往南 華中橋", "travel_speed" : 37, "level_name" : "壅塞", "level_color" : "#FA0300", "data_time" : "2025-12-29 12:48:00+00"}}, {"type" : "Feature", "geometry" : {"type":"Polygon","coordinates":[[[121.493886482,25.03536718],[121.493922491,25.035360204],[121.493954561,25.035340527],[121.493975924,25.035311167],[121.493983329,25.035276593],[121.493975647,25.03524207],[121.493954049,25.035212852],[121.493921823,25.035193389],[121.49388199,25.035186666],[121.478962057,25.035494087],[121.478926047,25.035501059],[121.478893974,25.035520732],[121.478872608,25.035550091],[121.478865199,25.035584664],[121.478872876,25.035619188],[121.47889447,25.035648408],[121.478926694,25.035667874],[121.478966527,25.035674602],[121.493886482,25.03536718]]]}, "properties" : {"section_id" : "ZISCI20", "section_name" : "華江橋(往東)", "travel_speed" : 27, "level_name" : "壅塞", "level_color" : "#FA0300", "data_time" : "2025-12-29 12:48:00+00"}}, {"type" : "Feature", "geometry" : {"type":"Polygon","coordinates":[[[121.499141048,25.040922275],[121.499140681,25.040921816],[121.498020638,25.04005193],[121.497993934,25.040037098],[121.497955983,25.040030353],[121.497918088,25.040037352],[121.497886018,25.04005703],[121.497864655,25.040086391],[121.497857251,25.040120965],[121.497864934,25.040155488],[121.497892057,25.040189335],[121.499011535,25.041058784],[121.499808747,25.041696948],[121.50009873,25.04199337],[121.500391093,25.042526633],[121.500481671,25.042874462],[121.500482251,25.042876086],[121.500482397,25.042877074],[121.500745836,25.043769235],[121.500749469,25.043778911],[121.500749587,25.04377946],[121.501003407,25.044354596],[121.501003794,25.044355128],[121.501003939,25.044355777],[121.501018848,25.044378303],[121.501371898,25.044768942],[121.501378589,25.044775632],[121.501381906,25.044777635],[121.501383822,25.044780035],[121.501521516,25.04488781],[121.501548514,25.044902869],[121.501586466,25.044909613],[121.501624362,25.044902613],[121.501656433,25.044882934],[121.501677796,25.044853573],[121.501685199,25.044818999],[121.501677515,25.044784476],[121.501650681,25.044750857],[121.501519474,25.04464816],[121.501181592,25.044274303],[121.500935693,25.043717117],[121.500674176,25.042831472],[121.500581293,25.042474795],[121.500576285,25.042460777],[121.500574233,25.042458001],[121.500573526,25.042455294],[121.500270146,25.041901937],[121.500262137,25.04189185],[121.500255472,25.04188221],[121.499952685,25.0415727],[121.49994769,25.04156948],[121.499944115,25.041564948],[121.499141802,25.040922701],[121.499141048,25.040922275]]]}, "properties" : {"section_id" : "Z5070A0", "section_name" : "環河快往北 貴陽市民", "travel_speed" : 47, "level_name" : "壅塞", "level_color" : "#FA0300", "data_time" : "2025-12-29 12:48:00+00"}}, {"type" : "Feature", "geometry" : {"type":"Polygon","coordinates":[[[121.564038821,25.053344092],[121.564038847,25.053343954],[121.563951656,25.051481126],[121.563944043,25.051450076],[121.563922426,25.051420869],[121.563890184,25.051401421],[121.563852227,25.051394693],[121.563814333,25.051401709],[121.56378227,25.051421401],[121.563760921,25.051450771],[121.563753624,25.051488817],[121.563840806,25.053351493],[121.563869903,25.054026598],[121.563808067,25.054725887],[121.563733081,25.05552616],[121.563733066,25.055526486],[121.563733043,25.055526575],[121.563620909,25.056792134],[121.563558102,25.057364486],[121.563469799,25.058116942],[121.563469238,25.058126914],[121.563470655,25.058141751],[121.563524412,25.058428187],[121.563530698,25.05844787],[121.563552316,25.058477076],[121.563584559,25.058496524],[121.563622519,25.058503252],[121.563660415,25.058496236],[121.56369248,25.058476544],[121.56371383,25.058447174],[121.563721216,25.058412598],[121.5637198,25.058397761],[121.56366836,25.058123676],[121.563755236,25.05738337],[121.563755262,25.057382916],[121.563755306,25.057382753],[121.56381824,25.056809235],[121.56381831,25.056807901],[121.56381841,25.056807518],[121.5639306,25.055541308],[121.564005586,25.054741028],[121.564005601,25.05474069],[121.564005625,25.054740599],[121.564067955,25.054035706],[121.564068274,25.054028081],[121.564067906,25.054026429],[121.564068199,25.054024916],[121.564038861,25.053344258],[121.564038821,25.053344092]]]}, "properties" : {"section_id" : "ZMTR600", "section_name" : "三民路 南京東路-民生東路", "travel_speed" : 42, "level_name" : "順暢", "level_color" : "#19FF1C", "data_time" : "2025-12-29 12:48:00+00"}}, {"type" : "Feature", "geometry" : {"type":"Polygon","coordinates":[[[121.563373125,25.058146188],[121.56337426,25.058140177],[121.563378391,25.058125286],[121.56346673,25.057372521],[121.563466756,25.057372068],[121.5634668,25.057371905],[121.563529736,25.056798387],[121.563529806,25.056797052],[121.563529906,25.05679667],[121.563642099,25.05553046],[121.563717086,25.05473018],[121.563717101,25.054729842],[121.563717125,25.054729751],[121.563779457,25.054024858],[121.563779776,25.054017233],[121.563779408,25.054015581],[121.563779701,25.054014068],[121.563750365,25.05333341],[121.563750324,25.053333244],[121.563750351,25.053333106],[121.563663164,25.051470277],[121.563655551,25.051439227],[121.563633934,25.05141002],[121.563601693,25.051390572],[121.563563735,25.051383844],[121.563525841,25.05139086],[121.563493778,25.051410552],[121.563472429,25.051439922],[121.563465132,25.051477968],[121.563552309,25.053340645],[121.563581405,25.054015749],[121.563519567,25.054715039],[121.56344458,25.055515312],[121.563444565,25.055515638],[121.563444542,25.055515726],[121.563332404,25.056781285],[121.563269596,25.057353638],[121.563182552,25.058095355],[121.563082866,25.058348337],[121.56307704,25.058379212],[121.563084742,25.058413731],[121.56310636,25.058442938],[121.563138603,25.058462386],[121.563176563,25.058469114],[121.563214459,25.058462098],[121.563246524,25.058442407],[121.563269435,25.058409335],[121.563373125,25.058146188]]]}, "properties" : {"section_id" : "ZMAR840", "section_name" : "三民路 民生東路-南京東路", "travel_speed" : 31, "level_name" : "車多", "level_color" : "#F8C920", "data_time" : "2025-12-29 12:48:00+00"}}, {"type" : "Feature", "geometry" : {"type":"Polygon","coordinates":[[[121.522036098,25.050092077],[121.522036085,25.050092024],[121.521906782,25.049831228],[121.521886269,25.049804306],[121.521854034,25.049784849],[121.52181608,25.04977811],[121.521778183,25.049785115],[121.521746114,25.049804798],[121.521724755,25.049834162],[121.521717358,25.049868737],[121.521726142,25.049905549],[121.521855419,25.050166294],[121.522038371,25.05053654],[121.522169441,25.050881775],[121.522169972,25.050882545],[121.522170207,25.050883719],[121.522353992,25.05133417],[121.522609265,25.052002353],[121.522633058,25.052036763],[121.522665293,25.05205622],[121.522703249,25.052062959],[121.522741146,25.052055953],[121.522773215,25.05203627],[121.522794574,25.052006906],[121.522801972,25.051972331],[121.522796466,25.051943006],[121.522540852,25.051273931],[121.522540363,25.051273224],[121.522540149,25.051272152],[121.522356396,25.050821783],[121.522224238,25.050473683],[121.522221956,25.050470376],[121.522220947,25.050466134],[121.522036137,25.050092128],[121.522036098,25.050092077]]]}, "properties" : {"section_id" : "ZLRHT00", "section_name" : "中山北路 長安西路-南京東路", "travel_speed" : 45, "level_name" : "順暢", "level_color" : "#19FF1C", "data_time" : "2025-12-29 12:48:00+00"}}, {"type" : "Feature", "geometry" : {"type":"Polygon","coordinates":[[[121.520188601,25.046675055],[121.520189112,25.046675767],[121.520189312,25.046676682],[121.520414306,25.047177517],[121.520415902,25.047179694],[121.520416476,25.047181998],[121.520719498,25.047764257],[121.520966967,25.048303297],[121.52096884,25.04830583],[121.520969489,25.048308348],[121.521114118,25.048575891],[121.521385164,25.049083549],[121.521617218,25.049620564],[121.521639628,25.049651579],[121.521671863,25.049671036],[121.521709817,25.049677775],[121.521747714,25.04967077],[121.521779783,25.049651087],[121.521801142,25.049621722],[121.521808539,25.049587148],[121.521801653,25.049554428],[121.521568187,25.049014149],[121.521565934,25.049011031],[121.521565092,25.04900773],[121.521292255,25.048496718],[121.52129209,25.048496508],[121.521292042,25.048496321],[121.521148651,25.04823107],[121.520901467,25.04769265],[121.520900075,25.047690767],[121.520899586,25.047688809],[121.520596726,25.047106862],[121.520373114,25.046609106],[121.520029166,25.045798977],[121.520006542,25.045767461],[121.519974309,25.045748004],[121.519936355,25.045741264],[121.51989846,25.045748269],[121.519866392,25.045767952],[121.519845033,25.045797316],[121.519837635,25.04583189],[121.519844306,25.04586411],[121.520188601,25.046675055]]]}, "properties" : {"section_id" : "ZLBHN00", "section_name" : "中山北路 忠孝東路-長安東路", "travel_speed" : 59, "level_name" : "順暢", "level_color" : "#19FF1C", "data_time" : "2025-09-26 06:26:00+00"}}, {"type" : "Feature", "geometry" : {"type":"Polygon","coordinates":[[[121.522173748,25.051275222],[121.522173259,25.051274515],[121.522173045,25.051273443],[121.521989293,25.050823074],[121.521857136,25.050474973],[121.521854855,25.050471667],[121.521853846,25.050467424],[121.521669036,25.050093418],[121.521668997,25.050093367],[121.521668985,25.050093314],[121.521539682,25.049832518],[121.52151917,25.049805595],[121.521486935,25.049786138],[121.52144898,25.049779399],[121.521411084,25.049786404],[121.521379015,25.049806087],[121.521357656,25.049835451],[121.521350258,25.049870026],[121.521359042,25.049906838],[121.521488318,25.050167583],[121.52167127,25.05053783],[121.521802338,25.050883065],[121.52180287,25.050883835],[121.521803104,25.050885009],[121.521986888,25.05133546],[121.522242159,25.052003644],[121.522265952,25.052038055],[121.522298187,25.052057512],[121.522336142,25.05206425],[121.52237404,25.052057245],[121.522406109,25.052037562],[121.522427468,25.052008197],[121.522434866,25.051973623],[121.52242936,25.051944298],[121.522173748,25.051275222]]]}, "properties" : {"section_id" : "ZLBHN40", "section_name" : "中山北路 南京西路-長安西路", "travel_speed" : 52, "level_name" : "順暢", "level_color" : "#19FF1C", "data_time" : "2025-12-29 12:48:00+00"}}, {"type" : "Feature", "geometry" : {"type":"Polygon","coordinates":[[[121.52280283,25.05771888],[121.522811633,25.057757569],[121.52283376,25.057789683],[121.5228692,25.057813166],[121.522913207,25.057819449],[121.522950871,25.057811447],[121.522979859,25.057794892],[121.523000932,25.057764056],[121.523005951,25.057718165],[121.522859332,25.055077891],[121.522853254,25.055042587],[121.52283993,25.055012582],[121.522810129,25.054987142],[121.522767164,25.054969262],[121.522721015,25.05497844],[121.522693074,25.05500258],[121.522670139,25.055040227],[121.52266237,25.055078584],[121.52280283,25.05771888]]]}, "properties" : {"section_id" : "ZN5HV00", "section_name" : "民生東　中山北(往北)", "travel_speed" : 50, "level_name" : "順暢", "level_color" : "#19FF1C", "data_time" : "2025-12-29 12:48:00+00"}}, {"type" : "Feature", "geometry" : {"type":"Polygon","coordinates":[[[121.522490765,25.05235398],[121.522483192,25.052323521],[121.522461585,25.052294308],[121.522429349,25.052274851],[121.522391394,25.052268112],[121.522353497,25.052275118],[121.522321427,25.052294801],[121.522300068,25.052324165],[121.522292788,25.052362802],[121.522581066,25.05773117],[121.522588639,25.05776163],[121.522610248,25.057790843],[121.522642485,25.0578103],[121.522680442,25.057817038],[121.522718341,25.057810032],[121.522750412,25.057790349],[121.522771772,25.057760985],[121.522779052,25.057722348],[121.522490765,25.05235398]]]}, "properties" : {"section_id" : "ZLRHT40", "section_name" : "中山北路　南京往南", "travel_speed" : 49, "level_name" : "順暢", "level_color" : "#19FF1C", "data_time" : "2025-12-29 12:48:00+00"}}, {"type" : "Feature", "geometry" : {"type":"Polygon","coordinates":[[[121.538169261,25.038011611],[121.538130757,25.038018621],[121.538098694,25.038038308],[121.538077341,25.038067674],[121.538069948,25.03810225],[121.538077642,25.038136771],[121.538099251,25.038165982],[121.538131485,25.038185435],[121.538168825,25.03819217],[121.543444987,25.038202649],[121.543483491,25.038195638],[121.543515553,25.03817595],[121.543536905,25.038146583],[121.543544296,25.038112007],[121.543536601,25.038077486],[121.54351499,25.038048276],[121.543482756,25.038028824],[121.543445416,25.03802209],[121.538169261,25.038011611]]]}, "properties" : {"section_id" : "ZINLD60", "section_name" : "仁愛路 復興南路-建國南路", "travel_speed" : 53, "level_name" : "順暢", "level_color" : "#19FF1C", "data_time" : "2025-12-29 12:48:00+00"}}, {"type" : "Feature", "geometry" : {"type":"Polygon","coordinates":[[[121.52282632,25.063295015],[121.522827448,25.063291532],[121.52292348,25.062824812],[121.522925175,25.062807833],[121.522917484,25.062773312],[121.522895874,25.062744099],[121.522863636,25.062724642],[121.522825677,25.062717903],[121.522787777,25.062724909],[121.522755704,25.062744592],[121.522734343,25.062773956],[121.522728641,25.062791552],[121.522633237,25.063255221],[121.522498873,25.063726666],[121.522498286,25.063730919],[121.522496834,25.06373569],[121.522410042,25.064252144],[121.522332681,25.064695073],[121.522331715,25.064706493],[121.522331468,25.064707583],[121.522319392,25.065300808],[121.522320302,25.065305138],[121.522319631,25.065308961],[121.522357629,25.065789952],[121.522357901,25.06579099],[121.522358208,25.065795158],[121.522460992,25.066512339],[121.522462113,25.066516128],[121.522462777,25.066521268],[121.522589487,25.067013334],[121.522589826,25.067014286],[121.522589917,25.067014936],[121.522717322,25.067471975],[121.522717618,25.067472782],[121.522717686,25.067473243],[121.522857348,25.067945412],[121.522950875,25.068318162],[121.522956076,25.06833292],[121.522977687,25.068362133],[121.523009927,25.06838159],[121.523047887,25.068388328],[121.523085789,25.068381322],[121.523117863,25.068361639],[121.523139225,25.068332275],[121.523146623,25.0682977],[121.523144132,25.068277936],[121.52305018,25.067903491],[121.523049451,25.067901422],[121.523049258,25.06790012],[121.522909287,25.067426906],[121.522782281,25.0669713],[121.522656915,25.066484462],[121.522555148,25.065774382],[121.522517676,25.065300073],[121.522529539,25.064717224],[121.522605859,25.064280249],[121.522605886,25.064279932],[121.522605949,25.064279726],[121.522692018,25.06376757],[121.522825965,25.063297586],[121.52282632,25.063295015]]]}, "properties" : {"section_id" : "ZQFHV00", "section_name" : "中山北路 民權東路-民族東路", "travel_speed" : 33, "level_name" : "車多", "level_color" : "#F8C920", "data_time" : "2025-12-29 12:48:00+00"}}, {"type" : "Feature", "geometry" : {"type":"Polygon","coordinates":[[[121.522656644,25.067904259],[121.522656034,25.06790255],[121.52265588,25.067901505],[121.522515909,25.067428291],[121.522388905,25.066972685],[121.522263541,25.066485846],[121.522161776,25.065775766],[121.522124306,25.065301457],[121.522136171,25.064718607],[121.522212492,25.064281634],[121.522212519,25.064281317],[121.522212582,25.06428111],[121.522298652,25.063768954],[121.522432601,25.06329897],[121.522432956,25.0632964],[121.522434084,25.063292917],[121.522530117,25.062826197],[121.522531812,25.062809218],[121.522524121,25.062774696],[121.522502512,25.062745483],[121.522470274,25.062726026],[121.522432315,25.062719288],[121.522394414,25.062726293],[121.522362342,25.062745977],[121.522340981,25.062775341],[121.522335278,25.062792936],[121.522239873,25.063256605],[121.522105507,25.063728049],[121.52210492,25.063732303],[121.522103469,25.063737074],[121.522016675,25.064253527],[121.521939313,25.064696456],[121.521938346,25.064707876],[121.521938099,25.064708966],[121.521926022,25.065302191],[121.521926931,25.065306521],[121.52192626,25.065310344],[121.521964257,25.065791335],[121.521964529,25.065792373],[121.521964836,25.065796541],[121.522067618,25.066513723],[121.522068738,25.066517512],[121.522069402,25.066522652],[121.522196112,25.067014718],[121.52219645,25.06701567],[121.522196541,25.06701632],[121.522323944,25.06747336],[121.522324241,25.067474167],[121.522324309,25.067474628],[121.52246406,25.067947103],[121.522557602,25.068308222],[121.522562646,25.068322362],[121.522584256,25.068351575],[121.522616496,25.068371032],[121.522654456,25.06837777],[121.522692358,25.068370765],[121.522724432,25.068351081],[121.522745794,25.068321717],[121.522753192,25.068287142],[121.522750544,25.068266761],[121.522656644,25.067904259]]]}, "properties" : {"section_id" : "ZP7HI40", "section_name" : "中山北路 民族東路-民權東路", "travel_speed" : 62, "level_name" : "順暢", "level_color" : "#19FF1C", "data_time" : "2025-12-29 12:48:00+00"}}, {"type" : "Feature", "geometry" : {"type":"Polygon","coordinates":[[[121.526774452,25.076321565],[121.526789431,25.076338896],[121.526797629,25.076345526],[121.526996472,25.076489248],[121.52699671,25.076489375],[121.526997218,25.076489782],[121.527218715,25.076646758],[121.527401121,25.07680328],[121.52740157,25.076803544],[121.527401832,25.076803885],[121.527538454,25.076918836],[121.527661678,25.077025677],[121.527663563,25.077026789],[121.527664619,25.077028126],[121.527823435,25.077155145],[121.52782415,25.077155548],[121.52782707,25.077157915],[121.52800579,25.077287612],[121.528149154,25.077401467],[121.528153897,25.077404133],[121.528163845,25.077411132],[121.528348292,25.077510472],[121.528349929,25.077511213],[121.528350628,25.077511691],[121.528499932,25.077587196],[121.528510478,25.07759181],[121.528512036,25.077592086],[121.52851327,25.077592807],[121.528688966,25.077652767],[121.528690446,25.077653008],[121.528701387,25.07765618],[121.528912509,25.077700702],[121.528913577,25.077700812],[121.528914895,25.077701177],[121.529086508,25.077733331],[121.529087718,25.077733441],[121.529088865,25.077733746],[121.529432522,25.07779027],[121.529432529,25.077790271],[121.529432534,25.077790272],[121.5297335,25.07783974],[121.52973948,25.077840217],[121.529742112,25.077840803],[121.530043147,25.077865776],[121.530043218,25.077865779],[121.53004324,25.077865784],[121.530294662,25.077886424],[121.530985601,25.077958378],[121.530997252,25.077958962],[121.531006279,25.077958554],[121.531439222,25.077920924],[121.532186033,25.077893424],[121.532187175,25.077893192],[121.53218808,25.077893329],[121.532743591,25.077862378],[121.533177291,25.077853834],[121.533179764,25.077853356],[121.533181775,25.077853653],[121.537639277,25.077581549],[121.538092313,25.077592218],[121.538097551,25.077591323],[121.538102234,25.077591999],[121.538664137,25.077553904],[121.538720639,25.077553884],[121.5387589,25.077546874],[121.538790973,25.077527187],[121.538812333,25.07749782],[121.538819727,25.077463245],[121.53881203,25.077428724],[121.538790414,25.077399514],[121.53875817,25.07738006],[121.538720562,25.077373325],[121.538660395,25.077373346],[121.538656409,25.077374077],[121.538653074,25.077373596],[121.538092471,25.077411603],[121.537639801,25.077400943],[121.537634996,25.077401764],[121.537630607,25.077401115],[121.533170759,25.077673362],[121.532737347,25.0776819],[121.532735207,25.077682314],[121.532733438,25.077682048],[121.532176998,25.07771305],[121.531428502,25.077740613],[121.531427927,25.077740729],[121.531423089,25.077740948],[121.530997794,25.077777913],[121.530316005,25.077706911],[121.530314233,25.077706822],[121.530313643,25.077706691],[121.530061085,25.077685958],[121.529764429,25.077661348],[121.529467757,25.077612586],[121.529467751,25.077612585],[121.529125282,25.077556256],[121.528956042,25.077524546],[121.528752444,25.077481611],[121.528589735,25.077426083],[121.528448048,25.077354431],[121.528272592,25.077259933],[121.528134431,25.07715021],[121.528133736,25.07714982],[121.528131056,25.077147648],[121.527952472,25.077018049],[121.527796934,25.076893652],[121.527674615,25.076787596],[121.527673934,25.076787194],[121.527673531,25.07678667],[121.527536721,25.07667156],[121.527351262,25.076512418],[121.527350578,25.076512017],[121.527344161,25.076506877],[121.527119343,25.076347548],[121.526934824,25.076214179],[121.526819078,25.07604005],[121.526804099,25.076022718],[121.526771857,25.076003262],[121.526733894,25.075996525],[121.52669599,25.076003532],[121.526663915,25.076023216],[121.526642553,25.076052581],[121.526635155,25.076087156],[121.526642848,25.076121677],[121.526649482,25.076133558],[121.526774452,25.076321565]]]}, "properties" : {"section_id" : "ZSJJX20", "section_name" : "北安路 中山北路-明水路", "travel_speed" : 49, "level_name" : "順暢", "level_color" : "#19FF1C", "data_time" : "2025-12-29 12:48:00+00"}}, {"type" : "Feature", "geometry" : {"type":"Polygon","coordinates":[[[121.525707863,25.084218642],[121.525708392,25.084216196],[121.525708398,25.084020451],[121.525700704,25.083985576],[121.52567909,25.083956363],[121.525646846,25.083936907],[121.52560888,25.08393017],[121.525570974,25.083937176],[121.525538896,25.08395686],[121.525517532,25.083986224],[121.525510133,25.084020446],[121.525510127,25.084213917],[121.525489855,25.084579988],[121.52549043,25.084582985],[121.525489748,25.084586312],[121.525499014,25.085014876],[121.525499322,25.085016202],[121.525501194,25.085032008],[121.525579053,25.085363038],[121.52557915,25.08536332],[121.525579181,25.085363575],[121.525651392,25.085661715],[121.52565676,25.085677142],[121.525658048,25.085678882],[121.5256585,25.085680706],[121.525818687,25.085990733],[121.525818916,25.085991029],[121.525818986,25.085991307],[121.525906446,25.086157529],[121.525908763,25.086160497],[121.525915258,25.086171093],[121.526137538,25.086453656],[121.526142518,25.086458981],[121.526143736,25.086460754],[121.526378818,25.086703794],[121.526610292,25.086960765],[121.5268588,25.087267584],[121.527062903,25.08754179],[121.527249081,25.087855605],[121.527360229,25.088072336],[121.527495713,25.088407206],[121.527588242,25.088693858],[121.527617339,25.089000257],[121.527617372,25.089000378],[121.527617396,25.089000836],[121.527647271,25.089293462],[121.527634214,25.089583665],[121.527597342,25.089867456],[121.527597103,25.089871263],[121.527596864,25.089872209],[121.527583908,25.090053742],[121.527591395,25.09009447],[121.52761301,25.090123682],[121.527645256,25.090143138],[121.527683224,25.090149875],[121.527721132,25.090142868],[121.527753211,25.090123184],[121.527774575,25.090093819],[121.527781765,25.090065452],[121.527794551,25.089886301],[121.527831562,25.089601435],[121.527831934,25.089595489],[121.527832166,25.089594523],[121.52784565,25.089294817],[121.527845274,25.089292911],[121.527845733,25.089290769],[121.527845308,25.089282764],[121.527814848,25.088984411],[121.527784922,25.088669293],[121.527782904,25.08866183],[121.527781266,25.08865161],[121.527684998,25.088353377],[121.527683068,25.088348428],[121.527682909,25.088347626],[121.527544836,25.088006356],[121.527542564,25.088003136],[121.527541636,25.087999366],[121.527427501,25.087776811],[121.527427097,25.087776289],[121.527424898,25.0877721],[121.527234976,25.087451975],[121.527232957,25.087449518],[121.527229816,25.087444233],[121.527021811,25.087164786],[121.527020385,25.08716322],[121.527019532,25.087161852],[121.526768338,25.086851716],[121.526765995,25.086849246],[121.526765203,25.086848047],[121.526531005,25.086588053],[121.526529098,25.086586144],[121.526528749,25.086585637],[121.526295812,25.086344813],[121.526081494,25.086072372],[121.525997938,25.08591357],[121.525842619,25.085612966],[121.52577286,25.085324952],[121.525697055,25.085002661],[121.525688044,25.084585921],[121.525708266,25.08422074],[121.525707863,25.084218642]]]}, "properties" : {"section_id" : "ZU5IF00", "section_name" : "中山北路 基河路-小北街", "travel_speed" : 49, "level_name" : "順暢", "level_color" : "#19FF1C", "data_time" : "2025-12-29 12:48:00+00"}}, {"type" : "Feature", "geometry" : {"type":"Polygon","coordinates":[[[121.527572582,25.09050565],[121.527572732,25.090506259],[121.527572987,25.090510663],[121.52763082,25.091029102],[121.527631373,25.091031086],[121.52763183,25.091035716],[121.527734085,25.091561716],[121.527817663,25.092014783],[121.527874985,25.092538371],[121.527875064,25.092538656],[121.52787512,25.092539528],[121.527941396,25.09307492],[121.527942527,25.09307888],[121.527943335,25.093085204],[121.528070889,25.093586],[121.528176418,25.094264098],[121.528180697,25.094709649],[121.528114321,25.095154385],[121.527971383,25.095564924],[121.527966748,25.095592561],[121.527974443,25.095627082],[121.52799606,25.095656294],[121.528028307,25.09567575],[121.528066276,25.095682487],[121.528104187,25.09567548],[121.528136266,25.095655795],[121.528157632,25.09562643],[121.528160395,25.095619492],[121.528305914,25.095201537],[121.528306868,25.09519585],[121.528309647,25.095186411],[121.528378135,25.09472752],[121.528379037,25.094715009],[121.528378988,25.09471479],[121.528379034,25.094714573],[121.528374635,25.09425655],[121.528374586,25.094256333],[121.528373658,25.094244672],[121.528266602,25.093556769],[121.528265572,25.093553362],[121.528265019,25.093549038],[121.528137784,25.0930495],[121.528072222,25.09251988],[121.528014633,25.091993857],[121.528014152,25.09199213],[121.528013752,25.091987857],[121.52792955,25.091531413],[121.527929448,25.091531089],[121.527929402,25.091530632],[121.52782771,25.09100753],[121.527770526,25.090494917],[121.527756307,25.09021084],[121.527748715,25.090180077],[121.527727099,25.090150865],[121.527694853,25.090131409],[121.527656886,25.090124672],[121.527618977,25.090131679],[121.527586899,25.090151363],[121.527565534,25.090180728],[121.527558238,25.090219061],[121.527572582,25.09050565]]]}, "properties" : {"section_id" : "ZVYIV00", "section_name" : "中山北路 小北街-中正路", "travel_speed" : 49, "level_name" : "順暢", "level_color" : "#19FF1C", "data_time" : "2025-12-29 12:48:00+00"}}, {"type" : "Feature", "geometry" : {"type":"Polygon","coordinates":[[[121.547912769,25.037965424],[121.547896182,25.037945581],[121.547863946,25.037926129],[121.547825994,25.037919397],[121.547824842,25.03791961],[121.547823752,25.037919428],[121.546141992,25.037960304],[121.546141574,25.037960386],[121.546141206,25.037960326],[121.544815715,25.038002119],[121.543817909,25.038014935],[121.543781016,25.038021937],[121.543748954,25.038041625],[121.543727602,25.038070992],[121.543720211,25.038105568],[121.543727907,25.038140089],[121.543749517,25.038169299],[121.543781752,25.038188751],[121.543820702,25.038195476],[121.544819524,25.038182648],[121.54482059,25.038182445],[121.544821554,25.038182603],[121.546147669,25.03814079],[121.547769308,25.038101376],[121.547980229,25.038443078],[121.547996817,25.038462921],[121.548029052,25.038482372],[121.548067005,25.038489105],[121.548104896,25.038482093],[121.548136958,25.038462404],[121.548158309,25.038433036],[121.548165698,25.03839846],[121.548158002,25.03836394],[121.548152978,25.038354574],[121.547912769,25.037965424]]]}, "properties" : {"section_id" : "ZINM760", "section_name" : "仁愛路 敦化南路-復興北路", "travel_speed" : 48, "level_name" : "順暢", "level_color" : "#19FF1C", "data_time" : "2025-12-29 12:48:00+00"}}, {"type" : "Feature", "geometry" : {"type":"Polygon","coordinates":[[[121.524365015,25.080522009],[121.524364705,25.080529508],[121.524365556,25.080533326],[121.524365026,25.080536431],[121.524392577,25.08084686],[121.524399949,25.080874458],[121.524407778,25.080888091],[121.525351806,25.082237706],[121.525504103,25.082625865],[121.525581816,25.083063058],[121.525559573,25.083938634],[121.525567241,25.083975594],[121.525588855,25.084004807],[121.525621099,25.084024263],[121.525659065,25.084031],[121.525696971,25.084023994],[121.525729048,25.08400431],[121.525750412,25.083974946],[121.525757785,25.08394281],[121.525780238,25.083058924],[121.525779994,25.083057747],[121.525780264,25.083056485],[121.52577899,25.083042409],[121.525698366,25.082588848],[121.525694655,25.08257703],[121.52569386,25.082572898],[121.525534756,25.082167388],[121.525533416,25.082165468],[121.525532842,25.082162893],[121.525525013,25.08214926],[121.524588211,25.08080998],[121.524563281,25.080529094],[121.524612665,25.079962848],[121.524612975,25.07995535],[121.524605282,25.079920829],[121.524583669,25.079891616],[121.524551426,25.07987216],[121.524513462,25.079865422],[121.524475557,25.079872428],[121.52444348,25.079892112],[121.524422117,25.079921476],[121.524415029,25.079948552],[121.524365015,25.080522009]]]}, "properties" : {"section_id" : "ZTTIF00", "section_name" : "中山北路　劍潭往北", "travel_speed" : 36, "level_name" : "順暢", "level_color" : "#19FF1C", "data_time" : "2025-12-29 12:48:00+00"}}, {"type" : "Feature", "geometry" : {"type":"Polygon","coordinates":[[[121.527308728,25.089908118],[121.527308488,25.089909064],[121.527295532,25.090090597],[121.527303019,25.090131326],[121.527324634,25.090160538],[121.52735688,25.090179993],[121.527394848,25.090186731],[121.527432756,25.090179724],[121.527464835,25.090160039],[121.527486199,25.090130674],[121.52749339,25.090102307],[121.527506175,25.089923157],[121.527543187,25.089638291],[121.527543559,25.089632345],[121.527543791,25.089631379],[121.527557276,25.089331673],[121.5275569,25.089329767],[121.527557359,25.089327624],[121.527556934,25.08931962],[121.527526474,25.089021266],[121.527496549,25.088706148],[121.527494531,25.088698686],[121.527492894,25.088688466],[121.527396626,25.088390232],[121.527394696,25.088385283],[121.527394537,25.088384481],[121.527256465,25.088043212],[121.527254192,25.088039991],[121.527253265,25.088036221],[121.52713913,25.087813666],[121.527138726,25.087813144],[121.527136527,25.087808955],[121.526946606,25.08748883],[121.526944587,25.087486372],[121.526941446,25.087481087],[121.526733442,25.08720164],[121.526732015,25.087200074],[121.526731163,25.087198706],[121.526479969,25.086888569],[121.526477627,25.0868861],[121.526476834,25.0868849],[121.526242637,25.086624906],[121.52624073,25.086622997],[121.526240381,25.08662249],[121.526007444,25.086381666],[121.525793127,25.086109224],[121.525709572,25.085950422],[121.525554252,25.085649817],[121.525484494,25.085361803],[121.52540869,25.085039512],[121.525399681,25.084622773],[121.525419903,25.084257592],[121.5254195,25.084255493],[121.525420029,25.084253047],[121.525420036,25.084057302],[121.525412342,25.084022427],[121.525390728,25.083993214],[121.525358483,25.083973758],[121.525320518,25.083967021],[121.525282611,25.083974027],[121.525250534,25.083993711],[121.52522917,25.084023075],[121.525221771,25.084057296],[121.525221764,25.084250768],[121.525201491,25.084616839],[121.525202067,25.084619836],[121.525201385,25.084623163],[121.525210649,25.085051727],[121.525210957,25.085053053],[121.525212829,25.085068858],[121.525290688,25.085399889],[121.525290785,25.085400171],[121.525290816,25.085400426],[121.525363026,25.085698566],[121.525368394,25.085713993],[121.525369681,25.085715733],[121.525370133,25.085717558],[121.52553032,25.086027584],[121.525530549,25.08602788],[121.525530619,25.086028158],[121.525618079,25.086194381],[121.525620396,25.086197348],[121.525626891,25.086207945],[121.52584917,25.086490508],[121.52585415,25.086495833],[121.525855368,25.086497606],[121.526090449,25.086740647],[121.526321923,25.086997618],[121.52657043,25.087304438],[121.526774533,25.087578644],[121.52696071,25.08789246],[121.527071858,25.088109191],[121.527207341,25.08844406],[121.527299869,25.088730713],[121.527328966,25.089037113],[121.527328999,25.089037234],[121.527329023,25.089037691],[121.527358897,25.089330318],[121.527345839,25.08962052],[121.527308966,25.089904312],[121.527308728,25.089908118]]]}, "properties" : {"section_id" : "ZTTIF40", "section_name" : "中山北路 小北街-基河路", "travel_speed" : 30, "level_name" : "車多", "level_color" : "#F8C920", "data_time" : "2025-12-29 12:48:00+00"}}, {"type" : "Feature", "geometry" : {"type":"Polygon","coordinates":[[[121.528043552,25.095190528],[121.528044506,25.095184841],[121.528047285,25.095175402],[121.528115774,25.094716511],[121.528116677,25.094704],[121.528116628,25.094703781],[121.528116674,25.094703564],[121.528112275,25.094245541],[121.528112226,25.094245324],[121.528111298,25.094233663],[121.528004244,25.09354576],[121.528003214,25.093542353],[121.528002661,25.093538029],[121.527875427,25.093038491],[121.527809867,25.092508871],[121.527752278,25.091982847],[121.527751798,25.09198112],[121.527751397,25.091976847],[121.527667196,25.091520403],[121.527667094,25.091520079],[121.527667048,25.091519622],[121.527565357,25.09099652],[121.527508174,25.090483906],[121.527493956,25.09019983],[121.527486364,25.090169066],[121.527464748,25.090139854],[121.527432502,25.090120399],[121.527394535,25.090113662],[121.527356626,25.090120668],[121.527324548,25.090140353],[121.527303183,25.090169718],[121.527295887,25.090208051],[121.52731023,25.090494639],[121.527310381,25.090495248],[121.527310635,25.090499652],[121.527368467,25.091018092],[121.527369021,25.091020075],[121.527369477,25.091024705],[121.527471731,25.091550706],[121.527555308,25.092003773],[121.527612629,25.092527361],[121.527612708,25.092527646],[121.527612764,25.092528518],[121.527679039,25.09306391],[121.52768017,25.09306787],[121.527680978,25.093074194],[121.527808531,25.093574991],[121.527914058,25.094253088],[121.527918337,25.094698639],[121.527851959,25.095143376],[121.527709021,25.095553914],[121.527704385,25.095581551],[121.52771208,25.095616073],[121.527733697,25.095645285],[121.527765945,25.09566474],[121.527803914,25.095671477],[121.527841824,25.09566447],[121.527873904,25.095644786],[121.527895269,25.095615421],[121.527898032,25.095608483],[121.528043552,25.095190528]]]}, "properties" : {"section_id" : "ZV9IT40", "section_name" : "中山北路 中正路-小北街", "travel_speed" : 30, "level_name" : "車多", "level_color" : "#F8C920", "data_time" : "2025-12-29 12:48:00+00"}}, {"type" : "Feature", "geometry" : {"type":"Polygon","coordinates":[[[121.525333617,25.082888353],[121.525333267,25.082886887],[121.525332091,25.082875176],[121.525251672,25.082469388],[121.525245554,25.08245055],[121.525241943,25.082443554],[121.524871996,25.081799923],[121.524870213,25.081797722],[121.524866837,25.081791966],[121.524319163,25.081038323],[121.524117122,25.080538364],[121.524115991,25.080272633],[121.52416603,25.079847466],[121.524166594,25.079837494],[121.524158901,25.079802972],[121.524137288,25.07977376],[121.524105045,25.079754303],[121.524067081,25.079747565],[121.524029176,25.079754571],[121.5239971,25.079774255],[121.523975736,25.079803619],[121.523968901,25.079828222],[121.523918276,25.080258361],[121.523917712,25.080268333],[121.523918932,25.080554969],[121.523925031,25.0805858],[121.524137093,25.081110558],[121.52413822,25.081112155],[121.524138686,25.081114248],[121.524147456,25.081129201],[121.5246987,25.081887758],[121.525059256,25.082515052],[121.525135684,25.082900708],[121.525165351,25.083753882],[121.525172995,25.083785897],[121.525194609,25.083815109],[121.525226854,25.083834566],[121.525264819,25.083841303],[121.525302726,25.083834297],[121.525334803,25.083814613],[121.525356167,25.083785249],[121.525363516,25.083748167],[121.525333617,25.082888353]]]}, "properties" : {"section_id" : "ZSVI940", "section_name" : "通河街　中山北(往南)", "travel_speed" : 51, "level_name" : "順暢", "level_color" : "#19FF1C", "data_time" : "2025-12-29 12:48:00+00"}}, {"type" : "Feature", "geometry" : {"type":"Polygon","coordinates":[[[121.526281157,25.112224904],[121.526281761,25.112225673],[121.526281936,25.112226336],[121.526637341,25.112865554],[121.526637501,25.112865753],[121.526637989,25.112866698],[121.526928665,25.113371493],[121.52742455,25.114327922],[121.527687241,25.114836514],[121.527925338,25.11533636],[121.527925494,25.115336568],[121.527928363,25.11534214],[121.528211913,25.115837844],[121.528212779,25.115838914],[121.528214749,25.115842465],[121.528508648,25.116290093],[121.528511765,25.116293718],[121.52851436,25.11629785],[121.528710856,25.11653699],[121.528716328,25.116542719],[121.528717189,25.116543943],[121.528954908,25.116779842],[121.530130185,25.118189925],[121.530139336,25.118199439],[121.53017159,25.118218894],[121.530209566,25.11822563],[121.530247483,25.118218622],[121.530279568,25.118198937],[121.530300937,25.118169572],[121.530308336,25.118134997],[121.530300639,25.118100476],[121.530288168,25.118080778],[121.529110093,25.11666734],[121.529104952,25.116661995],[121.529104168,25.11666088],[121.528866679,25.11642521],[121.528676235,25.116193436],[121.528386462,25.115752094],[121.528105879,25.11526158],[121.527868583,25.114763416],[121.527867656,25.11476218],[121.527867343,25.114760918],[121.527603979,25.114251025],[121.527603932,25.114250963],[121.527603917,25.114250905],[121.527107114,25.113292708],[121.52710681,25.113292316],[121.527105266,25.113289327],[121.526813954,25.11278343],[121.526459264,25.112145499],[121.526184026,25.111627938],[121.526164622,25.111603196],[121.52613237,25.11158374],[121.526094396,25.111577003],[121.526056481,25.11158401],[121.526024397,25.111603694],[121.526003028,25.111633058],[121.525995628,25.111667633],[121.526005538,25.111706624],[121.526281157,25.112224904]]]}, "properties" : {"section_id" : "Z4NJD00", "section_name" : "中山北路 士東路-天母東路", "travel_speed" : 55, "level_name" : "順暢", "level_color" : "#19FF1C", "data_time" : "2025-12-29 12:48:00+00"}}, {"type" : "Feature", "geometry" : {"type":"Polygon","coordinates":[[[121.525046326,25.107210319],[121.525046776,25.107211942],[121.525047153,25.107216058],[121.525259987,25.108396961],[121.525260071,25.108397228],[121.525260109,25.108397623],[121.525398608,25.109131896],[121.525527728,25.110094946],[121.52552799,25.110095846],[121.525528156,25.110097768],[121.525608586,25.110572564],[121.525609708,25.110576187],[121.525610237,25.110580144],[121.525728007,25.111020899],[121.525730494,25.111027786],[121.52573083,25.111029552],[121.525834079,25.111296429],[121.525834972,25.111297714],[121.52583536,25.111299555],[121.526010286,25.111703411],[121.526032688,25.111734376],[121.52606494,25.111753832],[121.526102914,25.111760569],[121.526140829,25.111753562],[121.526172913,25.111733878],[121.526194282,25.111704514],[121.526201682,25.111669939],[121.526194768,25.11163717],[121.526020514,25.111234866],[121.525919522,25.110973826],[121.525803929,25.110541219],[121.525724384,25.110071652],[121.52559516,25.109107838],[121.525594737,25.109106382],[121.52559446,25.109103497],[121.525455614,25.108367391],[121.525243353,25.107189677],[121.52516529,25.106470565],[121.525158075,25.106444572],[121.525136457,25.10641536],[121.525104207,25.106395904],[121.525066234,25.106389166],[121.525028321,25.106396173],[121.524996238,25.106415856],[121.52497487,25.106445221],[121.52496747,25.106479796],[121.52496795,25.106488325],[121.525046326,25.107210319]]]}, "properties" : {"section_id" : "Z3AIL00", "section_name" : "中山北路 德行東路-士東路", "travel_speed" : 48, "level_name" : "順暢", "level_color" : "#19FF1C", "data_time" : "2025-12-29 12:48:00+00"}}, {"type" : "Feature", "geometry" : {"type":"Polygon","coordinates":[[[121.528722684,25.116874434],[121.528722844,25.116874696],[121.529757621,25.118189267],[121.529768379,25.118200765],[121.529800633,25.11822022],[121.52983861,25.118226956],[121.529876527,25.118219949],[121.529908612,25.118200264],[121.52992998,25.118170899],[121.52993738,25.118136324],[121.529929682,25.118101803],[121.529918819,25.118084089],[121.52888426,25.116769796],[121.528656086,25.116475226],[121.52865501,25.116474068],[121.528654451,25.116473178],[121.528461032,25.116237782],[121.52817126,25.11579644],[121.52788929,25.1153035],[121.527615633,25.114812704],[121.527391148,25.114300338],[121.527388468,25.11429665],[121.527387496,25.114292978],[121.526859657,25.113344661],[121.526859492,25.113344455],[121.526858991,25.113343486],[121.526566134,25.112835908],[121.526245498,25.112192597],[121.526244702,25.112191555],[121.526244449,25.112190561],[121.52596883,25.111672281],[121.525949426,25.111647539],[121.525917174,25.111628083],[121.5258792,25.111621345],[121.525841285,25.111628352],[121.5258092,25.111648036],[121.525787832,25.111677401],[121.525780432,25.111711975],[121.525790342,25.111750967],[121.526065422,25.112268234],[121.526386729,25.112912893],[121.526387017,25.11291327],[121.526389242,25.112917571],[121.526683091,25.11342687],[121.527208594,25.114370992],[121.527433091,25.114883387],[121.527435795,25.114887108],[121.527436774,25.114890803],[121.52771269,25.115385651],[121.527712806,25.115385797],[121.527713161,25.115386485],[121.527996711,25.11588219],[121.527997576,25.11588326],[121.527999546,25.11588681],[121.528293445,25.116334439],[121.528296561,25.116338064],[121.528299157,25.116342196],[121.528494819,25.116580322],[121.528722408,25.116874137],[121.528722684,25.116874434]]]}, "properties" : {"section_id" : "ZZLIE40", "section_name" : "中山北路 天母東路-士東路", "travel_speed" : 45, "level_name" : "順暢", "level_color" : "#19FF1C", "data_time" : "2025-12-29 12:48:00+00"}}, {"type" : "Feature", "geometry" : {"type":"Polygon","coordinates":[[[121.525612132,25.111334334],[121.52561252,25.111336175],[121.525787446,25.111740032],[121.525809847,25.111770996],[121.525842099,25.111790452],[121.525880073,25.111797189],[121.525917988,25.111790183],[121.525950073,25.111770499],[121.525971441,25.111741134],[121.525978841,25.111706559],[121.525971928,25.11167379],[121.525797674,25.111271486],[121.525696683,25.111010446],[121.52558109,25.110577839],[121.525501546,25.110108272],[121.525372324,25.109144458],[121.525371901,25.109143002],[121.525371624,25.109140116],[121.52523278,25.108404011],[121.525020078,25.107223838],[121.52488214,25.106413073],[121.524875613,25.106392021],[121.524853994,25.106362809],[121.524821744,25.106343353],[121.524783772,25.106336615],[121.524745858,25.106343621],[121.524713776,25.106363305],[121.524692408,25.10639267],[121.524685008,25.106427244],[121.524686176,25.106440714],[121.52482418,25.107251878],[121.524824275,25.107252183],[121.52482432,25.107252677],[121.525037152,25.10843358],[121.525037236,25.108433847],[121.525037274,25.108434242],[121.525175772,25.109168515],[121.52530489,25.110131565],[121.525305152,25.110132466],[121.525305318,25.110134387],[121.525385747,25.110609184],[121.525386869,25.110612807],[121.525387399,25.110616763],[121.525505168,25.111057519],[121.525507654,25.111064406],[121.52550799,25.111066172],[121.525611239,25.111333049],[121.525612132,25.111334334]]]}, "properties" : {"section_id" : "ZZYII40", "section_name" : "中山北路 士東路-德行東路", "travel_speed" : 39, "level_name" : "順暢", "level_color" : "#19FF1C", "data_time" : "2025-12-29 12:48:00+00"}}, {"type" : "Feature", "geometry" : {"type":"Polygon","coordinates":[[[121.524568457,25.104888344],[121.524568184,25.104889836],[121.524650514,25.106178421],[121.524658043,25.10620805],[121.524679661,25.106237263],[121.524711911,25.106256719],[121.524749883,25.106263456],[121.524787796,25.10625645],[121.524819879,25.106236766],[121.524841247,25.106207402],[121.524848481,25.106167935],[121.524766252,25.104880991],[121.524753779,25.10435777],[121.524752809,25.104130515],[121.524745114,25.104095993],[121.524723497,25.104066781],[121.524691248,25.104047325],[121.524653276,25.104040587],[121.524615363,25.104047593],[121.524583281,25.104067277],[121.524561913,25.104096641],[121.524554513,25.104131216],[121.524555486,25.104359276],[121.524555669,25.104360097],[121.524555509,25.104360884],[121.52456804,25.104886552],[121.524568457,25.104888344]]]}, "properties" : {"section_id" : "ZYBIB00", "section_name" : "中山北路 德行東路-忠誠路", "travel_speed" : 51, "level_name" : "順暢", "level_color" : "#19FF1C", "data_time" : "2025-12-29 12:48:00+00"}}, {"type" : "Feature", "geometry" : {"type":"Polygon","coordinates":[[[121.518204488,25.03972656],[121.518204457,25.039726345],[121.518091151,25.039341607],[121.518086847,25.039330134],[121.518065242,25.03930092],[121.518033011,25.039281462],[121.51799506,25.039274723],[121.517957166,25.039281727],[121.5179251,25.039301409],[121.517903741,25.039330773],[121.517896343,25.039365347],[121.517899727,25.039388397],[121.518012945,25.039772835],[121.518272402,25.040678621],[121.518486801,25.041493976],[121.51848715,25.04149495],[121.51848724,25.04149558],[121.518711729,25.04228518],[121.518893485,25.042956015],[121.51889406,25.042957599],[121.518894193,25.042958478],[121.519102719,25.043644379],[121.519103833,25.04364731],[121.519103999,25.04364825],[121.519313609,25.044234308],[121.519495472,25.044968803],[121.519496667,25.044972212],[121.519496961,25.044974073],[121.519629825,25.045391627],[121.519633596,25.045401361],[121.519655202,25.045430574],[121.519687435,25.045450032],[121.519725388,25.045456771],[121.519763284,25.045449766],[121.519795352,25.045430084],[121.519816711,25.04540072],[121.519824109,25.045366145],[121.519820191,25.045341357],[121.519688159,25.044926418],[121.519505936,25.044190475],[121.51950389,25.044184638],[121.519503489,25.044182371],[121.519293136,25.043594236],[121.519085575,25.042911511],[121.518904016,25.04224141],[121.518903793,25.042240794],[121.518903738,25.042240408],[121.518679333,25.041451108],[121.518464912,25.040635673],[121.518464526,25.040634596],[121.518464427,25.040633908],[121.518204631,25.039726944],[121.518204488,25.03972656]]]}, "properties" : {"section_id" : "ZKEHB00", "section_name" : "中山南路 仁愛路-忠孝東路", "travel_speed" : 41, "level_name" : "順暢", "level_color" : "#19FF1C", "data_time" : "2025-12-29 12:48:00+00"}}, {"type" : "Feature", "geometry" : {"type":"Polygon","coordinates":[[[121.516761501,25.035599248],[121.516762649,25.035602796],[121.516763082,25.035605858],[121.516908243,25.03611954],[121.516909191,25.03612211],[121.516909373,25.036123216],[121.517040806,25.036518311],[121.517215257,25.037050147],[121.517355584,25.037520128],[121.517355756,25.037520582],[121.51735579,25.037520806],[121.517530767,25.038089319],[121.517531058,25.038090082],[121.517531111,25.03809041],[121.517632476,25.038404503],[121.517636141,25.038413905],[121.517657745,25.038443119],[121.517689976,25.038462577],[121.517727927,25.038469317],[121.517765821,25.038462312],[121.517797887,25.03844263],[121.517819245,25.038413267],[121.517826644,25.038378692],[121.51782262,25.038353571],[121.51772143,25.038040023],[121.517546724,25.037472395],[121.517406175,25.037001673],[121.517405605,25.037000162],[121.517405501,25.03699952],[121.517230642,25.036466444],[121.517230546,25.0364662],[121.517230531,25.036466108],[121.51709965,25.036072673],[121.516955936,25.035564118],[121.516876243,25.035158285],[121.516870103,25.035139317],[121.5168485,25.035110103],[121.51681627,25.035090645],[121.51677832,25.035083905],[121.516740428,25.035090909],[121.516708362,25.035110591],[121.516687004,25.035139954],[121.516679606,25.035174529],[121.516681154,25.035190083],[121.516761501,25.035599248]]]}, "properties" : {"section_id" : "ZIVGU00", "section_name" : "中山南路 愛國東路-信義路", "travel_speed" : 46, "level_name" : "順暢", "level_color" : "#19FF1C", "data_time" : "2025-12-29 12:48:00+00"}}, {"type" : "Feature", "geometry" : {"type":"Polygon","coordinates":[[[121.519065603,25.045026454],[121.519065713,25.045027282],[121.519196596,25.04552059],[121.519201512,25.045534249],[121.519223118,25.045563462],[121.519255351,25.04558292],[121.519293304,25.04558966],[121.519331199,25.045582655],[121.519363267,25.045562972],[121.519384626,25.045533609],[121.519392024,25.045499034],[121.519389251,25.04547817],[121.519258617,25.044985802],[121.519073535,25.044216412],[121.519071392,25.044210235],[121.519070956,25.04420777],[121.518860605,25.043619634],[121.518653046,25.042936908],[121.51847149,25.042266806],[121.518471267,25.042266191],[121.518471212,25.042265804],[121.518246809,25.041476504],[121.518032391,25.040661068],[121.518032005,25.040659991],[121.518031906,25.040659304],[121.517772113,25.039752338],[121.517771971,25.039751954],[121.517771939,25.039751739],[121.517658634,25.039367002],[121.51765433,25.039355529],[121.517632726,25.039326315],[121.517600495,25.039306857],[121.517562544,25.039300117],[121.51752465,25.039307121],[121.517492583,25.039326803],[121.517471225,25.039356166],[121.517463827,25.039390741],[121.517467211,25.03941379],[121.517580427,25.039798229],[121.517839881,25.040704016],[121.518054277,25.041519371],[121.518054626,25.041520346],[121.518054716,25.041520976],[121.518279203,25.042310576],[121.518460957,25.042981412],[121.518461531,25.042982996],[121.518461664,25.042983874],[121.518670188,25.043669776],[121.518671302,25.043672708],[121.518671468,25.043673648],[121.518880981,25.044259443],[121.519065236,25.045025398],[121.519065603,25.045026454]]]}, "properties" : {"section_id" : "ZIVGU40", "section_name" : "中山南路 忠孝西路-仁愛路", "travel_speed" : 45, "level_name" : "順暢", "level_color" : "#19FF1C", "data_time" : "2025-12-29 12:48:00+00"}}, {"type" : "Feature", "geometry" : {"type":"Polygon","coordinates":[[[121.517138275,25.038210883],[121.517138328,25.038211212],[121.517239692,25.038525305],[121.517243357,25.038534707],[121.517264961,25.038563921],[121.517297192,25.038583379],[121.517335143,25.038590119],[121.517373037,25.038583115],[121.517405103,25.038563433],[121.517426462,25.038534069],[121.51743386,25.038499494],[121.517429836,25.038474374],[121.517328647,25.038160825],[121.517153943,25.037593197],[121.517013395,25.037122474],[121.517012825,25.037120963],[121.517012721,25.037120321],[121.516837864,25.036587244],[121.516837768,25.036587],[121.516837753,25.036586909],[121.516706873,25.036193473],[121.516563161,25.035684918],[121.516483468,25.035279085],[121.516477329,25.035260117],[121.516455726,25.035230903],[121.516423496,25.035211445],[121.516385546,25.035204704],[121.516347654,25.035211708],[121.516315587,25.03523139],[121.516294229,25.035260753],[121.516286831,25.035295328],[121.516288379,25.035310882],[121.516368725,25.035720047],[121.516369873,25.035723595],[121.516370306,25.035726657],[121.516515466,25.03624034],[121.516516413,25.03624291],[121.516516596,25.036244016],[121.516648028,25.036639111],[121.516822477,25.037170948],[121.516962803,25.037640929],[121.516962974,25.037641383],[121.516963008,25.037641607],[121.517137984,25.03821012],[121.517138275,25.038210883]]]}, "properties" : {"section_id" : "ZHWGD40", "section_name" : "中山南路 仁愛路-愛國西路", "travel_speed" : 38, "level_name" : "順暢", "level_color" : "#19FF1C", "data_time" : "2025-12-29 12:48:00+00"}}, {"type" : "Feature", "geometry" : {"type":"Polygon","coordinates":[[[121.517430715,25.091545634],[121.51743146,25.091546024],[121.5174327,25.091546985],[121.518274434,25.092105383],[121.518274576,25.092105455],[121.518274768,25.092105604],[121.519150542,25.092681504],[121.519150767,25.092681618],[121.519151056,25.09268184],[121.519853272,25.093137426],[121.520502213,25.093584538],[121.520503946,25.093585438],[121.520506334,25.093587229],[121.521092714,25.093949841],[121.521099225,25.093953024],[121.521102289,25.09395507],[121.521650338,25.094217348],[121.521658873,25.094220973],[121.521676161,25.0942258],[121.522227477,25.094330808],[121.52296982,25.094543151],[121.522972816,25.094543564],[121.522979812,25.094545497],[121.523756952,25.094689113],[121.524524748,25.094856218],[121.524548179,25.09485869],[121.524586089,25.094851684],[121.524618169,25.094832],[121.524639535,25.094802636],[121.524646934,25.094768061],[121.52463924,25.09473354],[121.524617625,25.094704327],[121.524585378,25.094684871],[121.52457084,25.094680606],[121.523801387,25.09451314],[121.523799923,25.094512985],[121.523798058,25.09451247],[121.523024312,25.094369481],[121.522282253,25.094157219],[121.522279485,25.094156838],[121.522272839,25.094154982],[121.521730316,25.094051649],[121.521199481,25.093797608],[121.520619826,25.093439155],[121.519971774,25.092992656],[121.519970861,25.092992182],[121.519969482,25.092991123],[121.519266366,25.092534953],[121.518391016,25.091959332],[121.51755045,25.09140171],[121.516854274,25.090915151],[121.516831502,25.09090323],[121.516793535,25.09089649],[121.516755626,25.090903495],[121.516723546,25.090923177],[121.516702178,25.09095254],[121.516694777,25.090987114],[121.516702468,25.091021636],[121.516724082,25.09105085],[121.516733555,25.091058387],[121.517430715,25.091545634]]]}, "properties" : {"section_id" : "ZW7HN20", "section_name" : "中正路 承德路-文林路", "travel_speed" : 48, "level_name" : "順暢", "level_color" : "#19FF1C", "data_time" : "2025-12-29 12:48:00+00"}}, {"type" : "Feature", "geometry" : {"type":"Polygon","coordinates":[[[121.523738903,25.094752707],[121.523736726,25.094752456],[121.523733497,25.094751564],[121.52295975,25.094608575],[121.52221769,25.094396313],[121.522214922,25.094395931],[121.522208276,25.094394076],[121.521665752,25.094290742],[121.521134916,25.094036701],[121.52055526,25.093678248],[121.519907207,25.093231748],[121.519906294,25.093231274],[121.519904915,25.093230216],[121.519201798,25.092774046],[121.518326446,25.092198424],[121.517484878,25.091640137],[121.517482757,25.091639059],[121.517480438,25.091637357],[121.516796744,25.091233667],[121.516780396,25.091225878],[121.516742429,25.091219138],[121.51670452,25.091226142],[121.516672439,25.091245824],[121.516651072,25.091275188],[121.516643671,25.091309762],[121.516651362,25.091344284],[121.516672976,25.091373498],[121.516688873,25.091385166],[121.517370306,25.091787522],[121.518209864,25.092344475],[121.518210006,25.092344547],[121.518210198,25.092344696],[121.519085974,25.092920596],[121.519086199,25.09292071],[121.519086488,25.092920932],[121.519788704,25.093376518],[121.520437647,25.09382363],[121.52043938,25.093824531],[121.520441768,25.093826322],[121.521028149,25.094188934],[121.521034659,25.094192117],[121.521037724,25.094194163],[121.521585773,25.094456442],[121.521594309,25.094460066],[121.521611597,25.094464893],[121.522162914,25.094569902],[121.522905258,25.094782245],[121.522908254,25.094782658],[121.52291525,25.094784591],[121.523691342,25.094928013],[121.52446985,25.095113716],[121.524495357,25.095116661],[121.524533268,25.095109655],[121.524565348,25.095089972],[121.524586714,25.095060607],[121.524594113,25.095026032],[121.524586419,25.094991511],[121.524564803,25.094962298],[121.524532556,25.094942842],[121.524520095,25.09493905],[121.523738903,25.094752707]]]}, "properties" : {"section_id" : "ZVEGK60", "section_name" : "中正路 文林路-承德路", "travel_speed" : 57, "level_name" : "順暢", "level_color" : "#19FF1C", "data_time" : "2025-12-29 12:48:00+00"}}, {"type" : "Feature", "geometry" : {"type":"Polygon","coordinates":[[[121.557742583,25.037594157],[121.557706956,25.03760114],[121.557674896,25.03762083],[121.557653547,25.0376502],[121.55764616,25.037684776],[121.55765386,25.037719296],[121.557675473,25.037748504],[121.55770771,25.037767953],[121.557747926,25.037774651],[121.563413357,25.037635354],[121.563448984,25.03762837],[121.563481043,25.037608678],[121.56350239,25.037579308],[121.563509775,25.037544732],[121.563502074,25.037510212],[121.563480459,25.037481005],[121.563448222,25.037461557],[121.563408006,25.037454861],[121.557742583,25.037594157]]]}, "properties" : {"section_id" : "ZIKPW60", "section_name" : "仁愛路光復往西", "travel_speed" : 45, "level_name" : "順暢", "level_color" : "#19FF1C", "data_time" : "2025-12-29 12:48:00+00"}}, {"type" : "Feature", "geometry" : {"type":"Polygon","coordinates":[[[121.56819785,25.032725184],[121.568233852,25.032718191],[121.568265909,25.032698498],[121.568287254,25.032669127],[121.568294637,25.03263455],[121.568286935,25.032600031],[121.568265321,25.032570825],[121.568233083,25.032551378],[121.568193245,25.032544674],[121.565440622,25.032602946],[121.565404621,25.032609939],[121.565372564,25.032629631],[121.565351218,25.032659002],[121.565343834,25.032693579],[121.565351535,25.032728098],[121.565373149,25.032757305],[121.565405386,25.032776752],[121.565445224,25.032783457],[121.56819785,25.032725184]]]}, "properties" : {"section_id" : "ZHJS620", "section_name" : "信義路 松智路-松仁路", "travel_speed" : 25, "level_name" : "車多", "level_color" : "#F8C920", "data_time" : "2025-12-29 12:48:00+00"}}, {"type" : "Feature", "geometry" : {"type":"Polygon","coordinates":[[[121.55993603,25.032965032],[121.55989959,25.032972032],[121.559867532,25.032991723],[121.559846185,25.033021093],[121.559838799,25.033055669],[121.559846499,25.033090189],[121.559868112,25.033119397],[121.559900348,25.033138846],[121.559939749,25.03314556],[121.565314045,25.033053553],[121.565350483,25.033046552],[121.565382541,25.033026859],[121.565403887,25.032997489],[121.565411271,25.032962912],[121.56540357,25.032928393],[121.565381956,25.032899186],[121.565349719,25.032879738],[121.565310317,25.032873026],[121.55993603,25.032965032]]]}, "properties" : {"section_id" : "ZHKQD60", "section_name" : "信義路往西 松智路-基隆路", "travel_speed" : 42, "level_name" : "順暢", "level_color" : "#19FF1C", "data_time" : "2025-12-29 12:48:00+00"}}, {"type" : "Feature", "geometry" : {"type":"Polygon","coordinates":[[[121.565493303,25.032860394],[121.565457347,25.032867385],[121.56542529,25.032887078],[121.565403944,25.032916448],[121.56539656,25.032951025],[121.565404261,25.032985544],[121.565425875,25.033014751],[121.565458112,25.033034199],[121.565497997,25.033040902],[121.568185084,25.032982879],[121.56822104,25.032975886],[121.568253097,25.032956194],[121.568274442,25.032926823],[121.568281826,25.032892246],[121.568274124,25.032857727],[121.568252509,25.03282852],[121.568220272,25.032809073],[121.568180387,25.032802371],[121.565493303,25.032860394]]]}, "properties" : {"section_id" : "ZHJRJ60", "section_name" : "信義路往西 松仁路-松智路", "travel_speed" : 45, "level_name" : "順暢", "level_color" : "#19FF1C", "data_time" : "2025-12-29 12:48:00+00"}}, {"type" : "Feature", "geometry" : {"type":"Polygon","coordinates":[[[121.558052274,25.053685406],[121.55805458,25.053685502],[121.558055125,25.053685617],[121.563602728,25.054022968],[121.563647636,25.054016151],[121.563679699,25.05399646],[121.563701048,25.05396709],[121.563708434,25.053932513],[121.563700732,25.053897993],[121.563679115,25.053868786],[121.563646873,25.053849338],[121.563615927,25.05384281],[121.558069759,25.053505546],[121.556890706,25.053402611],[121.556880842,25.0534022],[121.556842947,25.053409214],[121.556810883,25.053428905],[121.556789532,25.053458274],[121.556782144,25.05349285],[121.556789844,25.05352737],[121.55681146,25.053556578],[121.556843701,25.053576028],[121.556871795,25.053582346],[121.558052274,25.053685406]]]}, "properties" : {"section_id" : "ZM9QH20", "section_name" : "健康路 光復北路-三民路", "travel_speed" : 47, "level_name" : "順暢", "level_color" : "#19FF1C", "data_time" : "2025-12-29 12:48:00+00"}}, {"type" : "Feature", "geometry" : {"type":"Polygon","coordinates":[[[121.56557076,25.054099149],[121.56557104,25.054099105],[121.565571412,25.054099181],[121.567263123,25.054176332],[121.567263846,25.054176217],[121.567264756,25.054176394],[121.56865475,25.054218852],[121.568655043,25.054218803],[121.568655391,25.05421887],[121.56949461,25.05423954],[121.569535601,25.054232555],[121.569567663,25.054212862],[121.569589011,25.054183491],[121.569596396,25.054148914],[121.569588692,25.054114395],[121.569567073,25.054085189],[121.56953483,25.054065742],[121.569499967,25.054059048],[121.568661071,25.054038385],[121.567272217,25.053995962],[121.56558165,25.053918863],[121.564073823,25.053841012],[121.564029906,25.053847884],[121.563997843,25.053867576],[121.563976493,25.053896946],[121.563969107,25.053931523],[121.56397681,25.053966043],[121.563998427,25.053995249],[121.564030669,25.054014697],[121.564062605,25.054021281],[121.56557076,25.054099149]]]}, "properties" : {"section_id" : "ZMCSE20", "section_name" : "健康路 三民路-塔悠路", "travel_speed" : 27, "level_name" : "車多", "level_color" : "#F8C920", "data_time" : "2025-12-29 12:48:00+00"}}, {"type" : "Feature", "geometry" : {"type":"Polygon","coordinates":[[[121.55672588,25.053658089],[121.556680442,25.053664869],[121.556648378,25.05368456],[121.556627026,25.053713929],[121.556619638,25.053748505],[121.556627338,25.053783025],[121.556648954,25.053812233],[121.556681195,25.053831682],[121.55671161,25.053838179],[121.563524733,25.054285981],[121.563570171,25.054279198],[121.563602234,25.054259507],[121.563623584,25.054230137],[121.56363097,25.05419556],[121.563623268,25.05416104],[121.56360165,25.054131834],[121.563569408,25.054112386],[121.563538993,25.054105891],[121.55672588,25.053658089]]]}, "properties" : {"section_id" : "ZM7PP60", "section_name" : "健康路 三民路-光復北路", "travel_speed" : 33, "level_name" : "車多", "level_color" : "#F8C920", "data_time" : "2025-12-29 12:48:00+00"}}, {"type" : "Feature", "geometry" : {"type":"Polygon","coordinates":[[[121.568615989,25.054505388],[121.568617381,25.054505655],[121.569456601,25.054526326],[121.569497592,25.054519341],[121.569529654,25.054499647],[121.569551003,25.054470277],[121.569558387,25.0544357],[121.569550684,25.05440118],[121.569529064,25.054371974],[121.569496821,25.054352528],[121.569461959,25.054345833],[121.568623993,25.054325193],[121.567235141,25.054258909],[121.567234378,25.05425903],[121.567233408,25.05425884],[121.565555993,25.054205559],[121.564048913,25.054127747],[121.564004996,25.054134619],[121.563972933,25.054154311],[121.563951583,25.054183681],[121.563944197,25.054218258],[121.563951899,25.054252777],[121.563973517,25.054281984],[121.564005759,25.054301432],[121.564037695,25.054308016],[121.565545854,25.054385884],[121.565546795,25.054385736],[121.565548007,25.054385973],[121.567225635,25.054439261],[121.568614875,25.054505564],[121.568615989,25.054505388]]]}, "properties" : {"section_id" : "ZM8PX60", "section_name" : "健康路 塔悠路-三民路", "travel_speed" : 45, "level_name" : "順暢", "level_color" : "#19FF1C", "data_time" : "2025-12-29 12:48:00+00"}}, {"type" : "Feature", "geometry" : {"type":"Polygon","coordinates":[[[121.556257825,25.054057576],[121.556256052,25.054060607],[121.556254406,25.054062566],[121.555941949,25.054553413],[121.555935966,25.054564494],[121.555931348,25.054577502],[121.555737966,25.055306769],[121.555737546,25.055310039],[121.555736478,25.055313491],[121.55558302,25.056173985],[121.55537849,25.057320845],[121.55523769,25.058061394],[121.555236237,25.05807717],[121.555243937,25.05811169],[121.555265553,25.058140898],[121.555297795,25.058160348],[121.555335754,25.058167078],[121.555373651,25.058160064],[121.555405717,25.058140374],[121.555427069,25.058111005],[121.555433005,25.058092205],[121.555573892,25.057351192],[121.555573942,25.057350656],[121.555574064,25.057350262],[121.555778675,25.056202937],[121.555931528,25.055345829],[121.556120644,25.054632642],[121.556424259,25.054155685],[121.55672218,25.053750932],[121.556731582,25.053734861],[121.55673897,25.053700285],[121.55673127,25.053665765],[121.556709654,25.053636557],[121.556677413,25.053617107],[121.556639455,25.053610378],[121.55660156,25.053617392],[121.556569496,25.053637082],[121.556557546,25.05365038],[121.556257825,25.054057576]]]}, "properties" : {"section_id" : "ZN8PG00", "section_name" : "光復北路 健康路-民生東路", "travel_speed" : 34, "level_name" : "車多", "level_color" : "#F8C920", "data_time" : "2025-12-29 12:48:00+00"}}, {"type" : "Feature", "geometry" : {"type":"Polygon","coordinates":[[[121.557292388,25.051922813],[121.557287642,25.051931894],[121.557287228,25.051933833],[121.557286187,25.05193533],[121.556676882,25.053466362],[121.55667095,25.053497503],[121.55667865,25.053532023],[121.556700266,25.053561231],[121.556732506,25.05358068],[121.556770464,25.05358741],[121.55680836,25.053580396],[121.556840424,25.053560705],[121.55686323,25.0535279],[121.557469956,25.052003342],[121.557674538,25.051662247],[121.557679284,25.051653165],[121.557686672,25.051618589],[121.557678972,25.051584069],[121.557657356,25.051554861],[121.557625115,25.051535412],[121.557587158,25.051528682],[121.557549264,25.051535697],[121.5575172,25.051555387],[121.557500595,25.051575675],[121.557292388,25.051922813]]]}, "properties" : {"section_id" : "ZM7PP00", "section_name" : "光復北路 南京東路-健康路", "travel_speed" : 29, "level_name" : "車多", "level_color" : "#F8C920", "data_time" : "2025-12-29 12:48:00+00"}}, {"type" : "Feature", "geometry" : {"type":"Polygon","coordinates":[[[121.557998642,25.051357141],[121.558006294,25.051389184],[121.55802791,25.051418391],[121.558060151,25.051437841],[121.558098108,25.05144457],[121.558136002,25.051437556],[121.558168066,25.051417865],[121.558189416,25.051388496],[121.558196755,25.051351442],[121.55809119,25.048306287],[121.558083539,25.048274244],[121.558061923,25.048245037],[121.558029684,25.048225588],[121.557991728,25.048218858],[121.557953834,25.048225872],[121.557921771,25.048245563],[121.557900421,25.048274932],[121.557893082,25.048311986],[121.557998642,25.051357141]]]}, "properties" : {"section_id" : "ZL7PX00", "section_name" : "光復北路 八德路-南京東路", "travel_speed" : 46, "level_name" : "順暢", "level_color" : "#19FF1C", "data_time" : "2025-12-29 12:48:00+00"}}, {"type" : "Feature", "geometry" : {"type":"Polygon","coordinates":[[[121.555311556,25.057328286],[121.555311606,25.057327751],[121.555311728,25.057327357],[121.555516341,25.056180032],[121.555669195,25.055322924],[121.555858313,25.054609738],[121.556162111,25.054132495],[121.556479918,25.053693836],[121.556488919,25.053678314],[121.556496307,25.053643737],[121.556488607,25.053609218],[121.556466991,25.05358001],[121.55643475,25.05356056],[121.556396793,25.05355383],[121.556358897,25.053560844],[121.556326833,25.053580535],[121.556314483,25.053594381],[121.555995095,25.054035221],[121.555993507,25.054037959],[121.555992076,25.054039662],[121.555679618,25.054530508],[121.555673636,25.054541589],[121.555669018,25.054554597],[121.555475634,25.055283864],[121.555475214,25.055287134],[121.555474146,25.055290586],[121.555320687,25.056151079],[121.555116154,25.057297939],[121.554975352,25.058038488],[121.554973899,25.058054264],[121.554981599,25.058088784],[121.555003215,25.058117992],[121.555035457,25.058137442],[121.555073416,25.058144172],[121.555111313,25.058137158],[121.555143379,25.058117468],[121.555164731,25.058088099],[121.555170667,25.0580693],[121.555311556,25.057328286]]]}, "properties" : {"section_id" : "ZM7PP40", "section_name" : "光復北路 民生東路-健康路", "travel_speed" : 23, "level_name" : "壅塞", "level_color" : "#FA0300", "data_time" : "2025-12-29 12:48:00+00"}}, {"type" : "Feature", "geometry" : {"type":"Polygon","coordinates":[[[121.556985409,25.051875249],[121.556984368,25.051876746],[121.55637506,25.053407777],[121.556369126,25.053438917],[121.556376826,25.053473437],[121.556398442,25.053502645],[121.556430683,25.053522095],[121.556468641,25.053528824],[121.556506536,25.05352181],[121.5565386,25.05350212],[121.556561407,25.053469315],[121.557168137,25.051944758],[121.55737272,25.051603663],[121.557377466,25.051594582],[121.557384853,25.051560005],[121.557377153,25.051525485],[121.557355537,25.051496277],[121.557323297,25.051476828],[121.55728534,25.051470098],[121.557247445,25.051477113],[121.557215382,25.051496803],[121.557198777,25.051517091],[121.556990569,25.051864229],[121.556985823,25.05187331],[121.556985409,25.051875249]]]}, "properties" : {"section_id" : "ZLNPU40", "section_name" : "光復北路 健康路-南京東路", "travel_speed" : 32, "level_name" : "車多", "level_color" : "#F8C920", "data_time" : "2025-12-29 12:48:00+00"}}, {"type" : "Feature", "geometry" : {"type":"Polygon","coordinates":[[[121.557789541,25.048283534],[121.55778189,25.048251491],[121.557760275,25.048222283],[121.557728035,25.048202834],[121.557690079,25.048196104],[121.557652185,25.048203119],[121.557620123,25.048222809],[121.557598772,25.048252178],[121.557591434,25.048289232],[121.557696986,25.051334387],[121.557704638,25.05136643],[121.557726254,25.051395638],[121.557758494,25.051415087],[121.557796451,25.051421817],[121.557834346,25.051414802],[121.557866409,25.051395111],[121.55788776,25.051365742],[121.557895099,25.051328689],[121.557789541,25.048283534]]]}, "properties" : {"section_id" : "ZKWPX40", "section_name" : "光復北路 南京東路-八德路", "travel_speed" : 51, "level_name" : "順暢", "level_color" : "#19FF1C", "data_time" : "2025-12-29 12:48:00+00"}}, {"type" : "Feature", "geometry" : {"type":"Polygon","coordinates":[[[121.557878765,25.048048738],[121.557886434,25.048081329],[121.557908049,25.048110537],[121.557940289,25.048129986],[121.557978245,25.048136716],[121.558016139,25.048129701],[121.558048201,25.04811001],[121.558069551,25.048080641],[121.558076907,25.048044136],[121.557998705,25.045249687],[121.557991037,25.045217096],[121.557969422,25.045187888],[121.557937183,25.045168439],[121.557899228,25.045161709],[121.557861335,25.045168724],[121.557829273,25.045188414],[121.557807924,25.045217784],[121.557800568,25.045254289],[121.557878765,25.048048738]]]}, "properties" : {"section_id" : "ZKLPX00", "section_name" : "光復南路 市民大道-八德路", "travel_speed" : 42, "level_name" : "順暢", "level_color" : "#19FF1C", "data_time" : "2025-12-29 12:48:00+00"}}, {"type" : "Feature", "geometry" : {"type":"Polygon","coordinates":[[[121.557508188,25.033139638],[121.557500511,25.033106678],[121.557478899,25.03307747],[121.557446663,25.033058021],[121.557408712,25.033051291],[121.557370823,25.033058306],[121.557338764,25.033077996],[121.557317416,25.033107365],[121.557310051,25.033143502],[121.557407433,25.037287484],[121.557415111,25.037320443],[121.557436724,25.037349651],[121.55746896,25.037369101],[121.557506913,25.03737583],[121.557544804,25.037368816],[121.557576863,25.037349125],[121.557598212,25.037319756],[121.557605577,25.037283619],[121.557508188,25.033139638]]]}, "properties" : {"section_id" : "ZHKPV40", "section_name" : "光復南路 仁愛路-信義路", "travel_speed" : 20, "level_name" : "壅塞", "level_color" : "#FA0300", "data_time" : "2025-12-29 12:48:00+00"}}, {"type" : "Feature", "geometry" : {"type":"Polygon","coordinates":[[[121.557723338,25.045238778],[121.55771567,25.045206187],[121.557694055,25.045176979],[121.557661816,25.04515753],[121.557623861,25.0451508],[121.557585968,25.045157814],[121.557553906,25.045177505],[121.557532557,25.045206874],[121.557525201,25.045243379],[121.557603392,25.048037828],[121.557611061,25.04807042],[121.557632676,25.048099627],[121.557664916,25.048119077],[121.557702872,25.048125806],[121.557740765,25.048118792],[121.557772828,25.048099101],[121.557794178,25.048069732],[121.557801534,25.048033227],[121.557723338,25.045238778]]]}, "properties" : {"section_id" : "ZKAPX40", "section_name" : "光復南路 八德路-市民大道", "travel_speed" : 32, "level_name" : "車多", "level_color" : "#F8C920", "data_time" : "2025-12-29 12:48:00+00"}}, {"type" : "Feature", "geometry" : {"type":"Polygon","coordinates":[[[121.532501847,25.044247272],[121.532501752,25.044247259],[121.532501483,25.044247173],[121.531962943,25.044102729],[121.531961731,25.044102572],[121.531958918,25.044101733],[121.531227057,25.043935576],[121.530520198,25.043769932],[121.529106907,25.043421903],[121.529080659,25.043418776],[121.529042765,25.043425783],[121.529010699,25.043445467],[121.528989343,25.043474832],[121.528981948,25.043509408],[121.528989639,25.043543929],[121.529011247,25.043573141],[121.529043481,25.043592597],[121.529055186,25.043596206],[121.530469064,25.04394438],[121.53046946,25.043944427],[121.530470235,25.043944661],[121.531178043,25.044110527],[121.531178308,25.044110557],[121.531178766,25.044110694],[121.531908966,25.044276474],[121.532445323,25.044420333],[121.532689964,25.044486878],[121.532718707,25.044490651],[121.532756601,25.044483643],[121.532788667,25.044463958],[121.532810023,25.044434592],[121.532817417,25.044400016],[121.532809724,25.044365495],[121.532788115,25.044336284],[121.532755881,25.044316829],[121.53274667,25.044313866],[121.532501847,25.044247272]]]}, "properties" : {"section_id" : "ZJTJ960", "section_name" : "八德路 松江路-忠孝東路", "travel_speed" : 44, "level_name" : "順暢", "level_color" : "#19FF1C", "data_time" : "2025-12-29 12:48:00+00"}}, {"type" : "Feature", "geometry" : {"type":"Polygon","coordinates":[[[121.533699377,25.044326235],[121.533699003,25.044326015],[121.533131397,25.044127048],[121.533095418,25.044121026],[121.533057524,25.044128034],[121.533025458,25.04414772],[121.533004103,25.044177086],[121.532996709,25.044211661],[121.533004402,25.044246182],[121.53302601,25.044275394],[121.533060219,25.044295563],[121.5336274,25.044494381],[121.533847794,25.044573765],[121.534044141,25.044674574],[121.534048639,25.044676559],[121.534049591,25.044677172],[121.534424424,25.0448426],[121.53470047,25.045006655],[121.534874721,25.045120862],[121.534884205,25.045125652],[121.534888348,25.045128359],[121.534979184,25.045169652],[121.535217745,25.045325518],[121.535222298,25.045327813],[121.535225834,25.045330278],[121.53552481,25.045488024],[121.535687032,25.045600553],[121.535699544,25.045607075],[121.535704518,25.04561026],[121.536187042,25.045819245],[121.536229987,25.04582799],[121.536267881,25.045820981],[121.536299946,25.045801295],[121.536321301,25.045771929],[121.536328695,25.045737354],[121.536321001,25.045702832],[121.536299391,25.045673621],[121.536272145,25.045656177],[121.535798917,25.045451218],[121.535639918,25.045340925],[121.535634611,25.045338158],[121.535629548,25.045334629],[121.535329341,25.045176233],[121.535088268,25.045018727],[121.535078839,25.045013974],[121.535074761,25.04501131],[121.534983992,25.044970046],[121.534814387,25.044858884],[121.534812582,25.044857972],[121.534810658,25.044856555],[121.534527444,25.044688241],[121.534518918,25.044684164],[121.534516504,25.044682606],[121.534138774,25.0445159],[121.533939197,25.044413432],[121.533928103,25.044408538],[121.533927487,25.044408429],[121.533926978,25.044408126],[121.533699853,25.044326317],[121.533699377,25.044326235]]]}, "properties" : {"section_id" : "ZK7K820", "section_name" : "八德路 新生南路-建國北路", "travel_speed" : 31, "level_name" : "車多", "level_color" : "#F8C920", "data_time" : "2025-12-29 12:48:00+00"}}, {"type" : "Feature", "geometry" : {"type":"Polygon","coordinates":[[[121.547528535,25.048182134],[121.54752783,25.04818226],[121.547527099,25.04818213],[121.546876869,25.048184525],[121.546157435,25.048116982],[121.545457985,25.047919212],[121.545456758,25.047919044],[121.545453329,25.047918008],[121.544902525,25.047788751],[121.544128581,25.047600597],[121.544102628,25.047597545],[121.544064734,25.047604556],[121.544032669,25.047624244],[121.544011316,25.047653611],[121.544003925,25.047688187],[121.544011621,25.047722707],[121.544033233,25.047751917],[121.54406547,25.04777137],[121.544077473,25.047775051],[121.544851833,25.047963306],[121.544852119,25.04796334],[121.544852664,25.047963504],[121.54540154,25.048092308],[121.546108093,25.048292088],[121.546116855,25.048293281],[121.546127311,25.04829567],[121.546861816,25.048364627],[121.546872376,25.048365102],[121.547527183,25.04836269],[121.548431142,25.048371289],[121.548470472,25.048364281],[121.548502536,25.048344593],[121.548523889,25.048315225],[121.548531279,25.048280649],[121.548523581,25.048246128],[121.548501968,25.048216919],[121.54846973,25.048197468],[121.54843321,25.04819074],[121.547528535,25.048182134]]]}, "properties" : {"section_id" : "ZKRM820", "section_name" : "八德路 敦化北路-復興北路", "travel_speed" : 45, "level_name" : "順暢", "level_color" : "#19FF1C", "data_time" : "2025-12-29 12:48:00+00"}}, {"type" : "Feature", "geometry" : {"type":"Polygon","coordinates":[[[121.550067178,25.048174104],[121.550068788,25.048173832],[121.550070544,25.048174143],[121.550881438,25.048171081],[121.552428844,25.048189265],[121.55243076,25.048188926],[121.552432657,25.048189243],[121.553651823,25.048160817],[121.553652364,25.048160712],[121.553659801,25.048160337],[121.555189665,25.048011626],[121.556370375,25.047971744],[121.557726001,25.048144672],[121.557740153,25.048145544],[121.557778047,25.048138529],[121.557810109,25.048118839],[121.557831459,25.04808947],[121.557838847,25.048054893],[121.557831147,25.048020373],[121.557809531,25.047991165],[121.557777292,25.047971716],[121.557753487,25.047965858],[121.556389194,25.047791824],[121.556375043,25.047790953],[121.556373343,25.047791267],[121.556371778,25.047791014],[121.555178891,25.047831307],[121.555178206,25.047831445],[121.555172047,25.047831755],[121.55364275,25.047980411],[121.552429493,25.048008699],[121.550883151,25.047990527],[121.550882324,25.047990673],[121.550881461,25.04799052],[121.550071406,25.047993579],[121.549299465,25.047972601],[121.549258213,25.047979574],[121.549226149,25.047999263],[121.549204797,25.048028631],[121.549197407,25.048063207],[121.549205105,25.048097727],[121.549226718,25.048126936],[121.549258956,25.048146388],[121.549293554,25.04815308],[121.550067178,25.048174104]]]}, "properties" : {"section_id" : "ZKWNV20", "section_name" : "八德路 敦化南路-光復南路", "travel_speed" : 36, "level_name" : "順暢", "level_color" : "#19FF1C", "data_time" : "2025-12-29 12:48:00+00"}}, {"type" : "Feature", "geometry" : {"type":"Polygon","coordinates":[[[121.556298391,25.048007144],[121.55628424,25.048006273],[121.556282541,25.048006587],[121.556280975,25.048006334],[121.555088086,25.048046627],[121.555087401,25.048046764],[121.555081242,25.048047074],[121.553551943,25.048195729],[121.552338683,25.048224017],[121.550792339,25.048205844],[121.550791512,25.04820599],[121.550790648,25.048205837],[121.549978909,25.048208902],[121.549976875,25.048209279],[121.549975033,25.048208986],[121.549306506,25.048235346],[121.549272494,25.048242275],[121.54924043,25.048261964],[121.549219078,25.048291332],[121.549211688,25.048325908],[121.549219386,25.048360428],[121.549240999,25.048389637],[121.549273238,25.048409088],[121.549315076,25.048415737],[121.549981668,25.048389452],[121.550790626,25.048386398],[121.552338034,25.048404583],[121.55233995,25.048404244],[121.552341847,25.048404561],[121.553561015,25.048376136],[121.553561556,25.04837603],[121.553568993,25.048375656],[121.55509886,25.048226946],[121.556279572,25.048187064],[121.557635201,25.048359993],[121.557649352,25.048360865],[121.557687246,25.04835385],[121.557719309,25.04833416],[121.557740659,25.048304791],[121.557748046,25.048270214],[121.557740346,25.048235694],[121.557718731,25.048206486],[121.557686491,25.048187037],[121.557662687,25.048181179],[121.556298391,25.048007144]]]}, "properties" : {"section_id" : "ZKWN860", "section_name" : "八德路 光復南路-敦化北路", "travel_speed" : 43, "level_name" : "順暢", "level_color" : "#19FF1C", "data_time" : "2025-12-29 12:48:00+00"}}, {"type" : "Feature", "geometry" : {"type":"Polygon","coordinates":[[[121.558774708,25.048235351],[121.558775176,25.048235374],[121.558775357,25.048235416],[121.55985402,25.048340076],[121.56068036,25.048420563],[121.560680503,25.04842057],[121.560680556,25.048420582],[121.561401394,25.048489463],[121.56216162,25.04857013],[121.562162711,25.048570185],[121.56216312,25.048570278],[121.563159953,25.048662049],[121.563907051,25.048730824],[121.565316619,25.048874482],[121.565328051,25.048875041],[121.565365945,25.048868024],[121.565398006,25.048848332],[121.565419355,25.048818962],[121.56542674,25.048784385],[121.565419038,25.048749866],[121.565397421,25.048720659],[121.56536518,25.048701211],[121.565338655,25.048695042],[121.563928562,25.048551331],[121.563927791,25.048551293],[121.563927506,25.048551229],[121.563179882,25.048482405],[121.562183801,25.048390704],[121.561423763,25.048310057],[121.561422951,25.048310016],[121.561422636,25.048309944],[121.560701333,25.048241018],[121.559875093,25.048160541],[121.559875064,25.04816054],[121.559875053,25.048160537],[121.558796675,25.048055904],[121.558026264,25.047976468],[121.558014709,25.047975896],[121.557976815,25.04798291],[121.557944753,25.048002601],[121.557923403,25.04803197],[121.557916015,25.048066546],[121.557923715,25.048101066],[121.557945331,25.048130274],[121.55797757,25.048149723],[121.558003971,25.048155881],[121.558774708,25.048235351]]]}, "properties" : {"section_id" : "ZKZQW20", "section_name" : "八德路 光復南路-東興街", "travel_speed" : 38, "level_name" : "順暢", "level_color" : "#19FF1C", "data_time" : "2025-12-29 12:48:00+00"}}, {"type" : "Feature", "geometry" : {"type":"Polygon","coordinates":[[[121.570267721,25.049641556],[121.570269451,25.049641851],[121.570288248,25.049646656],[121.570955561,25.049743948],[121.570965988,25.049744683],[121.570967742,25.049745027],[121.571826239,25.049772508],[121.571827689,25.049772266],[121.571829327,25.049772563],[121.57270426,25.049775713],[121.573382734,25.049798157],[121.574273454,25.049842957],[121.574275261,25.049842673],[121.574277474,25.049843085],[121.575374162,25.049857633],[121.576571663,25.04988555],[121.576571909,25.049885508],[121.576572191,25.049885561],[121.578111164,25.049913946],[121.578889096,25.050026201],[121.57959856,25.050235546],[121.580078493,25.050379547],[121.580747835,25.050617557],[121.581454754,25.050936946],[121.581457036,25.050937428],[121.581459521,25.050938958],[121.582248385,25.051249065],[121.582288079,25.051256453],[121.582325972,25.051249432],[121.582358031,25.051229736],[121.582379376,25.051200364],[121.582386757,25.051165786],[121.58237905,25.051131268],[121.582357428,25.051102064],[121.582326919,25.051083284],[121.581540469,25.050774126],[121.580831984,25.05045403],[121.580828002,25.050453188],[121.580823986,25.050450808],[121.580148076,25.050210463],[121.58014509,25.050209957],[121.580143042,25.050208814],[121.579660337,25.050063981],[121.579660046,25.050063939],[121.579659872,25.050063843],[121.578942799,25.049852253],[121.578937935,25.049851563],[121.578927764,25.049848971],[121.578135466,25.049734643],[121.578123241,25.04973379],[121.578121966,25.04973355],[121.576576469,25.049705045],[121.575378687,25.049677121],[121.575378174,25.049677209],[121.575377594,25.049677101],[121.574282372,25.049662572],[121.573392729,25.049617826],[121.573391912,25.049617955],[121.573390861,25.049617748],[121.572709851,25.04959522],[121.572708348,25.04959547],[121.572706645,25.049595162],[121.571831656,25.049592012],[121.570980831,25.049564776],[121.570330139,25.049469907],[121.569628496,25.04921919],[121.569591889,25.049212956],[121.569553995,25.049219973],[121.569521934,25.049239666],[121.569500587,25.049269037],[121.569493203,25.049303614],[121.569500906,25.049338133],[121.569522524,25.049367339],[121.569556116,25.049387279],[121.570267721,25.049641556]]]}, "properties" : {"section_id" : "ZLDTB20", "section_name" : "八德路 基隆路-東新街", "travel_speed" : 38, "level_name" : "順暢", "level_color" : "#19FF1C", "data_time" : "2025-12-29 12:48:00+00"}}, {"type" : "Feature", "geometry" : {"type":"Polygon","coordinates":[[[121.5639296,25.04877825],[121.563928829,25.048778213],[121.563928544,25.048778148],[121.563180919,25.048709325],[121.562184836,25.048617623],[121.561424797,25.048536977],[121.561423984,25.048536935],[121.561423669,25.048536863],[121.560702365,25.048467937],[121.559876124,25.04838746],[121.559876094,25.048387459],[121.559876083,25.048387456],[121.558797704,25.048282824],[121.558027291,25.048203387],[121.558015736,25.048202815],[121.557977842,25.04820983],[121.55794578,25.04822952],[121.55792443,25.04825889],[121.557917042,25.048293466],[121.557924742,25.048327986],[121.557946358,25.048357194],[121.557978598,25.048376643],[121.558004998,25.0483828],[121.558775737,25.04846227],[121.558776204,25.048462294],[121.558776386,25.048462335],[121.559855051,25.048566996],[121.559855071,25.048566998],[121.560681392,25.048647482],[121.560681535,25.048647489],[121.560681588,25.048647501],[121.561402428,25.048716383],[121.562162654,25.048797049],[121.562163746,25.048797105],[121.562164155,25.048797198],[121.56316099,25.048888968],[121.563908089,25.048957743],[121.56531766,25.049101401],[121.565329092,25.04910196],[121.565366986,25.049094944],[121.565399047,25.049075251],[121.565420396,25.049045881],[121.565427781,25.049011304],[121.565420079,25.048976785],[121.565398462,25.048947578],[121.56536622,25.048928131],[121.565339696,25.048921962],[121.5639296,25.04877825]]]}, "properties" : {"section_id" : "ZKWPX60", "section_name" : "八德路 東興街?-光復北路", "travel_speed" : 49, "level_name" : "順暢", "level_color" : "#19FF1C", "data_time" : "2025-12-29 12:48:00+00"}}, {"type" : "Feature", "geometry" : {"type":"Polygon","coordinates":[[[121.56856284,25.049262557],[121.568561612,25.04926248],[121.568561001,25.049262335],[121.567839536,25.049181492],[121.567838721,25.049181448],[121.567838378,25.049181368],[121.567314907,25.049128393],[121.566783355,25.049052192],[121.566779737,25.049051941],[121.566778115,25.04905157],[121.566073924,25.048985414],[121.566071718,25.048985315],[121.566071124,25.048985188],[121.565565584,25.048950857],[121.565557802,25.048950608],[121.565519908,25.048957624],[121.565487847,25.048977316],[121.565466498,25.049006687],[121.565459113,25.049041264],[121.565466815,25.049075783],[121.565488432,25.04910499],[121.565520674,25.049124437],[121.565550848,25.049130916],[121.566054988,25.049165152],[121.566755153,25.049230929],[121.56728632,25.049307076],[121.567289334,25.049307284],[121.567290784,25.049307621],[121.567815915,25.049360764],[121.568535882,25.04944144],[121.569072828,25.049510921],[121.569087182,25.049511818],[121.569125076,25.0495048],[121.569157136,25.049485107],[121.569178484,25.049455736],[121.569185868,25.049421159],[121.569178165,25.04938664],[121.569156547,25.049357434],[121.569124305,25.049337987],[121.569100703,25.049332157],[121.56856284,25.049262557]]]}, "properties" : {"section_id" : "ZL6RM20", "section_name" : "八德路 基隆路-東興街", "travel_speed" : 44, "level_name" : "順暢", "level_color" : "#19FF1C", "data_time" : "2025-12-29 12:48:00+00"}}, {"type" : "Feature", "geometry" : {"type":"Polygon","coordinates":[[[121.581542073,25.051388024],[121.581544078,25.051389269],[121.582034653,25.051586591],[121.58207511,25.051594283],[121.582113004,25.051587262],[121.582145063,25.051567566],[121.582166408,25.051538194],[121.582173789,25.051503616],[121.582166082,25.051469098],[121.58214446,25.051439894],[121.582114715,25.051421418],[121.581626073,25.051224874],[121.581338422,25.051095563],[121.581332978,25.051094417],[121.581327893,25.0510915],[121.581076896,25.051009851],[121.580757461,25.050865671],[121.58075288,25.050864704],[121.580748393,25.05086208],[121.580463819,25.050764441],[121.580198803,25.050648528],[121.580197141,25.050648187],[121.580195393,25.050647108],[121.579871851,25.05051908],[121.579871328,25.050518982],[121.579870847,25.050518689],[121.579537125,25.050390596],[121.579536619,25.050390504],[121.579536176,25.050390238],[121.579528139,25.050387604],[121.579173662,25.050286935],[121.579171975,25.050286704],[121.57916744,25.050285368],[121.578751139,25.050193744],[121.578749628,25.050193583],[121.578747654,25.050193038],[121.578401607,25.050128794],[121.578394764,25.050128179],[121.578391222,25.050127383],[121.578078488,25.050100223],[121.577756424,25.050054856],[121.57775188,25.050054547],[121.577750115,25.050054155],[121.57730264,25.050017668],[121.577297673,25.050017476],[121.577297067,25.050017358],[121.576695828,25.049999318],[121.575943019,25.049972275],[121.57594233,25.049972389],[121.575941506,25.049972232],[121.572333523,25.049892826],[121.570920102,25.049814309],[121.57026644,25.049746747],[121.569713782,25.049550158],[121.569677316,25.049543975],[121.569639423,25.049550993],[121.569607362,25.049570686],[121.569586014,25.049600057],[121.56957863,25.049634634],[121.569586334,25.049669153],[121.569607952,25.049698359],[121.569641686,25.049718349],[121.57020638,25.049919219],[121.570209443,25.049919738],[121.570231255,25.049924827],[121.570900321,25.049993981],[121.570904494,25.049994188],[121.57090546,25.04999439],[121.572323276,25.050073151],[121.572324876,25.050072904],[121.572326913,25.050073292],[121.575935965,25.050152721],[121.576688339,25.050179747],[121.576688628,25.0501797],[121.576688981,25.050179768],[121.577287751,25.050197734],[121.577729277,25.050233736],[121.578051058,25.050279063],[121.578055121,25.05027934],[121.578056797,25.050279716],[121.578367177,25.050306672],[121.578706324,25.050369634],[121.579117752,25.050460186],[121.579464575,25.050558681],[121.57979338,25.050684887],[121.580114702,25.050812036],[121.580381934,25.050928918],[121.580386035,25.05092976],[121.580389898,25.050932019],[121.580673896,25.05102946],[121.580994098,25.051173986],[121.580999602,25.051175149],[121.581004769,25.051178114],[121.581255842,25.051259787],[121.581540251,25.051387641],[121.581542073,25.051388024]]]}, "properties" : {"section_id" : "ZLDTB60", "section_name" : "八德路 東新街-基隆路", "travel_speed" : 20, "level_name" : "壅塞", "level_color" : "#FA0300", "data_time" : "2025-12-29 12:48:00+00"}}, {"type" : "Feature", "geometry" : {"type":"Polygon","coordinates":[[[121.538661776,25.077688823],[121.538657789,25.077689554],[121.538654455,25.077689072],[121.53809385,25.07772708],[121.537641179,25.07771642],[121.537636374,25.07771724],[121.537631985,25.077716592],[121.533172126,25.077988839],[121.532738712,25.077997377],[121.532736572,25.077997791],[121.532734803,25.077997525],[121.532178362,25.078028527],[121.531429864,25.07805609],[121.531429289,25.078056206],[121.531424451,25.078056425],[121.530999155,25.07809339],[121.530317364,25.078022388],[121.530315592,25.0780223],[121.530315002,25.078022168],[121.530062443,25.078001435],[121.529765787,25.077976825],[121.529469114,25.077928063],[121.529469102,25.077928061],[121.529126638,25.077871733],[121.528957397,25.077840024],[121.528753799,25.077797088],[121.528591089,25.07774156],[121.528449403,25.077669908],[121.528273946,25.077575411],[121.528135784,25.077465688],[121.52813509,25.077465297],[121.528132409,25.077463125],[121.527953825,25.077333526],[121.527798286,25.07720913],[121.527675968,25.077103074],[121.527675286,25.077102672],[121.527674883,25.077102147],[121.527538072,25.076987038],[121.527352614,25.076827895],[121.52735193,25.076827494],[121.527345513,25.076822354],[121.527120694,25.076663026],[121.526936174,25.076529656],[121.526820428,25.076355527],[121.526805449,25.076338196],[121.526773207,25.07631874],[121.526735244,25.076312002],[121.52669734,25.076319009],[121.526665265,25.076338693],[121.526643902,25.076368058],[121.526636504,25.076402633],[121.526644198,25.076437154],[121.526650832,25.076449035],[121.526775802,25.076637042],[121.526790781,25.076654374],[121.526798979,25.076661004],[121.526997823,25.076804726],[121.52699806,25.076804853],[121.526998568,25.076805259],[121.527220066,25.076962235],[121.527402473,25.077118758],[121.527402922,25.077119021],[121.527403184,25.077119362],[121.527539806,25.077234313],[121.52766303,25.077341154],[121.527664916,25.077342267],[121.527665971,25.077343603],[121.527824788,25.077470622],[121.527825502,25.077471026],[121.527828423,25.077473392],[121.528007143,25.07760309],[121.528150508,25.077716944],[121.528155251,25.07771961],[121.528165198,25.077726609],[121.528349646,25.077825949],[121.528351283,25.07782669],[121.528351982,25.077827168],[121.528501286,25.077902673],[121.528511832,25.077907287],[121.52851339,25.077907563],[121.528514625,25.077908284],[121.52869032,25.077968244],[121.528691801,25.077968486],[121.528702742,25.077971657],[121.528913864,25.078016179],[121.528914933,25.078016289],[121.528916251,25.078016655],[121.529087864,25.078048809],[121.529089074,25.078048919],[121.529090221,25.078049223],[121.529433879,25.078105747],[121.529433886,25.078105748],[121.529433891,25.078105749],[121.529734857,25.078155217],[121.529740838,25.078155694],[121.52974347,25.07815628],[121.530044506,25.078181254],[121.530044577,25.078181256],[121.530044598,25.078181261],[121.530296021,25.078201901],[121.530986962,25.078273855],[121.530998612,25.078274439],[121.53100764,25.078274031],[121.531440584,25.078236402],[121.532187397,25.0782089],[121.532188539,25.07820867],[121.532189444,25.078208806],[121.532744956,25.078177855],[121.533178658,25.078169311],[121.533181131,25.078168833],[121.533183141,25.07816913],[121.537640655,25.077897026],[121.538093692,25.077907695],[121.53809893,25.0779068],[121.538103612,25.077907476],[121.538665518,25.07786938],[121.53872202,25.077869361],[121.53876028,25.07786235],[121.538792354,25.077842664],[121.538813714,25.077813297],[121.538821108,25.077778722],[121.538813411,25.077744201],[121.538791795,25.07771499],[121.53875955,25.077695537],[121.538721943,25.077688802],[121.538661776,25.077688823]]]}, "properties" : {"section_id" : "ZSBID60", "section_name" : "北安路 明水路-中山北路", "travel_speed" : 48, "level_name" : "順暢", "level_color" : "#19FF1C", "data_time" : "2025-12-29 12:48:00+00"}}, {"type" : "Feature", "geometry" : {"type":"Polygon","coordinates":[[[121.509288676,25.053529632],[121.509282304,25.053530055],[121.50881055,25.053591389],[121.508786282,25.053597486],[121.50875421,25.053617166],[121.508732847,25.053646528],[121.508725446,25.053681102],[121.508733132,25.053715625],[121.508754737,25.05374484],[121.508786971,25.0537643],[121.508824926,25.053771042],[121.508838556,25.053770137],[121.509306421,25.053709309],[121.509746422,25.053684217],[121.510195309,25.05367318],[121.510584618,25.053704823],[121.511055936,25.053750886],[121.511057622,25.053750966],[121.511058138,25.053751079],[121.512178152,25.053837545],[121.51271805,25.053883225],[121.513249173,25.053940704],[121.513252155,25.053940859],[121.513253046,25.053941052],[121.513642527,25.053969131],[121.51364453,25.0539692],[121.513644902,25.053969276],[121.514090781,25.05399162],[121.5141345,25.053984752],[121.514166571,25.053965071],[121.514187933,25.053935708],[121.514195333,25.053901133],[121.514187645,25.053866611],[121.514166038,25.053837397],[121.514133804,25.053817938],[121.514101669,25.053811333],[121.513656979,25.053789048],[121.513270624,25.053761195],[121.512740173,25.053703789],[121.512738298,25.053703691],[121.512737647,25.053703546],[121.512196086,25.053657725],[121.512195469,25.0536577],[121.512195289,25.05365766],[121.51107598,25.053571249],[121.510604882,25.053525207],[121.510603546,25.053525145],[121.510603117,25.05352505],[121.510207194,25.053492869],[121.510198012,25.053492512],[121.510196829,25.053492731],[121.510195712,25.053492544],[121.509739313,25.053503766],[121.509737372,25.053504146],[121.509735794,25.05350391],[121.509290115,25.053529325],[121.509288676,25.053529632]]]}, "properties" : {"section_id" : "ZM7FI60", "section_name" : "南京西路 西寧北路-重慶北路", "travel_speed" : 21, "level_name" : "壅塞", "level_color" : "#FA0300", "data_time" : "2025-12-29 12:48:00+00"}}, {"type" : "Feature", "geometry" : {"type":"Polygon","coordinates":[[[121.524026412,25.026851448],[121.524026714,25.026851381],[121.524027915,25.026851326],[121.525337574,25.026735766],[121.526066713,25.026685168],[121.526067054,25.026685094],[121.526067289,25.026685127],[121.527163459,25.026603191],[121.5271638,25.026603115],[121.527165135,25.026603053],[121.52842393,25.02648931],[121.528452427,25.026482743],[121.528484489,25.026463059],[121.528505842,25.026433694],[121.528513237,25.026399119],[121.528505546,25.026364597],[121.528483942,25.026335385],[121.528451713,25.026315929],[121.528413765,25.026309192],[121.528404372,25.026309632],[121.527146416,25.026423298],[121.526051375,25.02650515],[121.52532151,25.026555798],[121.525321125,25.026555883],[121.525319483,25.026555958],[121.524009564,25.026671541],[121.522728426,25.026766656],[121.522698202,25.026773364],[121.522666139,25.026793048],[121.522644784,25.026822412],[121.522637387,25.026856987],[121.522645076,25.026891509],[121.522666679,25.026920722],[121.522698908,25.026940179],[121.52274452,25.02694662],[121.524026412,25.026851448]]]}, "properties" : {"section_id" : "ZFZK620", "section_name" : "和平東路 羅斯福路-師大路", "travel_speed" : 54, "level_name" : "順暢", "level_color" : "#19FF1C", "data_time" : "2025-12-29 12:48:00+00"}}, {"type" : "Feature", "geometry" : {"type":"Polygon","coordinates":[[[121.544224161,25.066608734],[121.544216693,25.066567702],[121.544195078,25.066538492],[121.544162835,25.06651904],[121.544124874,25.066512307],[121.544086974,25.066519318],[121.544054905,25.066539006],[121.544033548,25.066568373],[121.544026385,25.066596437],[121.543608295,25.072174382],[121.543615764,25.072215414],[121.54363738,25.072244624],[121.543669624,25.072264076],[121.543707586,25.072270809],[121.543745488,25.072263798],[121.54377756,25.07224411],[121.543798917,25.072214743],[121.54380608,25.07218668],[121.544224161,25.066608734]]]}, "properties" : {"section_id" : "ZM210E0", "section_name" : "復北地下道往南", "travel_speed" : 59, "level_name" : "順暢", "level_color" : "#19FF1C", "data_time" : "2025-12-29 12:48:00+00"}}, {"type" : "Feature", "geometry" : {"type":"Polygon","coordinates":[[[121.583763883,25.051737385],[121.583761756,25.051736057],[121.582698661,25.05130315],[121.582657788,25.05129529],[121.582619895,25.051302311],[121.582587836,25.051322007],[121.582566491,25.051351379],[121.58255911,25.051385957],[121.582566818,25.051420475],[121.582588439,25.05144968],[121.582617769,25.051467987],[121.583678843,25.051900072],[121.584397734,25.052228656],[121.584400782,25.052229307],[121.584404064,25.0522313],[121.585476349,25.052638266],[121.585478143,25.052638589],[121.585479593,25.052639437],[121.585962183,25.052804684],[121.585962605,25.052804753],[121.585966965,25.052806196],[121.586245867,25.052887151],[121.586261577,25.052889344],[121.586271384,25.052891316],[121.586700108,25.052909349],[121.586704176,25.052908692],[121.586708442,25.05290938],[121.587161457,25.052893697],[121.587162138,25.05289356],[121.587168152,25.052893258],[121.587546707,25.052856661],[121.588008875,25.052871574],[121.588009109,25.052871535],[121.58800939,25.05287159],[121.588297699,25.052879524],[121.588884683,25.052998252],[121.589371714,25.053112958],[121.589977532,25.053324622],[121.590973701,25.053694909],[121.590975701,25.053695262],[121.590977248,25.053696156],[121.591771898,25.053959622],[121.591772775,25.053959761],[121.591778771,25.053961645],[121.592627329,25.054180705],[121.59263227,25.05418132],[121.592639081,25.054183047],[121.593602241,25.054319868],[121.593608728,25.054320313],[121.593610713,25.054320734],[121.594148437,25.054354413],[121.594193564,25.054347601],[121.594225622,25.054327903],[121.594246965,25.054298529],[121.594254342,25.054263951],[121.594246632,25.054229433],[121.594225007,25.05420023],[121.59419276,25.054180789],[121.594162034,25.054174281],[121.593628567,25.054140868],[121.592675577,25.054005492],[121.591836295,25.053788826],[121.591046828,25.05352708],[121.590051448,25.053157086],[121.590050367,25.053156895],[121.590049495,25.053156382],[121.589437452,25.052942543],[121.589436577,25.052942397],[121.589426769,25.05293943],[121.588932644,25.052823053],[121.588931356,25.052822906],[121.588929318,25.052822325],[121.588331529,25.052701411],[121.588316125,25.052699903],[121.588313038,25.052699306],[121.588015634,25.052691121],[121.587546723,25.05267599],[121.587544855,25.052676302],[121.587542784,25.052675935],[121.587532754,25.052676438],[121.587150573,25.052713386],[121.586705083,25.052728808],[121.586293588,25.0527115],[121.586029556,25.052634861],[121.58555097,25.052470984],[121.584483512,25.05206585],[121.583765757,25.051737785],[121.583763883,25.051737385]]]}, "properties" : {"section_id" : "ZMBWS20", "section_name" : "南港路 東新街-向陽路", "travel_speed" : 40, "level_name" : "順暢", "level_color" : "#19FF1C", "data_time" : "2025-12-29 12:48:00+00"}}, {"type" : "Feature", "geometry" : {"type":"Polygon","coordinates":[[[121.593318386,25.05454804],[121.593321048,25.054548634],[121.594134278,25.054617043],[121.594143827,25.054617425],[121.59418172,25.054610401],[121.594213778,25.054590702],[121.594235121,25.054561328],[121.594242498,25.05452675],[121.594234788,25.054492232],[121.594213163,25.05446303],[121.594180916,25.054443589],[121.594152505,25.05443725],[121.593343585,25.054369204],[121.592649224,25.054254519],[121.59180876,25.054037549],[121.591019292,25.053775802],[121.59002391,25.053405808],[121.590022829,25.053405617],[121.590021957,25.053405104],[121.589409913,25.053191265],[121.589409038,25.05319112],[121.58939923,25.053188152],[121.588905104,25.053071775],[121.588903816,25.053071628],[121.588901778,25.053071047],[121.588303987,25.052950134],[121.588288583,25.052948625],[121.588285497,25.052948028],[121.587988092,25.052939843],[121.58751918,25.052924713],[121.587517312,25.052925024],[121.587515241,25.052924657],[121.587505212,25.05292516],[121.587123029,25.052962108],[121.586677539,25.05297753],[121.586266042,25.052960222],[121.58600201,25.052883583],[121.585523423,25.052719706],[121.584455963,25.052314572],[121.583738206,25.051986507],[121.583737072,25.051986264],[121.583735741,25.051985418],[121.583004248,25.051673818],[121.582961839,25.051665319],[121.582923946,25.05167234],[121.582891887,25.051692036],[121.582870542,25.051721408],[121.582863162,25.051755986],[121.582870869,25.051790504],[121.58289249,25.051819708],[121.582920285,25.051837376],[121.583650538,25.052148448],[121.584370184,25.052477378],[121.584373233,25.052478029],[121.584376514,25.052480022],[121.585448802,25.052886988],[121.585450596,25.052887311],[121.585452046,25.052888158],[121.585934637,25.053053406],[121.585935059,25.053053475],[121.585939419,25.053054918],[121.586218321,25.053135873],[121.586234032,25.053138066],[121.586243839,25.053140038],[121.586672563,25.053158071],[121.586676631,25.053157414],[121.586680898,25.053158102],[121.587133913,25.053142419],[121.587134594,25.053142282],[121.587140608,25.05314198],[121.587519164,25.053105383],[121.587981333,25.053120296],[121.587981567,25.053120257],[121.587981848,25.053120312],[121.588270157,25.053128246],[121.588857143,25.053246974],[121.589344175,25.053361681],[121.589949994,25.053573345],[121.590946165,25.053943632],[121.590948164,25.053943985],[121.590949711,25.053944878],[121.591744363,25.054208344],[121.591745241,25.054208483],[121.591751237,25.054210368],[121.592599796,25.054429428],[121.592603408,25.054429877],[121.592609137,25.0544314],[121.59331248,25.054547569],[121.593318386,25.05454804]]]}, "properties" : {"section_id" : "ZLNUW60", "section_name" : "南港路 向陽路-東新街", "travel_speed" : 28, "level_name" : "車多", "level_color" : "#F8C920", "data_time" : "2025-12-29 12:48:00+00"}}, {"type" : "Feature", "geometry" : {"type":"Polygon","coordinates":[[[121.530359996,25.054865282],[121.53036008,25.054864864],[121.530282652,25.052106222],[121.530274991,25.052073655],[121.530253382,25.052044443],[121.530221145,25.052024987],[121.53018319,25.052018251],[121.530145293,25.052025258],[121.530113225,25.052044943],[121.530091867,25.052074308],[121.530084504,25.052110837],[121.530161914,25.054869044],[121.530214088,25.057854263],[121.530221769,25.057887701],[121.53024338,25.057916913],[121.530275618,25.057936368],[121.530313575,25.057943105],[121.530351474,25.057936098],[121.530383543,25.057916413],[121.530404902,25.057887047],[121.530412285,25.057851389],[121.5303601,25.054865734],[121.530359996,25.054865282]]]}, "properties" : {"section_id" : "ZMEJE00", "section_name" : "吉林路 南京東路-民生東路", "travel_speed" : 40, "level_name" : "順暢", "level_color" : "#19FF1C", "data_time" : "2025-12-29 12:48:00+00"}}, {"type" : "Feature", "geometry" : {"type":"Polygon","coordinates":[[[121.530228764,25.048772994],[121.530228906,25.048772245],[121.530214614,25.048497598],[121.530207032,25.048466998],[121.530185423,25.048437786],[121.530153188,25.048418331],[121.530115233,25.048411594],[121.530077337,25.048418602],[121.53004527,25.048438286],[121.530023913,25.048467652],[121.530016628,25.048506148],[121.530030878,25.048779977],[121.530061069,25.049720683],[121.530051066,25.050435426],[121.530051393,25.050436956],[121.530051081,25.050438487],[121.53008326,25.051823803],[121.530090932,25.051856768],[121.530112541,25.05188598],[121.530144778,25.051905436],[121.530182733,25.051912172],[121.53022063,25.051905165],[121.530252698,25.05188548],[121.530274055,25.051856115],[121.530281429,25.051819983],[121.530249283,25.050436197],[121.530259289,25.049721089],[121.530258881,25.049719175],[121.530259255,25.0497173],[121.530228975,25.048773882],[121.530228764,25.048772994]]]}, "properties" : {"section_id" : "ZLRJE00", "section_name" : "吉林路 長安東路-南京東路", "travel_speed" : 41, "level_name" : "順暢", "level_color" : "#19FF1C", "data_time" : "2025-12-29 12:48:00+00"}}, {"type" : "Feature", "geometry" : {"type":"Polygon","coordinates":[[[121.530071653,25.054866764],[121.530071549,25.054866311],[121.530071633,25.054865894],[121.529994212,25.052107252],[121.529986551,25.052074684],[121.529964942,25.052045472],[121.529932705,25.052026017],[121.529894749,25.05201928],[121.529856853,25.052026287],[121.529824784,25.052045972],[121.529803427,25.052075337],[121.529796063,25.052111866],[121.529873467,25.054870073],[121.529925634,25.057855293],[121.529933315,25.057888731],[121.529954926,25.057917943],[121.529987164,25.057937398],[121.530025121,25.057944135],[121.53006302,25.057937128],[121.530095089,25.057917443],[121.530116448,25.057888077],[121.530123832,25.057852419],[121.530071653,25.054866764]]]}, "properties" : {"section_id" : "ZLRJE40", "section_name" : "吉林路 民生東路-南京東路", "travel_speed" : 37, "level_name" : "順暢", "level_color" : "#19FF1C", "data_time" : "2025-12-29 12:48:00+00"}}, {"type" : "Feature", "geometry" : {"type":"Polygon","coordinates":[[[121.529762905,25.050426042],[121.529762593,25.050427573],[121.529794769,25.051812889],[121.52980244,25.051845854],[121.52982405,25.051875066],[121.529856286,25.051894522],[121.529894242,25.051901258],[121.529932138,25.051894251],[121.529964207,25.051874566],[121.529985564,25.051845201],[121.529992938,25.05180907],[121.529960795,25.050425283],[121.529970803,25.049710176],[121.529970395,25.049708261],[121.529970769,25.049706386],[121.529940494,25.048763066],[121.529929635,25.048397391],[121.529921978,25.048364957],[121.52990037,25.048335745],[121.529868134,25.04831629],[121.52983018,25.048309553],[121.529792284,25.04831656],[121.529760217,25.048336245],[121.52973886,25.04836561],[121.5297315,25.048402273],[121.529742361,25.048768047],[121.529742386,25.048768151],[121.529742367,25.048768244],[121.529772583,25.049709769],[121.529762579,25.050424512],[121.529762905,25.050426042]]]}, "properties" : {"section_id" : "ZLAJE40", "section_name" : "吉林路 南京東路-長安東路", "travel_speed" : 36, "level_name" : "順暢", "level_color" : "#19FF1C", "data_time" : "2025-12-29 12:48:00+00"}}, {"type" : "Feature", "geometry" : {"type":"Polygon","coordinates":[[[121.594527164,25.055265385],[121.594527405,25.055265078],[121.594696351,25.054953876],[121.594706619,25.05491346],[121.594698908,25.054878943],[121.594677283,25.05484974],[121.594645036,25.054830299],[121.594607076,25.054823579],[121.594569183,25.054830603],[121.594537125,25.054850302],[121.594518673,25.054873838],[121.594350204,25.05518416],[121.593986272,25.055819377],[121.593985859,25.055820189],[121.593985704,25.055820384],[121.593388137,25.056896032],[121.593388132,25.056896043],[121.59338813,25.056896045],[121.592803178,25.05794939],[121.592802979,25.057949787],[121.592802913,25.057949871],[121.592213004,25.059028025],[121.591726294,25.059800727],[121.591720533,25.059811464],[121.591720532,25.059811466],[121.591720529,25.059811471],[121.591344308,25.060648994],[121.591344307,25.060648997],[121.591344305,25.060648999],[121.591340521,25.060659087],[121.591149263,25.061288121],[121.591148826,25.0612911],[121.591147342,25.061295694],[121.590957372,25.062225147],[121.590955699,25.062242065],[121.590963409,25.062276583],[121.590985035,25.062305785],[121.591017283,25.062325227],[121.591055245,25.062331948],[121.591093141,25.062324925],[121.591125202,25.062305227],[121.591146546,25.062275854],[121.591152252,25.062258194],[121.591341439,25.061332564],[121.591529991,25.060712426],[121.591901502,25.059885386],[121.592386382,25.059115587],[121.592388368,25.059111886],[121.59238912,25.05911093],[121.59298019,25.058030651],[121.593563,25.056977558],[121.593565004,25.056977552],[121.594162286,25.055902414],[121.594526429,25.055266828],[121.594527164,25.055265385]]]}, "properties" : {"section_id" : "ZMLXB00", "section_name" : "向陽路 重陽路-新明路", "travel_speed" : 50, "level_name" : "順暢", "level_color" : "#19FF1C", "data_time" : "2025-12-29 12:48:00+00"}}, {"type" : "Feature", "geometry" : {"type":"Polygon","coordinates":[[[121.590859683,25.06113658],[121.590858316,25.061140738],[121.590641439,25.062148388],[121.590639588,25.062166151],[121.590647298,25.062200668],[121.590668924,25.062229871],[121.590701172,25.062249313],[121.590739134,25.062256034],[121.59077703,25.062249011],[121.590809091,25.062229314],[121.590830436,25.06219994],[121.590835964,25.062183124],[121.591052109,25.061178868],[121.591240788,25.060558316],[121.591612301,25.059731276],[121.592097182,25.058961478],[121.592099168,25.058957776],[121.59209992,25.058956821],[121.592690992,25.057876543],[121.593275804,25.056823451],[121.593275811,25.056823438],[121.593873092,25.055748308],[121.594237236,25.055112722],[121.594237971,25.05511128],[121.594238212,25.055110972],[121.594407158,25.054799771],[121.594417426,25.054759355],[121.594409716,25.054724838],[121.594388091,25.054695635],[121.594355844,25.054676194],[121.594317884,25.054669474],[121.594279991,25.054676498],[121.594247932,25.054696196],[121.594229481,25.054719733],[121.594061012,25.055030055],[121.593697078,25.055665271],[121.593696665,25.055666083],[121.59369651,25.055666278],[121.593098941,25.056741925],[121.593098936,25.056741936],[121.593098934,25.056741938],[121.59251398,25.057795282],[121.592513782,25.057795678],[121.592513715,25.057795762],[121.591923804,25.058873915],[121.591437094,25.059646616],[121.591431332,25.059657353],[121.591431331,25.059657356],[121.591431328,25.059657361],[121.591055105,25.060494883],[121.591055105,25.060494886],[121.591055103,25.060494888],[121.591051319,25.060504976],[121.59086006,25.06113401],[121.590859683,25.06113658]]]}, "properties" : {"section_id" : "ZMGXG40", "section_name" : "向陽路 南京東路-重陽路", "travel_speed" : 47, "level_name" : "順暢", "level_color" : "#19FF1C", "data_time" : "2025-12-29 12:48:00+00"}}, {"type" : "Feature", "geometry" : {"type":"Polygon","coordinates":[[[121.56551583,25.03894756],[121.565523512,25.038980653],[121.565545128,25.039009859],[121.565577366,25.039029307],[121.56561532,25.039036035],[121.56565321,25.039029018],[121.565685269,25.039009326],[121.565706616,25.038979956],[121.565713982,25.038943952],[121.565647685,25.035922537],[121.565640002,25.035889444],[121.565618388,25.035860238],[121.56558615,25.03584079],[121.565548197,25.035834062],[121.565510308,25.035841079],[121.56547825,25.035860771],[121.565456903,25.035890141],[121.565449538,25.035926145],[121.56551583,25.03894756]]]}, "properties" : {"section_id" : "ZIWRJ00", "section_name" : "松智路往北 松高路-松壽路", "travel_speed" : 18, "level_name" : "壅塞", "level_color" : "#FA0300", "data_time" : "2025-12-29 12:48:00+00"}}, {"type" : "Feature", "geometry" : {"type":"Polygon","coordinates":[[[121.527190366,25.026805956],[121.527191701,25.026805894],[121.528450499,25.026692151],[121.528478995,25.026685584],[121.528511057,25.0266659],[121.528532411,25.026636535],[121.528539805,25.026601959],[121.528532115,25.026567438],[121.52851051,25.026538225],[121.528478281,25.02651877],[121.528440333,25.026512032],[121.528430941,25.026512472],[121.527172982,25.02662614],[121.526077939,25.026707991],[121.525348073,25.02675864],[121.525347688,25.026758724],[121.525346046,25.026758799],[121.524035375,25.026874449],[121.524035219,25.026874484],[121.524034714,25.026874509],[121.522521726,25.027017325],[121.522493664,25.02702385],[121.522461602,25.027043533],[121.522440246,25.027072898],[121.52243285,25.027107472],[121.522440539,25.027141994],[121.522462142,25.027171208],[121.522494371,25.027190665],[121.522532319,25.027197404],[121.522542147,25.027196924],[121.524054806,25.027054139],[121.525364137,25.026938608],[121.526093278,25.02688801],[121.526093618,25.026887935],[121.526093854,25.026887968],[121.527190025,25.026806032],[121.527190366,25.026805956]]]}, "properties" : {"section_id" : "ZG9HT60", "section_name" : "和平東路 師大路-羅斯福路", "travel_speed" : 42, "level_name" : "順暢", "level_color" : "#19FF1C", "data_time" : "2025-12-29 12:48:00+00"}}, {"type" : "Feature", "geometry" : {"type":"Polygon","coordinates":[[[121.54266106,25.025096317],[121.542662125,25.025096233],[121.543212294,25.02501062],[121.543233898,25.025004897],[121.543265957,25.02498521],[121.543287306,25.024955842],[121.543294697,25.024921266],[121.543287002,25.024886746],[121.543265395,25.024857536],[121.543233163,25.024838083],[121.543195215,25.024831349],[121.543178931,25.024832637],[121.542629628,25.024918116],[121.542118222,25.024989224],[121.541202818,25.02511426],[121.541202463,25.02511435],[121.541201859,25.025114395],[121.540193518,25.025261334],[121.538870898,25.025445217],[121.537246594,25.025666056],[121.537245531,25.025666327],[121.537243852,25.025666465],[121.536341007,25.025812889],[121.535058182,25.025996525],[121.53503528,25.02600244],[121.53500322,25.026022126],[121.534981868,25.026051492],[121.534974475,25.026086068],[121.534982167,25.026120589],[121.535003773,25.0261498],[121.535036004,25.026169255],[121.535073952,25.02617599],[121.535088939,25.026174897],[121.536372759,25.025991119],[121.536373553,25.025990914],[121.536374744,25.025990816],[121.537277214,25.025844453],[121.538900308,25.025623777],[121.538900424,25.025623748],[121.538900629,25.025623733],[121.540223762,25.025439779],[121.540224025,25.025439712],[121.540224464,25.025439679],[121.541232677,25.025292759],[121.542147731,25.02516777],[121.542147825,25.025167746],[121.542147988,25.025167735],[121.542660392,25.025096488],[121.54266106,25.025096317]]]}, "properties" : {"section_id" : "ZFTLH60", "section_name" : "和平東路 復興南路-新生南路", "travel_speed" : 42, "level_name" : "順暢", "level_color" : "#19FF1C", "data_time" : "2025-12-29 12:48:00+00"}}, {"type" : "Feature", "geometry" : {"type":"Polygon","coordinates":[[[121.551535389,25.024525881],[121.551537007,25.02452611],[121.552048056,25.024488383],[121.552078345,25.024481664],[121.552110402,25.024461975],[121.55213175,25.024432606],[121.552139138,25.02439803],[121.552131441,25.02436351],[121.552109831,25.024334301],[121.552077599,25.02431485],[121.552032052,25.024308413],[121.551522896,25.024346],[121.550843288,25.024372341],[121.550843176,25.024372364],[121.550843082,25.024372349],[121.549873255,25.02441177],[121.549871695,25.024412089],[121.549870508,25.024411916],[121.549256858,25.024452436],[121.548379163,25.024488954],[121.54837877,25.024489034],[121.548378454,25.024488985],[121.546766504,25.024566583],[121.546766493,25.024566584],[121.54559288,25.024622952],[121.544434448,25.02467066],[121.544432424,25.024671074],[121.544430925,25.024670862],[121.54357917,25.024733696],[121.54354888,25.024740414],[121.543516822,25.024760101],[121.543495472,25.024789468],[121.543488082,25.024824044],[121.543495776,25.024858565],[121.543517384,25.024887775],[121.543549615,25.024907228],[121.543595161,25.024913667],[121.544445159,25.024850963],[121.545602199,25.024803312],[121.54560261,25.024803228],[121.54560294,25.024803279],[121.546776936,25.024746893],[121.546776943,25.024746891],[121.546776947,25.024746892],[121.548388556,25.02466931],[121.54926722,25.024632753],[121.549268722,25.024632445],[121.549269862,25.024632611],[121.54988346,25.024592094],[121.550851812,25.024552733],[121.551533216,25.024526323],[121.551535389,25.024525881]]]}, "properties" : {"section_id" : "ZFQM660", "section_name" : "和平東路 基隆路-復興南路", "travel_speed" : 43, "level_name" : "順暢", "level_color" : "#19FF1C", "data_time" : "2025-12-29 12:48:00+00"}}, {"type" : "Feature", "geometry" : {"type":"Polygon","coordinates":[[[121.544219819,25.024672702],[121.544220562,25.024672549],[121.544221147,25.024672638],[121.546794069,25.024533933],[121.546794471,25.024533848],[121.546794773,25.024533893],[121.548377663,25.024438224],[121.548933021,25.02441027],[121.550640278,25.024335805],[121.550641014,25.024335654],[121.550641589,25.02433574],[121.551507771,25.02428747],[121.551508165,25.024287386],[121.551510352,25.024287295],[121.551982077,25.024249714],[121.552011737,25.024243044],[121.552043794,25.024223354],[121.552065142,25.024193986],[121.55207253,25.02415941],[121.552064833,25.024124889],[121.552043223,25.02409568],[121.552010991,25.02407623],[121.551973042,25.024069498],[121.551964815,25.024069841],[121.55149438,25.024107319],[121.550630146,25.024155481],[121.548923183,25.024229933],[121.548922776,25.024230016],[121.548922454,25.024229967],[121.548366185,25.024257967],[121.548365563,25.024258097],[121.548365092,25.024258027],[121.54678201,25.024353708],[121.544210109,25.024492358],[121.543581696,25.024518518],[121.543547933,25.024525436],[121.543515875,25.024545124],[121.543494525,25.024574491],[121.543487135,25.024609067],[121.543494829,25.024643587],[121.543516437,25.024672798],[121.543548668,25.02469225],[121.543590741,25.02469889],[121.544219819,25.024672702]]]}, "properties" : {"section_id" : "ZFPMQ20", "section_name" : "和平東路 復興南路-基隆路", "travel_speed" : 48, "level_name" : "順暢", "level_color" : "#19FF1C", "data_time" : "2025-12-29 12:48:00+00"}}, {"type" : "Feature", "geometry" : {"type":"Polygon","coordinates":[[[121.553336356,25.023130989],[121.553336105,25.023131141],[121.552607675,25.023788641],[121.552585712,25.02381857],[121.552578325,25.023853146],[121.552586022,25.023887666],[121.552607631,25.023916875],[121.552639864,25.023936326],[121.552677812,25.023943057],[121.552715699,25.023936044],[121.55274714,25.023916915],[121.553475367,25.023259598],[121.554528182,25.022320213],[121.554528975,25.02231914],[121.554530149,25.022318409],[121.555515573,25.021388176],[121.555515695,25.021388005],[121.555515866,25.021387898],[121.556305981,25.020635631],[121.558997652,25.018202443],[121.558999346,25.018200133],[121.559001568,25.018198694],[121.559390501,25.017804298],[121.559391563,25.017802754],[121.559397552,25.017796272],[121.55966966,25.017447553],[121.559670643,25.017445926],[121.559672097,25.017444281],[121.559888954,25.01713888],[121.559890561,25.017136076],[121.559891871,25.017134504],[121.559978883,25.016995241],[121.559984473,25.016984778],[121.559984576,25.016984296],[121.559984863,25.016983896],[121.560146175,25.016613764],[121.560146245,25.016613426],[121.560149474,25.016604873],[121.560218937,25.016379693],[121.56029279,25.016191373],[121.560332264,25.016127509],[121.560337629,25.016117409],[121.560345014,25.016082832],[121.560337315,25.016048313],[121.560315705,25.016019105],[121.560283474,25.015999656],[121.560245528,25.015992927],[121.560207644,25.015999942],[121.56017559,25.016019633],[121.56015961,25.016038903],[121.560116,25.016109458],[121.560110635,25.016119558],[121.560110172,25.016121726],[121.560109028,25.016123382],[121.560031184,25.016321875],[121.560031021,25.016322742],[121.560029102,25.016327825],[121.559960106,25.01655149],[121.559803253,25.016911391],[121.559721057,25.017042945],[121.559506906,25.017344536],[121.559239329,25.017687446],[121.558856073,25.018076086],[121.556165505,25.020508273],[121.556164769,25.020509278],[121.556163704,25.020509944],[121.555372846,25.021262919],[121.554388537,25.022192098],[121.553336514,25.023130774],[121.553336356,25.023130989]]]}, "properties" : {"section_id" : "ZEZPT20", "section_name" : "和平東路 基隆路-臥龍街", "travel_speed" : 33, "level_name" : "車多", "level_color" : "#F8C920", "data_time" : "2025-12-29 12:48:00+00"}}, {"type" : "Feature", "geometry" : {"type":"Polygon","coordinates":[[[121.560243579,25.016528532],[121.5602433,25.016529881],[121.560242594,25.016530896],[121.560100103,25.016887753],[121.559964258,25.017136833],[121.559964072,25.017137562],[121.559963418,25.017138412],[121.559865818,25.017326452],[121.559750184,25.017480259],[121.559585662,25.017672432],[121.559354767,25.017926418],[121.558818479,25.018493043],[121.557548954,25.01963242],[121.557548363,25.019633223],[121.55754748,25.019633771],[121.556413123,25.020695696],[121.556412733,25.020696237],[121.556412196,25.020696575],[121.555423095,25.021647871],[121.554629088,25.022403207],[121.554107856,25.022893233],[121.553574108,25.023379765],[121.552883505,25.024002198],[121.55286149,25.024032174],[121.552854102,25.02406675],[121.552861799,25.024101271],[121.552883409,25.02413048],[121.552915642,25.02414993],[121.55295359,25.024156661],[121.552991476,25.024149648],[121.553022866,25.024130566],[121.553713668,25.023507952],[121.553713824,25.02350774],[121.553714065,25.023507593],[121.554248552,25.023020388],[121.554248987,25.023019791],[121.554249624,25.023019394],[121.554771591,25.022528677],[121.55477176,25.022528442],[121.554771996,25.022528294],[121.555566392,25.021772587],[121.55556655,25.021772366],[121.555566766,25.02177223],[121.556555592,25.020821197],[121.557688754,25.01976039],[121.558960406,25.018619104],[121.558962869,25.018615757],[121.55896591,25.018613745],[121.559505471,25.018043659],[121.559505664,25.018043372],[121.559506741,25.01804229],[121.55973919,25.017786596],[121.55973956,25.017786034],[121.55974101,25.017784533],[121.55990831,25.017589114],[121.559909419,25.017587372],[121.559911928,25.017584607],[121.560033751,25.017422569],[121.560039521,25.01741282],[121.560041579,25.017410145],[121.560142139,25.017216402],[121.560280033,25.016963565],[121.560281248,25.016958804],[121.560284414,25.016954255],[121.560428333,25.016593819],[121.560563218,25.016283357],[121.560570174,25.016249752],[121.560562475,25.016215232],[121.560540865,25.016186025],[121.560508634,25.016166576],[121.560470687,25.016159847],[121.560432804,25.016166862],[121.56040075,25.016186553],[121.560378976,25.016216895],[121.560243579,25.016528532]]]}, "properties" : {"section_id" : "ZEUPN60", "section_name" : "和平東路 臥龍街-基隆路", "travel_speed" : 44, "level_name" : "順暢", "level_color" : "#19FF1C", "data_time" : "2025-12-29 12:48:00+00"}}, {"type" : "Feature", "geometry" : {"type":"Polygon","coordinates":[[[121.517079232,25.026857463],[121.517081134,25.02685686],[121.517081837,25.026856761],[121.518063379,25.026578763],[121.518891145,25.026351715],[121.519179778,25.026328784],[121.520461505,25.026600057],[121.520463714,25.026600284],[121.520466158,25.026600935],[121.521647637,25.026797123],[121.522199453,25.026889074],[121.522217661,25.026890547],[121.52225555,25.026883541],[121.522287613,25.026863858],[121.522308968,25.026834494],[121.522316365,25.026799919],[121.522308676,25.026765397],[121.522287073,25.026736184],[121.522254844,25.026716727],[121.522235105,25.02671146],[121.521683259,25.026619504],[121.521683226,25.026619501],[121.521683198,25.026619494],[121.520504029,25.026423689],[121.519209279,25.02614966],[121.519186479,25.02614732],[121.519178252,25.02614766],[121.518863756,25.026172645],[121.518854985,25.026174616],[121.518843799,25.026176136],[121.518005827,25.026405984],[121.518005196,25.02640619],[121.518004977,25.026406221],[121.517024308,25.026683972],[121.516174478,25.026901577],[121.516163019,25.026905214],[121.516130955,25.026924896],[121.516109598,25.02695426],[121.5161022,25.026988834],[121.516109887,25.027023356],[121.516131489,25.027052571],[121.516163717,25.027072029],[121.516201664,25.02707877],[121.516228094,25.027075403],[121.517079232,25.026857463]]]}, "properties" : {"section_id" : "ZG8IK60", "section_name" : "和平西路 重慶南路-羅斯福路", "travel_speed" : 52, "level_name" : "順暢", "level_color" : "#19FF1C", "data_time" : "2025-12-29 12:48:00+00"}}, {"type" : "Feature", "geometry" : {"type":"Polygon","coordinates":[[[121.563200986,25.076441941],[121.56320139,25.076444016],[121.56320088,25.076446394],[121.563202647,25.077019727],[121.563202754,25.077020206],[121.563202656,25.077020676],[121.563206146,25.077259158],[121.563206423,25.077260373],[121.563209197,25.077280215],[121.563262526,25.077471105],[121.56326717,25.07748374],[121.563280102,25.077503983],[121.563622913,25.077908753],[121.564137135,25.078515907],[121.564145825,25.078524871],[121.564178074,25.078544319],[121.564216039,25.078551046],[121.564253942,25.07854403],[121.564286011,25.078524338],[121.564307365,25.078494968],[121.564314752,25.078460391],[121.564307048,25.078425872],[121.564294116,25.078405629],[121.563779894,25.077798476],[121.563449603,25.07740849],[121.563404225,25.077246058],[121.563400898,25.077018745],[121.563399138,25.076448115],[121.563412477,25.076187227],[121.56340488,25.076148132],[121.563383258,25.076118925],[121.56335101,25.076099477],[121.563313045,25.076092749],[121.563275143,25.076099765],[121.563243074,25.076119457],[121.563221721,25.076148827],[121.56321444,25.076178828],[121.563200986,25.076441941]]]}, "properties" : {"section_id" : "ZSPRA00", "section_name" : "基湖路 樂群一路-堤頂大道", "travel_speed" : 42, "level_name" : "順暢", "level_color" : "#19FF1C", "data_time" : "2025-12-29 12:48:00+00"}}, {"type" : "Feature", "geometry" : {"type":"Polygon","coordinates":[[[121.565253651,25.081886218],[121.565252378,25.081882326],[121.565251928,25.081879251],[121.565071273,25.081263516],[121.565070754,25.081262133],[121.565070652,25.081261497],[121.564708957,25.080134332],[121.564592868,25.0797275],[121.564591387,25.079723505],[121.564591148,25.079722155],[121.564325478,25.078982047],[121.564322681,25.078975204],[121.564301058,25.078945997],[121.564268809,25.07892655],[121.564230844,25.078919822],[121.564192941,25.078926838],[121.564160871,25.07894653],[121.564139518,25.0789759],[121.56413213,25.079010477],[121.564137036,25.079038152],[121.564401754,25.079775611],[121.564517448,25.08018106],[121.564518107,25.080182839],[121.564518241,25.080183677],[121.56488003,25.081311139],[121.565059374,25.081922409],[121.565132265,25.082283154],[121.565138333,25.082301713],[121.565159956,25.082330919],[121.565192206,25.082350367],[121.565230173,25.082357094],[121.565268077,25.082350078],[121.565300147,25.082330385],[121.565321501,25.082301015],[121.565328888,25.082266438],[121.565327252,25.082250478],[121.565253651,25.081886218]]]}, "properties" : {"section_id" : "ZSPRA40", "section_name" : "基湖路 內湖路-堤頂大道", "travel_speed" : 44, "level_name" : "順暢", "level_color" : "#19FF1C", "data_time" : "2025-12-29 12:48:00+00"}}, {"type" : "Feature", "geometry" : {"type":"Polygon","coordinates":[[[121.56374502,25.078506833],[121.563745488,25.078507541],[121.563916841,25.078697983],[121.563923713,25.078704864],[121.563955962,25.078724312],[121.563993928,25.07873104],[121.564031831,25.078724024],[121.5640639,25.078704332],[121.564085254,25.078674962],[121.564092641,25.078640385],[121.564084937,25.078605866],[121.564070187,25.078583541],[121.563899836,25.078394213],[121.563439306,25.077847717],[121.563439201,25.077847608],[121.56343916,25.077847543],[121.563108869,25.077457556],[121.563063491,25.077295124],[121.563060165,25.077067811],[121.563058403,25.076496195],[121.563066971,25.076180368],[121.563059296,25.076143243],[121.563037675,25.076114036],[121.563005427,25.076094588],[121.562967462,25.07608786],[121.56292956,25.076094876],[121.562897491,25.076114568],[121.562876138,25.076143938],[121.56286878,25.076175909],[121.562860178,25.076492977],[121.562860425,25.07649417],[121.562860148,25.07649546],[121.562861914,25.077068792],[121.562862021,25.077069272],[121.562861923,25.077069742],[121.562865412,25.077308223],[121.56286569,25.077309439],[121.562868464,25.077329281],[121.562921792,25.077520171],[121.562926436,25.077532806],[121.562939367,25.077553049],[121.563282105,25.077957733],[121.563743524,25.078505285],[121.56374502,25.078506833]]]}, "properties" : {"section_id" : "ZRKQZ40", "section_name" : "基湖路 堤頂大道-樂群一路", "travel_speed" : 43, "level_name" : "順暢", "level_color" : "#19FF1C", "data_time" : "2025-12-29 12:48:00+00"}}, {"type" : "Feature", "geometry" : {"type":"Polygon","coordinates":[[[121.565681964,25.043255145],[121.565699707,25.043276905],[121.565731946,25.043296352],[121.565769901,25.04330308],[121.565807793,25.043296064],[121.565839853,25.043276371],[121.5658612,25.043247001],[121.565868585,25.043212424],[121.565860883,25.043177905],[121.56585701,25.043170458],[121.564641328,25.041084999],[121.564623586,25.041063238],[121.564591347,25.04104379],[121.564553393,25.041037062],[121.564515502,25.041044079],[121.564483442,25.041063771],[121.564462095,25.041093141],[121.56445471,25.041127718],[121.564462411,25.041162237],[121.564466284,25.041169684],[121.565681964,25.043255145]]]}, "properties" : {"section_id" : "ZJVRL10", "section_name" : "基隆路地下道 忠孝東路-松隆路", "travel_speed" : 59, "level_name" : "順暢", "level_color" : "#19FF1C", "data_time" : "2025-12-29 12:48:00+00"}}, {"type" : "Feature", "geometry" : {"type":"Polygon","coordinates":[[[121.562089426,25.037226968],[121.562106262,25.03724721],[121.562138499,25.037266658],[121.562176452,25.037273387],[121.562214342,25.037266372],[121.562246401,25.03724668],[121.562267749,25.03721731],[121.562275134,25.037182733],[121.562267434,25.037148214],[121.562262655,25.037139249],[121.560635044,25.034471333],[121.560618208,25.03445109],[121.560585972,25.034431642],[121.56054802,25.034424913],[121.560510131,25.034431928],[121.560478072,25.034451619],[121.560456725,25.034480989],[121.560449339,25.034515565],[121.560457039,25.034550085],[121.560461817,25.03455905],[121.562089426,25.037226968]]]}, "properties" : {"section_id" : "ZJVRL11", "section_name" : "基隆路地下道 莊敬路-仁愛路", "travel_speed" : 59, "level_name" : "順暢", "level_color" : "#19FF1C", "data_time" : "2025-12-29 12:48:00+00"}}, {"type" : "Feature", "geometry" : {"type":"Polygon","coordinates":[[[121.56317404,25.039109136],[121.563156346,25.039087458],[121.563124108,25.03906801],[121.563086155,25.039061281],[121.563048264,25.039068297],[121.563016205,25.039087989],[121.562994857,25.039117359],[121.562987472,25.039151935],[121.562995173,25.039186455],[121.562999094,25.039193984],[121.564029718,25.04095769],[121.564047412,25.040979368],[121.564079651,25.040998816],[121.564117605,25.041005544],[121.564155496,25.040998528],[121.564187556,25.040978836],[121.564208903,25.040949466],[121.564216288,25.04091489],[121.564208587,25.04088037],[121.564204666,25.040872842],[121.56317404,25.039109136]]]}, "properties" : {"section_id" : "ZIKQU50", "section_name" : "基隆路 忠孝東路-松高路", "travel_speed" : 47, "level_name" : "順暢", "level_color" : "#19FF1C", "data_time" : "2025-12-29 12:48:00+00"}}, {"type" : "Feature", "geometry" : {"type":"Polygon","coordinates":[[[121.56365194,25.039490151],[121.563659631,25.039523717],[121.563663814,25.03953169],[121.564518836,25.04097535],[121.564536268,25.040996584],[121.564568507,25.041016031],[121.564606461,25.041022759],[121.564644352,25.041015743],[121.564676412,25.040996051],[121.564697759,25.040966681],[121.564705144,25.040932104],[121.564697443,25.040897585],[121.56469326,25.040889611],[121.563849753,25.039465398],[121.563844924,25.039166802],[121.563837233,25.039133236],[121.563815618,25.039104029],[121.56378338,25.039084581],[121.563745426,25.039077853],[121.563707536,25.039084869],[121.563675476,25.039104561],[121.563654129,25.039133931],[121.563646754,25.039169462],[121.56365194,25.039490151]]]}, "properties" : {"section_id" : "ZJERC00", "section_name" : "基隆路 松高路-忠孝東路", "travel_speed" : 33, "level_name" : "車多", "level_color" : "#F8C920", "data_time" : "2025-12-29 12:48:00+00"}}, {"type" : "Feature", "geometry" : {"type":"Polygon","coordinates":[[[121.561411255,25.035833031],[121.561428317,25.035853647],[121.561460554,25.035873096],[121.561498506,25.035879824],[121.561536396,25.035872809],[121.561568455,25.035853117],[121.561589802,25.035823748],[121.561597188,25.035789171],[121.561589487,25.035754651],[121.561584936,25.03574606],[121.55996026,25.033052992],[121.559943198,25.033032375],[121.559910962,25.033012927],[121.559873011,25.033006197],[121.559835122,25.033013212],[121.559803064,25.033032903],[121.559781717,25.033062273],[121.559774331,25.03309685],[121.55978203,25.033131369],[121.559786582,25.03313996],[121.561411255,25.035833031]]]}, "properties" : {"section_id" : "ZI9QP10", "section_name" : "基隆路 信義路-松壽路", "travel_speed" : 49, "level_name" : "順暢", "level_color" : "#19FF1C", "data_time" : "2025-12-29 12:48:00+00"}}, {"type" : "Feature", "geometry" : {"type":"Polygon","coordinates":[[[121.564444817,25.041238113],[121.564427736,25.041217468],[121.564395498,25.04119802],[121.564357543,25.041191292],[121.564319652,25.041198308],[121.564287592,25.041218],[121.564266245,25.04124737],[121.56425886,25.041281947],[121.564266561,25.041316467],[121.564271096,25.041325029],[121.566834573,25.045577252],[121.566851654,25.045597896],[121.566883895,25.045617343],[121.56692185,25.045624071],[121.566959743,25.045617054],[121.566991803,25.045597361],[121.567013151,25.045567991],[121.567020536,25.045533414],[121.567012833,25.045498895],[121.567008298,25.045490332],[121.564444817,25.041238113]]]}, "properties" : {"section_id" : "ZJERC40", "section_name" : "基隆路 松隆路-忠孝東路", "travel_speed" : 38, "level_name" : "順暢", "level_color" : "#19FF1C", "data_time" : "2025-12-29 12:48:00+00"}}, {"type" : "Feature", "geometry" : {"type":"Polygon","coordinates":[[[121.545851809,25.01855555],[121.545849642,25.018554234],[121.54584828,25.018552474],[121.543927042,25.016958026],[121.542562423,25.015812866],[121.542532852,25.015795729],[121.542494907,25.015788995],[121.542457022,25.015796005],[121.542424966,25.015815693],[121.542403617,25.01584506],[121.542396227,25.015879636],[121.542403921,25.015914157],[121.542428185,25.015945682],[121.543793004,25.017091011],[121.543793263,25.017091161],[121.543793407,25.017091348],[121.545713042,25.018684466],[121.546082504,25.019022896],[121.546115202,25.019042773],[121.546153148,25.019049506],[121.546191034,25.019042494],[121.546223091,25.019022806],[121.546244439,25.018993439],[121.546251828,25.018958862],[121.546244133,25.018924342],[121.546222993,25.018895558],[121.545851809,25.01855555]]]}, "properties" : {"section_id" : "ZDZMB40", "section_name" : "基隆路 辛亥路-台科大", "travel_speed" : 36, "level_name" : "順暢", "level_color" : "#19FF1C", "data_time" : "2025-12-29 12:48:00+00"}}, {"type" : "Feature", "geometry" : {"type":"Polygon","coordinates":[[[121.54177262,25.015138557],[121.541772539,25.01513851],[121.541772491,25.015138446],[121.540745169,25.014255609],[121.540745054,25.014255542],[121.540744986,25.014255452],[121.540104648,25.013707948],[121.538844436,25.012622785],[121.538844076,25.012622574],[121.538843864,25.012622296],[121.538152359,25.0120362],[121.537363234,25.011358483],[121.537332833,25.011340638],[121.53729489,25.011333903],[121.537257006,25.011340912],[121.537224949,25.011360598],[121.5372036,25.011389964],[121.537196209,25.01142454],[121.537203901,25.011459061],[121.53722733,25.011489881],[121.538016692,25.012167803],[121.538016992,25.012167978],[121.538017168,25.012168208],[121.538708624,25.012754264],[121.539968679,25.013839292],[121.539968838,25.013839385],[121.539968932,25.01383951],[121.540609307,25.014387045],[121.541636473,25.01526975],[121.542338518,25.015875209],[121.542369075,25.015893185],[121.54240702,25.015899919],[121.542444905,25.015892909],[121.542476962,25.015873221],[121.54249831,25.015843854],[121.5425057,25.015809278],[121.542498007,25.015774757],[121.542474729,25.015744071],[121.54177262,25.015138557]]]}, "properties" : {"section_id" : "ZCPKT40", "section_name" : "羅斯福路 新生南路-舟山路", "travel_speed" : 45, "level_name" : "順暢", "level_color" : "#19FF1C", "data_time" : "2025-12-29 12:48:00+00"}}, {"type" : "Feature", "geometry" : {"type":"Polygon","coordinates":[[[121.568857052,25.060108734],[121.568857036,25.060108959],[121.568857002,25.060109076],[121.568764175,25.060746988],[121.568691791,25.061158295],[121.56869175,25.061158782],[121.568691654,25.061159099],[121.568597279,25.061728128],[121.568597269,25.06172825],[121.568597247,25.061728324],[121.568472636,25.062490964],[121.568472594,25.062491495],[121.568472504,25.062491799],[121.568385612,25.063059995],[121.568312988,25.063513285],[121.56831195,25.063526701],[121.568319654,25.06356122],[121.568341274,25.063590426],[121.568373519,25.063609873],[121.568411481,25.0636166],[121.568449378,25.063609583],[121.568481443,25.06358989],[121.568502794,25.063560519],[121.568509141,25.063539358],[121.568581811,25.063085777],[121.56858184,25.063085406],[121.568581902,25.063085196],[121.568668774,25.062517127],[121.568793299,25.061755001],[121.56888759,25.061186471],[121.568960116,25.060774356],[121.568960247,25.060772815],[121.568960506,25.060771929],[121.569053483,25.060132972],[121.569176884,25.059309124],[121.569177792,25.05929654],[121.569170088,25.059262021],[121.569148468,25.059232815],[121.569116224,25.059213368],[121.569078264,25.059206641],[121.569040368,25.059213659],[121.569008304,25.059233352],[121.568986955,25.059262722],[121.568980479,25.059284715],[121.568857052,25.060108734]]]}, "properties" : {"section_id" : "ZPDS600", "section_name" : "塔悠路 民生東路-民權東路", "travel_speed" : 47, "level_name" : "順暢", "level_color" : "#19FF1C", "data_time" : "2025-12-29 12:48:00+00"}}, {"type" : "Feature", "geometry" : {"type":"Polygon","coordinates":[[[121.570459,25.052258621],[121.570459145,25.05225814],[121.57057388,25.051553043],[121.570574951,25.051539425],[121.570567247,25.051504906],[121.570545628,25.0514757],[121.570513386,25.051456254],[121.570475428,25.051449527],[121.570437534,25.051456545],[121.570405473,25.051476238],[121.570384125,25.051505609],[121.570377811,25.051526568],[121.570263175,25.052231049],[121.570212211,25.052517023],[121.5700204,25.053556579],[121.570020329,25.053557367],[121.570020167,25.053557902],[121.56979241,25.054915211],[121.5696356,25.055744168],[121.569441953,25.056698351],[121.569441755,25.056700359],[121.569441334,25.056701766],[121.569270935,25.057768781],[121.569164426,25.05840837],[121.569010803,25.059123669],[121.56900896,25.059141381],[121.569016664,25.0591759],[121.569038284,25.059205106],[121.569070528,25.059224553],[121.569108488,25.05923128],[121.569146385,25.059224262],[121.569178448,25.059204569],[121.569199798,25.059175198],[121.56920534,25.059158334],[121.569359367,25.058441145],[121.56935959,25.058438999],[121.56936009,25.058437352],[121.56946696,25.057795588],[121.569466987,25.05779525],[121.569467048,25.057795045],[121.569637216,25.056729471],[121.569830625,25.05577645],[121.569830684,25.055775857],[121.569830837,25.055775369],[121.569987908,25.054945028],[121.569987999,25.05494403],[121.569988209,25.054943339],[121.570215995,25.053585846],[121.570407728,25.052546702],[121.570407754,25.052546412],[121.570407819,25.052546204],[121.570458936,25.052259368],[121.570459,25.052258621]]]}, "properties" : {"section_id" : "ZNES900", "section_name" : "塔悠路 南京東路-民生東路", "travel_speed" : 48, "level_name" : "順暢", "level_color" : "#19FF1C", "data_time" : "2025-12-29 12:48:00+00"}}, {"type" : "Feature", "geometry" : {"type":"Polygon","coordinates":[[[121.568240789,25.063063196],[121.568240817,25.063062825],[121.56824088,25.063062615],[121.568327753,25.062494546],[121.56845228,25.06173242],[121.568546573,25.061163891],[121.568619099,25.060751775],[121.56861923,25.060750234],[121.568619489,25.060749348],[121.568712469,25.060110392],[121.568835871,25.059286544],[121.56883678,25.05927396],[121.568829076,25.059239441],[121.568807457,25.059210235],[121.568775212,25.059190788],[121.568737252,25.059184061],[121.568699356,25.059191078],[121.568667292,25.059210771],[121.568645943,25.059240142],[121.568639467,25.059262135],[121.568516038,25.060086153],[121.568516022,25.060086378],[121.568515987,25.060086495],[121.568423159,25.060724407],[121.568350774,25.061135714],[121.568350732,25.061136201],[121.568350636,25.061136518],[121.56825626,25.061705547],[121.568256251,25.061705668],[121.568256228,25.061705743],[121.568131615,25.062468383],[121.568131574,25.062468913],[121.568131483,25.062469218],[121.56804459,25.063037413],[121.567971964,25.063490704],[121.567970926,25.06350412],[121.56797863,25.063538639],[121.56800025,25.063567845],[121.568032496,25.063587292],[121.568070457,25.063594019],[121.568108355,25.063587002],[121.568140419,25.063567309],[121.56816177,25.063537938],[121.568168117,25.063516777],[121.568240789,25.063063196]]]}, "properties" : {"section_id" : "ZNES640", "section_name" : "塔悠路 民權東路-民生東路", "travel_speed" : 51, "level_name" : "順暢", "level_color" : "#19FF1C", "data_time" : "2025-12-29 12:48:00+00"}}, {"type" : "Feature", "geometry" : {"type":"Polygon","coordinates":[[[121.499533311,25.120950692],[121.499564974,25.120943893],[121.499597065,25.120924215],[121.499618441,25.120894854],[121.499625849,25.12086028],[121.49961816,25.120825757],[121.499596545,25.120796541],[121.499564295,25.12077708],[121.499520062,25.120770537],[121.486054257,25.121590734],[121.486022593,25.12159753],[121.4859905,25.121617205],[121.48596912,25.121646564],[121.485961709,25.121681137],[121.485969394,25.121715661],[121.485991005,25.121744879],[121.486023253,25.121764344],[121.486067486,25.121770891],[121.499533311,25.120950692]]]}, "properties" : {"section_id" : "Z4ZD520", "section_name" : "大度路 立德路-大業路", "travel_speed" : 54, "level_name" : "順暢", "level_color" : "#19FF1C", "data_time" : "2025-12-29 12:48:00+00"}}, {"type" : "Feature", "geometry" : {"type":"Polygon","coordinates":[[[121.481362719,25.12191468],[121.476929789,25.122215649],[121.47689889,25.122222394],[121.476866795,25.122242067],[121.476845413,25.122271425],[121.476837998,25.122305998],[121.476845681,25.122340521],[121.47686729,25.122369741],[121.476899537,25.122389207],[121.476944535,25.122395708],[121.481377472,25.122094738],[121.485810385,25.121793636],[121.485841283,25.121786889],[121.485873376,25.121767214],[121.485894756,25.121737855],[121.485902168,25.121703282],[121.485894483,25.121668758],[121.485872872,25.12163954],[121.485840624,25.121620076],[121.485795626,25.121613578],[121.481362719,25.12191468]]]}, "properties" : {"section_id" : "Z56BU20", "section_name" : "大度路 模構溪-貴子坑溪", "travel_speed" : 54, "level_name" : "順暢", "level_color" : "#19FF1C", "data_time" : "2025-12-29 12:48:00+00"}}, {"type" : "Feature", "geometry" : {"type":"Polygon","coordinates":[[[121.486126721,25.121951627],[121.486095066,25.121958422],[121.486062973,25.121978098],[121.486041593,25.122007457],[121.486034181,25.12204203],[121.486041866,25.122076553],[121.486063478,25.122105771],[121.486095726,25.122125236],[121.486139967,25.122131782],[121.499470084,25.121318808],[121.499501738,25.12131201],[121.499533829,25.121292332],[121.499555206,25.12126297],[121.499562614,25.121228397],[121.499554925,25.121193874],[121.49953331,25.121164658],[121.49950106,25.121145197],[121.499456818,25.121138654],[121.486126721,25.121951627]]]}, "properties" : {"section_id" : "Z5AAF60", "section_name" : "大度路 大業路-貴子坑溪", "travel_speed" : 52, "level_name" : "順暢", "level_color" : "#19FF1C", "data_time" : "2025-12-29 12:48:00+00"}}, {"type" : "Feature", "geometry" : {"type":"Polygon","coordinates":[[[121.481483777,25.122440749],[121.485916702,25.122139644],[121.485947601,25.122132897],[121.485979694,25.122113221],[121.486001074,25.122083862],[121.486008486,25.122049289],[121.486000801,25.122014766],[121.485979189,25.121985548],[121.485946941,25.121966083],[121.485901943,25.121959586],[121.481469024,25.12226069],[121.477036082,25.122561663],[121.477005183,25.122568408],[121.476973088,25.122588082],[121.476951705,25.122617439],[121.476944291,25.122652012],[121.476951974,25.122686536],[121.476973583,25.122715755],[121.47700583,25.122735222],[121.477050828,25.122741722],[121.481483777,25.122440749]]]}, "properties" : {"section_id" : "Z5B2R60", "section_name" : "大度路 貴子坑溪-模構溪", "travel_speed" : 52, "level_name" : "順暢", "level_color" : "#19FF1C", "data_time" : "2025-12-29 12:48:00+00"}}, {"type" : "Feature", "geometry" : {"type":"Polygon","coordinates":[[[121.471456584,25.122925358],[121.471425208,25.122932133],[121.471393112,25.122951806],[121.471371729,25.122981162],[121.471364313,25.123015735],[121.471371994,25.123050259],[121.471393602,25.123079479],[121.471425849,25.123098947],[121.47147037,25.123105481],[121.47681431,25.1227664],[121.476845686,25.122759624],[121.476877781,25.12273995],[121.476899163,25.122710592],[121.476906577,25.12267602],[121.476898895,25.122641496],[121.476877285,25.122612276],[121.476845038,25.12259281],[121.476800517,25.122586278],[121.471456584,25.122925358]]]}, "properties" : {"section_id" : "Z58AH60", "section_name" : "大度路 模構溪-立德路", "travel_speed" : 45, "level_name" : "順暢", "level_color" : "#19FF1C", "data_time" : "2025-12-29 12:48:00+00"}}, {"type" : "Feature", "geometry" : {"type":"Polygon","coordinates":[[[121.496597571,25.1350383],[121.49659746,25.135038161],[121.496597172,25.135037608],[121.496142625,25.134259781],[121.496142617,25.134259768],[121.49592844,25.133893118],[121.495856481,25.133743732],[121.495856438,25.133743676],[121.495856424,25.133743615],[121.495733315,25.133489029],[121.495705423,25.133394403],[121.495663214,25.133216275],[121.495639692,25.133058759],[121.495627978,25.132869361],[121.495630005,25.132749964],[121.495649639,25.132600587],[121.49568084,25.132432142],[121.495721307,25.132300423],[121.495781769,25.13214762],[121.496215626,25.131204123],[121.496727303,25.130113966],[121.497219391,25.129080475],[121.497219474,25.12908011],[121.497219721,25.129079774],[121.497506375,25.128463517],[121.497507352,25.128459094],[121.497509479,25.128455908],[121.498092274,25.126803158],[121.498092319,25.126802896],[121.498092692,25.126801943],[121.498130699,25.126688695],[121.498130727,25.126688524],[121.498130926,25.126688009],[121.498449952,25.125709685],[121.4987577,25.124790436],[121.498757865,25.124789418],[121.498758846,25.124786733],[121.498919068,25.124223065],[121.498919255,25.124221704],[121.498919971,25.124219608],[121.499591735,25.121403536],[121.499593993,25.121384042],[121.499586304,25.12134952],[121.499564689,25.121320304],[121.499532439,25.121300842],[121.499494464,25.121294098],[121.499456544,25.121301098],[121.499424453,25.121320776],[121.499403076,25.121350137],[121.499397926,25.121365217],[121.498726573,25.124179551],[121.498567369,25.124739636],[121.49826013,25.125657358],[121.498260105,25.125657516],[121.498259923,25.125657986],[121.497940905,25.126636279],[121.497903218,25.126748576],[121.497321997,25.128396852],[121.497037246,25.129009016],[121.49654522,25.130042373],[121.49654517,25.130042598],[121.496545016,25.130042805],[121.496033093,25.131133484],[121.496033021,25.131133806],[121.496032809,25.131134096],[121.495597838,25.13208001],[121.495597315,25.132082404],[121.495596015,25.132084276],[121.495533472,25.132242336],[121.495533304,25.13224322],[121.495531268,25.132248616],[121.495488413,25.132388108],[121.495487843,25.132391948],[121.495486129,25.132397413],[121.49545366,25.1325727],[121.49545341,25.132575487],[121.495452982,25.132576986],[121.495432455,25.132733162],[121.495431901,25.132741884],[121.495431764,25.132742492],[121.495429602,25.132869808],[121.495430318,25.132873185],[121.495429747,25.132876277],[121.49544188,25.133072465],[121.495442175,25.133073632],[121.495442627,25.133079551],[121.495467194,25.133244058],[121.495468036,25.133246875],[121.49546852,25.133250933],[121.495512057,25.133434668],[121.495512959,25.133437281],[121.495513215,25.133439028],[121.495543709,25.133542484],[121.49554801,25.133553943],[121.495548539,25.133554657],[121.495548726,25.133555461],[121.49567486,25.133816302],[121.495748295,25.13396875],[121.495748521,25.13396905],[121.495751556,25.133974881],[121.495967498,25.134344554],[121.4959675,25.134344557],[121.495967506,25.134344567],[121.496421858,25.135122063],[121.496890759,25.13594146],[121.496908847,25.135963822],[121.496941101,25.135983284],[121.496979081,25.135990029],[121.497017005,25.13598303],[121.4970491,25.135963352],[121.49707048,25.135933991],[121.49707789,25.135899418],[121.4970702,25.135864895],[121.497066672,25.135858042],[121.496597571,25.1350383]]]}, "properties" : {"section_id" : "Z7JCE40", "section_name" : "大業路 中央北路-承德路", "travel_speed" : 49, "level_name" : "順暢", "level_color" : "#19FF1C", "data_time" : "2025-12-29 12:48:00+00"}}, {"type" : "Feature", "geometry" : {"type":"Polygon","coordinates":[[[121.551698318,25.036642329],[121.551696155,25.036644718],[121.551120474,25.037414283],[121.551110655,25.037430917],[121.551103266,25.037465493],[121.551110963,25.037500014],[121.551132575,25.037529223],[121.551164811,25.037548673],[121.551202763,25.037555405],[121.551240654,25.037548392],[121.551272715,25.037528703],[121.551284246,25.037515968],[121.551858389,25.036748458],[121.552432778,25.036064802],[121.552445795,25.036044136],[121.552453183,25.03600956],[121.552453049,25.03600896],[121.55245317,25.036008378],[121.552401387,25.033262613],[121.552393703,25.033229275],[121.552372092,25.033200066],[121.552339857,25.033180616],[121.552301906,25.033173885],[121.552264017,25.033180898],[121.552231957,25.033200587],[121.552210608,25.033229956],[121.552203234,25.033265714],[121.552254419,25.035980031],[121.551699353,25.036640686],[121.551698318,25.036642329]]]}, "properties" : {"section_id" : "ZHLNV40", "section_name" : "安和路 仁愛路-信義路", "travel_speed" : 23, "level_name" : "壅塞", "level_color" : "#FA0300", "data_time" : "2025-12-29 12:48:00+00"}}, {"type" : "Feature", "geometry" : {"type":"Polygon","coordinates":[[[121.551975693,25.036627669],[121.551974658,25.036629312],[121.551972495,25.0366317],[121.551396816,25.037401267],[121.551386996,25.037417901],[121.551379608,25.037452477],[121.551387305,25.037486997],[121.551408917,25.037516206],[121.551441153,25.037535657],[121.551479105,25.037542388],[121.551516996,25.037535375],[121.551549057,25.037515686],[121.551560588,25.037502952],[121.552134729,25.036735441],[121.552709117,25.036051783],[121.552722134,25.036031118],[121.552729522,25.035996542],[121.552729388,25.035995941],[121.552729508,25.035995359],[121.55267772,25.033249594],[121.552670036,25.033216257],[121.552648424,25.033187048],[121.552616189,25.033167598],[121.552578238,25.033160866],[121.552540349,25.03316788],[121.552508289,25.033187569],[121.55248694,25.033216938],[121.552479566,25.033252696],[121.552530757,25.035967013],[121.551975693,25.036627669]]]}, "properties" : {"section_id" : "ZIMNN00", "section_name" : "安和路 信義路-仁愛路", "travel_speed" : 33, "level_name" : "車多", "level_color" : "#F8C920", "data_time" : "2025-12-29 12:48:00+00"}}, {"type" : "Feature", "geometry" : {"type":"Polygon","coordinates":[[[121.552459974,25.030124648],[121.552459804,25.030124416],[121.551010513,25.028792929],[121.550977703,25.028772952],[121.550939753,25.028766221],[121.550901865,25.028773233],[121.550869806,25.028792922],[121.550848458,25.028822291],[121.55084107,25.028856867],[121.550848766,25.028891387],[121.5508698,25.02892007],[121.552315358,25.030248131],[121.552404717,25.030349977],[121.552427849,25.030523031],[121.552430456,25.031105292],[121.552430592,25.031105899],[121.55243047,25.031106488],[121.552464901,25.032917014],[121.552472585,25.032950338],[121.552494196,25.032979547],[121.552526431,25.032998997],[121.552564382,25.033005728],[121.552602271,25.032998715],[121.552634331,25.032979026],[121.55265568,25.032949657],[121.552663054,25.032913886],[121.552628631,25.031103958],[121.552626002,25.030517002],[121.552625276,25.030506456],[121.552598041,25.030302709],[121.55259107,25.030278735],[121.552577077,25.030257252],[121.552466846,25.030131617],[121.552459974,25.030124648]]]}, "properties" : {"section_id" : "ZHLNV00", "section_name" : "安和路 樂利街-信義路", "travel_speed" : 43, "level_name" : "順暢", "level_color" : "#19FF1C", "data_time" : "2025-12-29 12:48:00+00"}}, {"type" : "Feature", "geometry" : {"type":"Polygon","coordinates":[[[121.552385132,25.031295866],[121.552385103,25.031295741],[121.552385127,25.031295623],[121.552372102,25.030631161],[121.552371465,25.030628403],[121.552371853,25.030626182],[121.552361491,25.030497223],[121.552358073,25.030484215],[121.552356042,25.030473604],[121.552312644,25.030362258],[121.552311258,25.030360267],[121.552310659,25.03035758],[121.552291279,25.030331575],[121.552289048,25.030328371],[121.552288764,25.0303282],[121.552288575,25.030327946],[121.550837216,25.029033815],[121.550805456,25.029014789],[121.550767506,25.029008058],[121.550729618,25.02901507],[121.550697559,25.029034759],[121.55067621,25.029064128],[121.550668822,25.029098704],[121.550676518,25.029133224],[121.550698602,25.029162858],[121.552133568,25.030442373],[121.552164817,25.03052255],[121.552174004,25.030636878],[121.552186977,25.031298726],[121.552213887,25.032915097],[121.552221574,25.032948616],[121.552243185,25.032977825],[121.55227542,25.032997275],[121.552313371,25.033004006],[121.55235126,25.032996993],[121.55238332,25.032977304],[121.552404669,25.032947935],[121.552412046,25.032912358],[121.552385132,25.031295866]]]}, "properties" : {"section_id" : "ZGNNK40", "section_name" : "安和路 信義路-樂利街", "travel_speed" : 37, "level_name" : "順暢", "level_color" : "#19FF1C", "data_time" : "2025-12-29 12:48:00+00"}}, {"type" : "Feature", "geometry" : {"type":"Polygon","coordinates":[[[121.514112703,25.048835406],[121.514111947,25.048835499],[121.513166287,25.049069018],[121.513153943,25.049072878],[121.513121873,25.049092559],[121.513100512,25.049121922],[121.513093112,25.049156496],[121.5131008,25.049191018],[121.513122405,25.049220233],[121.513154638,25.049239692],[121.513192592,25.049246433],[121.513218145,25.049243289],[121.514162774,25.049010024],[121.515342273,25.048743503],[121.516383061,25.048600579],[121.516383981,25.048600344],[121.516385433,25.048600226],[121.517457114,25.048428742],[121.518350938,25.048312524],[121.518351299,25.048312433],[121.51835196,25.048312386],[121.519213746,25.04819196],[121.51921449,25.048191769],[121.519215655,25.048191676],[121.519762757,25.048105234],[121.519763478,25.048105043],[121.519764402,25.048104961],[121.520563787,25.047965961],[121.520583482,25.047960556],[121.520615551,25.047940874],[121.52063691,25.04791151],[121.520644308,25.047876935],[121.520636618,25.047842413],[121.520615012,25.0478132],[121.520582778,25.047793742],[121.520544824,25.047787003],[121.520526624,25.047788603],[121.519728061,25.047927461],[121.519182737,25.048013621],[121.518322419,25.048133842],[121.517427532,25.048250198],[121.517426353,25.048250495],[121.51742439,25.048250654],[121.516352326,25.0484222],[121.515308143,25.04856559],[121.515303782,25.048566702],[121.515299055,25.048567237],[121.514114017,25.048835009],[121.514112703,25.048835406]]]}, "properties" : {"section_id" : "ZKVHI20", "section_name" : "市民大道 重慶北路-中山北路", "travel_speed" : 36, "level_name" : "順暢", "level_color" : "#19FF1C", "data_time" : "2025-12-29 12:48:00+00"}}, {"type" : "Feature", "geometry" : {"type":"Polygon","coordinates":[[[121.519994584,25.048231157],[121.519992207,25.04823182],[121.519990251,25.048232041],[121.519573667,25.048326016],[121.519157501,25.048402153],[121.518530436,25.048478131],[121.518529149,25.048478449],[121.518526802,25.048478634],[121.5180629,25.048550882],[121.518062174,25.048551074],[121.51806122,25.048551157],[121.517501845,25.048647333],[121.516945146,25.04872781],[121.516360297,25.048803154],[121.51635788,25.04880376],[121.516354327,25.048804094],[121.515738628,25.048918736],[121.51502058,25.049048638],[121.51448732,25.049132536],[121.514487174,25.049132575],[121.514486972,25.049132592],[121.514020594,25.049207528],[121.514016371,25.049208657],[121.514012766,25.049209085],[121.513479372,25.049335979],[121.51347131,25.049338462],[121.513469937,25.049338689],[121.51306261,25.049476372],[121.513026744,25.049497417],[121.513005383,25.04952678],[121.512997983,25.049561355],[121.51300567,25.049595877],[121.513027275,25.049625092],[121.513059509,25.049644551],[121.513097463,25.049651292],[121.513131564,25.049645654],[121.513534247,25.04950954],[121.514058971,25.049384708],[121.514521228,25.049310434],[121.515055535,25.049226371],[121.515056622,25.049226082],[121.515057972,25.049225959],[121.515777509,25.049095788],[121.515777772,25.049095715],[121.51577805,25.049095689],[121.516391052,25.048981549],[121.51697373,25.048906484],[121.516974319,25.048906337],[121.516975385,25.048906258],[121.517534338,25.048825455],[121.517535518,25.048825149],[121.517537186,25.048825004],[121.518097142,25.048728728],[121.518558391,25.048656894],[121.519186876,25.048580744],[121.519189364,25.04858013],[121.519193322,25.048579764],[121.519614859,25.048502645],[121.519617224,25.048501985],[121.519619167,25.048501765],[121.520035739,25.048407793],[121.520594175,25.048305761],[121.520612963,25.048300518],[121.520645032,25.048280835],[121.520666391,25.048251471],[121.520673789,25.048216896],[121.520666099,25.048182374],[121.520644493,25.048153161],[121.520612259,25.048133704],[121.520574304,25.048126964],[121.520555197,25.048128727],[121.519994584,25.048231157]]]}, "properties" : {"section_id" : "ZL5GL60", "section_name" : "市民大道 中山北路-重慶北路", "travel_speed" : 40, "level_name" : "順暢", "level_color" : "#19FF1C", "data_time" : "2025-12-29 12:48:00+00"}}, {"type" : "Feature", "geometry" : {"type":"Polygon","coordinates":[[[121.531225267,25.045456928],[121.531224617,25.045457016],[121.530755156,25.045585369],[121.53074536,25.045588567],[121.530713294,25.045608252],[121.530691938,25.045637617],[121.530684543,25.045672193],[121.530692235,25.045706714],[121.530713843,25.045735926],[121.530746078,25.045755381],[121.530784032,25.045762118],[121.530812131,25.045758308],[121.531280491,25.045630255],[121.532288173,25.0453778],[121.532289814,25.045377283],[121.53229049,25.045377191],[121.533041862,25.045170899],[121.533635951,25.045011573],[121.534385431,25.044846322],[121.53505406,25.0447457],[121.535722701,25.044671992],[121.536199246,25.04465345],[121.536233303,25.044646522],[121.536265368,25.044626836],[121.536286723,25.04459747],[121.536294116,25.044562894],[121.536286423,25.044528373],[121.536264813,25.044499162],[121.536232578,25.044479708],[121.536190787,25.044473055],[121.535710393,25.044491747],[121.535709465,25.044491936],[121.535702717,25.044492319],[121.53502812,25.044566682],[121.535026731,25.044567017],[121.535023872,25.044567236],[121.53434952,25.04466872],[121.534345992,25.044669645],[121.53434236,25.044670046],[121.533586974,25.044836599],[121.533583843,25.044837535],[121.533582299,25.04483774],[121.532985584,25.044997771],[121.532985144,25.044997913],[121.532984973,25.044997937],[121.532234452,25.045203995],[121.531226826,25.045456437],[121.531225267,25.045456928]]]}, "properties" : {"section_id" : "ZKJJP20", "section_name" : "市民大道 金山北路-建國北路", "travel_speed" : 46, "level_name" : "順暢", "level_color" : "#19FF1C", "data_time" : "2025-12-29 12:48:00+00"}}, {"type" : "Feature", "geometry" : {"type":"Polygon","coordinates":[[[121.537395172,25.044373484],[121.537392233,25.044373616],[121.536931146,25.044413269],[121.536902173,25.044419879],[121.536870108,25.044439565],[121.536848753,25.044468931],[121.53684136,25.044503507],[121.536849054,25.044538028],[121.536870664,25.044567239],[121.536902899,25.044586693],[121.536940853,25.044593428],[121.536949774,25.044593029],[121.537409132,25.044553525],[121.53822273,25.044509681],[121.538223537,25.044509511],[121.53822413,25.044509597],[121.539169822,25.044446385],[121.540027878,25.044419086],[121.540754022,25.044427636],[121.54152979,25.044463174],[121.542193242,25.044525231],[121.542195018,25.044525311],[121.542195523,25.04452542],[121.542798463,25.044569017],[121.543468412,25.044646227],[121.543628183,25.044680233],[121.543651127,25.0446826],[121.543689021,25.044675589],[121.543721085,25.044655901],[121.543742438,25.044626534],[121.543749829,25.044591958],[121.543742133,25.044557438],[121.543720522,25.044528228],[121.543688285,25.044508775],[121.543673276,25.044504409],[121.543508498,25.044469337],[121.543502864,25.044468756],[121.543498389,25.044467684],[121.542821046,25.044389622],[121.542817535,25.044389427],[121.542816449,25.044389191],[121.542212347,25.04434551],[121.541547467,25.044283319],[121.541543128,25.044283124],[121.541542322,25.044282961],[121.54076213,25.04424722],[121.54076045,25.044247488],[121.540758433,25.044247113],[121.54002807,25.044238514],[121.540025658,25.04423894],[121.54002333,25.044238561],[121.539161006,25.044265996],[121.539158868,25.044266423],[121.539157212,25.044266183],[121.538210326,25.044329474],[121.537395696,25.044373374],[121.537395172,25.044373484]]]}, "properties" : {"section_id" : "ZK8LT20", "section_name" : "市民大道 建國北路-復興北路", "travel_speed" : 41, "level_name" : "順暢", "level_color" : "#19FF1C", "data_time" : "2025-12-29 12:48:00+00"}}, {"type" : "Feature", "geometry" : {"type":"Polygon","coordinates":[[[121.535873134,25.044806302],[121.535872596,25.044806415],[121.53586937,25.044806559],[121.53529858,25.044855425],[121.535296834,25.044855822],[121.535292105,25.044856176],[121.534631734,25.044952998],[121.534628911,25.044953733],[121.534625642,25.044954071],[121.534002087,25.045082404],[121.533998771,25.04508337],[121.533996871,25.045083614],[121.533462233,25.045221828],[121.533461822,25.045221959],[121.533461641,25.045221983],[121.532895464,25.045371816],[121.532890778,25.045373325],[121.532889824,25.045373477],[121.532236984,25.04558555],[121.531502167,25.045781837],[121.531499666,25.045782645],[121.531498943,25.045782752],[121.530515011,25.046079092],[121.530475769,25.046101222],[121.530454413,25.046130587],[121.530447018,25.046165163],[121.53045471,25.046199684],[121.530476318,25.046228896],[121.530508554,25.046248351],[121.530546508,25.046255088],[121.530577227,25.046250526],[121.531559557,25.045954668],[121.53229548,25.045758086],[121.532299974,25.045756633],[121.53230088,25.045756489],[121.532953603,25.045544454],[121.533516638,25.045395453],[121.53404839,25.045257985],[121.534666292,25.045130815],[121.535320376,25.045034914],[121.535886035,25.044986487],[121.536292074,25.044965896],[121.536324852,25.044959025],[121.536356917,25.044939339],[121.536378272,25.044909973],[121.536385665,25.044875398],[121.536377971,25.044840876],[121.536356362,25.044811665],[121.536324126,25.044792212],[121.536281057,25.044785615],[121.535873134,25.044806302]]]}, "properties" : {"section_id" : "ZK9KC60", "section_name" : "市民大道 建國北路-金山北路", "travel_speed" : 43, "level_name" : "順暢", "level_color" : "#19FF1C", "data_time" : "2025-12-29 12:48:00+00"}}, {"type" : "Feature", "geometry" : {"type":"Polygon","coordinates":[[[121.547822389,25.045035403],[121.547821199,25.045035671],[121.547817459,25.045035914],[121.547051324,25.045133116],[121.546360459,25.045133368],[121.545714119,25.045122961],[121.544995405,25.045079293],[121.544300758,25.045003472],[121.5435267,25.044908224],[121.542845585,25.044758652],[121.542832854,25.044757297],[121.542827914,25.04475628],[121.542201586,25.044724258],[121.541616672,25.044680376],[121.541092663,25.044603848],[121.541077208,25.044602754],[121.541076956,25.044602709],[121.540440214,25.044602822],[121.540440027,25.044602857],[121.540439838,25.044602823],[121.540429033,25.044603401],[121.539794649,25.044669138],[121.539167157,25.044670788],[121.539165186,25.044671151],[121.539163385,25.044670863],[121.538240429,25.044705314],[121.537440353,25.044715643],[121.537437627,25.044716161],[121.537435357,25.044715823],[121.536896186,25.044747609],[121.536864299,25.04475443],[121.536832234,25.044774116],[121.536810879,25.044803483],[121.536803486,25.044838058],[121.53681118,25.044872579],[121.53683279,25.04490179],[121.536865025,25.044921244],[121.536908986,25.044927791],[121.537445662,25.044896152],[121.538244565,25.044885838],[121.538245968,25.044885571],[121.538247217,25.044885771],[121.539169615,25.044851341],[121.539800696,25.044849683],[121.53980075,25.044849672],[121.539800805,25.044849682],[121.53981161,25.044849104],[121.540445861,25.044783381],[121.541069092,25.04478327],[121.541589058,25.044859208],[121.541594585,25.044859599],[121.54159661,25.044860042],[121.542186608,25.044904305],[121.542188773,25.044904382],[121.542189189,25.044904467],[121.542807855,25.044936098],[121.543485184,25.045084838],[121.543490469,25.045085401],[121.543495142,25.04508654],[121.544274965,25.045182497],[121.544275968,25.045182556],[121.54427644,25.045182668],[121.544974417,25.045258853],[121.544978551,25.04525907],[121.544979612,25.045259294],[121.545703349,25.045303267],[121.545705479,25.045302943],[121.545708192,25.045303453],[121.546357852,25.045313913],[121.546358719,25.045313762],[121.546359643,25.045313927],[121.547058251,25.045313673],[121.54705843,25.04531364],[121.547058612,25.045313672],[121.547071881,25.04531281],[121.547842341,25.045215059],[121.548658383,25.045149239],[121.548687938,25.045142578],[121.548720001,25.045122889],[121.548741353,25.045093521],[121.548748743,25.045058945],[121.548741046,25.045024424],[121.548719433,25.044995215],[121.548687196,25.044975764],[121.548649241,25.044969032],[121.548640903,25.044969383],[121.547822389,25.045035403]]]}, "properties" : {"section_id" : "ZK6L860", "section_name" : "市民大道 敦化北路-建國北路", "travel_speed" : 32, "level_name" : "車多", "level_color" : "#F8C920", "data_time" : "2025-12-29 12:48:00+00"}}, {"type" : "Feature", "geometry" : {"type":"Polygon","coordinates":[[[121.537461246,25.040411433],[121.537461491,25.040409965],[121.537462977,25.040405808],[121.53762925,25.039789501],[121.537629407,25.039788299],[121.537629969,25.039786637],[121.537781993,25.0391319],[121.537784138,25.039112857],[121.537783958,25.039112052],[121.537784116,25.03911128],[121.537759566,25.038068296],[121.53774333,25.036508011],[121.53773564,25.036473987],[121.537714032,25.036444776],[121.537681798,25.036425323],[121.537643847,25.036418588],[121.537605956,25.036425597],[121.537573893,25.036445283],[121.53755254,25.03647465],[121.537545151,25.036509722],[121.53756139,25.038070547],[121.537561515,25.038071102],[121.537561408,25.038071626],[121.537585723,25.03910473],[121.5374364,25.039747832],[121.537271277,25.040359873],[121.537049759,25.04099925],[121.537045164,25.041026782],[121.537052858,25.041061303],[121.537074467,25.041090514],[121.537106702,25.041109968],[121.537144655,25.041116703],[121.537182548,25.041109693],[121.537214612,25.041090007],[121.537235966,25.041060641],[121.537238764,25.041053597],[121.537461246,25.040411433]]]}, "properties" : {"section_id" : "Z1270E0", "section_name" : "建國快往南 仁愛信義", "travel_speed" : 36, "level_name" : "順暢", "level_color" : "#19FF1C", "data_time" : "2025-12-29 12:48:00+00"}}, {"type" : "Feature", "geometry" : {"type":"Polygon","coordinates":[[[121.543932346,25.072192609],[121.543939795,25.072233897],[121.543961412,25.072263107],[121.543993656,25.072282559],[121.544031618,25.072289292],[121.54406952,25.072282281],[121.544101591,25.072262593],[121.544122949,25.072233226],[121.544130093,25.072205417],[121.544578482,25.066462401],[121.544571034,25.066421114],[121.544549418,25.066391904],[121.544517176,25.066372452],[121.544479215,25.066365719],[121.544441315,25.06637273],[121.544409245,25.066392418],[121.544387889,25.066421785],[121.544380745,25.066449594],[121.543932346,25.072192609]]]}, "properties" : {"section_id" : "ZM010A0", "section_name" : "復北地下道往北", "travel_speed" : 53, "level_name" : "順暢", "level_color" : "#19FF1C", "data_time" : "2025-12-29 12:48:00+00"}}, {"type" : "Feature", "geometry" : {"type":"Polygon","coordinates":[[[121.557269798,25.045076601],[121.557269405,25.045076558],[121.557268799,25.045076382],[121.556788735,25.044973228],[121.556285145,25.044859566],[121.556283368,25.044859372],[121.556280974,25.044858711],[121.555778936,25.044766135],[121.555252162,25.044642035],[121.55524695,25.044641441],[121.555241457,25.044640079],[121.554527382,25.044546526],[121.554525278,25.044546393],[121.554524314,25.044546169],[121.553811126,25.044473343],[121.553800185,25.044472807],[121.553800042,25.044472781],[121.55320351,25.04447302],[121.55320346,25.044473029],[121.553203409,25.04447302],[121.552513508,25.044473932],[121.552513378,25.044473956],[121.552513247,25.044473932],[121.552503342,25.044474422],[121.551950729,25.044527078],[121.551949837,25.044527286],[121.551947465,25.044527439],[121.551203303,25.044621166],[121.551202622,25.044621336],[121.55120136,25.044621429],[121.550484388,25.044724961],[121.549899396,25.044777509],[121.549896879,25.044778088],[121.549891037,25.044778589],[121.549130264,25.044907211],[121.549110051,25.044912708],[121.549077988,25.044932397],[121.549056636,25.044961765],[121.549049246,25.044996341],[121.549056944,25.045030862],[121.549078556,25.045060071],[121.549110794,25.045079522],[121.549148749,25.045086254],[121.549166429,25.045084739],[121.549923049,25.044956819],[121.550506743,25.044904388],[121.550508348,25.044904019],[121.550512533,25.04490371],[121.55123142,25.044799901],[121.551972982,25.044706502],[121.552518892,25.044654484],[121.553203647,25.044653579],[121.553794571,25.044653342],[121.554500699,25.044725447],[121.555207832,25.04481809],[121.555731872,25.044941546],[121.555733975,25.044941786],[121.555737022,25.044942627],[121.556239556,25.045035295],[121.55674161,25.04514861],[121.556742034,25.045148656],[121.556742692,25.045148848],[121.557222798,25.045252011],[121.557608141,25.045338662],[121.557632298,25.045341292],[121.557670191,25.045334277],[121.557702253,25.045314587],[121.557723603,25.045285218],[121.55773099,25.045250641],[121.55772329,25.045216121],[121.557701676,25.045186913],[121.557669437,25.045167464],[121.557655639,25.045163364],[121.557269798,25.045076601]]]}, "properties" : {"section_id" : "ZK6NY60", "section_name" : "市民大道 敦化北路-復興北路", "travel_speed" : 41, "level_name" : "順暢", "level_color" : "#19FF1C", "data_time" : "2025-12-29 12:48:00+00"}}, {"type" : "Feature", "geometry" : {"type":"Polygon","coordinates":[[[121.500586269,25.033253835],[121.500592133,25.033271471],[121.50059227,25.033271657],[121.500592319,25.033271874],[121.500688142,25.033477652],[121.500688392,25.033477989],[121.500697052,25.033492658],[121.500797211,25.0336288],[121.50096192,25.033855532],[121.500997455,25.03398732],[121.501031821,25.034157775],[121.501122425,25.034687778],[121.501122464,25.034687906],[121.501122483,25.034688113],[121.501244644,25.035385473],[121.501733197,25.038203354],[121.501739668,25.038224126],[121.501761268,25.038253342],[121.501793497,25.038272803],[121.501831447,25.038279547],[121.501869341,25.038272547],[121.50190141,25.038252868],[121.501922772,25.038223507],[121.501930175,25.038188933],[121.501928962,25.038175182],[121.501440392,25.035357231],[121.501440375,25.035357176],[121.501440367,25.035357088],[121.501318221,25.034659824],[121.501227438,25.034128777],[121.501227135,25.034127799],[121.501226988,25.03412636],[121.501191848,25.033952069],[121.501190953,25.033949325],[121.501190618,25.033946841],[121.501150278,25.033797236],[121.501145456,25.033783916],[121.50113668,25.033768947],[121.500962318,25.033528926],[121.500962138,25.033528727],[121.500961997,25.033528487],[121.500866913,25.033399245],[121.500778828,25.033210085],[121.50072736,25.032968762],[121.500721496,25.032951125],[121.500699896,25.032921909],[121.50066767,25.032902447],[121.500629721,25.032895703],[121.500591828,25.032902703],[121.50055976,25.032922381],[121.500538399,25.032951742],[121.500530996,25.032986316],[121.500532815,25.033003203],[121.500586269,25.033253835]]]}, "properties" : {"section_id" : "ZIDDL00", "section_name" : "康定路 艋舺大道-桂林路", "travel_speed" : 39, "level_name" : "順暢", "level_color" : "#19FF1C", "data_time" : "2025-12-29 12:48:00+00"}}, {"type" : "Feature", "geometry" : {"type":"Polygon","coordinates":[[[121.501165002,25.035334273],[121.501164985,25.035334218],[121.501164977,25.03533413],[121.501042833,25.034636866],[121.50095205,25.034105819],[121.500951747,25.034104841],[121.5009516,25.034103402],[121.500916461,25.033929111],[121.500915566,25.033926367],[121.500915231,25.033923883],[121.500874891,25.033774277],[121.500870069,25.033760958],[121.500861294,25.033745988],[121.500686932,25.033505967],[121.500686752,25.033505768],[121.500686611,25.033505528],[121.500591527,25.033376286],[121.500503443,25.033187126],[121.500451975,25.032945803],[121.500446111,25.032928166],[121.500424512,25.03289895],[121.500392285,25.032879488],[121.500354336,25.032872743],[121.500316444,25.032879743],[121.500284376,25.032899422],[121.500263014,25.032928783],[121.500255611,25.032963357],[121.50025743,25.032980243],[121.500310883,25.033230875],[121.500316748,25.033248512],[121.500316885,25.033248698],[121.500316934,25.033248914],[121.500412756,25.033454693],[121.500413006,25.03345503],[121.500421666,25.033469699],[121.500521825,25.033605841],[121.500686533,25.033832573],[121.500722067,25.033964361],[121.500756433,25.034134816],[121.500847036,25.03466482],[121.500847075,25.034664947],[121.500847094,25.034665155],[121.500969254,25.035362515],[121.5014578,25.038180396],[121.501464271,25.038201168],[121.501485872,25.038230385],[121.5015181,25.038249846],[121.50155605,25.03825659],[121.501593944,25.03824959],[121.501626014,25.038229912],[121.501647376,25.03820055],[121.501654778,25.038165976],[121.501653565,25.038152225],[121.501165002,25.035334273]]]}, "properties" : {"section_id" : "ZHHDF40", "section_name" : "康定路 桂林路-艋舺大道", "travel_speed" : 38, "level_name" : "順暢", "level_color" : "#19FF1C", "data_time" : "2025-12-29 12:48:00+00"}}, {"type" : "Feature", "geometry" : {"type":"Polygon","coordinates":[[[121.497418393,25.093696062],[121.497418061,25.093696524],[121.497413342,25.093707381],[121.497406387,25.093740934],[121.497414073,25.093775457],[121.497435683,25.093804673],[121.497467925,25.093824135],[121.497505892,25.09383088],[121.497543804,25.093823881],[121.497575888,25.093804203],[121.497590328,25.093784101],[121.499660499,25.09181028],[121.499661434,25.091808968],[121.499662599,25.091808214],[121.501067846,25.090381828],[121.501085784,25.09035578],[121.50109319,25.090321206],[121.501085503,25.090286683],[121.501063893,25.090257467],[121.501031651,25.090238006],[121.500993685,25.090231262],[121.500955775,25.090238262],[121.500920259,25.090261253],[121.499516044,25.09168659],[121.497438551,25.093667389],[121.497418512,25.093695502],[121.497418393,25.093696062]]]}, "properties" : {"section_id" : "Z8250E2", "section_name" : "洲美往南　通河社中", "travel_speed" : 49, "level_name" : "順暢", "level_color" : "#19FF1C", "data_time" : "2025-12-29 12:48:00+00"}}, {"type" : "Feature", "geometry" : {"type":"Polygon","coordinates":[[[121.504527945,25.087706846],[121.504537947,25.087695683],[121.505937292,25.085780406],[121.505946487,25.085764633],[121.505953891,25.085730059],[121.505946203,25.085695536],[121.505924593,25.085666321],[121.505892351,25.085646861],[121.505854386,25.085640118],[121.505816478,25.085647119],[121.505784397,25.085666799],[121.505772223,25.085680387],[121.504377701,25.087589058],[121.503882379,25.088061384],[121.503862342,25.088089499],[121.503854938,25.088124073],[121.503862626,25.088158595],[121.503884235,25.088187811],[121.503916477,25.088207272],[121.503954443,25.088214015],[121.503992352,25.088207014],[121.504025767,25.088186088],[121.504527106,25.087708024],[121.504527945,25.087706846]]]}, "properties" : {"section_id" : "Z8001H0", "section_name" : "洲美往北　中正社中", "travel_speed" : 36, "level_name" : "順暢", "level_color" : "#19FF1C", "data_time" : "2025-12-29 12:48:00+00"}}, {"type" : "Feature", "geometry" : {"type":"Polygon","coordinates":[[[121.501341139,25.090415943],[121.501319954,25.090445133],[121.501312549,25.090479707],[121.501320236,25.09051423],[121.501341846,25.090543446],[121.501374088,25.090562907],[121.501412054,25.090569651],[121.501449964,25.090562651],[121.501482233,25.090542801],[121.503988164,25.088231425],[121.504009348,25.088202234],[121.504016753,25.08816766],[121.504009065,25.088133138],[121.503987455,25.088103922],[121.503955213,25.088084461],[121.503917247,25.088077718],[121.503879338,25.088084719],[121.50384707,25.088104569],[121.501341139,25.090415943]]]}, "properties" : {"section_id" : "Z8001H1", "section_name" : "洲美往北 中正社中1", "travel_speed" : 36, "level_name" : "順暢", "level_color" : "#19FF1C", "data_time" : "2025-12-29 12:48:00+00"}}, {"type" : "Feature", "geometry" : {"type":"Polygon","coordinates":[[[121.536599726,25.052077562],[121.536592053,25.052044594],[121.536570442,25.052015382],[121.536538204,25.051995929],[121.536500248,25.051989194],[121.536462352,25.051996203],[121.536430285,25.052015889],[121.536408929,25.052045255],[121.536401557,25.052081383],[121.536530623,25.057634579],[121.536538296,25.057667547],[121.536559908,25.057696758],[121.536592147,25.057716212],[121.536630105,25.057722947],[121.536668003,25.057715938],[121.536700072,25.057696252],[121.536721429,25.057666885],[121.536728801,25.057630757],[121.536599726,25.052077562]]]}, "properties" : {"section_id" : "ZMEKQ40", "section_name" : "建國北路 民生東路-南京東路", "travel_speed" : 37, "level_name" : "順暢", "level_color" : "#19FF1C", "data_time" : "2025-12-29 12:48:00+00"}}, {"type" : "Feature", "geometry" : {"type":"Polygon","coordinates":[[[121.534970571,25.06644418],[121.534970749,25.066444031],[121.534970816,25.066443994],[121.536102654,25.065585418],[121.536109587,25.06557963],[121.536121448,25.065566458],[121.536436503,25.065140138],[121.536439824,25.065134475],[121.536441956,25.06513183],[121.536614137,25.064834363],[121.536618181,25.064826476],[121.536621563,25.064817688],[121.536802688,25.064255696],[121.536806347,25.064232183],[121.536806701,25.064230558],[121.536812579,25.062570412],[121.536804883,25.062535242],[121.53678327,25.062506031],[121.53675103,25.062486577],[121.536713071,25.062479842],[121.536675171,25.062486852],[121.536643102,25.062506538],[121.536621744,25.062535904],[121.53661435,25.06256983],[121.536608515,25.064217148],[121.536434152,25.064758154],[121.536269082,25.065043336],[121.535964907,25.065454931],[121.534844076,25.066305158],[121.533458782,25.067349121],[121.533451604,25.067355094],[121.533430244,25.067384459],[121.533422849,25.067419035],[121.533430544,25.067453556],[121.533452157,25.067482767],[121.533484398,25.067502222],[121.533522358,25.067508957],[121.53356026,25.067501949],[121.533585153,25.067488236],[121.534970571,25.06644418]]]}, "properties" : {"section_id" : "ZP5KR40", "section_name" : "建國北路 民權東路-民生東路", "travel_speed" : 46, "level_name" : "順暢", "level_color" : "#19FF1C", "data_time" : "2025-12-29 12:48:00+00"}}, {"type" : "Feature", "geometry" : {"type":"Polygon","coordinates":[[[121.537994011,25.034496927],[121.537994254,25.034497982],[121.537994073,25.03449892],[121.53802326,25.035179588],[121.538023512,25.035180623],[121.538024118,25.035188422],[121.538171788,25.036161951],[121.538188086,25.036938214],[121.538125927,25.037382241],[121.538036671,25.037773241],[121.538034596,25.037791982],[121.538042289,25.037826503],[121.538063898,25.037855714],[121.538096132,25.037875168],[121.538134084,25.037881903],[121.538171976,25.037874893],[121.538204039,25.037855207],[121.538225392,25.03782584],[121.538230709,25.037810006],[121.538320754,25.037415548],[121.53832121,25.037411436],[121.538322034,25.037408587],[121.5383856,25.036954508],[121.538386395,25.036942728],[121.53838624,25.036942032],[121.538386378,25.03694136],[121.538369828,25.036153157],[121.538369694,25.036152579],[121.538368913,25.036142524],[121.538221105,25.035168102],[121.538192149,25.034492868],[121.538175046,25.033574286],[121.538167366,25.033540937],[121.538145758,25.033511726],[121.538113526,25.033492272],[121.538075575,25.033485538],[121.538037685,25.033492547],[121.538005623,25.033512234],[121.53798427,25.0335416],[121.537976891,25.033577348],[121.537994011,25.034496927]]]}, "properties" : {"section_id" : "ZINKW00", "section_name" : "建國南路 信義路-仁愛路", "travel_speed" : 39, "level_name" : "順暢", "level_color" : "#19FF1C", "data_time" : "2025-12-29 12:48:00+00"}}, {"type" : "Feature", "geometry" : {"type":"Polygon","coordinates":[[[121.536274384,25.043467612],[121.536273995,25.043469244],[121.536238301,25.04430541],[121.536245921,25.044343796],[121.53626753,25.044373008],[121.536299766,25.044392462],[121.536337719,25.044399197],[121.536375613,25.044392188],[121.536407678,25.044372502],[121.536429033,25.044343136],[121.536436352,25.044312426],[121.536471817,25.043481601],[121.536635861,25.042538338],[121.537168085,25.041102179],[121.53717329,25.041072942],[121.537165596,25.041038422],[121.537143987,25.04100921],[121.537111753,25.040989757],[121.5370738,25.040983022],[121.537035907,25.040990031],[121.537003843,25.041009717],[121.536980302,25.041044423],[121.5364454,25.042487804],[121.536444646,25.042492034],[121.536441414,25.042502555],[121.536275141,25.043458625],[121.536274384,25.043467612]]]}, "properties" : {"section_id" : "Z1260E0", "section_name" : "建國快往南 忠孝仁愛", "travel_speed" : 36, "level_name" : "順暢", "level_color" : "#19FF1C", "data_time" : "2025-12-29 12:48:00+00"}}, {"type" : "Feature", "geometry" : {"type":"Polygon","coordinates":[[[121.544269434,25.049801924],[121.544269492,25.049801638],[121.544213214,25.047720369],[121.544205547,25.047687708],[121.544183935,25.047658499],[121.544151698,25.047639046],[121.544113742,25.047632313],[121.544075848,25.047639324],[121.544043783,25.047659012],[121.54402243,25.047688379],[121.544015068,25.047724815],[121.544071335,25.049805785],[121.544110802,25.051802212],[121.54411094,25.051802809],[121.544110832,25.05180335],[121.544199051,25.054427712],[121.544258289,25.05742921],[121.54426597,25.057462472],[121.544287584,25.057491681],[121.544319824,25.057511133],[121.544357782,25.057517866],[121.54439568,25.057510855],[121.544427747,25.057491168],[121.544449102,25.0574618],[121.544456478,25.057425965],[121.544397225,25.054423896],[121.544397087,25.054423298],[121.544397194,25.054422756],[121.544308971,25.051798392],[121.544269506,25.049802235],[121.544269434,25.049801924]]]}, "properties" : {"section_id" : "ZMQMV00", "section_name" : "復興北路 長安東路-民生東路", "travel_speed" : 39, "level_name" : "順暢", "level_color" : "#19FF1C", "data_time" : "2025-12-29 12:48:00+00"}}, {"type" : "Feature", "geometry" : {"type":"Polygon","coordinates":[[[121.543558086,25.044670168],[121.54355801,25.044670549],[121.543633661,25.047235457],[121.543641322,25.047267916],[121.543662934,25.047297126],[121.543695171,25.047316578],[121.543733126,25.047323311],[121.54377102,25.0473163],[121.543803085,25.047296613],[121.543824438,25.047267246],[121.543831794,25.047230607],[121.543756151,25.044666097],[121.543693724,25.041513096],[121.543693682,25.041512913],[121.543693717,25.041512743],[121.543614527,25.038226774],[121.543606854,25.038193872],[121.543585244,25.038164662],[121.543553009,25.038145209],[121.543515057,25.038138476],[121.543477166,25.038145487],[121.543445103,25.038165174],[121.543423751,25.038194542],[121.543416384,25.038230736],[121.543495564,25.041516529],[121.54355799,25.044669752],[121.543558086,25.044670168]]]}, "properties" : {"section_id" : "ZJHM700", "section_name" : "復興南路 八德路-仁愛路", "travel_speed" : 52, "level_name" : "順暢", "level_color" : "#19FF1C", "data_time" : "2025-12-29 12:48:00+00"}}, {"type" : "Feature", "geometry" : {"type":"Polygon","coordinates":[[[121.543557219,25.035978507],[121.543557143,25.035978178],[121.543557204,25.035977876],[121.543510481,25.034294943],[121.543505528,25.033404951],[121.543497833,25.033370526],[121.543476224,25.033341316],[121.543443991,25.033321863],[121.54340604,25.03331513],[121.54336815,25.03332214],[121.543336089,25.033341828],[121.543314738,25.033371195],[121.543307347,25.033405866],[121.543312304,25.034296771],[121.543312514,25.034297708],[121.543312335,25.034298596],[121.543359071,25.035982126],[121.54339265,25.037653761],[121.54340033,25.037686992],[121.54342194,25.037716202],[121.543454174,25.037735654],[121.543492126,25.037742388],[121.543530018,25.037735377],[121.54356208,25.037715689],[121.543583432,25.037686322],[121.543590807,25.037650457],[121.543557219,25.035978507]]]}, "properties" : {"section_id" : "ZIAM700", "section_name" : "復興南路 仁愛路-信義路", "travel_speed" : 35, "level_name" : "順暢", "level_color" : "#19FF1C", "data_time" : "2025-12-29 12:48:00+00"}}, {"type" : "Feature", "geometry" : {"type":"Polygon","coordinates":[[[121.543138365,25.023790226],[121.543138156,25.023791279],[121.543164675,25.024577706],[121.543172323,25.024609816],[121.543193931,25.024639026],[121.543226162,25.024658479],[121.54326411,25.024665212],[121.543301998,25.024658202],[121.543334056,25.024638514],[121.543355406,25.024609147],[121.54336275,25.02457216],[121.543336267,25.023786826],[121.543328061,25.022639641],[121.543327735,25.022638188],[121.543327994,25.02263686],[121.543298634,25.021920613],[121.543283642,25.021490956],[121.543275997,25.021458942],[121.54325439,25.021429732],[121.54322216,25.021410279],[121.543184213,25.021403546],[121.543146326,25.021410556],[121.543114268,25.021430244],[121.543092919,25.021459611],[121.543085578,25.021496694],[121.543100578,25.021926601],[121.543100642,25.02192687],[121.543100597,25.021927102],[121.543129909,25.022642209],[121.543138111,25.023789095],[121.543138365,25.023790226]]]}, "properties" : {"section_id" : "ZEWM500", "section_name" : "復興南路 和平東路-辛亥路", "travel_speed" : 23, "level_name" : "壅塞", "level_color" : "#FA0300", "data_time" : "2025-12-29 12:48:00+00"}}, {"type" : "Feature", "geometry" : {"type":"Polygon","coordinates":[[[121.534019021,25.109628567],[121.534019746,25.109628689],[121.534029486,25.109631666],[121.534248329,25.10968444],[121.534251972,25.109684865],[121.534256752,25.109686118],[121.535842747,25.109936862],[121.539768845,25.110615403],[121.539787731,25.110616986],[121.539825645,25.110609976],[121.539857727,25.110590289],[121.539879092,25.110560922],[121.539886488,25.110526347],[121.539878788,25.110491826],[121.539857166,25.110462616],[121.539824913,25.110443164],[121.539805824,25.110438012],[121.535878968,25.10975934],[121.535878138,25.10975927],[121.535877438,25.109759087],[121.53429493,25.109508894],[121.534085586,25.10945841],[121.530669705,25.108252198],[121.530633462,25.10824609],[121.530595548,25.108253098],[121.530563466,25.108272783],[121.530542099,25.108302148],[121.530534701,25.108336723],[121.530542397,25.108371244],[121.530564017,25.108400456],[121.530597999,25.108420538],[121.534019021,25.109628567]]]}, "properties" : {"section_id" : "ZZLKH60", "section_name" : "德行東路 忠誠路-東山路", "travel_speed" : 38, "level_name" : "順暢", "level_color" : "#19FF1C", "data_time" : "2025-12-29 12:48:00+00"}}, {"type" : "Feature", "geometry" : {"type":"Polygon","coordinates":[[[121.521850473,25.045406874],[121.521851493,25.045406749],[121.523226648,25.045067497],[121.523239021,25.04506363],[121.523271089,25.045043946],[121.523292447,25.045014582],[121.523299844,25.044980007],[121.523292153,25.044945485],[121.523270547,25.044916272],[121.523238313,25.044896815],[121.52320036,25.044890077],[121.523174839,25.044893215],[121.521801048,25.04523213],[121.520361608,25.045547412],[121.520360499,25.045547742],[121.520359792,25.045547826],[121.519338198,25.045790269],[121.519336759,25.045790712],[121.519336043,25.045790804],[121.517516269,25.046262794],[121.515211798,25.046831997],[121.515199458,25.046835856],[121.515167389,25.046855537],[121.515146029,25.0468849],[121.51513863,25.046919475],[121.515146318,25.046953997],[121.515167923,25.046983211],[121.515200155,25.04700267],[121.515238109,25.04700941],[121.515263665,25.047006265],[121.517568741,25.046436912],[121.517569554,25.046436658],[121.517569943,25.046436608],[121.519389245,25.045964741],[121.520408852,25.045722769],[121.521848757,25.045407386],[121.521850473,25.045406874]]]}, "properties" : {"section_id" : "ZKAHN20", "section_name" : "忠孝東路 林森北路-館前路", "travel_speed" : 45, "level_name" : "順暢", "level_color" : "#19FF1C", "data_time" : "2025-12-29 12:48:00+00"}}, {"type" : "Feature", "geometry" : {"type":"Polygon","coordinates":[[[121.527277749,25.043748436],[121.527282165,25.043747028],[121.527283216,25.043746864],[121.52786598,25.043562285],[121.528436648,25.043415466],[121.529013001,25.043273703],[121.529014008,25.043273389],[121.529014485,25.043273327],[121.529383902,25.043176825],[121.529615117,25.043122222],[121.529628532,25.043118102],[121.529660597,25.043098418],[121.529681954,25.043069052],[121.529689348,25.043034477],[121.529681657,25.042999956],[121.529660049,25.042970744],[121.529627815,25.042951288],[121.529589862,25.042944551],[121.529565382,25.042947439],[121.529332938,25.043002333],[121.529331297,25.043002836],[121.52933049,25.043002941],[121.528960594,25.043099568],[121.528384433,25.043241284],[121.528383693,25.043241515],[121.528383331,25.043241561],[121.527809282,25.04338925],[121.527804755,25.04339069],[121.527803672,25.043390859],[121.527220837,25.04357546],[121.526920207,25.043653249],[121.526909004,25.043656822],[121.526876937,25.043676506],[121.52685558,25.04370587],[121.526848185,25.043740446],[121.526855876,25.043774967],[121.526877483,25.04380418],[121.526909717,25.043823636],[121.52694767,25.043830373],[121.526974361,25.043826939],[121.527277749,25.043748436]]]}, "properties" : {"section_id" : "ZJTJ820", "section_name" : "忠孝東路 杭州北路-中山北路", "travel_speed" : 51, "level_name" : "順暢", "level_color" : "#19FF1C", "data_time" : "2025-12-29 12:48:00+00"}}, {"type" : "Feature", "geometry" : {"type":"Polygon","coordinates":[[[121.526975336,25.044115584],[121.526975371,25.04411558],[121.529068685,25.043573588],[121.529079874,25.043570019],[121.52911194,25.043550335],[121.529133296,25.04352097],[121.529140691,25.043486394],[121.529132999,25.043451873],[121.529111392,25.043422661],[121.529079158,25.043403205],[121.529041205,25.043396468],[121.529014499,25.043399907],[121.526921244,25.043941884],[121.525097114,25.044412044],[121.523463975,25.044796384],[121.523450483,25.044800521],[121.523418416,25.044820204],[121.523397058,25.044849568],[121.523389661,25.044884143],[121.523397352,25.044918665],[121.523418958,25.044947878],[121.523451192,25.044967335],[121.523489145,25.044974073],[121.523513548,25.044971205],[121.525147788,25.044586606],[121.525149241,25.04458616],[121.525149979,25.044586066],[121.526975259,25.044115609],[121.526975336,25.044115584]]]}, "properties" : {"section_id" : "ZK5IE20", "section_name" : "忠孝東路 八德路-林森北路", "travel_speed" : 39, "level_name" : "順暢", "level_color" : "#19FF1C", "data_time" : "2025-12-29 12:48:00+00"}}, {"type" : "Feature", "geometry" : {"type":"Polygon","coordinates":[[[121.535867453,25.042065289],[121.53586862,25.042065206],[121.536509182,25.041976639],[121.536532597,25.041970652],[121.536564662,25.041950966],[121.536586016,25.041921599],[121.536593409,25.041887024],[121.536585715,25.041852503],[121.536564106,25.041823292],[121.536531872,25.041803838],[121.536493919,25.041797102],[121.536479441,25.041798124],[121.53583976,25.04188657],[121.535316072,25.041950239],[121.53531508,25.041950484],[121.535313214,25.041950626],[121.534743048,25.042035425],[121.53421098,25.042106208],[121.534210384,25.042106358],[121.534209358,25.042106436],[121.533730658,25.042177513],[121.533727608,25.042178309],[121.533724231,25.042178667],[121.532680809,25.042398903],[121.532680074,25.042399119],[121.53267954,25.042399179],[121.532012851,25.042548345],[121.532012694,25.042548392],[121.532012588,25.042548404],[121.531322071,25.04270472],[121.531319026,25.04270564],[121.531317614,25.04270583],[121.530537396,25.042918078],[121.530537158,25.042918156],[121.530537068,25.042918168],[121.529955431,25.043078387],[121.529945831,25.043081531],[121.529913766,25.043101216],[121.52989241,25.043130581],[121.529885015,25.043165157],[121.529892706,25.043199678],[121.529914314,25.04322889],[121.529946548,25.043248346],[121.529984502,25.043255082],[121.530012796,25.043251219],[121.530594269,25.043091044],[121.53137211,25.042879443],[121.532060254,25.042723664],[121.532726179,25.042574669],[121.533765774,25.042355241],[121.534240431,25.042284764],[121.534772511,25.04221398],[121.534773117,25.042213826],[121.534774158,25.042213748],[121.535343722,25.042129038],[121.53586686,25.042065435],[121.535867453,25.042065289]]]}, "properties" : {"section_id" : "ZJQJI20", "section_name" : "忠孝東路 建國南路-中山北路", "travel_speed" : 42, "level_name" : "順暢", "level_color" : "#19FF1C", "data_time" : "2025-12-29 12:48:00+00"}}, {"type" : "Feature", "geometry" : {"type":"Polygon","coordinates":[[[121.542975834,25.041586334],[121.54297453,25.041586564],[121.542973191,25.041586332],[121.542356848,25.041593365],[121.542356748,25.041593384],[121.542356652,25.041593368],[121.541831115,25.041600311],[121.541148736,25.04159311],[121.541148177,25.041593209],[121.54114759,25.041593104],[121.540430808,25.04159309],[121.540429513,25.041593327],[121.540428271,25.041593119],[121.539799976,25.041607766],[121.539799603,25.041607838],[121.539799273,25.041607784],[121.539058328,25.041629851],[121.538325016,25.041637188],[121.538324764,25.041637235],[121.538324524,25.041637194],[121.537409795,25.041650478],[121.537373088,25.041657477],[121.537341024,25.041677163],[121.53731967,25.04170653],[121.537312277,25.041741105],[121.537319971,25.041775626],[121.53734158,25.041804837],[121.537373815,25.041824291],[121.537412954,25.041831015],[121.538327438,25.041817734],[121.53906158,25.041810389],[121.539062702,25.041810178],[121.539063729,25.041810346],[121.539805398,25.041788258],[121.540432073,25.041773649],[121.541147013,25.041773663],[121.541830112,25.041780872],[121.541831395,25.041780644],[121.541832697,25.041780869],[121.542359429,25.041773909],[121.542974353,25.041766892],[121.543526746,25.041774009],[121.543566437,25.041767006],[121.543598501,25.041747319],[121.543619853,25.041717951],[121.543627244,25.041683376],[121.543619549,25.041648855],[121.543597938,25.041619645],[121.543565702,25.041600192],[121.543529548,25.041593467],[121.542975834,25.041586334]]]}, "properties" : {"section_id" : "ZJHKR20", "section_name" : "忠孝東路 復興北路-建國南路", "travel_speed" : 40, "level_name" : "順暢", "level_color" : "#19FF1C", "data_time" : "2025-12-29 12:48:00+00"}}, {"type" : "Feature", "geometry" : {"type":"Polygon","coordinates":[[[121.549103616,25.047020407],[121.549103684,25.047020707],[121.549103624,25.047020994],[121.54912099,25.047976399],[121.549121006,25.047976466],[121.549120993,25.047976528],[121.549188707,25.05140402],[121.549196389,25.051437282],[121.549218003,25.051466491],[121.549250242,25.051485942],[121.549288199,25.051492674],[121.549326094,25.051485662],[121.549358159,25.051465973],[121.549379512,25.051436605],[121.549386887,25.05140077],[121.549319169,25.047973344],[121.549301807,25.047018299],[121.549279813,25.045024134],[121.54927212,25.044990154],[121.549250507,25.044960945],[121.54921827,25.044941494],[121.549180315,25.044934762],[121.549142422,25.044941774],[121.549110359,25.044961463],[121.549089007,25.044990831],[121.549081622,25.045025948],[121.549103616,25.047020407]]]}, "properties" : {"section_id" : "ZKWN800", "section_name" : "敦化南路 市民大道-南京東路", "travel_speed" : 51, "level_name" : "順暢", "level_color" : "#19FF1C", "data_time" : "2025-12-29 12:48:00+00"}}, {"type" : "Feature", "geometry" : {"type":"Polygon","coordinates":[[[121.548182643,25.041493223],[121.548180466,25.041493586],[121.5481781,25.041493174],[121.547842726,25.041496577],[121.547407389,25.041491005],[121.547405172,25.041491396],[121.547402998,25.041491037],[121.54678213,25.04150816],[121.546781142,25.041508355],[121.546780312,25.041508225],[121.546176643,25.041534988],[121.546143167,25.041541894],[121.546111104,25.041561582],[121.546089752,25.041590949],[121.546082362,25.041625525],[121.546090058,25.041660046],[121.54611167,25.041689255],[121.546143906,25.041708707],[121.546186276,25.041715334],[121.546789037,25.041688611],[121.5474068,25.041671574],[121.54784119,25.041677134],[121.54784242,25.041676917],[121.547843686,25.041677138],[121.548178036,25.041673746],[121.548472125,25.041683048],[121.548513858,25.04167609],[121.54854592,25.041656401],[121.548567272,25.041627033],[121.548574661,25.041592457],[121.548566964,25.041557937],[121.548545352,25.041528727],[121.548513116,25.041509276],[121.548479002,25.041502598],[121.548182643,25.041493223]]]}, "properties" : {"section_id" : "ZJHML60", "section_name" : "忠孝東路 敦化南路-大安路", "travel_speed" : 51, "level_name" : "順暢", "level_color" : "#19FF1C", "data_time" : "2025-12-29 12:48:00+00"}}, {"type" : "Feature", "geometry" : {"type":"Polygon","coordinates":[[[121.571853766,25.040856518],[121.571889642,25.040849526],[121.571921701,25.040829832],[121.571943046,25.040800461],[121.571950429,25.040765884],[121.571942726,25.040731365],[121.571921109,25.040702159],[121.571888869,25.040682713],[121.571848901,25.040676013],[121.568624209,25.040748107],[121.568588332,25.040755097],[121.568556273,25.04077479],[121.568534926,25.040804161],[121.568527542,25.040838738],[121.568535245,25.040873257],[121.568556861,25.040902464],[121.568589101,25.04092191],[121.568629069,25.040928611],[121.571853766,25.040856518]]]}, "properties" : {"section_id" : "ZJDST20", "section_name" : "忠孝東路 松仁路-松信路", "travel_speed" : 34, "level_name" : "車多", "level_color" : "#F8C920", "data_time" : "2025-12-29 12:48:00+00"}}, {"type" : "Feature", "geometry" : {"type":"Polygon","coordinates":[[[121.574028992,25.040608092],[121.574028638,25.040608033],[121.571970651,25.040663743],[121.571935284,25.040670722],[121.571903226,25.040690416],[121.57188188,25.040719787],[121.571874497,25.040754364],[121.571882201,25.040788884],[121.571903818,25.040818089],[121.571936058,25.040837535],[121.571976536,25.040844222],[121.574034153,25.040788522],[121.576957002,25.040729434],[121.576958528,25.040729138],[121.576959828,25.04072934],[121.57752343,25.040703263],[121.577525159,25.040702904],[121.577526425,25.040703083],[121.577696794,25.040690477],[121.577727085,25.040683753],[121.577759143,25.040664058],[121.577780487,25.040634686],[121.577787868,25.040600109],[121.577780163,25.04056559],[121.577758545,25.040536386],[121.577726304,25.040516941],[121.57768075,25.040510512],[121.577511878,25.040523006],[121.576951189,25.040548948],[121.574029385,25.040608016],[121.574028992,25.040608092]]]}, "properties" : {"section_id" : "ZJCTT20", "section_name" : "忠孝東路 松信路-松山路", "travel_speed" : 45, "level_name" : "順暢", "level_color" : "#19FF1C", "data_time" : "2025-12-29 12:48:00+00"}}, {"type" : "Feature", "geometry" : {"type":"Polygon","coordinates":[[[121.57534045,25.040853777],[121.5753398,25.040853906],[121.575339252,25.04085382],[121.57405548,25.040906531],[121.572011349,25.04096217],[121.571975998,25.040969149],[121.57194394,25.040988843],[121.571922594,25.041018214],[121.571915211,25.041052791],[121.571922914,25.04108731],[121.571944532,25.041116516],[121.571976772,25.041135962],[121.572017266,25.041142649],[121.574062152,25.041086988],[121.574062963,25.041086828],[121.574063653,25.041086937],[121.575347577,25.04103422],[121.577533242,25.040968576],[121.577568289,25.040961604],[121.577600346,25.04094191],[121.57762169,25.040912538],[121.577629072,25.04087796],[121.577621367,25.040843442],[121.577599748,25.040814237],[121.577567507,25.040794792],[121.57752671,25.040788115],[121.57534045,25.040853777]]]}, "properties" : {"section_id" : "ZJCTT60", "section_name" : "忠孝東路 松山路-松信路", "travel_speed" : 47, "level_name" : "順暢", "level_color" : "#19FF1C", "data_time" : "2025-12-29 12:48:00+00"}}, {"type" : "Feature", "geometry" : {"type":"Polygon","coordinates":[[[121.59352936,25.050478998],[121.59352962,25.050479073],[121.595336373,25.050858647],[121.59535908,25.050860955],[121.595396972,25.050853931],[121.595429029,25.050834233],[121.59545037,25.050804858],[121.595457747,25.05077028],[121.595450037,25.050735762],[121.595428412,25.05070656],[121.595396166,25.050687119],[121.595380914,25.050682707],[121.593574387,25.05030318],[121.592961,25.050171598],[121.59214734,25.049949994],[121.592145828,25.049949796],[121.592142245,25.04994874],[121.590245655,25.049530932],[121.589750185,25.049419123],[121.589750097,25.049419113],[121.589749955,25.049419071],[121.588644161,25.049172084],[121.588131341,25.049005275],[121.588130548,25.049005152],[121.58812575,25.049003625],[121.587494139,25.048835891],[121.58749311,25.048835759],[121.587490738,25.048835047],[121.586911681,25.048701421],[121.586260081,25.048512284],[121.585884161,25.048391501],[121.585433115,25.048182686],[121.585148847,25.048027246],[121.585135372,25.048021095],[121.585097414,25.048014372],[121.585059522,25.048021394],[121.585027464,25.04804109],[121.585006121,25.048070463],[121.584998741,25.048105041],[121.585006449,25.048139559],[121.58502807,25.048168763],[121.585046839,25.048182055],[121.5853341,25.048339132],[121.585338762,25.048341261],[121.585340204,25.04834221],[121.585800162,25.048555151],[121.585807533,25.048558224],[121.585810133,25.048558685],[121.585812098,25.048559807],[121.586195584,25.048683021],[121.586195994,25.048683084],[121.58619846,25.0486839],[121.586854357,25.048874285],[121.586855784,25.048874484],[121.586860108,25.048875782],[121.587440357,25.049009682],[121.588067456,25.049176218],[121.588582297,25.049343684],[121.588583868,25.049343929],[121.588592022,25.049346344],[121.58970264,25.049594409],[121.590198263,25.049706253],[121.590198469,25.049706276],[121.590198797,25.049706372],[121.592093091,25.050123675],[121.592907037,25.050345356],[121.592908749,25.05034558],[121.592912709,25.050346735],[121.593529176,25.050478978],[121.59352936,25.050478998]]]}, "properties" : {"section_id" : "ZLEWS60", "section_name" : "忠孝東路 向陽路-東新街", "travel_speed" : 48, "level_name" : "順暢", "level_color" : "#19FF1C", "data_time" : "2025-12-29 12:48:00+00"}}, {"type" : "Feature", "geometry" : {"type":"Polygon","coordinates":[[[121.601142876,25.051290685],[121.601142919,25.051290688],[121.601142941,25.051290693],[121.60610177,25.051879647],[121.606102326,25.051879679],[121.606102589,25.051879741],[121.61115374,25.052440575],[121.611154275,25.052440603],[121.611154505,25.052440657],[121.611972718,25.05252561],[121.612714158,25.052609025],[121.612714764,25.052609058],[121.612715028,25.05260912],[121.61347704,25.05268862],[121.613477792,25.052688658],[121.613478081,25.052688724],[121.614151217,25.052752392],[121.61476972,25.052845957],[121.614771112,25.052846059],[121.614771993,25.052846276],[121.615261852,25.052909779],[121.61526747,25.05291013],[121.615269085,25.052910471],[121.615666123,25.052935085],[121.616004409,25.052959255],[121.61601261,25.052959531],[121.616050502,25.052952502],[121.616082556,25.052932798],[121.616103893,25.052903421],[121.616111264,25.052868842],[121.616103547,25.052834326],[121.616081917,25.052805126],[121.616049668,25.05278569],[121.616019908,25.052779251],[121.615681112,25.052755044],[121.615680282,25.052755016],[121.615680092,25.052754976],[121.615286174,25.052730556],[121.614801058,25.052667668],[121.614180701,25.052573822],[121.614176621,25.052573524],[121.6141747,25.052573085],[121.613499073,25.052509181],[121.612738018,25.05242978],[121.611996552,25.052346362],[121.611995906,25.052346328],[121.611995627,25.052346262],[121.611177335,25.052261301],[121.606126984,25.051700556],[121.601168635,25.051111659],[121.601168603,25.051111655],[121.601168571,25.051111651],[121.595750696,25.050464665],[121.595737377,25.0504639],[121.595699485,25.050470924],[121.595667428,25.050490623],[121.595646086,25.050519997],[121.595638709,25.050554575],[121.59564642,25.050589093],[121.595668045,25.050618295],[121.595700291,25.050637736],[121.59572493,25.050643691],[121.601142876,25.051290685]]]}, "properties" : {"section_id" : "ZM64J20", "section_name" : "忠孝東路 向陽路-研究院路", "travel_speed" : 44, "level_name" : "順暢", "level_color" : "#19FF1C", "data_time" : "2025-12-29 12:48:00+00"}}, {"type" : "Feature", "geometry" : {"type":"Polygon","coordinates":[[[121.615682484,25.053029734],[121.615681654,25.053029706],[121.615681464,25.053029666],[121.615287546,25.053005245],[121.614802428,25.052942357],[121.61418207,25.052848511],[121.61417799,25.052848213],[121.614176069,25.052847774],[121.61350044,25.05278387],[121.612739383,25.05270447],[121.611997916,25.052621052],[121.61199727,25.052621017],[121.611996991,25.052620952],[121.611180253,25.052536152],[121.610370659,25.052422539],[121.610368818,25.052422414],[121.61036784,25.052422181],[121.595777759,25.050763066],[121.595765041,25.050762371],[121.595727149,25.050769395],[121.595695092,25.050789094],[121.59567375,25.050818468],[121.595666374,25.050853046],[121.595674084,25.050887564],[121.595695709,25.050916766],[121.595727955,25.050936207],[121.595753196,25.050942232],[121.610341885,25.052601188],[121.611152002,25.052714875],[121.6111546,25.05271505],[121.611155867,25.052715346],[121.611974082,25.0528003],[121.612715523,25.052883715],[121.61271613,25.052883747],[121.612716394,25.052883809],[121.613478407,25.052963309],[121.61347916,25.052963347],[121.613479448,25.052963413],[121.614152586,25.053027081],[121.614771091,25.053120647],[121.614772483,25.053120748],[121.614773363,25.053120966],[121.615263223,25.053184468],[121.615268841,25.053184819],[121.615270456,25.05318516],[121.615667495,25.053209774],[121.616005782,25.053233944],[121.616013983,25.05323422],[121.616051875,25.053227191],[121.616083929,25.053207488],[121.616105266,25.05317811],[121.616112637,25.053143531],[121.61610492,25.053109015],[121.616083291,25.053079816],[121.616051041,25.053060379],[121.616021281,25.05305394],[121.615682484,25.053029734]]]}, "properties" : {"section_id" : "ZM64J60", "section_name" : "忠孝東路 研究院路-向陽路", "travel_speed" : 43, "level_name" : "順暢", "level_color" : "#19FF1C", "data_time" : "2025-12-29 12:48:00+00"}}, {"type" : "Feature", "geometry" : {"type":"Polygon","coordinates":[[[121.510426419,25.047803071],[121.510428898,25.047802351],[121.510430478,25.047802157],[121.511181309,25.047617704],[121.512325988,25.047367623],[121.512327813,25.04736708],[121.51232889,25.047366947],[121.513494543,25.047078064],[121.514202693,25.046907887],[121.514202986,25.046907796],[121.514203148,25.046907776],[121.514900702,25.046736905],[121.514913241,25.046732998],[121.51494531,25.046713316],[121.514966671,25.046683953],[121.51497407,25.046649379],[121.514966382,25.046614856],[121.514944777,25.046585642],[121.514912544,25.046566184],[121.514874591,25.046559443],[121.514849234,25.046562539],[121.514151908,25.046733354],[121.513443618,25.046903565],[121.513443138,25.046903713],[121.51344288,25.046903745],[121.512278306,25.047192361],[121.511133735,25.047442418],[121.511132052,25.047442919],[121.511131042,25.047443043],[121.51038089,25.047627329],[121.509634595,25.04778022],[121.509618069,25.047785023],[121.509585998,25.047804703],[121.509564637,25.047834066],[121.509557236,25.04786864],[121.509564922,25.047903163],[121.509586526,25.047932378],[121.509618758,25.047951837],[121.509656712,25.047958579],[121.509678083,25.04795638],[121.510426419,25.047803071]]]}, "properties" : {"section_id" : "ZKLGD20", "section_name" : "忠孝西路 中華路-館前路", "travel_speed" : 45, "level_name" : "順暢", "level_color" : "#19FF1C", "data_time" : "2025-12-29 12:48:00+00"}}, {"type" : "Feature", "geometry" : {"type":"Polygon","coordinates":[[[121.529651427,25.105869988],[121.529649849,25.10586751],[121.529341999,25.10550176],[121.529333137,25.105492589],[121.529300886,25.105473134],[121.529262914,25.105466398],[121.529225001,25.105473405],[121.529192919,25.10549309],[121.529171552,25.105522455],[121.529164153,25.10555703],[121.529171849,25.105591551],[121.529184606,25.105611592],[121.529490212,25.105974677],[121.529705441,25.106274089],[121.529911419,25.106653108],[121.530107307,25.107123116],[121.530291596,25.107678458],[121.53045094,25.108272684],[121.530455808,25.108286146],[121.530477428,25.108315357],[121.530509679,25.108334812],[121.530547652,25.108341548],[121.530585566,25.108334541],[121.530617649,25.108314856],[121.530639016,25.10828549],[121.530646414,25.108250915],[121.530643585,25.108229856],[121.530483606,25.107633265],[121.53048244,25.10763004],[121.530482197,25.107628566],[121.53029614,25.107067897],[121.530294059,25.107062626],[121.530293927,25.107061978],[121.530095116,25.106584958],[121.530092353,25.106581085],[121.530091282,25.10657695],[121.52988053,25.106189149],[121.529878921,25.106187116],[121.529874624,25.106179747],[121.529654113,25.105872985],[121.529651427,25.105869988]]]}, "properties" : {"section_id" : "ZZAJE00", "section_name" : "忠誠路 忠義街-德行東路", "travel_speed" : 54, "level_name" : "順暢", "level_color" : "#19FF1C", "data_time" : "2025-12-29 12:48:00+00"}}, {"type" : "Feature", "geometry" : {"type":"Polygon","coordinates":[[[121.528670561,25.105249889],[121.528669293,25.105249098],[121.528668359,25.105247836],[121.528661842,25.105242449],[121.528224939,25.10491232],[121.528222171,25.104910806],[121.52821658,25.104906652],[121.527734166,25.104614123],[121.527723335,25.104608886],[121.527720954,25.104607377],[121.527205936,25.104389692],[121.527200588,25.104388626],[121.527196133,25.104386113],[121.526719066,25.10423828],[121.526716792,25.104237942],[121.526708719,25.104235634],[121.526131082,25.104118252],[121.526121346,25.104117292],[121.526116904,25.104116337],[121.525618325,25.104082275],[121.525615857,25.104082195],[121.525615472,25.104082118],[121.525090711,25.10406009],[121.525047846,25.104067001],[121.525015764,25.104086685],[121.524994396,25.10411605],[121.524986997,25.104150624],[121.524994692,25.104185146],[121.525016309,25.104214358],[121.525048559,25.104233814],[121.525081579,25.104240457],[121.525604913,25.104262424],[121.526094902,25.1042959],[121.526660274,25.10441079],[121.527127239,25.104555492],[121.527630572,25.104768238],[121.52810232,25.1050543],[121.528530602,25.105377915],[121.528745147,25.105584471],[121.528779599,25.105605979],[121.528817571,25.105612716],[121.528855485,25.105605709],[121.528887567,25.105586024],[121.528908934,25.105556659],[121.528916332,25.105522084],[121.528908636,25.105487563],[121.528889219,25.105460404],[121.528670561,25.105249889]]]}, "properties" : {"section_id" : "ZYBIB60", "section_name" : "忠誠路 忠義街-中山北路", "travel_speed" : 59, "level_name" : "順暢", "level_color" : "#19FF1C", "data_time" : "2025-12-29 12:48:00+00"}}, {"type" : "Feature", "geometry" : {"type":"Polygon","coordinates":[[[121.530881158,25.11037701],[121.530881138,25.110376702],[121.530647,25.108527565],[121.530639955,25.108503028],[121.530618335,25.108473817],[121.530586084,25.108454362],[121.53054811,25.108447626],[121.530510196,25.108454634],[121.530478114,25.108474319],[121.530456747,25.108503684],[121.530449348,25.108538259],[121.53045,25.108548244],[121.530684109,25.11039717],[121.530811155,25.111443664],[121.530812485,25.111448341],[121.530813433,25.111455342],[121.530883963,25.111715997],[121.530886012,25.111721643],[121.530886329,25.111723373],[121.531036254,25.11212624],[121.531038584,25.112129639],[121.531039642,25.112134111],[121.531280421,25.112624522],[121.531280898,25.11262515],[121.531285062,25.112632802],[121.531434294,25.112868254],[121.531436352,25.112870687],[121.531438692,25.112874573],[121.533776226,25.115943798],[121.534352111,25.116829467],[121.534518716,25.117187199],[121.534647985,25.117650165],[121.534675026,25.11797664],[121.534682445,25.118004729],[121.534704067,25.11803394],[121.534736322,25.118053394],[121.534774298,25.118060129],[121.534812215,25.11805312],[121.534844299,25.118033434],[121.534865667,25.118004068],[121.534872785,25.117963062],[121.534845093,25.117628751],[121.534843782,25.117623785],[121.534842317,25.117613297],[121.534709059,25.117136047],[121.534704417,25.117123411],[121.534704293,25.117123243],[121.534704248,25.117123047],[121.534532106,25.116753426],[121.53453198,25.116753258],[121.534526142,25.116742679],[121.533945067,25.115849028],[121.533943181,25.115846824],[121.533941224,25.115843574],[121.531604002,25.112774764],[121.53145938,25.112546586],[121.531222584,25.112064288],[121.531075505,25.111669072],[121.531007546,25.11141792],[121.530881191,25.110377123],[121.530881158,25.11037701]]]}, "properties" : {"section_id" : "Z4FKA00", "section_name" : "忠誠路 德行東路-天母東路", "travel_speed" : 33, "level_name" : "車多", "level_color" : "#F8C920", "data_time" : "2025-12-29 12:48:00+00"}}, {"type" : "Feature", "geometry" : {"type":"Polygon","coordinates":[[[121.53455684,25.117668444],[121.5345553,25.117662184],[121.53455264,25.117646126],[121.534393148,25.11716897],[121.534389744,25.117160376],[121.53438962,25.117160208],[121.534389576,25.117160011],[121.534217434,25.11679039],[121.534217308,25.116790222],[121.534211471,25.116779643],[121.533630397,25.115885991],[121.533628512,25.115883787],[121.533626554,25.115880537],[121.531289339,25.112811722],[121.531144718,25.112583544],[121.530907923,25.112101245],[121.530760845,25.111706028],[121.530692887,25.111454877],[121.530566534,25.110414079],[121.530566484,25.110413903],[121.530566452,25.110413426],[121.530305363,25.108397179],[121.530298348,25.108372874],[121.530276728,25.108343663],[121.530244477,25.108324208],[121.530206504,25.108317472],[121.53016859,25.108324479],[121.530136507,25.108344164],[121.53011514,25.10837353],[121.530107742,25.108408105],[121.530108423,25.108418321],[121.530369466,25.110434242],[121.530496496,25.11148062],[121.530497826,25.111485297],[121.530498774,25.111492298],[121.530569303,25.111752953],[121.530571352,25.111758599],[121.530571669,25.111760329],[121.530721593,25.112163196],[121.530723924,25.112166596],[121.530724982,25.112171068],[121.530965758,25.112661479],[121.530966236,25.112662108],[121.530970399,25.112669759],[121.531119631,25.112905211],[121.531121689,25.112907644],[121.531124029,25.11291153],[121.533461556,25.11598076],[121.534037439,25.116866431],[121.534204947,25.117226103],[121.534359263,25.117687776],[121.534373129,25.117974904],[121.534380732,25.118005817],[121.534402355,25.118035028],[121.534434609,25.118054482],[121.534472586,25.118061217],[121.534510502,25.118054208],[121.534542587,25.118034522],[121.534563954,25.118005157],[121.534571257,25.117966973],[121.53455684,25.117668444]]]}, "properties" : {"section_id" : "Z37JI40", "section_name" : "忠誠路 天母東路-德行東路", "travel_speed" : 48, "level_name" : "順暢", "level_color" : "#19FF1C", "data_time" : "2025-12-29 12:48:00+00"}}, {"type" : "Feature", "geometry" : {"type":"Polygon","coordinates":[[[121.530473432,25.013391099],[121.530471771,25.013389864],[121.530088755,25.01315745],[121.530071397,25.013149051],[121.530033453,25.013142314],[121.529995568,25.013149322],[121.52996351,25.013169006],[121.529942159,25.013198372],[121.529934766,25.013232947],[121.529942456,25.013267468],[121.529964058,25.013296681],[121.529978926,25.013307737],[121.530360358,25.01353919],[121.530533698,25.01365337],[121.531129386,25.014119738],[121.53113695,25.014123957],[121.531147181,25.014130849],[121.531413656,25.014260876],[121.532200462,25.015004176],[121.532234217,25.015025043],[121.532272161,25.015031779],[121.532310046,25.015024771],[121.532342105,25.015005086],[121.532363456,25.01497572],[121.532370848,25.014941145],[121.532363158,25.014906624],[121.532343082,25.014878824],[121.531545465,25.014125312],[121.531544574,25.014124761],[121.531543937,25.0141239],[121.531520926,25.0141084],[121.531250289,25.013976341],[121.530659677,25.013513947],[121.530658026,25.013513026],[121.530653153,25.013509258],[121.530474899,25.013391842],[121.530473432,25.013391099]]]}, "properties" : {"section_id" : "ZDKJT00", "section_name" : "思源街 永福橋-汀州路", "travel_speed" : 40, "level_name" : "順暢", "level_color" : "#19FF1C", "data_time" : "2025-12-29 12:48:00+00"}}, {"type" : "Feature", "geometry" : {"type":"Polygon","coordinates":[[[121.531336475,25.014293267],[121.531335584,25.014292716],[121.531334946,25.014291854],[121.531311935,25.014276355],[121.531041298,25.014144296],[121.530450686,25.013681901],[121.530449035,25.01368098],[121.530444162,25.013677212],[121.530265908,25.013559796],[121.530264441,25.013559053],[121.53026278,25.013557818],[121.529879764,25.013325403],[121.529862406,25.013317004],[121.529824462,25.013310267],[121.529786577,25.013317274],[121.529754519,25.013336959],[121.529733168,25.013366324],[121.529725775,25.0134009],[121.529733464,25.013435421],[121.529755067,25.013464634],[121.529769935,25.01347569],[121.530151366,25.013707144],[121.530324707,25.013821323],[121.530920395,25.014287692],[121.530927959,25.014291911],[121.53093819,25.014298803],[121.531204665,25.014428831],[121.531991471,25.015172131],[121.532025226,25.015192999],[121.53206317,25.015199735],[121.532101056,25.015192727],[121.532133114,25.015173042],[121.532154465,25.015143676],[121.532161857,25.015109101],[121.532154167,25.01507458],[121.532134092,25.01504678],[121.531336475,25.014293267]]]}, "properties" : {"section_id" : "ZD9JF40", "section_name" : "思源街 汀州路-永福橋", "travel_speed" : 41, "level_name" : "順暢", "level_color" : "#19FF1C", "data_time" : "2025-12-29 12:48:00+00"}}, {"type" : "Feature", "geometry" : {"type":"Polygon","coordinates":[[[121.590934662,25.063730044],[121.590934785,25.063729629],[121.591140495,25.062385561],[121.591141444,25.062372701],[121.591133733,25.062338184],[121.591112108,25.062308981],[121.591079859,25.062289539],[121.591041897,25.062282818],[121.591004001,25.062289841],[121.590971941,25.062309539],[121.590950596,25.062338912],[121.590944166,25.062360631],[121.59073854,25.063704134],[121.59054973,25.064833331],[121.590548601,25.064847318],[121.590554155,25.066005793],[121.59055474,25.066015197],[121.590843845,25.068427015],[121.590850971,25.068452129],[121.590872598,25.068481332],[121.590904848,25.068500774],[121.590905283,25.068500851],[121.590905645,25.068501067],[121.591051263,25.068553988],[121.59108843,25.068560416],[121.591126328,25.068553393],[121.59115839,25.068533695],[121.591179736,25.068504321],[121.591187115,25.068469744],[121.591179404,25.068435226],[121.591157777,25.068406023],[121.59112473,25.068386288],[121.591034446,25.068353476],[121.590752365,25.066000288],[121.590746865,25.064853563],[121.590934605,25.063730756],[121.590934662,25.063730044]]]}, "properties" : {"section_id" : "ZQKWL00", "section_name" : "成功路 南京東路-民權東路", "travel_speed" : 45, "level_name" : "順暢", "level_color" : "#19FF1C", "data_time" : "2025-12-29 12:48:00+00"}}, {"type" : "Feature", "geometry" : {"type":"Polygon","coordinates":[[[121.590683539,25.069212709],[121.590690306,25.069179528],[121.590682595,25.06914501],[121.590664572,25.069119237],[121.590583791,25.069038201],[121.590547938,25.06901533],[121.590509974,25.069008609],[121.590472075,25.069015632],[121.590440013,25.06903533],[121.590418667,25.069064703],[121.590411288,25.069099281],[121.590418998,25.069133799],[121.590437022,25.069159573],[121.590476545,25.069199221],[121.589524898,25.071422859],[121.58951813,25.07145604],[121.589525841,25.071490558],[121.589547468,25.071519761],[121.589579718,25.071539203],[121.589617683,25.071545924],[121.589655582,25.071538902],[121.589687645,25.071519204],[121.589709604,25.071488434],[121.590683539,25.069212709]]]}, "properties" : {"section_id" : "ZQKWL40", "section_name" : "成功路 民權東路-陽光街", "travel_speed" : 54, "level_name" : "順暢", "level_color" : "#19FF1C", "data_time" : "2025-12-29 12:48:00+00"}}, {"type" : "Feature", "geometry" : {"type":"Polygon","coordinates":[[[121.590680629,25.06856793],[121.59068229,25.068565792],[121.590685119,25.068564054],[121.590706465,25.06853468],[121.590713844,25.068500102],[121.590713246,25.068490587],[121.590411446,25.066001588],[121.590405949,25.064854919],[121.590593692,25.063732113],[121.590593744,25.063731467],[121.590593857,25.063731086],[121.590812339,25.062315308],[121.590813303,25.062302348],[121.590805593,25.06226783],[121.590783967,25.062238627],[121.590751719,25.062219185],[121.590713757,25.062212464],[121.590675861,25.062219487],[121.5906438,25.062239185],[121.590622456,25.062268558],[121.59061604,25.062290176],[121.590397636,25.06370544],[121.590208814,25.064834687],[121.590207685,25.064848674],[121.590213236,25.066007149],[121.590213834,25.066016665],[121.590510586,25.068464064],[121.590473191,25.068494383],[121.590447356,25.068527632],[121.590439976,25.06856221],[121.590447687,25.068596728],[121.590469313,25.06862593],[121.590501564,25.068645372],[121.590539527,25.068652094],[121.590577425,25.068645071],[121.590604998,25.068629248],[121.590680629,25.06856793]]]}, "properties" : {"section_id" : "ZQ6WK40", "section_name" : "成功路 民權東路-南京東路", "travel_speed" : 47, "level_name" : "順暢", "level_color" : "#19FF1C", "data_time" : "2025-12-29 12:48:00+00"}}, {"type" : "Feature", "geometry" : {"type":"Polygon","coordinates":[[[121.506761237,25.042635774],[121.506761249,25.042635773],[121.507233142,25.042513497],[121.507244297,25.042509939],[121.507276366,25.042490259],[121.507297727,25.042460897],[121.507305129,25.042426323],[121.507297443,25.0423918],[121.507275841,25.042362585],[121.50724361,25.042343124],[121.507205659,25.042336382],[121.507178918,25.042339825],[121.506707064,25.042462091],[121.506707026,25.042462101],[121.506164911,25.042602359],[121.505506354,25.042751391],[121.505506004,25.042751497],[121.505505779,25.042751523],[121.504918454,25.042887834],[121.50435389,25.043014773],[121.504352682,25.043015136],[121.50435197,25.043015223],[121.503497214,25.043224018],[121.503078202,25.043320958],[121.503073144,25.043322498],[121.503071484,25.043322744],[121.502676157,25.043441824],[121.502636933,25.04346394],[121.502615571,25.043493302],[121.502608168,25.043527876],[121.502615852,25.043562399],[121.502637454,25.043591615],[121.502669684,25.043611076],[121.502707636,25.04361782],[121.502738378,25.043613256],[121.503130381,25.043495178],[121.503546637,25.043398876],[121.503547445,25.04339863],[121.50354791,25.043398573],[121.504402344,25.043189857],[121.504966307,25.043063053],[121.504966744,25.043062922],[121.504967026,25.043062889],[121.505554423,25.042926561],[121.506214291,25.042777232],[121.506216382,25.042776601],[121.506217473,25.042776461],[121.506761212,25.042635782],[121.506761237,25.042635774]]]}, "properties" : {"section_id" : "ZJPEI60", "section_name" : "成都路 中華路-康定路", "travel_speed" : 36, "level_name" : "順暢", "level_color" : "#19FF1C", "data_time" : "2025-12-29 12:48:00+00"}}, {"type" : "Feature", "geometry" : {"type":"Polygon","coordinates":[[[121.516842463,25.049132894],[121.516842313,25.049131941],[121.516736026,25.048797896],[121.516732254,25.048788162],[121.516710648,25.048758948],[121.516678415,25.04873949],[121.516640461,25.04873275],[121.516602564,25.048739754],[121.516570495,25.048759436],[121.516549135,25.048788799],[121.516541736,25.048823374],[121.516545653,25.048848162],[121.51665148,25.049180763],[121.516837426,25.049847487],[121.51683757,25.049847878],[121.516837604,25.049848113],[121.516986801,25.050367439],[121.516987077,25.050368181],[121.516987136,25.050368574],[121.517122436,25.05081568],[121.51726739,25.051312681],[121.51739571,25.051778598],[121.517502144,25.052230552],[121.517502796,25.052232445],[121.517502991,25.052233847],[121.517635527,25.052709036],[121.517715226,25.053064953],[121.517720917,25.053081777],[121.517742523,25.053110991],[121.517774758,25.053130449],[121.517812714,25.053137189],[121.517850612,25.053130184],[121.517882682,25.053110502],[121.517904042,25.053081138],[121.517911441,25.053046564],[121.517909442,25.053028865],[121.517829271,25.052670843],[121.517828474,25.052668488],[121.517828219,25.052666656],[121.517695559,25.052191025],[121.517589155,25.051739203],[121.51758856,25.051737476],[121.517588381,25.05173617],[121.517459478,25.051268136],[121.517459199,25.051267374],[121.517459134,25.051266923],[121.517313884,25.050768911],[121.517313685,25.050768379],[121.517313643,25.0507681],[121.517178391,25.050321156],[121.517029446,25.049802712],[121.516843179,25.049134844],[121.516842463,25.049132894]]]}, "properties" : {"section_id" : "ZLYGU00", "section_name" : "承德路 市民大道-南京西路", "travel_speed" : 38, "level_name" : "順暢", "level_color" : "#19FF1C", "data_time" : "2025-09-26 06:26:00+00"}}, {"type" : "Feature", "geometry" : {"type":"Polygon","coordinates":[[[121.518364886,25.05453412],[121.518364584,25.05453208],[121.517987679,25.053261942],[121.517983422,25.053250632],[121.517961816,25.053221418],[121.517929581,25.05320196],[121.517891625,25.05319522],[121.517853727,25.053202224],[121.517821657,25.053221907],[121.517800296,25.05325127],[121.517792897,25.053285845],[121.51779633,25.053309057],[121.51817249,25.054576691],[121.518245876,25.054895743],[121.518275295,25.055476911],[121.518237311,25.056025242],[121.518237516,25.056026352],[121.518237173,25.056027803],[121.518225368,25.056338372],[121.518225463,25.056338846],[121.518225335,25.056339403],[121.518214091,25.056781011],[121.518202447,25.057127074],[121.518210091,25.057164707],[121.518231699,25.057193921],[121.518263935,25.057213379],[121.518301892,25.057220118],[121.51833979,25.057213114],[121.518371862,25.057193432],[121.518393223,25.057164068],[121.518400576,25.057132605],[121.51841223,25.056786206],[121.518412167,25.056785896],[121.51841225,25.056785534],[121.51842349,25.056344105],[121.518435226,25.056035333],[121.518473461,25.055483362],[121.518472584,25.055478615],[121.518473553,25.055473518],[121.518443517,25.054880176],[121.518442881,25.054877602],[121.518441516,25.05486582],[121.518365911,25.054537124],[121.518364886,25.05453412]]]}, "properties" : {"section_id" : "ZMWGW00", "section_name" : "承德路 南京西路-民生西路", "travel_speed" : 39, "level_name" : "順暢", "level_color" : "#19FF1C", "data_time" : "2025-12-29 12:48:00+00"}}, {"type" : "Feature", "geometry" : {"type":"Polygon","coordinates":[[[121.518084494,25.056799293],[121.518084431,25.056798983],[121.518084514,25.056798621],[121.518095755,25.056357192],[121.518107492,25.05604842],[121.518145729,25.055496449],[121.518144852,25.055491702],[121.51814582,25.055486605],[121.518115786,25.054893263],[121.51811515,25.054890689],[121.518113784,25.054878908],[121.518038181,25.054550211],[121.518037091,25.054547019],[121.518036774,25.054544902],[121.517673235,25.053334433],[121.517669058,25.053323388],[121.517647451,25.053294174],[121.517615216,25.053274716],[121.51757726,25.053267976],[121.517539363,25.053274981],[121.517507292,25.053294663],[121.517485931,25.053324026],[121.517478532,25.053358601],[121.517482044,25.053382078],[121.517844791,25.054589912],[121.517918145,25.05490883],[121.517947562,25.055489998],[121.517909577,25.056038329],[121.517909782,25.056039439],[121.517909439,25.05604089],[121.517897633,25.056351459],[121.517897728,25.056351933],[121.5178976,25.05635249],[121.517886355,25.056794098],[121.51787471,25.05714016],[121.517882354,25.057177794],[121.517903962,25.057207008],[121.517936198,25.057226466],[121.517974154,25.057233205],[121.518012053,25.057226201],[121.518044125,25.057206519],[121.518065486,25.057177155],[121.518072839,25.057145692],[121.518084494,25.056799293]]]}, "properties" : {"section_id" : "ZMQGX40", "section_name" : "承德路 民生西路-南京西路", "travel_speed" : 35, "level_name" : "順暢", "level_color" : "#19FF1C", "data_time" : "2025-12-29 12:48:00+00"}}, {"type" : "Feature", "geometry" : {"type":"Polygon","coordinates":[[[121.518638748,25.069203705],[121.518638838,25.069203279],[121.518632548,25.068617667],[121.518624862,25.068583682],[121.518603252,25.068554468],[121.518571013,25.06853501],[121.518533053,25.068528271],[121.51849515,25.068535276],[121.518463076,25.068554958],[121.518441713,25.068584322],[121.518434318,25.068619433],[121.518440601,25.069204618],[121.51844095,25.070195079],[121.518441293,25.070196633],[121.518441006,25.07019809],[121.518470601,25.070998191],[121.518471168,25.071000557],[121.518472924,25.071014813],[121.518665527,25.071800941],[121.518670406,25.071814908],[121.518670527,25.071815459],[121.51903293,25.07262238],[121.519033775,25.072623532],[121.519034082,25.072624841],[121.519277407,25.073123883],[121.519277748,25.073124333],[121.519281222,25.073130875],[121.519736369,25.073881751],[121.520069553,25.074781293],[121.520069598,25.074781359],[121.520069618,25.074781467],[121.520373248,25.075595737],[121.520707442,25.076682529],[121.520708685,25.076685783],[121.520708856,25.076686731],[121.521187972,25.077995762],[121.521188823,25.077997011],[121.521189216,25.07799896],[121.52152589,25.07881522],[121.52152686,25.078816585],[121.521527252,25.078818343],[121.52153071,25.078825072],[121.521943201,25.079548646],[121.522507087,25.080645639],[121.522507201,25.080645787],[121.522507236,25.080645928],[121.522890579,25.081384856],[121.523205041,25.081999096],[121.523571762,25.083069744],[121.523652942,25.083872104],[121.523660218,25.083898692],[121.523681831,25.083927905],[121.523714075,25.083947362],[121.52375204,25.0839541],[121.523789947,25.083947094],[121.523822025,25.08392741],[121.523843389,25.083898046],[121.523850788,25.083863471],[121.52385037,25.083855537],[121.523768228,25.083043681],[121.523765793,25.083034782],[121.523764149,25.08302508],[121.523392329,25.081939549],[121.523389132,25.081931562],[121.523387954,25.08192997],[121.52338754,25.081928284],[121.523070162,25.081308349],[121.523069998,25.081308137],[121.523069947,25.081307932],[121.52268657,25.080568941],[121.522121895,25.079470414],[121.522121619,25.079470057],[121.522120095,25.079467092],[121.521709399,25.078746669],[121.521375464,25.077937054],[121.520897698,25.076631718],[121.520563428,25.075544681],[121.520562018,25.075540989],[121.520561836,25.075539996],[121.52025737,25.074723492],[121.519921372,25.073816356],[121.519919664,25.073813859],[121.519918881,25.073810344],[121.519914226,25.07380158],[121.519456851,25.07304703],[121.519215863,25.072552782],[121.518857188,25.071754166],[121.518668421,25.070983702],[121.518639192,25.070193515],[121.518638842,25.069204133],[121.518638748,25.069203705]]]}, "properties" : {"section_id" : "ZRTHD00", "section_name" : "承德路 民族東路-劍潭路", "travel_speed" : 52, "level_name" : "順暢", "level_color" : "#19FF1C", "data_time" : "2025-12-29 12:48:00+00"}}, {"type" : "Feature", "geometry" : {"type":"Polygon","coordinates":[[[121.518377461,25.063433884],[121.518377646,25.063434752],[121.518377456,25.063435649],[121.518383697,25.064250426],[121.518383803,25.0642509],[121.518383709,25.064251356],[121.518404998,25.065373308],[121.518405363,25.065374894],[121.518405107,25.065376259],[121.518447891,25.066155179],[121.518459289,25.067196637],[121.518460468,25.067945875],[121.518460715,25.067946989],[121.5184605,25.067948053],[121.518472678,25.068381856],[121.518480336,25.068414417],[121.518501946,25.068443631],[121.518534185,25.068463088],[121.518572146,25.068469828],[121.518610048,25.068462823],[121.518642122,25.068443141],[121.518663485,25.068413777],[121.518670853,25.068377241],[121.518658706,25.067944527],[121.518657526,25.067195993],[121.518657441,25.067195606],[121.518657521,25.067195222],[121.518646098,25.066151573],[121.518645663,25.066149648],[121.518645979,25.066147962],[121.518603176,25.065368712],[121.518581922,25.064248701],[121.51857569,25.063435272],[121.518582434,25.062946762],[121.518574751,25.062910759],[121.518553143,25.062881546],[121.518520905,25.062862088],[121.518482946,25.062855348],[121.518445046,25.062862353],[121.518412973,25.062882035],[121.518391611,25.062911399],[121.518384219,25.062944492],[121.518377461,25.063433884]]]}, "properties" : {"section_id" : "ZQFGY00", "section_name" : "承德路 民權西路-民族西路", "travel_speed" : 44, "level_name" : "順暢", "level_color" : "#19FF1C", "data_time" : "2025-12-29 12:48:00+00"}}, {"type" : "Feature", "geometry" : {"type":"Polygon","coordinates":[[[121.518054273,25.067960352],[121.518054059,25.067961415],[121.518066235,25.068395219],[121.518073893,25.068427779],[121.518095503,25.068456993],[121.518127742,25.068476451],[121.518165702,25.06848319],[121.518203605,25.068476186],[121.518235679,25.068456504],[121.518257042,25.06842714],[121.51826441,25.068390604],[121.518252264,25.06795789],[121.518251087,25.067209355],[121.518251002,25.067208969],[121.518251082,25.067208585],[121.518239663,25.066164936],[121.518239227,25.06616301],[121.518239544,25.066161324],[121.518196742,25.065382074],[121.518175492,25.064262063],[121.518169263,25.063448634],[121.518176009,25.062960125],[121.518168326,25.062924121],[121.518146718,25.062894908],[121.51811448,25.06287545],[121.518076522,25.06286871],[121.518038621,25.062875715],[121.518006548,25.062895397],[121.517985186,25.06292476],[121.517977794,25.062957854],[121.517971034,25.063447246],[121.51797122,25.063448113],[121.517971029,25.063449011],[121.517977267,25.064263788],[121.517977374,25.064264262],[121.51797728,25.064264718],[121.517998565,25.06538667],[121.51799893,25.065388256],[121.517998674,25.065389621],[121.518041456,25.066168542],[121.51805285,25.067209999],[121.518054027,25.067959237],[121.518054273,25.067960352]]]}, "properties" : {"section_id" : "ZP8GX40", "section_name" : "承德路 民族西路-民權西路", "travel_speed" : 44, "level_name" : "順暢", "level_color" : "#19FF1C", "data_time" : "2025-12-29 12:48:00+00"}}, {"type" : "Feature", "geometry" : {"type":"Polygon","coordinates":[[[121.513913709,25.095980438],[121.513913935,25.095979336],[121.513914508,25.095978515],[121.514447101,25.094650692],[121.514958787,25.093480035],[121.514959167,25.093478213],[121.514960098,25.093476866],[121.51542455,25.092286081],[121.515823098,25.091413073],[121.516031475,25.091118261],[121.516204254,25.090963865],[121.516226554,25.090933657],[121.516233955,25.090899083],[121.516226264,25.090864561],[121.516204651,25.090835347],[121.516172406,25.090815889],[121.516134439,25.090809149],[121.51609653,25.090816153],[121.516065381,25.090834991],[121.515884682,25.090996465],[121.515884315,25.090996962],[121.51588375,25.090997309],[121.515870755,25.09101204],[121.515651586,25.09132212],[121.515643639,25.091336008],[121.515643406,25.091336326],[121.515240459,25.092218966],[121.515239915,25.092221476],[121.515238582,25.092223406],[121.514773875,25.093414837],[121.51426235,25.09458512],[121.514262064,25.094586494],[121.514261339,25.094587533],[121.513728645,25.095915602],[121.51304111,25.097515626],[121.513034294,25.097548866],[121.513041985,25.097583388],[121.513063598,25.097612602],[121.513095844,25.097632061],[121.513133813,25.097638802],[121.513171725,25.097631798],[121.513203808,25.097612117],[121.513225764,25.09758142],[121.513913709,25.095980438]]]}, "properties" : {"section_id" : "ZVVGB40", "section_name" : "承德路 基河路-中正路", "travel_speed" : 57, "level_name" : "順暢", "level_color" : "#19FF1C", "data_time" : "2025-12-29 12:48:00+00"}}, {"type" : "Feature", "geometry" : {"type":"Polygon","coordinates":[[[121.516173703,25.091162856],[121.516173419,25.091163242],[121.516172983,25.09116351],[121.516159989,25.09117824],[121.515940821,25.091488321],[121.515932873,25.091502209],[121.51593264,25.091502527],[121.515529695,25.092385168],[121.515529151,25.092387677],[121.515527817,25.092389608],[121.515063113,25.093581039],[121.51455159,25.094751323],[121.514551017,25.094754077],[121.514549701,25.09475602],[121.514061792,25.096081641],[121.513433779,25.097661559],[121.51342786,25.097692629],[121.513435552,25.097727151],[121.513457165,25.097756365],[121.513489411,25.097775824],[121.51352738,25.097782564],[121.513565292,25.097775561],[121.513597375,25.09775588],[121.513620228,25.097723012],[121.514248642,25.09614208],[121.514248877,25.096140848],[121.514249422,25.096140043],[121.514736833,25.094815771],[121.515248026,25.093646237],[121.515248405,25.093644415],[121.515249336,25.093643068],[121.515713786,25.092452282],[121.516112333,25.091579274],[121.516320791,25.091284346],[121.51654596,25.091081919],[121.516568048,25.091051902],[121.516575449,25.091017328],[121.516567758,25.090982806],[121.516546144,25.090953592],[121.5165139,25.090934134],[121.516475932,25.090927394],[121.516438023,25.090934398],[121.516406662,25.090953426],[121.516173703,25.091162856]]]}, "properties" : {"section_id" : "ZWVFW00", "section_name" : "承德路 中正路-洲美路", "travel_speed" : 51, "level_name" : "順暢", "level_color" : "#19FF1C", "data_time" : "2025-12-29 12:48:00+00"}}, {"type" : "Feature", "geometry" : {"type":"Polygon","coordinates":[[[121.499883403,25.12074132],[121.499890389,25.120735611],[121.49989082,25.120735351],[121.500372127,25.120307149],[121.500372539,25.120306593],[121.500373175,25.120306203],[121.500947046,25.119780216],[121.501423673,25.119382532],[121.501425682,25.119379909],[121.501428757,25.119377973],[121.502004805,25.118822829],[121.502393896,25.118470936],[121.502394416,25.118470227],[121.502395182,25.118469752],[121.503002349,25.117899995],[121.503467158,25.117492994],[121.503468652,25.117490991],[121.503470802,25.117489631],[121.503771278,25.117197476],[121.50379065,25.117170006],[121.503798056,25.117135433],[121.503790366,25.11710091],[121.503768751,25.117071695],[121.503736502,25.117052234],[121.503698527,25.117045491],[121.503660609,25.117052492],[121.503626516,25.117074063],[121.503327813,25.117364494],[121.502863638,25.11777094],[121.502862672,25.117772235],[121.502861207,25.117773144],[121.502253481,25.118343425],[121.501863921,25.11869574],[121.50186301,25.118696982],[121.501861723,25.118697793],[121.501287045,25.119251616],[121.500811336,25.119648534],[121.500810068,25.119650188],[121.50080798,25.119651468],[121.500232989,25.120178481],[121.499755754,25.120603059],[121.499599541,25.12071666],[121.499591051,25.120723598],[121.499569675,25.120752959],[121.499562267,25.120787533],[121.499569956,25.120822055],[121.49959157,25.120851271],[121.49962382,25.120870733],[121.499661796,25.120877477],[121.499699716,25.120870477],[121.499723317,25.120857737],[121.499883403,25.12074132]]]}, "properties" : {"section_id" : "ZVCGQ40", "section_name" : "承德路 大業路-吉利街", "travel_speed" : 49, "level_name" : "順暢", "level_color" : "#19FF1C", "data_time" : "2025-12-29 12:48:00+00"}}, {"type" : "Feature", "geometry" : {"type":"Polygon","coordinates":[[[121.511236647,25.111047199],[121.511239654,25.11104531],[121.511675812,25.11062672],[121.511695628,25.110598817],[121.511703032,25.110564243],[121.511695341,25.110529721],[121.511673725,25.110500506],[121.511641476,25.110481048],[121.511603503,25.110474306],[121.511565587,25.110481309],[121.511531946,25.11050245],[121.511098181,25.110918742],[121.510733792,25.111222655],[121.510733165,25.111223472],[121.510732064,25.111224131],[121.507715548,25.11386333],[121.507053576,25.114436657],[121.507052841,25.114437636],[121.507051671,25.114438353],[121.506343653,25.115085416],[121.506342964,25.115086361],[121.506341992,25.115086971],[121.505561239,25.115835631],[121.504977362,25.116370518],[121.503912859,25.117291847],[121.503889426,25.117323042],[121.50388202,25.117357616],[121.50388971,25.117392138],[121.503911325,25.117421354],[121.503943574,25.117440814],[121.503981549,25.117447557],[121.504019467,25.117440556],[121.504049499,25.11742271],[121.505115022,25.116500498],[121.5051158,25.116499462],[121.505117034,25.116498706],[121.5057027,25.11596218],[121.505703355,25.115961282],[121.505704277,25.115960703],[121.506484988,25.115212081],[121.507191225,25.114566644],[121.507852413,25.113993995],[121.507852547,25.113993816],[121.507852775,25.11399368],[121.510868617,25.111355068],[121.511234696,25.111049745],[121.511236647,25.111047199]]]}, "properties" : {"section_id" : "Z3MER00", "section_name" : "承德路 文林北路-吉利街", "travel_speed" : 46, "level_name" : "順暢", "level_color" : "#19FF1C", "data_time" : "2025-12-29 12:48:00+00"}}, {"type" : "Feature", "geometry" : {"type":"Polygon","coordinates":[[[121.572603306,24.987925026],[121.572607396,24.987925766],[121.572610389,24.98792744],[121.573107764,24.988077469],[121.573139305,24.98808204],[121.573142823,24.988081389],[121.573145782,24.988081822],[121.57341839,24.988064484],[121.573433325,24.988061249],[121.573445088,24.988059353],[121.573776409,24.987950488],[121.574227889,24.987853],[121.574677235,24.987757691],[121.57519796,24.987658326],[121.575832342,24.987552212],[121.575835267,24.987551418],[121.575837959,24.987551118],[121.576329951,24.987441616],[121.576864381,24.987329007],[121.576866726,24.987328318],[121.576868157,24.98732814],[121.577488197,24.987173854],[121.577901909,24.987088847],[121.577902949,24.987088544],[121.577903729,24.987088457],[121.578187209,24.987025062],[121.5782019,24.987020642],[121.578214309,24.987014937],[121.578488936,24.986865786],[121.57849942,24.986858316],[121.578504248,24.986855538],[121.578742724,24.986661234],[121.579014982,24.986459273],[121.579016442,24.986458066],[121.579016919,24.986457798],[121.579247017,24.986278037],[121.579561183,24.98605107],[121.579569994,24.986043885],[121.579582934,24.986029198],[121.579729016,24.985822434],[121.57973741,24.985807748],[121.579744788,24.985773171],[121.579737086,24.985738652],[121.579715476,24.985709447],[121.57968325,24.985690002],[121.579645312,24.985683278],[121.579607439,24.985690297],[121.579575396,24.985709992],[121.579562455,24.985724679],[121.579425261,24.985918864],[121.579122468,24.986137614],[121.579120278,24.9861394],[121.579119534,24.986139819],[121.57888895,24.98631996],[121.578615891,24.986522514],[121.578613079,24.986524838],[121.578612401,24.986525227],[121.578379329,24.986715128],[121.578125619,24.986852919],[121.577857428,24.986912895],[121.577442464,24.98699816],[121.577439815,24.986998932],[121.57743816,24.986999137],[121.57681786,24.987153487],[121.576284733,24.987265822],[121.57628405,24.987266023],[121.576283546,24.987266079],[121.575793754,24.987375091],[121.575160987,24.987480934],[121.575159843,24.987481245],[121.575158568,24.987481368],[121.574635558,24.987581169],[121.574634404,24.987581496],[121.574633404,24.987581603],[121.574182794,24.98767718],[121.574182576,24.987677244],[121.57418241,24.987677262],[121.573725268,24.987775973],[121.573716531,24.987778566],[121.573714509,24.987778892],[121.573390858,24.987885236],[121.573151471,24.987900462],[121.572676228,24.987757108],[121.571796455,24.987421886],[121.571757831,24.9874149],[121.571719956,24.987421918],[121.571687912,24.987441612],[121.571666575,24.987470983],[121.571659195,24.98750556],[121.571666894,24.98754008],[121.571688502,24.987569286],[121.571720041,24.987588474],[121.572603306,24.987925026]]]}, "properties" : {"section_id" : "Z1IUI20", "section_name" : "指南路 木新路-三段", "travel_speed" : 47, "level_name" : "順暢", "level_color" : "#19FF1C", "data_time" : "2025-12-29 12:48:00+00"}}, {"type" : "Feature", "geometry" : {"type":"Polygon","coordinates":[[[121.579593583,24.986249988],[121.579602739,24.986240282],[121.579838925,24.985950689],[121.579851104,24.985931022],[121.579858482,24.985896445],[121.57985078,24.985861926],[121.579829171,24.985832721],[121.579796944,24.985813276],[121.579759006,24.985806552],[121.579721133,24.985813571],[121.57968909,24.985833267],[121.579679934,24.985842972],[121.579451513,24.986123043],[121.579146057,24.986343717],[121.579143866,24.986345504],[121.579143122,24.986345922],[121.578912538,24.986526063],[121.578639479,24.986728617],[121.578636667,24.986730941],[121.578635989,24.986731331],[121.578402916,24.986921232],[121.578149207,24.987059022],[121.577881015,24.987118999],[121.57746605,24.987204263],[121.577463401,24.987205035],[121.577461746,24.98720524],[121.576841445,24.987359591],[121.576308318,24.987471925],[121.576307634,24.987472126],[121.576307131,24.987472183],[121.575817337,24.987581195],[121.575184569,24.987687038],[121.575183426,24.987687348],[121.575182151,24.987687471],[121.57465914,24.987787273],[121.574657986,24.9877876],[121.574656986,24.987787707],[121.574206374,24.987883284],[121.574206157,24.987883348],[121.574205991,24.987883366],[121.573748848,24.987982077],[121.573740111,24.98798467],[121.57373809,24.987984996],[121.573414437,24.98809134],[121.57317505,24.988106566],[121.572700352,24.987963376],[121.571719045,24.987577242],[121.571679365,24.987569848],[121.57164149,24.987576866],[121.571609446,24.98759656],[121.571588109,24.987625931],[121.571580729,24.987660508],[121.571588429,24.987695027],[121.571610036,24.987724234],[121.57164052,24.987743012],[121.572625829,24.988130722],[121.572630466,24.988131586],[121.572633968,24.988133544],[121.573131343,24.988283574],[121.573162885,24.988288145],[121.573166402,24.988287493],[121.573169362,24.988287926],[121.573441969,24.988270588],[121.573456905,24.988267354],[121.573468668,24.988265457],[121.57379999,24.988156592],[121.57425147,24.988059104],[121.574700816,24.987963795],[121.575221542,24.987864429],[121.575855925,24.987758316],[121.575858851,24.987757522],[121.575861543,24.987757222],[121.576353535,24.98764772],[121.576887966,24.987535111],[121.576890312,24.987534421],[121.576891743,24.987534243],[121.577511783,24.987379958],[121.577925496,24.98729495],[121.577926536,24.987294648],[121.577927316,24.98729456],[121.578210796,24.987231165],[121.578225488,24.987226745],[121.578237897,24.98722104],[121.578512524,24.987071889],[121.578523008,24.987064419],[121.578527835,24.987061641],[121.578766312,24.986867337],[121.57903857,24.986665376],[121.579040031,24.98666417],[121.579040508,24.986663902],[121.579270606,24.98648414],[121.579584773,24.986257173],[121.579593583,24.986249988]]]}, "properties" : {"section_id" : "Z1TT960", "section_name" : "新光路 秀明路-指南路", "travel_speed" : 57, "level_name" : "順暢", "level_color" : "#19FF1C", "data_time" : "2025-12-29 12:48:00+00"}}, {"type" : "Feature", "geometry" : {"type":"Polygon","coordinates":[[[121.54929939,25.058271426],[121.549304256,25.058285458],[121.549304411,25.05828617],[121.549504375,25.058733908],[121.549505495,25.058735439],[121.549505905,25.058737151],[121.550262645,25.060258273],[121.550761075,25.061304364],[121.550782197,25.061332518],[121.550814439,25.061351968],[121.550852399,25.0613587],[121.550890297,25.061351687],[121.550922364,25.061331998],[121.550943718,25.06130263],[121.550951108,25.061268054],[121.550942916,25.061232479],[121.550444169,25.060185726],[121.550443688,25.060185086],[121.550443525,25.060184405],[121.549687256,25.058664234],[121.549491227,25.058225308],[121.549412882,25.05789876],[121.549407468,25.057883147],[121.549385853,25.057853938],[121.549353612,25.057834487],[121.549315654,25.057827756],[121.549277756,25.057834768],[121.54924569,25.057854457],[121.549224336,25.057883825],[121.549216946,25.057918401],[121.54921923,25.057937309],[121.54929939,25.058271426]]]}, "properties" : {"section_id" : "ZNUNJ00", "section_name" : "敦化北路 民生東路-民權東路", "travel_speed" : 43, "level_name" : "順暢", "level_color" : "#19FF1C", "data_time" : "2025-12-29 12:48:00+00"}}, {"type" : "Feature", "geometry" : {"type":"Polygon","coordinates":[[[121.549095334,25.053253262],[121.549095522,25.053254097],[121.549095362,25.053254888],[121.549121898,25.054241484],[121.549141707,25.055745657],[121.549162642,25.057501199],[121.549170335,25.057535105],[121.54919195,25.057564314],[121.549224191,25.057583765],[121.549262149,25.057590497],[121.549300046,25.057583485],[121.549332113,25.057563796],[121.549353467,25.057534428],[121.549360852,25.057499238],[121.549339913,25.055743644],[121.549339902,25.055743592],[121.549339912,25.055743542],[121.549320093,25.054238754],[121.54931996,25.054238171],[121.54932007,25.054237626],[121.549293539,25.053251279],[121.549282644,25.051719345],[121.549274947,25.051685043],[121.549253333,25.051655834],[121.549221094,25.051636383],[121.549183137,25.051629651],[121.549145242,25.051636663],[121.549113177,25.051656352],[121.549091824,25.05168572],[121.549084436,25.051720514],[121.549095334,25.053253262]]]}, "properties" : {"section_id" : "ZLPN800", "section_name" : "敦化北路 南京東路-民生東路", "travel_speed" : 51, "level_name" : "順暢", "level_color" : "#19FF1C", "data_time" : "2025-12-29 12:48:00+00"}}, {"type" : "Feature", "geometry" : {"type":"Polygon","coordinates":[[[121.549492842,25.059594616],[121.549493063,25.059595538],[121.550329577,25.061275294],[121.55035004,25.061302096],[121.550382282,25.061321547],[121.550420242,25.061328278],[121.55045814,25.061321266],[121.550490207,25.061301577],[121.550511561,25.061272209],[121.550518952,25.061237632],[121.5505101,25.061200705],[121.549674026,25.059521836],[121.549150551,25.058407434],[121.548960075,25.057830472],[121.548956575,25.057821584],[121.54893496,25.057792375],[121.548902719,25.057772924],[121.54886476,25.057766192],[121.548826863,25.057773204],[121.548794797,25.057792893],[121.548773443,25.057822261],[121.548766052,25.057856837],[121.54877025,25.057882469],[121.548962328,25.058464286],[121.548965828,25.058473174],[121.548966043,25.058473464],[121.54896612,25.058473801],[121.549492202,25.059593758],[121.549492842,25.059594616]]]}, "properties" : {"section_id" : "ZMYN840", "section_name" : "敦化北路　民生往南", "travel_speed" : 44, "level_name" : "順暢", "level_color" : "#19FF1C", "data_time" : "2025-12-29 12:48:00+00"}}, {"type" : "Feature", "geometry" : {"type":"Polygon","coordinates":[[[121.548818654,25.051750898],[121.548810956,25.051716377],[121.548789342,25.051687168],[121.548757103,25.051667717],[121.548719147,25.051660985],[121.548681251,25.051667997],[121.548649186,25.051687686],[121.548627833,25.051717054],[121.548620443,25.05175163],[121.548645801,25.057447355],[121.548653499,25.057481875],[121.548675114,25.057511085],[121.548707354,25.057530536],[121.548745313,25.057537268],[121.54878321,25.057530255],[121.548815276,25.057510567],[121.54883663,25.057481199],[121.548844021,25.057446623],[121.548818654,25.051750898]]]}, "properties" : {"section_id" : "ZLPN840", "section_name" : "敦化北路　南京往南", "travel_speed" : 41, "level_name" : "順暢", "level_color" : "#19FF1C", "data_time" : "2025-12-29 12:48:00+00"}}, {"type" : "Feature", "geometry" : {"type":"Polygon","coordinates":[[[121.565366048,25.035800325],[121.565402401,25.035793325],[121.56543446,25.035773633],[121.565455806,25.035744263],[121.56546319,25.035709686],[121.565455489,25.035675166],[121.565433874,25.03564596],[121.565401637,25.035626512],[121.565362148,25.035619801],[121.563671184,25.035650112],[121.56363483,25.035657111],[121.563602772,25.035676803],[121.563581425,25.035706173],[121.56357404,25.03574075],[121.563581741,25.035775269],[121.563603355,25.035804476],[121.563635592,25.035823924],[121.563675081,25.035830636],[121.565366048,25.035800325]]]}, "properties" : {"section_id" : "ZI9RI20", "section_name" : "松壽路往東 市府路-松智路", "travel_speed" : 44, "level_name" : "順暢", "level_color" : "#19FF1C", "data_time" : "2025-12-29 12:48:00+00"}}, {"type" : "Feature", "geometry" : {"type":"Polygon","coordinates":[[[121.54914246,25.043426522],[121.549142577,25.043425955],[121.549108006,25.041550975],[121.549100322,25.041517605],[121.54907871,25.041488396],[121.549046474,25.041468944],[121.54900852,25.041462212],[121.548970628,25.041469225],[121.548938566,25.041488913],[121.548917215,25.041518281],[121.548909838,25.041554007],[121.548944395,25.043428413],[121.548949604,25.044598268],[121.548957301,25.044632788],[121.548978914,25.044661997],[121.549011151,25.044681448],[121.549049106,25.04468818],[121.549086999,25.044681168],[121.549119062,25.044661479],[121.549140414,25.044632111],[121.549147803,25.044597535],[121.54914259,25.043427105],[121.54914246,25.043426522]]]}, "properties" : {"section_id" : "ZJGPQ00", "section_name" : "敦化南路 忠孝東路-市民大道", "travel_speed" : 50, "level_name" : "順暢", "level_color" : "#19FF1C", "data_time" : "2025-12-29 12:48:00+00"}}, {"type" : "Feature", "geometry" : {"type":"Polygon","coordinates":[[[121.548960788,25.038603329],[121.548951972,25.038610512],[121.548930621,25.03863988],[121.548923234,25.038673394],[121.548914643,25.039688612],[121.548914876,25.03968969],[121.548914653,25.039690769],[121.548942567,25.041262466],[121.548950252,25.041295892],[121.548971864,25.041325101],[121.549004101,25.041344552],[121.549042054,25.041351284],[121.549079946,25.041344272],[121.549112008,25.041324583],[121.54913336,25.041295215],[121.549140737,25.041259545],[121.54911284,25.039688926],[121.549121054,25.03871801],[121.54944976,25.038480746],[121.549458576,25.038473562],[121.549479927,25.038444194],[121.549487316,25.038409618],[121.549479619,25.038375097],[121.549458007,25.038345888],[121.549425772,25.038326437],[121.549387819,25.038319705],[121.549349928,25.038326717],[121.549326682,25.038339222],[121.548960788,25.038603329]]]}, "properties" : {"section_id" : "ZJGN700", "section_name" : "敦化南路 仁愛路-忠孝東路", "travel_speed" : 53, "level_name" : "順暢", "level_color" : "#19FF1C", "data_time" : "2025-12-29 12:48:00+00"}}, {"type" : "Feature", "geometry" : {"type":"Polygon","coordinates":[[[121.548904642,25.036879532],[121.548912334,25.036913445],[121.548933945,25.036942654],[121.54894321,25.036950045],[121.549416634,25.037282709],[121.549439604,25.03729477],[121.549477556,25.037301502],[121.549515447,25.037294489],[121.549547508,25.0372748],[121.549568858,25.037245432],[121.549576248,25.037210856],[121.549568551,25.037176336],[121.549546939,25.037147127],[121.549537674,25.037139736],[121.5491023,25.036833808],[121.54906081,25.033330557],[121.549053118,25.033296645],[121.549031508,25.033267436],[121.548999273,25.033247984],[121.548961322,25.033241252],[121.548923433,25.033248264],[121.548891373,25.033267953],[121.548870023,25.033297321],[121.548862639,25.033332505],[121.548904642,25.036879532]]]}, "properties" : {"section_id" : "ZI6NV00", "section_name" : "敦化南路 信義路-仁愛路", "travel_speed" : 27, "level_name" : "車多", "level_color" : "#F8C920", "data_time" : "2025-12-29 12:48:00+00"}}, {"type" : "Feature", "geometry" : {"type":"Polygon","coordinates":[[[121.548771567,25.048656548],[121.548771426,25.04865593],[121.548771542,25.048655356],[121.548724947,25.047020007],[121.548702968,25.045026265],[121.548695274,25.044992286],[121.548673662,25.044963076],[121.548641424,25.044943625],[121.54860347,25.044936893],[121.548565576,25.044943905],[121.548533513,25.044963594],[121.548512161,25.044992962],[121.548504776,25.045028078],[121.54852676,25.047022538],[121.548526928,25.04702328],[121.548526789,25.047023974],[121.548573384,25.048659446],[121.548611823,25.051405678],[121.548619514,25.051439414],[121.548641127,25.051468623],[121.548673366,25.051488074],[121.548711323,25.051494806],[121.548749218,25.051487794],[121.548781283,25.051468105],[121.548802636,25.051438737],[121.548810019,25.051403376],[121.548771567,25.048656548]]]}, "properties" : {"section_id" : "ZJGPQ40", "section_name" : "敦化南路 南京東路-市民大道", "travel_speed" : 67, "level_name" : "順暢", "level_color" : "#19FF1C", "data_time" : "2025-12-29 12:48:00+00"}}, {"type" : "Feature", "geometry" : {"type":"Polygon","coordinates":[[[121.548697011,25.043464582],[121.548696881,25.043463998],[121.548696998,25.043463432],[121.548662434,25.041588451],[121.54865475,25.041555081],[121.548633138,25.041525872],[121.548600902,25.04150642],[121.548562948,25.041499688],[121.548525056,25.0415067],[121.548492994,25.041526389],[121.548471642,25.041555757],[121.548464266,25.041591483],[121.548498816,25.043465888],[121.54850402,25.044635744],[121.548511718,25.044670264],[121.54853333,25.044699473],[121.548565567,25.044718924],[121.548603522,25.044725656],[121.548641415,25.044718644],[121.548673478,25.044698956],[121.54869483,25.044669588],[121.54870222,25.044635012],[121.548697011,25.043464582]]]}, "properties" : {"section_id" : "ZJGN740", "section_name" : "敦化南路 市民大道-忠孝東路", "travel_speed" : 60, "level_name" : "順暢", "level_color" : "#19FF1C", "data_time" : "2025-12-29 12:48:00+00"}}, {"type" : "Feature", "geometry" : {"type":"Polygon","coordinates":[[[121.548429699,25.039667677],[121.548429493,25.039668674],[121.548457401,25.041240371],[121.548465086,25.041273797],[121.548486698,25.041303006],[121.548518934,25.041322458],[121.548556887,25.04132919],[121.54859478,25.041322178],[121.548626842,25.041302489],[121.548648193,25.041273121],[121.54865557,25.041237451],[121.548627678,25.039666752],[121.54863352,25.038771827],[121.548633423,25.038771382],[121.54863352,25.038770924],[121.548625824,25.038736404],[121.548604212,25.038707195],[121.548596164,25.038700673],[121.548246858,25.038447205],[121.54822267,25.038434275],[121.548184718,25.038427543],[121.548146827,25.038434555],[121.548114765,25.038454244],[121.548093414,25.038483612],[121.548086024,25.038518188],[121.548093721,25.038552708],[121.548115332,25.038581918],[121.548123381,25.038588439],[121.548435045,25.038814594],[121.548429482,25.039666677],[121.548429699,25.039667677]]]}, "properties" : {"section_id" : "ZIMN840", "section_name" : "敦化南路 忠孝東路-仁愛路", "travel_speed" : 50, "level_name" : "順暢", "level_color" : "#19FF1C", "data_time" : "2025-12-29 12:48:00+00"}}, {"type" : "Feature", "geometry" : {"type":"Polygon","coordinates":[[[121.548576717,25.036977486],[121.548589147,25.036967814],[121.548610498,25.036938446],[121.548617887,25.03690387],[121.548617819,25.036903566],[121.548617882,25.036903266],[121.548575781,25.033332352],[121.54856809,25.033298436],[121.548546479,25.033269227],[121.548514245,25.033249775],[121.548476294,25.033243043],[121.548438404,25.033250055],[121.548406344,25.033269744],[121.548384994,25.033299112],[121.54837761,25.033334292],[121.548419153,25.036858366],[121.548094872,25.037071203],[121.548082442,25.037080875],[121.548061092,25.037110243],[121.548053702,25.037144819],[121.548061399,25.03717934],[121.54808301,25.037208549],[121.548115245,25.037228001],[121.548153197,25.037234733],[121.548191088,25.037227721],[121.548210719,25.037217704],[121.548576717,25.036977486]]]}, "properties" : {"section_id" : "ZHLN740", "section_name" : "敦化南路 仁愛路-信義路", "travel_speed" : 52, "level_name" : "順暢", "level_color" : "#19FF1C", "data_time" : "2025-12-29 12:48:00+00"}}, {"type" : "Feature", "geometry" : {"type":"Polygon","coordinates":[[[121.549079858,25.02586639],[121.54908002,25.025865612],[121.549061385,25.024623568],[121.549053697,25.024589916],[121.549032088,25.024560706],[121.548999856,25.024541255],[121.548961908,25.024534523],[121.548924021,25.024541535],[121.548891963,25.024561224],[121.548870615,25.024590592],[121.548863234,25.024626036],[121.548881856,25.0258673],[121.548871853,25.028396533],[121.548848143,25.033020635],[121.54885584,25.033055943],[121.54887745,25.033085153],[121.548909684,25.033104604],[121.548947635,25.033111336],[121.548985525,25.033104324],[121.549017585,25.033084635],[121.549038935,25.033055267],[121.549046324,25.033021478],[121.549070026,25.028397329],[121.549070016,25.028397281],[121.549070027,25.028397232],[121.549080028,25.025867171],[121.549079858,25.02586639]]]}, "properties" : {"section_id" : "ZHLN700", "section_name" : "敦化南路 和平東路-信義路", "travel_speed" : 47, "level_name" : "順暢", "level_color" : "#19FF1C", "data_time" : "2025-12-29 12:48:00+00"}}, {"type" : "Feature", "geometry" : {"type":"Polygon","coordinates":[[[121.548637396,25.028387224],[121.548637081,25.028385771],[121.548637368,25.028384348],[121.548568791,25.025835362],[121.548546504,25.02459923],[121.54853882,25.024565827],[121.548517212,25.024536617],[121.54848498,25.024517166],[121.548447032,25.024510434],[121.548409144,25.024517446],[121.548377086,25.024537134],[121.548355738,25.024566502],[121.548348362,25.024602196],[121.548370654,25.025838692],[121.548370741,25.025839071],[121.54837067,25.025839421],[121.548439214,25.028387336],[121.548402231,25.032974267],[121.548409926,25.033009816],[121.548431536,25.033039025],[121.54846377,25.033058477],[121.548501721,25.033065209],[121.548539611,25.033058197],[121.548571671,25.033038508],[121.548593021,25.03300914],[121.548600408,25.032975593],[121.548637396,25.028387224]]]}, "properties" : {"section_id" : "ZGHN840", "section_name" : "敦化南路 信義路-和平東路", "travel_speed" : 35, "level_name" : "順暢", "level_color" : "#19FF1C", "data_time" : "2025-12-29 12:48:00+00"}}, {"type" : "Feature", "geometry" : {"type":"Polygon","coordinates":[[[121.512507427,25.109142275],[121.512505649,25.109143423],[121.511868336,25.109786331],[121.511850192,25.109812588],[121.511842789,25.109847162],[121.51185048,25.109881684],[121.511872096,25.109910899],[121.511904345,25.109930358],[121.511942318,25.109937099],[121.511980233,25.109930096],[121.512015547,25.109907309],[121.512651324,25.10926595],[121.514259227,25.107787384],[121.515533508,25.106786218],[121.515533511,25.106786217],[121.516838881,25.105760659],[121.51816707,25.104780875],[121.518173497,25.104775584],[121.518173905,25.104775337],[121.518861182,25.104164595],[121.518861625,25.104163997],[121.51886231,25.104163578],[121.518874046,25.104150584],[121.519278351,25.103606584],[121.519287984,25.103590214],[121.519295386,25.10355564],[121.519287693,25.103521118],[121.519266076,25.103491905],[121.519233828,25.103472448],[121.519195857,25.103465708],[121.519157944,25.103472713],[121.519125861,25.103492396],[121.519114125,25.10350539],[121.518715468,25.104041787],[121.518038682,25.104643206],[121.516712857,25.105621245],[121.516711061,25.105622724],[121.516710499,25.105623041],[121.515403963,25.106649514],[121.515403962,25.106649514],[121.515403961,25.106649515],[121.514126732,25.107652996],[121.514124672,25.107655603],[121.51412105,25.107657827],[121.512508797,25.109140391],[121.512507427,25.109142275]]]}, "properties" : {"section_id" : "ZY9H840", "section_name" : "文林北路 承德路-德行西路", "travel_speed" : 58, "level_name" : "順暢", "level_color" : "#19FF1C", "data_time" : "2025-12-29 12:48:00+00"}}, {"type" : "Feature", "geometry" : {"type":"Polygon","coordinates":[[[121.519451089,25.103988953],[121.519456006,25.103982814],[121.519742448,25.103480192],[121.519746189,25.103472837],[121.51975359,25.103438262],[121.519745897,25.103403741],[121.519724281,25.103374528],[121.519692032,25.10335507],[121.519654061,25.103348331],[121.519616148,25.103355336],[121.519584065,25.103375019],[121.519566438,25.103397028],[121.519284346,25.103892015],[121.518929074,25.104301461],[121.518249654,25.104905222],[121.516923828,25.105883263],[121.516922032,25.105884742],[121.51692147,25.105885058],[121.515614933,25.106911533],[121.515614933,25.106911534],[121.515614931,25.106911535],[121.514337702,25.107915017],[121.514335641,25.107917624],[121.514332019,25.107919848],[121.512719766,25.109402414],[121.512718396,25.109404299],[121.512716618,25.109405446],[121.512079304,25.110048355],[121.512061161,25.110074612],[121.512053757,25.110109187],[121.512061449,25.110143709],[121.512083064,25.110172923],[121.512115313,25.110192382],[121.512153286,25.110199123],[121.512191202,25.11019212],[121.512226516,25.110169333],[121.512862294,25.109527973],[121.514470197,25.108049405],[121.515744479,25.107048238],[121.51574448,25.107048237],[121.517049853,25.106022676],[121.518378042,25.10504289],[121.51838447,25.105037599],[121.518384878,25.105037353],[121.519072156,25.10442661],[121.519072598,25.104426012],[121.519073283,25.104425592],[121.519080703,25.104417968],[121.519445798,25.103997199],[121.519451089,25.103988953]]]}, "properties" : {"section_id" : "ZYRGM00", "section_name" : "文林北路 德行西路-承德路", "travel_speed" : 57, "level_name" : "順暢", "level_color" : "#19FF1C", "data_time" : "2025-12-29 12:48:00+00"}}, {"type" : "Feature", "geometry" : {"type":"Polygon","coordinates":[[[121.568211395,25.03575875],[121.568247827,25.035751748],[121.568279885,25.035732056],[121.56830123,25.035702685],[121.568308614,25.035668108],[121.568300912,25.035633588],[121.568279296,25.035604382],[121.568247058,25.035584935],[121.568207649,25.035578223],[121.565533559,25.035624255],[121.565497126,25.035631256],[121.565465068,25.035650948],[121.565443722,25.035680318],[121.565436338,25.035714895],[121.565444039,25.035749415],[121.565465654,25.035778621],[121.565497891,25.035798069],[121.565537301,25.035804782],[121.568211395,25.03575875]]]}, "properties" : {"section_id" : "ZI9RW20", "section_name" : "松壽路 松智路-松仁路", "travel_speed" : 27, "level_name" : "車多", "level_color" : "#F8C920", "data_time" : "2025-12-29 12:48:00+00"}}, {"type" : "Feature", "geometry" : {"type":"Polygon","coordinates":[[[121.573750577,24.992545297],[121.573750805,24.9925462],[121.573750688,24.99254687],[121.57381881,24.993395],[121.573818897,24.993395329],[121.573818976,24.993396816],[121.57387785,24.993970501],[121.573915976,24.994410398],[121.57391687,24.994413758],[121.573917884,24.994422276],[121.573954808,24.994578707],[121.57395614,24.994582572],[121.573956493,24.994584804],[121.573984924,24.994674392],[121.573988497,24.994683621],[121.573988535,24.994683794],[121.57403159,24.994778727],[121.57403173,24.994778917],[121.57403178,24.994779143],[121.574041386,24.994795225],[121.574111886,24.994889121],[121.5741202,24.99489821],[121.574121437,24.994899948],[121.574215964,24.99499166],[121.57421737,24.994992541],[121.574218417,24.994993957],[121.574226352,24.995000396],[121.574360167,24.995097784],[121.574363608,24.995099626],[121.574368787,24.995103396],[121.574497222,24.995177907],[121.5746714,24.995283855],[121.574671406,24.995283859],[121.575177037,24.995591473],[121.575177497,24.995591696],[121.575177896,24.99559199],[121.576110691,24.996146796],[121.576110831,24.996146863],[121.576110945,24.996146947],[121.576602353,24.996437271],[121.577243009,24.996825898],[121.578025372,24.997304728],[121.578025592,24.997304835],[121.578025793,24.997304985],[121.579221764,24.99802888],[121.579239052,24.99803723],[121.579276993,24.998043954],[121.57931487,24.998036935],[121.579346917,24.99801724],[121.579368253,24.997987867],[121.579375632,24.99795329],[121.579367929,24.997918771],[121.579346318,24.997889566],[121.579331377,24.997878471],[121.578135618,24.997154704],[121.577353296,24.996675899],[121.57735312,24.996675814],[121.577352957,24.996675693],[121.576711632,24.99628666],[121.57671109,24.996286398],[121.576710629,24.99628606],[121.576218844,24.995995513],[121.575286608,24.995441039],[121.574781398,24.995133682],[121.574781395,24.99513368],[121.574781392,24.995133678],[121.574606316,24.995027183],[121.574605328,24.995026704],[121.574604518,24.995026115],[121.574479651,24.994953674],[121.574355517,24.994863333],[121.574271074,24.994781405],[121.574210734,24.994701041],[121.574173723,24.994619434],[121.574147771,24.994537659],[121.57411296,24.994390183],[121.574075298,24.993955634],[121.574075231,24.993955383],[121.574075175,24.993954336],[121.574016327,24.993380909],[121.573948339,24.992534474],[121.573894426,24.991651839],[121.573886877,24.991621955],[121.573865268,24.99159275],[121.573833041,24.991573303],[121.573795102,24.991566578],[121.573757226,24.991573596],[121.573725181,24.99159329],[121.573703844,24.991622661],[121.573696617,24.991661875],[121.573750577,24.992545297]]]}, "properties" : {"section_id" : "Z2RTQ20", "section_name" : "新光路 秀明路-動物園", "travel_speed" : 45, "level_name" : "順暢", "level_color" : "#19FF1C", "data_time" : "2025-12-29 12:48:00+00"}}, {"type" : "Feature", "geometry" : {"type":"Polygon","coordinates":[[[121.532847086,25.037898936],[121.532854763,25.037932175],[121.532876371,25.037961386],[121.532908604,25.037980841],[121.532946555,25.037987577],[121.532984448,25.037980569],[121.533016512,25.037960884],[121.533037866,25.037931518],[121.533045244,25.03789566],[121.532961531,25.033691886],[121.532953854,25.033658647],[121.532932247,25.033629436],[121.532900015,25.033609981],[121.532862065,25.033603245],[121.532824174,25.033610253],[121.532792111,25.033629938],[121.532770758,25.033659304],[121.53276338,25.033695161],[121.532847086,25.037898936]]]}, "properties" : {"section_id" : "ZINJW00", "section_name" : "新生南路 信義路-仁愛路", "travel_speed" : 50, "level_name" : "順暢", "level_color" : "#19FF1C", "data_time" : "2025-12-29 12:48:00+00"}}, {"type" : "Feature", "geometry" : {"type":"Polygon","coordinates":[[[121.532594583,25.033717089],[121.532586906,25.03368385],[121.5325653,25.033654638],[121.532533068,25.033635183],[121.532495118,25.033628447],[121.532457227,25.033635455],[121.532425164,25.03365514],[121.53240381,25.033684506],[121.532396432,25.033720363],[121.532480126,25.037924138],[121.532487803,25.037957377],[121.53250941,25.037986589],[121.532541643,25.038006044],[121.532579595,25.03801278],[121.532617487,25.038005772],[121.532649551,25.037986086],[121.532670906,25.037956721],[121.532678284,25.037920863],[121.532594583,25.033717089]]]}, "properties" : {"section_id" : "ZHNJV40", "section_name" : "新生南路 仁愛路-信義路", "travel_speed" : 52, "level_name" : "順暢", "level_color" : "#19FF1C", "data_time" : "2025-12-29 12:48:00+00"}}, {"type" : "Feature", "geometry" : {"type":"Polygon","coordinates":[[[121.5349194,25.023824684],[121.534919379,25.023824344],[121.534780444,25.022683208],[121.534773355,25.022658285],[121.53475175,25.022629073],[121.53471952,25.022609619],[121.534681573,25.022602883],[121.534643686,25.022609892],[121.534611626,25.022629577],[121.534590275,25.022658943],[121.534582882,25.022693519],[121.534583486,25.022703116],[121.534722391,25.023844023],[121.534862285,25.025049113],[121.534911473,25.025734706],[121.534918955,25.025763695],[121.534940561,25.025792906],[121.534972791,25.025812361],[121.535010739,25.025819096],[121.535048627,25.025812088],[121.535080688,25.025792402],[121.53510204,25.025763036],[121.535109222,25.025722928],[121.535059904,25.025035528],[121.535059745,25.025034912],[121.535059565,25.025031921],[121.534919434,25.023824802],[121.5349194,25.023824684]]]}, "properties" : {"section_id" : "ZFYKD00", "section_name" : "新生南路 和平東路-信義路", "travel_speed" : 36, "level_name" : "順暢", "level_color" : "#19FF1C", "data_time" : "2025-12-29 12:48:00+00"}}, {"type" : "Feature", "geometry" : {"type":"Polygon","coordinates":[[[121.533490687,25.016790509],[121.53349056,25.016789938],[121.533479106,25.016771471],[121.533103555,25.016304233],[121.533093405,25.016293488],[121.533061177,25.016274033],[121.533023232,25.016267297],[121.532985347,25.016274305],[121.532953288,25.01629399],[121.532931938,25.016323356],[121.532924545,25.016357932],[121.532932236,25.016392453],[121.532943689,25.01641092],[121.533311944,25.016869082],[121.533376739,25.017015132],[121.533414825,25.017185169],[121.533748475,25.018838526],[121.533748589,25.018838875],[121.533748634,25.018839295],[121.534077982,25.020395407],[121.53407799,25.020395433],[121.534077993,25.020395462],[121.534445485,25.022126],[121.534451373,25.022143727],[121.534472978,25.022172939],[121.534505208,25.022192393],[121.534543154,25.022199129],[121.534581042,25.022192121],[121.534613102,25.022172435],[121.534634453,25.022143069],[121.534641845,25.022108494],[121.534640042,25.022091699],[121.534272559,25.020361216],[121.534272553,25.020361189],[121.53394329,25.018805488],[121.533609541,25.01715165],[121.533609277,25.017150843],[121.533609173,25.017149923],[121.533569077,25.016970916],[121.533564064,25.016956097],[121.533563857,25.016955134],[121.53349103,25.016790979],[121.533490687,25.016790509]]]}, "properties" : {"section_id" : "ZF9KB00", "section_name" : "新生南路 羅斯福路-辛亥路", "travel_speed" : 33, "level_name" : "車多", "level_color" : "#F8C920", "data_time" : "2025-12-29 12:48:00+00"}}, {"type" : "Feature", "geometry" : {"type":"Polygon","coordinates":[[[121.534666766,25.02506083],[121.534666607,25.025060214],[121.534666427,25.025057223],[121.5345263,25.023850103],[121.534526267,25.023849985],[121.534526245,25.023849644],[121.534387313,25.022708509],[121.534380225,25.022683585],[121.53435862,25.022654374],[121.53432639,25.022634919],[121.534288443,25.022628184],[121.534250556,25.022635192],[121.534218496,25.022654878],[121.534197144,25.022684243],[121.534189752,25.022718819],[121.534190355,25.022728416],[121.534329257,25.023869323],[121.534469148,25.025074414],[121.534518333,25.025760007],[121.534525815,25.025788996],[121.53454742,25.025818208],[121.534579651,25.025837662],[121.534617599,25.025844398],[121.534655487,25.025837389],[121.534687548,25.025817704],[121.5347089,25.025788338],[121.534716082,25.02574823],[121.534666766,25.02506083]]]}, "properties" : {"section_id" : "ZF9KB40", "section_name" : "新生南路 和平東路-辛亥路", "travel_speed" : 37, "level_name" : "順暢", "level_color" : "#19FF1C", "data_time" : "2025-12-29 12:48:00+00"}}, {"type" : "Feature", "geometry" : {"type":"Polygon","coordinates":[[[121.552069899,25.085656952],[121.552071009,25.085657621],[121.552097611,25.085663799],[121.552438747,25.08569836],[121.552450113,25.085698912],[121.552488019,25.085691899],[121.552520092,25.085672209],[121.55254145,25.085642841],[121.55254884,25.085608265],[121.552541139,25.085573745],[121.552519518,25.085544537],[121.55248727,25.085525086],[121.552460668,25.085518908],[121.552134591,25.085485874],[121.551685258,25.085306005],[121.551312677,25.085059305],[121.550999404,25.084652037],[121.550820268,25.084226142],[121.550717542,25.083858312],[121.550704155,25.083601997],[121.550769855,25.08322168],[121.550936057,25.082717161],[121.551421695,25.081380141],[121.551857947,25.080294291],[121.551857957,25.080294236],[121.551857984,25.080294198],[121.552122459,25.079633649],[121.552123302,25.079629252],[121.552127621,25.079614421],[121.552180335,25.079247087],[121.55218117,25.079235019],[121.552180647,25.079232675],[121.552181031,25.079230607],[121.552162758,25.078916782],[121.5521624,25.078915358],[121.552161778,25.078908036],[121.552086962,25.078458446],[121.55208038,25.078437085],[121.552075844,25.078428522],[121.551886806,25.078114983],[121.551881927,25.078109086],[121.551877384,25.07810211],[121.551626941,25.077816402],[121.551619279,25.07780863],[121.551369104,25.077582637],[121.551356584,25.077573057],[121.551080397,25.077394933],[121.55106067,25.077385062],[121.551050692,25.077381896],[121.550604296,25.077264119],[121.55057631,25.077260555],[121.550538407,25.077267568],[121.550506336,25.077287257],[121.550484979,25.077316625],[121.550477588,25.077351201],[121.550485288,25.077385721],[121.550506906,25.07741493],[121.550539153,25.07743438],[121.550549131,25.077437547],[121.550979468,25.077551086],[121.551235315,25.077716092],[121.551475587,25.07793314],[121.551717129,25.078208693],[121.551893585,25.078501364],[121.551965036,25.078930739],[121.551982571,25.0792319],[121.551932453,25.079581149],[121.551671741,25.080232296],[121.551234974,25.081319426],[121.551234663,25.081321041],[121.551233953,25.081322095],[121.55074739,25.082661656],[121.550747307,25.082662131],[121.550746556,25.082664066],[121.550578022,25.08317566],[121.550577295,25.083180236],[121.550575046,25.083187572],[121.550506727,25.083583045],[121.550505523,25.083597443],[121.550505985,25.083599512],[121.550505634,25.083601364],[121.550519977,25.083876007],[121.550520978,25.08388004],[121.550522924,25.08389397],[121.550629548,25.08427576],[121.550632809,25.084284635],[121.550633048,25.084285801],[121.550818627,25.084727014],[121.550819445,25.084728158],[121.550819769,25.084729609],[121.550830007,25.084746517],[121.551159792,25.085175251],[121.551171174,25.085187551],[121.551182688,25.085196473],[121.551577298,25.085457759],[121.551593186,25.085465827],[121.551595703,25.085467387],[121.55206868,25.085656721],[121.552069899,25.085656952]]]}, "properties" : {"section_id" : "ZT9NN00", "section_name" : "明水路 北安路-樂群一路", "travel_speed" : 49, "level_name" : "順暢", "level_color" : "#19FF1C", "data_time" : "2025-12-29 12:48:00+00"}}, {"type" : "Feature", "geometry" : {"type":"Polygon","coordinates":[[[121.547653531,25.077279346],[121.547652909,25.077279464],[121.547652331,25.077279368],[121.544384902,25.077355074],[121.544349119,25.077362057],[121.544317046,25.077381745],[121.544295688,25.077411112],[121.544288295,25.077445688],[121.544295994,25.077480208],[121.544317611,25.077509418],[121.544349856,25.07752887],[121.544389941,25.077535574],[121.547656776,25.077459881],[121.55048018,25.077425552],[121.550517163,25.077418546],[121.550549234,25.077398857],[121.550570591,25.077369489],[121.550577982,25.077334913],[121.550570282,25.077300393],[121.550548663,25.077271184],[121.550516417,25.077251734],[121.550477532,25.07724501],[121.547653531,25.077279346]]]}, "properties" : {"section_id" : "ZSEMV60", "section_name" : "明水路 樂群一路-大直橋", "travel_speed" : 51, "level_name" : "順暢", "level_color" : "#19FF1C", "data_time" : "2025-12-29 12:48:00+00"}}, {"type" : "Feature", "geometry" : {"type":"Polygon","coordinates":[[[121.539087937,25.077676405],[121.539056232,25.077683216],[121.539024159,25.077702902],[121.539002799,25.077732269],[121.538995405,25.077766844],[121.539003102,25.077801365],[121.539024718,25.077830576],[121.539056963,25.077850029],[121.539101125,25.077856564],[121.544122384,25.0775516],[121.544154089,25.077544788],[121.544186161,25.077525101],[121.54420752,25.077495733],[121.544214912,25.077461158],[121.544207214,25.077426637],[121.544185597,25.077397428],[121.544153351,25.077377976],[121.544109188,25.077371442],[121.539087937,25.077676405]]]}, "properties" : {"section_id" : "ZSGLN60", "section_name" : "明水路 大直橋-北安路", "travel_speed" : 47, "level_name" : "順暢", "level_color" : "#19FF1C", "data_time" : "2025-12-29 12:48:00+00"}}, {"type" : "Feature", "geometry" : {"type":"Polygon","coordinates":[[[121.563674342,25.03581046],[121.563636453,25.035817475],[121.563604394,25.035837167],[121.563583048,25.035866537],[121.563575663,25.035901114],[121.563583363,25.035935634],[121.563604978,25.035964841],[121.563637215,25.035984289],[121.563675168,25.035991017],[121.565353137,25.035984642],[121.565391027,25.035977626],[121.565423085,25.035957934],[121.565444431,25.035928563],[121.565451816,25.035893986],[121.565444115,25.035859467],[121.5654225,25.03583026],[121.565390262,25.035810813],[121.56535231,25.035804085],[121.563674342,25.03581046]]]}, "properties" : {"section_id" : "ZI9R760", "section_name" : "松壽路 松智路-市府路", "travel_speed" : 12, "level_name" : "壅塞", "level_color" : "#FA0300", "data_time" : "2025-12-29 12:48:00+00"}}, {"type" : "Feature", "geometry" : {"type":"Polygon","coordinates":[[[121.565187068,24.982452459],[121.56517703,24.982449488],[121.562714028,24.981901515],[121.562690128,24.981898941],[121.562652255,24.981905956],[121.56262021,24.981925648],[121.562598872,24.981955018],[121.56259149,24.981989595],[121.562599187,24.982024114],[121.562620791,24.982053322],[121.562653014,24.982072771],[121.56266705,24.982076925],[121.5651243,24.982623618],[121.566349493,24.983042547],[121.566350057,24.983042639],[121.566350462,24.983042873],[121.567434965,24.983401974],[121.568640828,24.983831337],[121.568641074,24.983831379],[121.568641266,24.983831492],[121.569470999,24.984122796],[121.569808288,24.984329663],[121.570044514,24.984543168],[121.570288351,24.984786738],[121.570592566,24.985524638],[121.570640594,24.985844137],[121.570661752,24.986366041],[121.570627735,24.987494274],[121.570628009,24.98749561],[121.570627698,24.987497062],[121.570633157,24.988956627],[121.570633165,24.988956663],[121.570633157,24.988956699],[121.570634009,24.98896814],[121.570763481,24.989861587],[121.570764208,24.989864037],[121.570764647,24.9898679],[121.570899236,24.990466117],[121.570904918,24.990482882],[121.570926526,24.990512088],[121.570958752,24.990531535],[121.570996691,24.990538261],[121.571034566,24.990531244],[121.571066612,24.99051155],[121.571087949,24.990482179],[121.57109533,24.990447602],[121.571093311,24.990429848],[121.570959428,24.989834769],[121.570831245,24.98895023],[121.570825811,24.98749784],[121.570859871,24.986368093],[121.570859275,24.986365185],[121.570859841,24.98636228],[121.570838383,24.98583299],[121.570838146,24.985832012],[121.570837534,24.985824069],[121.570787331,24.985490102],[121.570782801,24.985474981],[121.570781918,24.9854706],[121.570467091,24.984706965],[121.570466116,24.984705591],[121.570465721,24.984703821],[121.570447539,24.984677869],[121.570189187,24.9844198],[121.570187263,24.984418574],[121.570185762,24.984416545],[121.569941116,24.984195431],[121.56992667,24.984184636],[121.569572327,24.983967309],[121.569554549,24.983958658],[121.56955349,24.98395847],[121.569552632,24.983957964],[121.568712693,24.983663076],[121.567505944,24.983233398],[121.567504669,24.983233182],[121.567503723,24.983232635],[121.56641859,24.982873326],[121.565188334,24.982452666],[121.565187068,24.982452459]]]}, "properties" : {"section_id" : "Z27SN20", "section_name" : "木新路 興隆路-木柵路", "travel_speed" : 41, "level_name" : "順暢", "level_color" : "#19FF1C", "data_time" : "2025-12-29 12:48:00+00"}}, {"type" : "Feature", "geometry" : {"type":"Polygon","coordinates":[[[121.570506382,24.989855496],[121.570506901,24.989859532],[121.57062748,24.990331181],[121.570632596,24.990345593],[121.570654204,24.9903748],[121.57068643,24.990394247],[121.570724369,24.990400973],[121.570762245,24.990393956],[121.57079429,24.990374262],[121.570815628,24.990344891],[121.570823008,24.990310314],[121.570820425,24.990290207],[121.570700776,24.989822201],[121.57058798,24.989123591],[121.570582551,24.987671872],[121.570616614,24.986542126],[121.570616017,24.986539217],[121.570616583,24.986536312],[121.570595126,24.986007023],[121.57059489,24.986006044],[121.570594277,24.985998102],[121.570544075,24.985664134],[121.570539545,24.985649013],[121.570538662,24.985644632],[121.570223836,24.984880996],[121.57022286,24.984879623],[121.570222466,24.984877853],[121.570204284,24.984851901],[121.569945932,24.984593831],[121.569944008,24.984592606],[121.569942507,24.984590576],[121.569697862,24.984369462],[121.569683415,24.984358666],[121.569329072,24.984141339],[121.569311294,24.984132688],[121.569310235,24.9841325],[121.569309377,24.984131994],[121.568469438,24.983837105],[121.567262688,24.983407425],[121.567261413,24.983407208],[121.567260466,24.983406662],[121.566175333,24.983047351],[121.564945076,24.982626689],[121.564943905,24.982626498],[121.564934392,24.982623651],[121.562603865,24.982090619],[121.562579346,24.982087905],[121.562541472,24.98209492],[121.562509427,24.982114612],[121.562488089,24.982143982],[121.562480707,24.982178558],[121.562488404,24.982213078],[121.562510008,24.982242286],[121.562542231,24.982261735],[121.562555648,24.982265749],[121.564880741,24.982797539],[121.566106235,24.983216572],[121.566106799,24.983216664],[121.566107204,24.983216898],[121.567191708,24.983576001],[121.568397572,24.984005365],[121.568397818,24.984005407],[121.56839801,24.98400552],[121.569227743,24.984296826],[121.569565033,24.984503694],[121.569801259,24.984717199],[121.570045095,24.98496077],[121.57034931,24.98569867],[121.570397337,24.986018169],[121.570418494,24.986540073],[121.570384475,24.987668306],[121.570384749,24.987669641],[121.570384438,24.987671093],[121.570389894,24.989130659],[121.570389902,24.989130695],[121.570389894,24.989130731],[121.570390949,24.989143494],[121.570505372,24.989852189],[121.570506382,24.989855496]]]}, "properties" : {"section_id" : "Z1CRT60", "section_name" : "木新路 木柵路-興隆路", "travel_speed" : 47, "level_name" : "順暢", "level_color" : "#19FF1C", "data_time" : "2025-12-29 12:48:00+00"}}, {"type" : "Feature", "geometry" : {"type":"Polygon","coordinates":[[[121.5588096,24.988875154],[121.559910348,24.988871016],[121.559948224,24.988864001],[121.55998027,24.98884431],[121.56000161,24.988814941],[121.560008994,24.988780364],[121.560001297,24.988745844],[121.559979692,24.988716636],[121.559947468,24.988697187],[121.55990953,24.988690457],[121.558808783,24.988694595],[121.557887063,24.988698054],[121.557675359,24.988664822],[121.555264542,24.988160833],[121.555262292,24.988160605],[121.555259874,24.988159965],[121.553830458,24.987926423],[121.553829802,24.987926371],[121.553829293,24.987926239],[121.552373728,24.987704724],[121.552373273,24.98770469],[121.552372955,24.987704609],[121.551167137,24.98753001],[121.54786294,24.987016594],[121.546890081,24.986838326],[121.546887662,24.986838111],[121.54688572,24.986837619],[121.545933013,24.9867031],[121.545927956,24.986702754],[121.545926115,24.98670235],[121.545310511,24.98665536],[121.545301846,24.986655046],[121.54526397,24.986662057],[121.545231921,24.986681745],[121.545210578,24.986711113],[121.545203191,24.986745689],[121.545210883,24.98678021],[121.545232484,24.98680942],[121.545264706,24.986828872],[121.545293977,24.986835291],[121.545906118,24.986882017],[121.546853203,24.987015742],[121.547825326,24.987193875],[121.547826857,24.987194011],[121.547828202,24.987194362],[121.551134396,24.987708089],[121.551135041,24.987708137],[121.5511355,24.987708254],[121.552341485,24.987882877],[121.553796083,24.988104245],[121.555222572,24.988337309],[121.55763372,24.988841366],[121.55763634,24.988841631],[121.557639052,24.988842341],[121.557861984,24.988877336],[121.557879205,24.988878645],[121.5588096,24.988875154]]]}, "properties" : {"section_id" : "Z1NMM20", "section_name" : "木柵路 興隆路-和興路", "travel_speed" : 38, "level_name" : "順暢", "level_color" : "#19FF1C", "data_time" : "2025-12-29 12:48:00+00"}}, {"type" : "Feature", "geometry" : {"type":"Polygon","coordinates":[[[121.571513279,24.994038718],[121.571512929,24.994037596],[121.571512762,24.994036011],[121.571347017,24.993240667],[121.571205304,24.992470918],[121.571205298,24.992470886],[121.571070036,24.991734572],[121.571063695,24.99171458],[121.571042087,24.991685374],[121.57100986,24.991665927],[121.570971921,24.9916592],[121.570934045,24.991666218],[121.570901999,24.991685911],[121.570880662,24.991715282],[121.570873281,24.99174986],[121.57087464,24.991764387],[121.571009906,24.992500733],[121.57100991,24.992500745],[121.571009912,24.992500764],[121.571151806,24.9932715],[121.571152065,24.993272316],[121.57115218,24.993273406],[121.571317841,24.994068352],[121.57144498,24.994799084],[121.571451458,24.994819845],[121.571473067,24.994849051],[121.571505295,24.994868497],[121.571543235,24.994875224],[121.571581112,24.994868206],[121.571613158,24.994848513],[121.571634496,24.994819142],[121.571641877,24.994784564],[121.571640655,24.994770806],[121.571513279,24.994038718]]]}, "properties" : {"section_id" : "Z2ASP40", "section_name" : "木柵路 萬芳路-秀明路", "travel_speed" : 40, "level_name" : "順暢", "level_color" : "#19FF1C", "data_time" : "2025-12-29 12:48:00+00"}}, {"type" : "Feature", "geometry" : {"type":"Polygon","coordinates":[[[121.57807322,25.000186473],[121.57806541,25.000183903],[121.576930072,24.999858621],[121.576899939,24.999854466],[121.576862061,24.999861485],[121.576830014,24.99988118],[121.576808677,24.999910552],[121.576801297,24.999945129],[121.576808999,24.999979648],[121.57683061,25.000008854],[121.57686284,25.000028299],[121.57687065,25.000030869],[121.577997406,25.000353692],[121.578656022,25.000670566],[121.578656858,25.000670922],[121.578657075,25.000671066],[121.579530943,25.001079369],[121.580388784,25.001547907],[121.580389943,25.001548435],[121.580390506,25.001548826],[121.580963425,25.001847618],[121.580967504,25.001849433],[121.580968536,25.001850106],[121.581282796,25.001992454],[121.581286324,25.001993202],[121.581289972,25.001995387],[121.581642816,25.002124518],[121.581644472,25.002124806],[121.581645738,25.002125538],[121.582232534,25.002320908],[121.58223364,25.002321084],[121.582234383,25.002321504],[121.58262514,25.002443666],[121.582625542,25.002443726],[121.582625796,25.002443868],[121.58308461,25.002584046],[121.583555205,25.002748703],[121.58359114,25.0027547],[121.583629018,25.00274768],[121.583661065,25.002727984],[121.583682402,25.002698611],[121.583689779,25.002664033],[121.583682075,25.002629514],[121.583660462,25.00260031],[121.583626222,25.00258014],[121.583153633,25.002414787],[121.58315125,25.002414389],[121.583149614,25.00241347],[121.582689104,25.002272774],[121.582299603,25.002151005],[121.581715199,25.001956433],[121.58136746,25.00182917],[121.58105932,25.001689594],[121.580489782,25.001392565],[121.579629985,25.000922959],[121.579625646,25.00092098],[121.579624254,25.000920059],[121.578747997,25.00051064],[121.578081951,25.00019019],[121.57807322,25.000186473]]]}, "properties" : {"section_id" : "ZAWVC20", "section_name" : "木柵路 北二高-新光路", "travel_speed" : 47, "level_name" : "順暢", "level_color" : "#19FF1C", "data_time" : "2025-12-29 12:48:00+00"}}, {"type" : "Feature", "geometry" : {"type":"Polygon","coordinates":[[[121.526802694,25.043668914],[121.526807107,25.043680756],[121.526828714,25.043709968],[121.526860948,25.043729424],[121.526898901,25.043736162],[121.526936795,25.043729156],[121.526968862,25.043709471],[121.526990218,25.043680106],[121.526997614,25.043645531],[121.526994336,25.043622852],[121.525477448,25.038385074],[121.525473036,25.038373233],[121.52545143,25.03834402],[121.525419198,25.038324564],[121.525381246,25.038317826],[121.525343354,25.038324832],[121.525311288,25.038344516],[121.525289932,25.03837388],[121.525282536,25.038408455],[121.525285814,25.038431135],[121.526802694,25.043668914]]]}, "properties" : {"section_id" : "ZJGIK00", "section_name" : "杭州南路 仁愛路-忠孝東路", "travel_speed" : 47, "level_name" : "順暢", "level_color" : "#19FF1C", "data_time" : "2025-12-29 12:48:00+00"}}, {"type" : "Feature", "geometry" : {"type":"Polygon","coordinates":[[[121.524203291,25.035163342],[121.524220821,25.035184758],[121.524253052,25.035204214],[121.524291002,25.035210953],[121.524328894,25.035203947],[121.524360959,25.035184263],[121.524382315,25.035154899],[121.524389711,25.035120324],[121.524382021,25.035085802],[121.524377946,25.035078005],[121.5227784,25.032360649],[121.52276087,25.032339232],[121.52272864,25.032319775],[121.522690691,25.032313037],[121.5226528,25.032320042],[121.522620736,25.032339725],[121.52259938,25.03236909],[121.522591983,25.032403664],[121.522599672,25.032438186],[121.522603748,25.032445984],[121.524203291,25.035163342]]]}, "properties" : {"section_id" : "ZI6I900", "section_name" : "杭州南路 愛國東路-信義路", "travel_speed" : 44, "level_name" : "順暢", "level_color" : "#19FF1C", "data_time" : "2025-12-29 12:48:00+00"}}, {"type" : "Feature", "geometry" : {"type":"Polygon","coordinates":[[[121.568425729,25.035812472],[121.568433411,25.035845499],[121.568455026,25.035874706],[121.568487264,25.035894153],[121.568525217,25.03590088],[121.568563106,25.035893862],[121.568595164,25.03587417],[121.568616509,25.035844799],[121.568623873,25.03580873],[121.568558114,25.032918691],[121.568550432,25.032885664],[121.568528817,25.032856457],[121.56849658,25.03283701],[121.568458628,25.032830283],[121.56842074,25.0328373],[121.568388683,25.032856993],[121.568367338,25.032886364],[121.568359974,25.032922433],[121.568425729,25.035812472]]]}, "properties" : {"section_id" : "ZI9S600", "section_name" : "松仁路住北 信義路-松壽路", "travel_speed" : 32, "level_name" : "車多", "level_color" : "#F8C920", "data_time" : "2025-12-29 12:48:00+00"}}, {"type" : "Feature", "geometry" : {"type":"Polygon","coordinates":[[[121.568297513,25.030413566],[121.568289811,25.030378556],[121.568268196,25.03034935],[121.56823596,25.030329903],[121.568198009,25.030323176],[121.568160121,25.030330193],[121.568128065,25.030349885],[121.56810672,25.030379256],[121.568099336,25.030413342],[121.568096347,25.032610931],[121.56810405,25.032645941],[121.568125665,25.032675148],[121.568157902,25.032694594],[121.568195853,25.032701322],[121.568233742,25.032694305],[121.568265799,25.032674612],[121.568287144,25.032645241],[121.568294528,25.032611155],[121.568297513,25.030413566]]]}, "properties" : {"section_id" : "ZGYS640", "section_name" : "松仁路往南 信義路-松平路", "travel_speed" : 45, "level_name" : "順暢", "level_color" : "#19FF1C", "data_time" : "2025-12-29 12:48:00+00"}}, {"type" : "Feature", "geometry" : {"type":"Polygon","coordinates":[[[121.565439007,25.035963883],[121.565431334,25.035931176],[121.565409719,25.035901969],[121.565377482,25.035882521],[121.565339529,25.035875794],[121.56530164,25.03588281],[121.565269581,25.035902502],[121.565248235,25.035931872],[121.565240879,25.035968262],[121.565320056,25.038941854],[121.565327729,25.038974561],[121.565349344,25.039003768],[121.565381583,25.039023216],[121.565419536,25.039029944],[121.565457427,25.039022927],[121.565489486,25.039003235],[121.565510833,25.038973865],[121.565518189,25.038937475],[121.565439007,25.035963883]]]}, "properties" : {"section_id" : "ZI9RI40", "section_name" : "松智路往南 松高路-松壽路", "travel_speed" : 33, "level_name" : "車多", "level_color" : "#F8C920", "data_time" : "2025-12-29 12:48:00+00"}}, {"type" : "Feature", "geometry" : {"type":"Polygon","coordinates":[[[121.533170813,25.05491147],[121.533170816,25.054911484],[121.533170814,25.054911496],[121.533223228,25.057719313],[121.533230909,25.057752655],[121.53325252,25.057781866],[121.533284758,25.057801321],[121.533322716,25.057808057],[121.533360614,25.057801048],[121.533392683,25.057781363],[121.533414041,25.057751997],[121.533421422,25.057716243],[121.533369004,25.054908451],[121.533369003,25.054908438],[121.5333168,25.052065036],[121.533309119,25.052031669],[121.533287509,25.052002457],[121.533255272,25.051983003],[121.533217316,25.051976267],[121.53317942,25.051983275],[121.533147352,25.05200296],[121.533125995,25.052032326],[121.533118614,25.052068055],[121.533170813,25.05491147]]]}, "properties" : {"section_id" : "ZN5JX00", "section_name" : "松江路 南京東路-民生東路", "travel_speed" : 47, "level_name" : "順暢", "level_color" : "#19FF1C", "data_time" : "2025-12-29 12:48:00+00"}}, {"type" : "Feature", "geometry" : {"type":"Polygon","coordinates":[[[121.533015207,25.054957495],[121.533015207,25.05495747],[121.532963012,25.05211408],[121.532955331,25.052080712],[121.532933721,25.052051501],[121.532901484,25.052032046],[121.532863528,25.05202531],[121.532825632,25.052032318],[121.532793564,25.052052004],[121.532772207,25.052081369],[121.532764826,25.052117098],[121.532817017,25.054960514],[121.53281702,25.054960527],[121.532817017,25.054960539],[121.532869424,25.057768356],[121.532877104,25.057801698],[121.532898715,25.05783091],[121.532930954,25.057850364],[121.532968912,25.0578571],[121.53300681,25.057850092],[121.533038879,25.057830407],[121.533060237,25.057801041],[121.533067618,25.057765286],[121.533015207,25.054957495]]]}, "properties" : {"section_id" : "ZMEJW40", "section_name" : "松江路 民生東路-南京東路", "travel_speed" : 40, "level_name" : "順暢", "level_color" : "#19FF1C", "data_time" : "2025-12-29 12:48:00+00"}}, {"type" : "Feature", "geometry" : {"type":"Polygon","coordinates":[[[121.563753302,25.039058761],[121.563716847,25.039065762],[121.563684788,25.039085454],[121.56366344,25.039114824],[121.563656055,25.039149401],[121.563663756,25.03918392],[121.563685371,25.039213127],[121.563717609,25.039232575],[121.563756999,25.039239288],[121.568279494,25.039162343],[121.568315948,25.039155341],[121.568348007,25.039135648],[121.568369353,25.039106278],[121.568376737,25.039071701],[121.568369035,25.039037181],[121.568347419,25.039007975],[121.56831518,25.038988528],[121.56827579,25.038981816],[121.563753302,25.039058761]]]}, "properties" : {"section_id" : "ZIWR760", "section_name" : "松高路往西 松仁路-市府路", "travel_speed" : 30, "level_name" : "車多", "level_color" : "#F8C920", "data_time" : "2025-12-29 12:48:00+00"}}, {"type" : "Feature", "geometry" : {"type":"Polygon","coordinates":[[[121.525570387,25.057871656],[121.525578028,25.057903639],[121.525599638,25.057932852],[121.525631875,25.057952308],[121.525669833,25.057959046],[121.525707731,25.057952039],[121.525739802,25.057932356],[121.525761161,25.057902991],[121.525768508,25.057865877],[121.525669721,25.055055759],[121.52566208,25.055023776],[121.525640471,25.054994563],[121.525608234,25.054975107],[121.525570278,25.054968369],[121.52553238,25.054975375],[121.52550031,25.054995059],[121.525478951,25.055024424],[121.525471604,25.055061537],[121.525570387,25.057871656]]]}, "properties" : {"section_id" : "ZN5IG00", "section_name" : "林森北路 長春路-民生東路", "travel_speed" : 41, "level_name" : "順暢", "level_color" : "#19FF1C", "data_time" : "2025-12-29 12:48:00+00"}}, {"type" : "Feature", "geometry" : {"type":"Polygon","coordinates":[[[121.524546105,25.048911172],[121.524550774,25.048923916],[121.524572381,25.048953129],[121.524604616,25.048972586],[121.524642571,25.048979324],[121.524680467,25.048972318],[121.524712535,25.048952634],[121.524733893,25.04892327],[121.52474129,25.048888695],[121.524738268,25.048866917],[121.523633366,25.044885522],[121.523628698,25.044872778],[121.523607091,25.044843565],[121.523574858,25.044824108],[121.523536904,25.04481737],[121.52349901,25.044824375],[121.523466942,25.044844059],[121.523445584,25.044873423],[121.523438188,25.044907998],[121.523441209,25.044929776],[121.524546105,25.048911172]]]}, "properties" : {"section_id" : "ZKII640", "section_name" : "林森北路 忠孝東路-長安東路", "travel_speed" : 33, "level_name" : "車多", "level_color" : "#F8C920", "data_time" : "2025-12-29 12:48:00+00"}}, {"type" : "Feature", "geometry" : {"type":"Polygon","coordinates":[[[121.523304605,25.044533408],[121.523308932,25.044544957],[121.523330538,25.04457417],[121.523362772,25.044593627],[121.523400725,25.044600365],[121.52343862,25.04459336],[121.523470687,25.044573676],[121.523492045,25.044544312],[121.523499442,25.044509737],[121.523496079,25.044486764],[121.52184807,25.038872168],[121.521843743,25.038860619],[121.521822138,25.038831406],[121.521789906,25.038811949],[121.521751955,25.03880521],[121.521714062,25.038812215],[121.521681996,25.038831898],[121.521660638,25.038861262],[121.521653241,25.038895837],[121.521656604,25.03891881],[121.523304605,25.044533408]]]}, "properties" : {"section_id" : "ZJMHU00", "section_name" : "林森南路 仁愛路-忠孝東路", "travel_speed" : 49, "level_name" : "順暢", "level_color" : "#19FF1C", "data_time" : "2025-12-29 12:48:00+00"}}, {"type" : "Feature", "geometry" : {"type":"Polygon","coordinates":[[[121.521541463,25.038955376],[121.521537142,25.038943846],[121.521515536,25.038914633],[121.521483305,25.038895176],[121.521445354,25.038888437],[121.52140746,25.038895442],[121.521375394,25.038915125],[121.521354037,25.038944489],[121.52134664,25.038979064],[121.521350008,25.039002056],[121.522995579,25.044603566],[121.5229999,25.044615096],[121.523021507,25.044644309],[121.52305374,25.044663766],[121.523091693,25.044670505],[121.523129588,25.044663499],[121.523161656,25.044643816],[121.523183014,25.044614451],[121.52319041,25.044579876],[121.523187042,25.044556885],[121.521541463,25.038955376]]]}, "properties" : {"section_id" : "ZJCHS40", "section_name" : "林森南路 忠孝東路-仁愛路", "travel_speed" : 35, "level_name" : "順暢", "level_color" : "#19FF1C", "data_time" : "2025-12-29 12:48:00+00"}}, {"type" : "Feature", "geometry" : {"type":"Polygon","coordinates":[[[121.503807813,25.037933675],[121.503807993,25.037933624],[121.503808175,25.037933607],[121.505157039,25.037678287],[121.506361841,25.037459273],[121.506380714,25.037454016],[121.506412782,25.037434336],[121.506434143,25.037404974],[121.506441544,25.0373704],[121.50643386,25.037335878],[121.506412258,25.037306662],[121.506380029,25.037287201],[121.506342079,25.037280458],[121.506323059,25.037282203],[121.505117874,25.037501287],[121.505117496,25.037501392],[121.505117106,25.037501429],[121.50376804,25.037756787],[121.501868759,25.038109541],[121.501850292,25.038114722],[121.501818223,25.038134401],[121.501796861,25.038163762],[121.501789458,25.038198336],[121.501797142,25.038232859],[121.501818742,25.038262076],[121.501850971,25.038281537],[121.501888921,25.038288281],[121.501908348,25.038286462],[121.503807813,25.037933675]]]}, "properties" : {"section_id" : "ZIME520", "section_name" : "桂林路 康定路-中華路", "travel_speed" : 44, "level_name" : "順暢", "level_color" : "#19FF1C", "data_time" : "2025-12-29 12:48:00+00"}}, {"type" : "Feature", "geometry" : {"type":"Polygon","coordinates":[[[121.505223519,25.037727881],[121.505223168,25.037727979],[121.505222811,25.037728014],[121.504273272,25.03790868],[121.503855084,25.037985562],[121.50295151,25.038148923],[121.501896738,25.038336222],[121.501877435,25.038341556],[121.501845365,25.038361234],[121.501824003,25.038390596],[121.501816601,25.03842517],[121.501824285,25.038459693],[121.501845885,25.038488909],[121.501878114,25.038508371],[121.501916064,25.038515115],[121.501934654,25.038513448],[121.502989592,25.038326118],[121.502989749,25.038326075],[121.502989922,25.038326059],[121.503893819,25.03816264],[121.50389397,25.038162598],[121.503894132,25.038162583],[121.504312805,25.038085612],[121.504313131,25.038085521],[121.504313461,25.038085489],[121.505262975,25.037904828],[121.506258205,25.037722352],[121.506276918,25.037717125],[121.506308986,25.037697446],[121.506330347,25.037668084],[121.506337748,25.037633509],[121.506330063,25.037598987],[121.506308462,25.037569771],[121.506276233,25.03755031],[121.506238283,25.037543567],[121.506219102,25.037545341],[121.505223519,25.037727881]]]}, "properties" : {"section_id" : "ZIME560", "section_name" : "桂林路 中華路-康定路", "travel_speed" : 47, "level_name" : "順暢", "level_color" : "#19FF1C", "data_time" : "2025-12-29 12:48:00+00"}}, {"type" : "Feature", "geometry" : {"type":"Polygon","coordinates":[[[121.556704216,25.076977374],[121.556704218,25.076977374],[121.556704219,25.076977374],[121.557203728,25.076964995],[121.557204166,25.076964909],[121.557210066,25.076964652],[121.557836738,25.07691241],[121.55784154,25.076911321],[121.557850702,25.076910322],[121.558736894,25.076717797],[121.559869105,25.076485176],[121.55987182,25.076484386],[121.559873498,25.076484177],[121.56088013,25.076232842],[121.561534064,25.076101479],[121.562341904,25.075984239],[121.563129999,25.075947683],[121.563813641,25.075960269],[121.56381462,25.075960099],[121.563815672,25.075960287],[121.564387164,25.07596014],[121.564896245,25.076042779],[121.565764146,25.076332757],[121.566371202,25.076552087],[121.56637202,25.076552228],[121.566372655,25.0765526],[121.56683296,25.076711324],[121.566835264,25.076711703],[121.566836814,25.076712571],[121.567482944,25.076908014],[121.567483346,25.076908073],[121.567485047,25.076908627],[121.568214348,25.077112913],[121.568243905,25.077116901],[121.568281807,25.077109884],[121.568313875,25.077090191],[121.568335228,25.07706082],[121.568342614,25.077026243],[121.568334909,25.076991724],[121.568313286,25.076962518],[121.568281037,25.076943072],[121.568272629,25.076940333],[121.567544384,25.076736343],[121.566901245,25.076541804],[121.566443583,25.076383991],[121.565836051,25.076164489],[121.565834679,25.076164253],[121.565833638,25.07616365],[121.564956351,25.075870537],[121.564953445,25.075870072],[121.564939604,25.075866414],[121.564413309,25.07578098],[121.564396196,25.075779635],[121.564395887,25.07577958],[121.563816631,25.075779729],[121.563130481,25.075767097],[121.563126856,25.075767726],[121.563123435,25.075767195],[121.562326512,25.075804161],[121.562324813,25.075804514],[121.562315955,25.075805169],[121.561499975,25.07592359],[121.561497368,25.075924266],[121.561494222,25.075924584],[121.560834986,25.076057012],[121.560832008,25.076057872],[121.560830128,25.076058106],[121.559823267,25.076309499],[121.558692673,25.076541787],[121.558692006,25.076541981],[121.558691486,25.076542038],[121.557811602,25.076733192],[121.557195159,25.076784582],[121.556698829,25.076796883],[121.556698828,25.076796883],[121.556198598,25.076809266],[121.556162981,25.076816248],[121.55613091,25.076835938],[121.556109555,25.076865307],[121.556102166,25.076899884],[121.556109867,25.076934403],[121.556131487,25.076963611],[121.556163734,25.076983061],[121.556203984,25.076989758],[121.556704216,25.076977374]]]}, "properties" : {"section_id" : "ZRKQZ20", "section_name" : "樂群一路 敬業三路-堤頂大道", "travel_speed" : 63, "level_name" : "順暢", "level_color" : "#19FF1C", "data_time" : "2025-12-29 12:48:00+00"}}, {"type" : "Feature", "geometry" : {"type":"Polygon","coordinates":[[[121.546164785,25.057577228],[121.546164934,25.0575772],[121.546165078,25.057577224],[121.547436327,25.057560605],[121.548760074,25.057555719],[121.548797971,25.057548707],[121.548830038,25.057529018],[121.548851392,25.05749965],[121.548858782,25.057465074],[121.548851084,25.057430554],[121.548829469,25.057401345],[121.548797228,25.057381894],[121.54875927,25.057375162],[121.547435014,25.05738005],[121.547434497,25.057380145],[121.547433992,25.057380058],[121.54616238,25.057396682],[121.544379422,25.057415171],[121.544342253,25.057422177],[121.544310186,25.057441865],[121.544288831,25.057471232],[121.544281439,25.057505808],[121.544289136,25.057540329],[121.54431075,25.057569538],[121.54434299,25.057588991],[121.544381677,25.057595718],[121.546164785,25.057577228]]]}, "properties" : {"section_id" : "ZMYN820", "section_name" : "民生東路 復興北路-敦化北路", "travel_speed" : 49, "level_name" : "順暢", "level_color" : "#19FF1C", "data_time" : "2025-12-29 12:48:00+00"}}, {"type" : "Feature", "geometry" : {"type":"Polygon","coordinates":[[[121.535639906,25.010616712],[121.535655549,25.010624093],[121.535693492,25.010630829],[121.535731376,25.01062382],[121.535763433,25.010604134],[121.535784782,25.010574768],[121.535792173,25.010540192],[121.535784482,25.010505671],[121.535762879,25.01047646],[121.535746296,25.010464386],[121.52720123,25.005508145],[121.527185588,25.005500764],[121.527147646,25.005494026],[121.527109764,25.005501032],[121.527077707,25.005520716],[121.527056357,25.005550081],[121.527048963,25.005584656],[121.527056652,25.005619178],[121.527078252,25.005648391],[121.527094834,25.005660465],[121.535639906,25.010616712]]]}, "properties" : {"section_id" : "ZCNKM20", "section_name" : "福和橋(往東)", "travel_speed" : 26, "level_name" : "車多", "level_color" : "#F8C920", "data_time" : "2025-12-29 12:48:00+00"}}, {"type" : "Feature", "geometry" : {"type":"Polygon","coordinates":[[[121.567421946,25.076997049],[121.567421853,25.076997036],[121.567421797,25.076997004],[121.566777608,25.076802147],[121.566319945,25.076644334],[121.565712413,25.076424832],[121.56571104,25.076424596],[121.565709999,25.076423993],[121.564832711,25.076130878],[121.564829805,25.076130414],[121.564815964,25.076126756],[121.564289668,25.076041322],[121.564272555,25.076039976],[121.564272246,25.076039921],[121.563692989,25.07604007],[121.563006838,25.076027437],[121.563003212,25.076028067],[121.562999792,25.076027536],[121.562202866,25.076064501],[121.562201167,25.076064853],[121.562192309,25.076065509],[121.561376327,25.076183929],[121.561373721,25.076184605],[121.561370575,25.076184923],[121.560711337,25.076317351],[121.560708359,25.07631821],[121.560706479,25.076318445],[121.559699616,25.076569836],[121.558569019,25.076802124],[121.558568352,25.076802318],[121.558567832,25.076802375],[121.557687946,25.076993528],[121.557071501,25.077044918],[121.556575371,25.077057213],[121.556311046,25.077062775],[121.556275025,25.077069766],[121.556242955,25.077089456],[121.556221599,25.077118825],[121.55621421,25.077153401],[121.556221911,25.077187921],[121.556243532,25.077217129],[121.556275779,25.077236578],[121.556315625,25.077243285],[121.556580154,25.077237719],[121.556580367,25.077237677],[121.55658056,25.077237709],[121.55708007,25.07722533],[121.557080508,25.077225245],[121.557086409,25.077224988],[121.557713082,25.077172746],[121.557717883,25.077171657],[121.557727046,25.077170658],[121.55861324,25.076978134],[121.559745453,25.076745514],[121.559748168,25.076744724],[121.559749847,25.076744515],[121.560756481,25.07649318],[121.561410416,25.076361818],[121.562218258,25.076244579],[121.563006355,25.076208023],[121.563689998,25.07622061],[121.563690977,25.07622044],[121.563692029,25.076220628],[121.564263523,25.076220481],[121.564772605,25.076303121],[121.565640507,25.076593099],[121.566247564,25.07681243],[121.566248382,25.07681257],[121.566249018,25.076812943],[121.566709323,25.076971667],[121.566711627,25.076972047],[121.566713178,25.076972914],[121.567359234,25.077168336],[121.56792101,25.077339162],[121.567952819,25.077343808],[121.567990721,25.077336791],[121.56802279,25.077317098],[121.568044142,25.077287728],[121.568051528,25.077253151],[121.568043823,25.077218632],[121.5680222,25.077189426],[121.567983796,25.077167898],[121.567421946,25.076997049]]]}, "properties" : {"section_id" : "ZSDPM60", "section_name" : "樂群一路 堤頂大道-敬業三路", "travel_speed" : 61, "level_name" : "順暢", "level_color" : "#19FF1C", "data_time" : "2025-12-29 12:48:00+00"}}, {"type" : "Feature", "geometry" : {"type":"Polygon","coordinates":[[[121.524782058,25.068177012],[121.52478158,25.068176932],[121.523142651,25.068218547],[121.523107127,25.068225518],[121.523075053,25.068245202],[121.523053691,25.068274566],[121.523046293,25.068309141],[121.523053985,25.068343662],[121.523075596,25.068372875],[121.523107835,25.068392332],[121.523148174,25.068399036],[121.524786605,25.068357434],[121.525730165,25.068342159],[121.525730531,25.068342089],[121.525730867,25.068342145],[121.527605825,25.068299663],[121.527641648,25.068292684],[121.52767372,25.068273],[121.527695081,25.068243634],[121.527702478,25.06820906],[121.527694785,25.068174538],[121.527673173,25.068145326],[121.527640933,25.06812587],[121.527600893,25.06811916],[121.52572629,25.068161634],[121.524782582,25.068176912],[121.524782058,25.068177012]]]}, "properties" : {"section_id" : "ZQEIH20", "section_name" : "民族東路 中山北路-新生北路", "travel_speed" : 47, "level_name" : "順暢", "level_color" : "#19FF1C", "data_time" : "2025-12-29 12:48:00+00"}}, {"type" : "Feature", "geometry" : {"type":"Polygon","coordinates":[[[121.53440423,25.068116556],[121.534405674,25.068116289],[121.534407021,25.06811651],[121.53626741,25.068062064],[121.538337806,25.068054571],[121.539570391,25.068050096],[121.539570917,25.068049999],[121.539571431,25.068050087],[121.540859414,25.068033093],[121.540859737,25.068033031],[121.540868737,25.068032569],[121.54161284,25.06795856],[121.541627502,25.067955111],[121.541635311,25.067953869],[121.542119793,25.067796837],[121.542121952,25.067795589],[121.54212486,25.067795051],[121.542143654,25.067785582],[121.543098185,25.067172984],[121.543102003,25.067170045],[121.543104012,25.067168943],[121.544162642,25.066376806],[121.544170091,25.066370628],[121.544191448,25.066341261],[121.54419884,25.066306685],[121.544191143,25.066272165],[121.544169527,25.066242955],[121.544137285,25.066223503],[121.544099324,25.06621677],[121.544061424,25.066223781],[121.544036804,25.066237291],[121.542981006,25.067027308],[121.542040555,25.067630869],[121.541579783,25.067780216],[121.540851866,25.067852615],[121.53956908,25.06786954],[121.538337017,25.067874013],[121.536265228,25.067881512],[121.536263784,25.067881778],[121.536262437,25.067881557],[121.534402051,25.067936004],[121.533774041,25.067938263],[121.53373614,25.067945271],[121.533704068,25.067964957],[121.533682709,25.067994323],[121.533675314,25.068028898],[121.533683009,25.068063419],[121.533704622,25.06809263],[121.533736863,25.068112085],[121.533774824,25.06811882],[121.53440423,25.068116556]]]}, "properties" : {"section_id" : "ZQDLJ20", "section_name" : "民族東路 松江路-復興北路", "travel_speed" : 57, "level_name" : "順暢", "level_color" : "#19FF1C", "data_time" : "2025-12-29 12:48:00+00"}}, {"type" : "Feature", "geometry" : {"type":"Polygon","coordinates":[[[121.525744459,25.068533133],[121.525744796,25.068533189],[121.527619756,25.068490708],[121.527655579,25.068483728],[121.527687652,25.068464044],[121.527709012,25.068434679],[121.527716409,25.068400104],[121.527708716,25.068365582],[121.527687105,25.06833637],[121.527654864,25.068316914],[121.527614825,25.068310204],[121.525740218,25.068352678],[121.524796508,25.068367956],[121.524795985,25.068368056],[121.524795507,25.068367977],[121.523156575,25.068409592],[121.523121051,25.068416563],[121.523088978,25.068436246],[121.523067616,25.068465611],[121.523060217,25.068500185],[121.523067909,25.068534707],[121.52308952,25.06856392],[121.52312176,25.068583377],[121.523162098,25.068590081],[121.524800532,25.068548479],[121.525744093,25.068533203],[121.525744459,25.068533133]]]}, "properties" : {"section_id" : "ZQFHV60", "section_name" : "民族東路 新生北路-中山北路", "travel_speed" : 47, "level_name" : "順暢", "level_color" : "#19FF1C", "data_time" : "2025-12-29 12:48:00+00"}}, {"type" : "Feature", "geometry" : {"type":"Polygon","coordinates":[[[121.510844828,25.068624749],[121.510845642,25.068624592],[121.510846367,25.06862471],[121.51371667,25.068531988],[121.51588524,25.068488984],[121.518210445,25.068457221],[121.51824724,25.068450226],[121.518279314,25.068430544],[121.518300677,25.06840118],[121.518308077,25.068366606],[121.518300387,25.068332084],[121.518278777,25.06830287],[121.518246538,25.068283412],[121.51820747,25.068276682],[121.515881932,25.068308449],[121.515881584,25.068308515],[121.51588126,25.06830846],[121.513711678,25.068351485],[121.513710958,25.068351624],[121.51371032,25.06835152],[121.510840112,25.068444239],[121.50922992,25.068473427],[121.509193615,25.068480412],[121.50916154,25.068500093],[121.509140174,25.068529455],[121.509132772,25.068564029],[121.50914046,25.068598552],[121.509162067,25.068627767],[121.509194305,25.068647226],[121.509233863,25.068653951],[121.510844828,25.068624749]]]}, "properties" : {"section_id" : "ZQGGJ20", "section_name" : "民族西路 環河北路-承德路", "travel_speed" : 42, "level_name" : "順暢", "level_color" : "#19FF1C", "data_time" : "2025-12-29 12:48:00+00"}}, {"type" : "Feature", "geometry" : {"type":"Polygon","coordinates":[[[121.515882825,25.068521454],[121.515882476,25.06852152],[121.515882152,25.068521466],[121.513712566,25.06856449],[121.513711846,25.06856463],[121.513711209,25.068564526],[121.510840996,25.068657245],[121.509230801,25.068686433],[121.509194496,25.068693418],[121.50916242,25.068713098],[121.509141055,25.068742461],[121.509133653,25.068777035],[121.50914134,25.068811557],[121.509162948,25.068840772],[121.509195186,25.068860232],[121.509234744,25.068866957],[121.510845711,25.068837754],[121.510846526,25.068837598],[121.510847251,25.068837716],[121.513717559,25.068744994],[121.515886132,25.068701989],[121.518211341,25.068670226],[121.518248136,25.068663231],[121.518280211,25.068643549],[121.518301574,25.068614185],[121.518308973,25.068579611],[121.518301283,25.068545089],[121.518279673,25.068515875],[121.518247434,25.068496418],[121.518208367,25.068489687],[121.515882825,25.068521454]]]}, "properties" : {"section_id" : "ZQGFY60", "section_name" : "民族西路 承德路-環河北路", "travel_speed" : 45, "level_name" : "順暢", "level_color" : "#19FF1C", "data_time" : "2025-12-29 12:48:00+00"}}, {"type" : "Feature", "geometry" : {"type":"Polygon","coordinates":[[[121.518581481,25.068485343],[121.518544976,25.068492334],[121.518512902,25.068512016],[121.518491539,25.06854138],[121.518484139,25.068575955],[121.51849183,25.068610477],[121.518513439,25.06863969],[121.518545678,25.068659148],[121.518585036,25.068665874],[121.522585266,25.068600478],[121.522621771,25.068593487],[121.522653844,25.068573804],[121.522675206,25.068544439],[121.522682605,25.068509864],[121.522674913,25.068475343],[121.522653303,25.06844613],[121.522621063,25.068426673],[121.522581705,25.068419948],[121.518581481,25.068485343]]]}, "properties" : {"section_id" : "ZQFHC20", "section_name" : "民族西路 中山北路-承德路", "travel_speed" : 48, "level_name" : "順暢", "level_color" : "#19FF1C", "data_time" : "2025-12-29 12:48:00+00"}}, {"type" : "Feature", "geometry" : {"type":"Polygon","coordinates":[[[121.533054854,25.062369197],[121.533090129,25.06236223],[121.533122199,25.062342544],[121.533143557,25.062313178],[121.533150952,25.062278603],[121.533143258,25.062244082],[121.533121646,25.06221487],[121.533089407,25.062195416],[121.533048823,25.062188721],[121.5279612,25.062329692],[121.527925925,25.062336658],[121.527893854,25.062356342],[121.527872494,25.062385707],[121.527865098,25.062420282],[121.527872791,25.062454804],[121.527894401,25.062484016],[121.52792664,25.062503472],[121.527967224,25.062510168],[121.533054854,25.062369197]]]}, "properties" : {"section_id" : "ZP6JY20", "section_name" : "民權東路 新生北路-松江路", "travel_speed" : 43, "level_name" : "順暢", "level_color" : "#19FF1C", "data_time" : "2025-12-29 12:48:00+00"}}, {"type" : "Feature", "geometry" : {"type":"Polygon","coordinates":[[[121.536665499,25.062282977],[121.536700792,25.062276009],[121.536732862,25.062256322],[121.536754219,25.062226956],[121.536761613,25.062192381],[121.536753918,25.06215786],[121.536732305,25.062128649],[121.536700065,25.062109195],[121.536659499,25.062102501],[121.533369563,25.06219321],[121.53333427,25.062200178],[121.5333022,25.062219864],[121.533280842,25.06224923],[121.533273447,25.062283805],[121.533281141,25.062318326],[121.533302753,25.062347537],[121.533334993,25.062366992],[121.533375559,25.062373687],[121.536665499,25.062282977]]]}, "properties" : {"section_id" : "ZP5KR20", "section_name" : "民權東路 松江路-建國北路", "travel_speed" : 30, "level_name" : "車多", "level_color" : "#F8C920", "data_time" : "2025-12-29 12:48:00+00"}}, {"type" : "Feature", "geometry" : {"type":"Polygon","coordinates":[[[121.527975439,25.062592395],[121.527940164,25.062599361],[121.527908092,25.062619045],[121.527886732,25.06264841],[121.527879336,25.062682986],[121.527887029,25.062717507],[121.527908639,25.062746719],[121.527940878,25.062766175],[121.527981462,25.062772871],[121.533069103,25.062631899],[121.533104378,25.062624932],[121.533136448,25.062605247],[121.533157806,25.062575881],[121.533165202,25.062541306],[121.533157508,25.062506784],[121.533135895,25.062477573],[121.533103656,25.062458118],[121.533063072,25.062451424],[121.527975439,25.062592395]]]}, "properties" : {"section_id" : "ZP6IV60", "section_name" : "民權東路 松江路-新生北路", "travel_speed" : 46, "level_name" : "順暢", "level_color" : "#19FF1C", "data_time" : "2025-12-29 12:48:00+00"}}, {"type" : "Feature", "geometry" : {"type":"Polygon","coordinates":[[[121.533438987,25.062451887],[121.53340251,25.062458881],[121.533370439,25.062478567],[121.533349081,25.062507933],[121.533341686,25.062542508],[121.53334938,25.062577029],[121.533370992,25.06260624],[121.533403232,25.062625695],[121.533442614,25.062632416],[121.536679443,25.062578429],[121.53671592,25.062571434],[121.53674799,25.062551748],[121.536769347,25.062522382],[121.536776741,25.062487807],[121.536769046,25.062453286],[121.536747433,25.062424075],[121.536715193,25.062404621],[121.536675811,25.0623979],[121.533438987,25.062451887]]]}, "properties" : {"section_id" : "ZP6JY60", "section_name" : "民權東路 建國北路-松江路", "travel_speed" : 42, "level_name" : "順暢", "level_color" : "#19FF1C", "data_time" : "2025-12-29 12:48:00+00"}}, {"type" : "Feature", "geometry" : {"type":"Polygon","coordinates":[[[121.540573047,25.062018427],[121.540572123,25.062018267],[121.537350064,25.062057116],[121.537313082,25.062064118],[121.537281013,25.062083805],[121.537259655,25.062113171],[121.537252261,25.062147746],[121.537259956,25.062182267],[121.537281569,25.062211478],[121.53731381,25.062230932],[121.537352686,25.062237659],[121.540573826,25.062198822],[121.544013276,25.062215654],[121.544052104,25.062208644],[121.544084173,25.062188956],[121.544105529,25.062159589],[121.544112921,25.062125013],[121.544105223,25.062090492],[121.544083609,25.062061282],[121.544051368,25.06204183],[121.544014338,25.062035098],[121.54057397,25.062018261],[121.540573047,25.062018427]]]}, "properties" : {"section_id" : "ZNZM920", "section_name" : "民權東路 建國北路-復興北路", "travel_speed" : 72, "level_name" : "順暢", "level_color" : "#19FF1C", "data_time" : "2025-12-29 12:48:00+00"}}, {"type" : "Feature", "geometry" : {"type":"Polygon","coordinates":[[[121.544597899,25.061990206],[121.544600479,25.061989822],[121.544603794,25.061990437],[121.54491122,25.061994133],[121.54491633,25.061993229],[121.544920648,25.061993837],[121.545489485,25.061951243],[121.545947041,25.061934595],[121.546379906,25.061928784],[121.546884134,25.061936863],[121.546887102,25.061936344],[121.546889957,25.061936801],[121.547292984,25.061921676],[121.547645339,25.061921499],[121.547645512,25.061921467],[121.547645686,25.061921498],[121.547654802,25.061921082],[121.548000802,25.061890676],[121.548002959,25.061890182],[121.548008334,25.061889748],[121.548488832,25.061813322],[121.548539014,25.061805674],[121.54854058,25.061805262],[121.548542532,25.061805078],[121.549199642,25.061682563],[121.549644196,25.061600055],[121.550024169,25.061536288],[121.550029436,25.061534859],[121.550033151,25.061534384],[121.550398945,25.061440275],[121.550410306,25.061436661],[121.550442373,25.061416972],[121.550463727,25.061387604],[121.550471118,25.061353028],[121.550463419,25.061318507],[121.550441803,25.061289298],[121.550409561,25.061269848],[121.550371601,25.061263116],[121.550345064,25.061266515],[121.549983712,25.06135948],[121.549607362,25.061422639],[121.549606507,25.061422871],[121.549605532,25.061422962],[121.549160022,25.061505648],[121.549159978,25.06150566],[121.549159934,25.061505664],[121.548504534,25.06162786],[121.548455771,25.061635292],[121.548455487,25.061635367],[121.548455079,25.0616354],[121.547977981,25.061711285],[121.547640487,25.061740942],[121.547290861,25.061741118],[121.547288763,25.061741503],[121.547286836,25.061741195],[121.546884707,25.061756286],[121.54638179,25.061748228],[121.546380212,25.061748504],[121.546378586,25.061748224],[121.545942872,25.061754073],[121.545941552,25.061754324],[121.545940376,25.061754135],[121.545479488,25.061770904],[121.545477102,25.061771386],[121.545475323,25.061771135],[121.544909114,25.061813533],[121.544609362,25.061809929],[121.544441798,25.061798806],[121.544396297,25.06180558],[121.544364228,25.061825267],[121.544342873,25.061854635],[121.544335481,25.06188921],[121.544343178,25.061923731],[121.544364793,25.061952941],[121.544397034,25.061972393],[121.544427391,25.061978888],[121.544597899,25.061990206]]]}, "properties" : {"section_id" : "ZNUNJ20", "section_name" : "民權東路 復興北路-敦化北路", "travel_speed" : 42, "level_name" : "順暢", "level_color" : "#19FF1C", "data_time" : "2025-12-29 12:48:00+00"}}, {"type" : "Feature", "geometry" : {"type":"Polygon","coordinates":[[[121.540588497,25.062340678],[121.540587882,25.062340789],[121.540587257,25.062340679],[121.537290224,25.062362042],[121.537252634,25.06236905],[121.537220565,25.062388736],[121.537199207,25.062418102],[121.537191813,25.062452678],[121.537199509,25.062487199],[121.537221122,25.062516409],[121.537253362,25.062535863],[121.537291631,25.062542596],[121.540588049,25.062521237],[121.544027812,25.062538071],[121.54406664,25.06253106],[121.544098709,25.062511373],[121.544120065,25.062482005],[121.544127457,25.06244743],[121.54411976,25.062412909],[121.544098145,25.062383699],[121.544065904,25.062364247],[121.544028874,25.062357515],[121.540588497,25.062340678]]]}, "properties" : {"section_id" : "ZP5KR60", "section_name" : "民權東路 松江路-建國北路", "travel_speed" : 47, "level_name" : "順暢", "level_color" : "#19FF1C", "data_time" : "2025-12-29 12:48:00+00"}}, {"type" : "Feature", "geometry" : {"type":"Polygon","coordinates":[[[121.550040272,25.061846326],[121.550041959,25.061846156],[121.550573382,25.0617399],[121.550590432,25.061734986],[121.5506225,25.061715297],[121.550643854,25.061685928],[121.550651244,25.061651352],[121.550643545,25.061616832],[121.550621929,25.061587624],[121.550589687,25.061568173],[121.550551727,25.061561441],[121.550530879,25.06156354],[121.550001098,25.061669468],[121.549621859,25.061733112],[121.549621004,25.061733344],[121.549620029,25.061733435],[121.549174518,25.061816121],[121.549174475,25.061816133],[121.54917443,25.061816137],[121.548519029,25.061938333],[121.548470266,25.061945765],[121.548469981,25.06194584],[121.548469573,25.061945873],[121.547992474,25.062021758],[121.547654979,25.062051416],[121.547305353,25.062051592],[121.547303255,25.062051976],[121.547301327,25.062051668],[121.546899198,25.062066759],[121.54639628,25.062058701],[121.546394701,25.062058977],[121.546393076,25.062058697],[121.54595736,25.062064546],[121.545956041,25.062064797],[121.545954865,25.062064608],[121.545493975,25.062081377],[121.545491589,25.062081859],[121.54548981,25.062081609],[121.5449236,25.062124006],[121.544620896,25.062120367],[121.544620061,25.062120515],[121.544619188,25.06212036],[121.544582407,25.062126952],[121.544386044,25.062199332],[121.544352858,25.062219439],[121.544331502,25.062248806],[121.54432411,25.062283382],[121.544331808,25.062317903],[121.544353422,25.062347113],[121.544385664,25.062366565],[121.544423623,25.062373298],[121.544460405,25.062366706],[121.544638252,25.06230115],[121.544925706,25.062304606],[121.544930815,25.062303703],[121.544935134,25.062304311],[121.545503972,25.062261716],[121.545961529,25.062245069],[121.546394395,25.062239258],[121.546898624,25.062247337],[121.546901593,25.062246818],[121.546904447,25.062247274],[121.547307476,25.06223215],[121.547659832,25.062231972],[121.547660004,25.06223194],[121.547660178,25.062231971],[121.547669295,25.062231555],[121.548015296,25.062201149],[121.548017453,25.062200655],[121.548022827,25.062200221],[121.548503327,25.062123795],[121.548553509,25.062116147],[121.548555074,25.062115735],[121.548557027,25.062115551],[121.549214139,25.061993036],[121.549658694,25.061910528],[121.550038668,25.061846761],[121.550040272,25.061846326]]]}, "properties" : {"section_id" : "ZNZM960", "section_name" : "民權東路 光復北路-敦化北路", "travel_speed" : 45, "level_name" : "順暢", "level_color" : "#19FF1C", "data_time" : "2025-12-29 12:48:00+00"}}, {"type" : "Feature", "geometry" : {"type":"Polygon","coordinates":[[[121.551426789,25.061445432],[121.551430151,25.061445658],[121.551431616,25.061445992],[121.551835233,25.061483662],[121.551835593,25.061483678],[121.551835717,25.061483706],[121.552421839,25.061535759],[121.553014743,25.061617768],[121.553016548,25.061617888],[121.553017483,25.061618111],[121.553488368,25.061671042],[121.553488409,25.061671044],[121.553488427,25.061671048],[121.553891721,25.061716156],[121.554419857,25.061798654],[121.554437016,25.061799952],[121.554474914,25.061792938],[121.55450698,25.061773248],[121.554528334,25.061743879],[121.554535723,25.061709303],[121.554528023,25.061674783],[121.554506406,25.061645575],[121.554474163,25.061626125],[121.554453362,25.061620693],[121.553922899,25.061537831],[121.553919905,25.061537605],[121.553918225,25.061537205],[121.553512617,25.061491839],[121.553043135,25.061439066],[121.552448977,25.061356884],[121.552445258,25.061356635],[121.552443715,25.061356287],[121.551855196,25.061304021],[121.551454243,25.0612666],[121.551076876,25.061214223],[121.551061541,25.061213194],[121.551023643,25.061220206],[121.550991576,25.061239896],[121.550970222,25.061269264],[121.550962832,25.06130384],[121.550970531,25.06133836],[121.550992147,25.061367569],[121.551024389,25.06138702],[121.551047015,25.061392721],[121.551426789,25.061445432]]]}, "properties" : {"section_id" : "ZNXPC20", "section_name" : "民權東路 敦化北路-光復北路", "travel_speed" : 45, "level_name" : "順暢", "level_color" : "#19FF1C", "data_time" : "2025-12-29 12:48:00+00"}}, {"type" : "Feature", "geometry" : {"type":"Polygon","coordinates":[[[121.555615288,25.061663391],[121.55561444,25.06166322],[121.55472275,25.061624286],[121.5546797,25.061631197],[121.554647633,25.061650887],[121.55462628,25.061680256],[121.554618891,25.061714832],[121.554626591,25.061749352],[121.554648208,25.06177856],[121.554680451,25.06179801],[121.554713258,25.061804638],[121.555602154,25.061843449],[121.556309758,25.06191094],[121.556317611,25.061911299],[121.55631823,25.061911416],[121.556894281,25.061921207],[121.557552342,25.061997554],[121.55755274,25.061997576],[121.557552924,25.06199762],[121.558331939,25.062083736],[121.559132798,25.062208379],[121.559136397,25.062208651],[121.559138275,25.062209089],[121.559877791,25.062285808],[121.560745256,25.062420552],[121.560748128,25.062420768],[121.560749746,25.062421153],[121.561595886,25.06251651],[121.562197804,25.062621746],[121.562202492,25.062622143],[121.562205205,25.062622778],[121.562849996,25.062690066],[121.56334161,25.062778682],[121.563342978,25.062778801],[121.563344165,25.062779111],[121.564510491,25.062960552],[121.564511861,25.062960655],[121.564512769,25.062960881],[121.565327536,25.063069919],[121.565333096,25.063070278],[121.565334806,25.063070644],[121.565857858,25.063105042],[121.565903308,25.063098259],[121.565935374,25.063078567],[121.565956724,25.063049196],[121.56596411,25.06301462],[121.565956407,25.0629801],[121.565934787,25.062950894],[121.565902542,25.062931446],[121.565872133,25.062924953],[121.565352731,25.062890794],[121.564542726,25.062782393],[121.563378818,25.062601329],[121.562884524,25.06251223],[121.562879537,25.062511794],[121.562876564,25.062511099],[121.562231491,25.062443781],[121.561630014,25.062338622],[121.561625999,25.062338282],[121.5616235,25.062337687],[121.56077634,25.062242215],[121.559908403,25.062107398],[121.559904822,25.062107128],[121.559902956,25.062106693],[121.559163457,25.062029976],[121.558362959,25.061905388],[121.5583599,25.061905157],[121.558358206,25.061904756],[121.557577097,25.061818409],[121.556914011,25.061741479],[121.556904178,25.061740929],[121.556903337,25.061740771],[121.556326177,25.061730961],[121.555620017,25.061663607],[121.555615288,25.061663391]]]}, "properties" : {"section_id" : "ZP5QG20", "section_name" : "民權東路 光復北路-撫遠街", "travel_speed" : 43, "level_name" : "順暢", "level_color" : "#19FF1C", "data_time" : "2025-12-29 12:48:00+00"}}, {"type" : "Feature", "geometry" : {"type":"Polygon","coordinates":[[[121.553270123,25.061951518],[121.553270796,25.061951669],[121.554426851,25.06205087],[121.554436553,25.062051267],[121.554474452,25.062044254],[121.554506518,25.062024564],[121.554527872,25.061995195],[121.55453526,25.061960619],[121.55452756,25.061926099],[121.554505944,25.061896891],[121.554473701,25.061877441],[121.554445443,25.061871108],[121.553290672,25.061772016],[121.55107543,25.061528807],[121.551063165,25.061528159],[121.551025266,25.061535172],[121.550993199,25.061554861],[121.550971845,25.061584229],[121.550964455,25.061618805],[121.550972154,25.061653326],[121.55099377,25.061682534],[121.551026012,25.061701985],[121.551051707,25.061708068],[121.553268232,25.061951418],[121.553270123,25.061951518]]]}, "properties" : {"section_id" : "ZNUNJ60", "section_name" : "民權東路 光復北路-敦化北路", "travel_speed" : 52, "level_name" : "順暢", "level_color" : "#19FF1C", "data_time" : "2025-12-29 12:48:00+00"}}, {"type" : "Feature", "geometry" : {"type":"Polygon","coordinates":[[[121.560117891,25.06262886],[121.560117994,25.062628886],[121.56573437,25.06334372],[121.5657485,25.063344587],[121.565786397,25.063337571],[121.565818462,25.063317878],[121.565839813,25.063288508],[121.565847199,25.063253931],[121.565839496,25.063219412],[121.565817876,25.063190206],[121.565785631,25.063170758],[121.565761799,25.063164898],[121.560145574,25.062450084],[121.558767696,25.06227094],[121.558767668,25.062270936],[121.556887187,25.062025912],[121.556881262,25.062025539],[121.556879627,25.062025195],[121.554678747,25.061893907],[121.554633964,25.061900729],[121.554601898,25.061920419],[121.554580545,25.061949788],[121.554573156,25.061984364],[121.554580856,25.062018884],[121.554602473,25.062048092],[121.554634716,25.062067542],[121.554665791,25.06207408],[121.556862879,25.062205141],[121.558739627,25.062449679],[121.558739645,25.06244968],[121.558739656,25.062449683],[121.560117708,25.062628849],[121.560117891,25.06262886]]]}, "properties" : {"section_id" : "ZNXPC60", "section_name" : "民權東路 撫遠街-光復北路", "travel_speed" : 45, "level_name" : "順暢", "level_color" : "#19FF1C", "data_time" : "2025-12-29 12:48:00+00"}}, {"type" : "Feature", "geometry" : {"type":"Polygon","coordinates":[[[121.584842248,25.068744486],[121.584852302,25.068745334],[121.584855302,25.068745952],[121.585375715,25.068772668],[121.585376116,25.068772605],[121.585376645,25.068772711],[121.58594643,25.068797073],[121.585946556,25.068797053],[121.585946718,25.068797085],[121.586455065,25.068817471],[121.586954904,25.068851896],[121.586955278,25.068851908],[121.586955366,25.068851927],[121.587567504,25.068891461],[121.587569283,25.068891194],[121.58757164,25.068891649],[121.588241789,25.068909354],[121.588242763,25.068909189],[121.588243858,25.068909389],[121.589002486,25.068914999],[121.589003095,25.06891489],[121.589003723,25.068915002],[121.589012573,25.068914606],[121.589502384,25.068872644],[121.590019696,25.068851966],[121.590020146,25.068851874],[121.590023773,25.068851726],[121.590445598,25.068818955],[121.590475504,25.068812258],[121.590507567,25.06879256],[121.590528913,25.068763187],[121.590529094,25.068762338],[121.590529586,25.068761646],[121.590578168,25.068647553],[121.590584873,25.068614516],[121.590577162,25.068579998],[121.590555536,25.068550795],[121.590523286,25.068531353],[121.590485322,25.068524632],[121.590447424,25.068531655],[121.590415362,25.068551352],[121.590393342,25.068582266],[121.590367124,25.068643839],[121.590008962,25.068671663],[121.58949122,25.068692359],[121.589490661,25.068692473],[121.589486284,25.068692669],[121.588999041,25.06873441],[121.588246502,25.068728845],[121.587579459,25.068711222],[121.58696962,25.068671837],[121.586468458,25.06863732],[121.586465753,25.068637232],[121.586465343,25.06863715],[121.585955582,25.068616708],[121.585386406,25.068592372],[121.584873039,25.068566019],[121.584387171,25.068481321],[121.58436811,25.068479712],[121.584330211,25.068486733],[121.584298148,25.06850643],[121.584276801,25.068535802],[121.58426942,25.06857038],[121.584277129,25.068604898],[121.584298754,25.068634102],[121.584331003,25.068653545],[121.584349905,25.068658659],[121.584842248,25.068744486]]]}, "properties" : {"section_id" : "ZQKWL20", "section_name" : "民權東往東 瑞光路-成功路", "travel_speed" : 41, "level_name" : "順暢", "level_color" : "#19FF1C", "data_time" : "2025-12-29 12:48:00+00"}}, {"type" : "Feature", "geometry" : {"type":"Polygon","coordinates":[[[121.591234847,25.068734648],[121.591236441,25.068735651],[121.591237648,25.068737281],[121.591269898,25.068756722],[121.591307862,25.068763443],[121.591310282,25.068762995],[121.591312433,25.068763329],[121.593964379,25.068641196],[121.593964877,25.068641092],[121.593968267,25.068640947],[121.594453334,25.06860114],[121.594458962,25.068599866],[121.594468901,25.068598712],[121.594898849,25.068498979],[121.594905416,25.068496976],[121.59490711,25.06849671],[121.595352226,25.068354912],[121.595357471,25.068351896],[121.595363472,25.068350604],[121.597556141,25.067362051],[121.598734628,25.066854408],[121.599093242,25.066716609],[121.599468864,25.066636058],[121.600168812,25.066692107],[121.600768053,25.066872177],[121.601194603,25.067177504],[121.602038377,25.068049947],[121.602075231,25.068073832],[121.602113195,25.06808055],[121.602151092,25.068073525],[121.602183153,25.068053824],[121.602204495,25.068024449],[121.602211871,25.067989871],[121.602204158,25.067955354],[121.60218713,25.067930598],[121.601337359,25.067051954],[121.601334841,25.067050322],[121.601332757,25.067047508],[121.601324228,25.067040646],[121.600876869,25.066720425],[121.600853147,25.066707848],[121.600849377,25.066707181],[121.600846678,25.066705674],[121.600220001,25.06651736],[121.600210283,25.066515957],[121.600197627,25.066513161],[121.599470346,25.066454923],[121.599461226,25.066454577],[121.59943895,25.066456979],[121.599039689,25.066542599],[121.599024068,25.066547222],[121.599023981,25.066547276],[121.599023877,25.066547296],[121.598655632,25.066688795],[121.598653744,25.066689957],[121.598651782,25.066690363],[121.597470588,25.067199172],[121.59746975,25.067199712],[121.597468992,25.067199875],[121.595281009,25.068186316],[121.594845739,25.068324978],[121.594427654,25.068421958],[121.593952419,25.068460958],[121.591348554,25.068580878],[121.591209881,25.068445071],[121.59117483,25.068422996],[121.591136866,25.068416275],[121.591098968,25.068423298],[121.591066906,25.068442996],[121.59104556,25.068472369],[121.591038181,25.068506947],[121.591045892,25.068541465],[121.591064718,25.068568035],[121.591234847,25.068734648]]]}, "properties" : {"section_id" : "ZQUWI20", "section_name" : "民權東路 成功路-民權隧道", "travel_speed" : 44, "level_name" : "順暢", "level_color" : "#19FF1C", "data_time" : "2025-12-29 12:48:00+00"}}, {"type" : "Feature", "geometry" : {"type":"Polygon","coordinates":[[[121.583670991,25.068560684],[121.583670185,25.068560578],[121.583668107,25.068559942],[121.582877714,25.068368326],[121.58141198,25.067966924],[121.580748429,25.067709428],[121.580290913,25.067433012],[121.580290904,25.067433008],[121.580290896,25.067433003],[121.579708695,25.067081404],[121.579691459,25.067073092],[121.579687757,25.067072436],[121.579685098,25.06707095],[121.578928184,25.066842507],[121.578927585,25.06684242],[121.578925152,25.066841641],[121.578012246,25.066595397],[121.574809682,25.065699105],[121.569050063,25.063766219],[121.56904961,25.063766146],[121.569045826,25.063764895],[121.568231775,25.063529147],[121.568228509,25.063528692],[121.568220772,25.063526582],[121.567761465,25.063444736],[121.567760119,25.06344462],[121.567758975,25.063444322],[121.566661521,25.063275138],[121.566661253,25.063275118],[121.566661057,25.063275068],[121.566078961,25.063187912],[121.566062469,25.063186717],[121.566024571,25.063193734],[121.565992506,25.063213426],[121.565971155,25.063242797],[121.565963769,25.063277374],[121.565971472,25.063311893],[121.565993092,25.063341099],[121.566025337,25.063360547],[121.566046806,25.063366079],[121.566628672,25.0634532],[121.567724647,25.063622157],[121.568177131,25.063702787],[121.568983628,25.063936347],[121.574743704,25.065869387],[121.574744269,25.065869478],[121.574748856,25.065870971],[121.577954506,25.066768127],[121.577954743,25.066768159],[121.577955472,25.066768392],[121.578867339,25.067014356],[121.57961018,25.067238551],[121.580181333,25.067583477],[121.580181341,25.067583482],[121.580646425,25.06786447],[121.580661333,25.067871661],[121.580662363,25.067872292],[121.58133933,25.068134994],[121.581340028,25.068135123],[121.581340643,25.068135494],[121.58134964,25.068138395],[121.58282215,25.068541652],[121.58282299,25.068541763],[121.582825194,25.068542438],[121.583615669,25.068734074],[121.584005146,25.068840077],[121.584033953,25.068843856],[121.584071851,25.068836835],[121.584103915,25.068817138],[121.584125262,25.068787766],[121.584132643,25.068753188],[121.584124934,25.06871867],[121.584103309,25.068689466],[121.58407106,25.068670023],[121.584061904,25.068667078],[121.583670991,25.068560684]]]}, "properties" : {"section_id" : "ZQEUU60", "section_name" : "民權東路 瑞光路-撫遠街", "travel_speed" : 39, "level_name" : "順暢", "level_color" : "#19FF1C", "data_time" : "2025-12-29 12:48:00+00"}}, {"type" : "Feature", "geometry" : {"type":"Polygon","coordinates":[[[121.59050575,25.06893701],[121.590494805,25.068925279],[121.590462554,25.068905838],[121.59042459,25.068899116],[121.590422264,25.068899548],[121.590420186,25.068899223],[121.589426367,25.068943444],[121.589425809,25.06894356],[121.589421921,25.068943733],[121.588934678,25.068985474],[121.588182137,25.068979909],[121.587515093,25.068962285],[121.586905252,25.0689229],[121.586404089,25.068888383],[121.586401385,25.068888295],[121.586400975,25.068888213],[121.585891212,25.068867771],[121.585322035,25.068843435],[121.584808667,25.068817081],[121.584322798,25.068732383],[121.584303737,25.068730774],[121.584265839,25.068737795],[121.584233775,25.068757492],[121.584212428,25.068786865],[121.584205047,25.068821442],[121.584212756,25.06885596],[121.584234381,25.068885164],[121.58426663,25.068904607],[121.584285532,25.068909722],[121.584777876,25.068995548],[121.58478793,25.068996397],[121.58479093,25.068997015],[121.585311345,25.06902373],[121.585311745,25.069023667],[121.585312274,25.069023774],[121.58588206,25.069048136],[121.585882187,25.069048116],[121.585882348,25.069048148],[121.586390696,25.069068534],[121.586890536,25.06910296],[121.586890911,25.069102972],[121.586890999,25.06910299],[121.587503138,25.069142524],[121.587504916,25.069142258],[121.587507274,25.069142712],[121.588177424,25.069160418],[121.588178398,25.069160253],[121.588179492,25.069160453],[121.588938123,25.069166063],[121.588938731,25.069165954],[121.588939359,25.069166066],[121.588948209,25.06916567],[121.589438266,25.069123688],[121.590375738,25.069081974],[121.590398221,25.069110717],[121.590409167,25.069122448],[121.590441417,25.06914189],[121.590479381,25.069148611],[121.590517279,25.069141588],[121.590549342,25.069121891],[121.590570688,25.069092517],[121.590578067,25.069057939],[121.590570356,25.069023421],[121.590559676,25.06900595],[121.59050575,25.06893701]]]}, "properties" : {"section_id" : "ZQKVX60", "section_name" : "民權東往西　成功路-瑞光路", "travel_speed" : 42, "level_name" : "順暢", "level_color" : "#19FF1C", "data_time" : "2025-12-29 12:48:00+00"}}, {"type" : "Feature", "geometry" : {"type":"Polygon","coordinates":[[[121.601213898,25.067416994],[121.601208604,25.067411801],[121.601208555,25.067411735],[121.600825794,25.067063785],[121.600825648,25.067063697],[121.60082555,25.067063563],[121.600798291,25.067046132],[121.600232828,25.066801564],[121.600230322,25.066801055],[121.600227835,25.066799556],[121.600198991,25.066793184],[121.599471709,25.066734946],[121.599462589,25.0667346],[121.599440313,25.066737002],[121.599041051,25.066822622],[121.59902543,25.066827245],[121.599025342,25.066827299],[121.599025239,25.066827318],[121.598656993,25.066968818],[121.598655105,25.06696998],[121.598653143,25.066970386],[121.597471946,25.067479195],[121.597471108,25.067479735],[121.597470351,25.067479898],[121.595282363,25.068466339],[121.594847091,25.068605001],[121.594429005,25.068701981],[121.59395377,25.068740981],[121.591299897,25.068863203],[121.59126657,25.068870112],[121.591234507,25.06888981],[121.5912199,25.068906928],[121.591104414,25.069082289],[121.591097675,25.069094544],[121.591090296,25.069129122],[121.591098006,25.06916364],[121.591119633,25.069192842],[121.591151884,25.069212284],[121.591189848,25.069219005],[121.591227746,25.069211982],[121.591259808,25.069192284],[121.591274415,25.069175165],[121.591362707,25.069041099],[121.593965729,25.068921219],[121.593966228,25.068921115],[121.593969617,25.06892097],[121.594454685,25.068881163],[121.594460314,25.068879889],[121.594470253,25.068878734],[121.594900202,25.068779002],[121.594906769,25.068776998],[121.594908463,25.068776733],[121.59535358,25.068634934],[121.595358824,25.068631919],[121.595364826,25.068630627],[121.597557499,25.067642074],[121.59873599,25.06713443],[121.599094605,25.066996632],[121.599470227,25.066916081],[121.600163886,25.066971626],[121.600697838,25.067202565],[121.601065731,25.067537],[121.601730908,25.068246175],[121.601736495,25.068251655],[121.601768746,25.068271094],[121.601806711,25.068277813],[121.601844608,25.068270787],[121.601876668,25.068251087],[121.601898011,25.068221712],[121.601905387,25.068187133],[121.601897674,25.068152616],[121.601881632,25.068128895],[121.601213898,25.067416994]]]}, "properties" : {"section_id" : "ZQKWL60", "section_name" : "民權東路 民權隧道-成功路", "travel_speed" : 47, "level_name" : "順暢", "level_color" : "#19FF1C", "data_time" : "2025-12-29 12:48:00+00"}}, {"type" : "Feature", "geometry" : {"type":"Polygon","coordinates":[[[121.52392093,25.058168234],[121.523921634,25.058168365],[121.525403345,25.058187016],[121.525442998,25.058180018],[121.525475068,25.058160334],[121.525496428,25.05813097],[121.525503825,25.058096394],[121.525496133,25.058061873],[121.525474524,25.05803266],[121.525442286,25.058013204],[121.525406083,25.058006474],[121.523930024,25.057987894],[121.523043585,25.057884203],[121.523030577,25.057883469],[121.522992678,25.057890474],[121.522960608,25.057910158],[121.522939247,25.057939522],[121.52293185,25.057974097],[121.522939541,25.058008618],[121.52296115,25.058037832],[121.522993386,25.058057288],[121.523018336,25.058063292],[121.52391038,25.058167638],[121.52392093,25.058168234]]]}, "properties" : {"section_id" : "ZN5HV60", "section_name" : "民生西路 雙連站-中山北路", "travel_speed" : 39, "level_name" : "順暢", "level_color" : "#19FF1C", "data_time" : "2025-12-29 12:48:00+00"}}, {"type" : "Feature", "geometry" : {"type":"Polygon","coordinates":[[[121.525631536,25.057972946],[121.525594597,25.057979945],[121.525562526,25.057999629],[121.525541167,25.058028993],[121.52553377,25.058063568],[121.525541462,25.05809809],[121.525563071,25.058127302],[121.525595308,25.058146759],[121.525634225,25.058153489],[121.527396196,25.058131709],[121.527433136,25.05812471],[121.527465206,25.058105026],[121.527486565,25.058075661],[121.527493962,25.058041086],[121.527486269,25.058006564],[121.527464659,25.057977352],[121.527432422,25.057957896],[121.527393505,25.057951166],[121.525631536,25.057972946]]]}, "properties" : {"section_id" : "ZN5IG20", "section_name" : "民生東路 新生北路-林森北路", "travel_speed" : 38, "level_name" : "順暢", "level_color" : "#19FF1C", "data_time" : "2025-12-29 12:48:00+00"}}, {"type" : "Feature", "geometry" : {"type":"Polygon","coordinates":[[[121.532982978,25.057884571],[121.533019333,25.057877579],[121.533051402,25.057857894],[121.53307276,25.057828528],[121.533080154,25.057793952],[121.533072461,25.057759431],[121.533050849,25.05773022],[121.533018611,25.057710765],[121.53297911,25.057704046],[121.527844437,25.057795244],[121.527808082,25.057802234],[121.527776012,25.057821918],[121.527754653,25.057851283],[121.527747256,25.057885858],[121.527754949,25.05792038],[121.527776559,25.057949592],[121.527808796,25.057969048],[121.527848297,25.057975769],[121.532982978,25.057884571]]]}, "properties" : {"section_id" : "ZN5JX20", "section_name" : "民生東路 新生北路-松江路", "travel_speed" : 45, "level_name" : "順暢", "level_color" : "#19FF1C", "data_time" : "2025-12-29 12:48:00+00"}}, {"type" : "Feature", "geometry" : {"type":"Polygon","coordinates":[[[121.527829127,25.057955586],[121.527792772,25.057962576],[121.527760702,25.057982261],[121.527739342,25.058011626],[121.527731946,25.058046201],[121.527739638,25.058080722],[121.527761248,25.058109934],[121.527793486,25.05812939],[121.527832987,25.058136111],[121.532967674,25.058044913],[121.533004029,25.058037922],[121.533036098,25.058018236],[121.533057456,25.05798887],[121.533064851,25.057954295],[121.533057157,25.057919774],[121.533035546,25.057890562],[121.533003308,25.057871108],[121.532963806,25.057864388],[121.527829127,25.057955586]]]}, "properties" : {"section_id" : "ZN8PT60", "section_name" : "民生東路 松江路-新生北路", "travel_speed" : 43, "level_name" : "順暢", "level_color" : "#19FF1C", "data_time" : "2025-12-29 12:48:00+00"}}, {"type" : "Feature", "geometry" : {"type":"Polygon","coordinates":[[[121.533275991,25.057922583],[121.533238886,25.057929586],[121.533206816,25.057949271],[121.533185459,25.057978637],[121.533178064,25.058013212],[121.533185758,25.058047733],[121.533207369,25.058076945],[121.533239607,25.058096399],[121.533278358,25.05810313],[121.536556143,25.058067436],[121.536593248,25.058060432],[121.536625317,25.058040746],[121.536646674,25.05801138],[121.536654067,25.057976804],[121.536646372,25.057942284],[121.53662476,25.057913073],[121.536592522,25.057893619],[121.536553771,25.05788689],[121.533275991,25.057922583]]]}, "properties" : {"section_id" : "ZN5JX60", "section_name" : "民生東路 建國北路-松江路", "travel_speed" : 41, "level_name" : "順暢", "level_color" : "#19FF1C", "data_time" : "2025-12-29 12:48:00+00"}}, {"type" : "Feature", "geometry" : {"type":"Polygon","coordinates":[[[121.547436393,25.057690571],[121.547435876,25.057690667],[121.547435372,25.05769058],[121.546163762,25.057707204],[121.54444827,25.057724832],[121.544411091,25.057731839],[121.544379024,25.057751526],[121.544357668,25.057780894],[121.544350277,25.05781547],[121.544357974,25.05784999],[121.544379588,25.0578792],[121.544411828,25.057898652],[121.544450505,25.05790538],[121.546166151,25.05788775],[121.546166306,25.057887721],[121.546166454,25.057887746],[121.547437706,25.057871127],[121.548761457,25.057866241],[121.548799354,25.057859229],[121.548831421,25.05783954],[121.548852775,25.057810172],[121.548860165,25.057775596],[121.548852467,25.057741076],[121.548830852,25.057711867],[121.548798612,25.057692416],[121.548760653,25.057685684],[121.547436393,25.057690571]]]}, "properties" : {"section_id" : "ZMZM960", "section_name" : "民生東路 敦化北路-復興北路", "travel_speed" : 46, "level_name" : "順暢", "level_color" : "#19FF1C", "data_time" : "2025-12-29 12:48:00+00"}}, {"type" : "Feature", "geometry" : {"type":"Polygon","coordinates":[[[121.554991073,25.05818242],[121.555000754,25.058182815],[121.555038651,25.058175802],[121.555070717,25.058156111],[121.555092069,25.058126743],[121.555099458,25.058092166],[121.555091758,25.058057646],[121.555070142,25.058028438],[121.5550379,25.058008988],[121.555009622,25.058002654],[121.54939566,25.057521909],[121.549385979,25.057521513],[121.549348082,25.057528526],[121.549316015,25.057548214],[121.549294662,25.057577582],[121.549287271,25.057612159],[121.54929497,25.057646679],[121.549316585,25.057675888],[121.549348826,25.057695339],[121.549377103,25.057701675],[121.554991073,25.05818242]]]}, "properties" : {"section_id" : "ZN8PG20", "section_name" : "民生東路 敦化北路-光復北路", "travel_speed" : 38, "level_name" : "順暢", "level_color" : "#19FF1C", "data_time" : "2025-12-29 12:48:00+00"}}, {"type" : "Feature", "geometry" : {"type":"Polygon","coordinates":[[[121.549396672,25.057748829],[121.549386991,25.057748433],[121.549349094,25.057755445],[121.549317027,25.057775134],[121.549295673,25.057804502],[121.549288283,25.057839078],[121.549295981,25.057873598],[121.549317596,25.057902808],[121.549349837,25.057922258],[121.549378115,25.057928594],[121.554992095,25.058409339],[121.555001776,25.058409735],[121.555039674,25.058402721],[121.555071739,25.058383031],[121.555093092,25.058353662],[121.55510048,25.058319086],[121.55509278,25.058284566],[121.555071164,25.058255358],[121.555038922,25.058235908],[121.555010644,25.058229573],[121.549396672,25.057748829]]]}, "properties" : {"section_id" : "ZMYN860", "section_name" : "民生東路 光復北路-敦化北路", "travel_speed" : 35, "level_name" : "順暢", "level_color" : "#19FF1C", "data_time" : "2025-12-29 12:48:00+00"}}, {"type" : "Feature", "geometry" : {"type":"Polygon","coordinates":[[[121.560201483,25.058555232],[121.560202449,25.058555267],[121.560202679,25.058555316],[121.561296271,25.058625469],[121.561296275,25.058625469],[121.561296281,25.05862547],[121.562790111,25.05872114],[121.562793421,25.058720643],[121.562797474,25.058721361],[121.562835371,25.058714345],[121.562844629,25.058710285],[121.563158597,25.058553832],[121.563181403,25.0585382],[121.563202753,25.05850883],[121.56321014,25.058474254],[121.563202438,25.058439734],[121.563180819,25.058410527],[121.563148576,25.058391079],[121.563110617,25.058384351],[121.56307272,25.058391367],[121.563063462,25.058395427],[121.562775005,25.058539168],[121.561310195,25.058445357],[121.56131019,25.058445356],[121.560217204,25.058375242],[121.555323319,25.058006937],[121.55531475,25.058006631],[121.555276852,25.058013645],[121.555244787,25.058033335],[121.555223435,25.058062704],[121.555216046,25.05809728],[121.555223746,25.0581318],[121.555245362,25.058161008],[121.555277604,25.058180458],[121.555306994,25.058186882],[121.560201483,25.058555232]]]}, "properties" : {"section_id" : "ZNCRE20", "section_name" : "民生東路 光復北路-三民路", "travel_speed" : 44, "level_name" : "順暢", "level_color" : "#19FF1C", "data_time" : "2025-12-29 12:48:00+00"}}, {"type" : "Feature", "geometry" : {"type":"Polygon","coordinates":[[[121.562842703,25.058803929],[121.562820679,25.058792531],[121.56279238,25.058786196],[121.56127865,25.058656957],[121.561276815,25.058656882],[121.561276363,25.058656786],[121.560183369,25.05858667],[121.555289476,25.058218365],[121.555280906,25.058218059],[121.55524301,25.058225073],[121.555210944,25.058244763],[121.555189591,25.058274132],[121.555182203,25.058308708],[121.555189903,25.058343228],[121.555211519,25.058372436],[121.555243761,25.058391886],[121.555273151,25.05839831],[121.560167648,25.058766661],[121.560168614,25.058766696],[121.560168844,25.058766744],[121.561261293,25.058836825],[121.562745968,25.058963583],[121.562922798,25.059084719],[121.562944823,25.059096117],[121.562982782,25.059102845],[121.563020679,25.059095829],[121.563052744,25.059076137],[121.563074094,25.059046767],[121.563081481,25.059012191],[121.563073778,25.058977671],[121.56305216,25.058948464],[121.563041941,25.058940414],[121.562842703,25.058803929]]]}, "properties" : {"section_id" : "ZN9PZ60", "section_name" : "民生東路 三民路-光復北路", "travel_speed" : 44, "level_name" : "順暢", "level_color" : "#19FF1C", "data_time" : "2025-12-29 12:48:00+00"}}, {"type" : "Feature", "geometry" : {"type":"Polygon","coordinates":[[[121.50872522,25.056658115],[121.508723857,25.056657872],[121.508382823,25.056658576],[121.508344776,25.056665578],[121.508312703,25.056685259],[121.508291339,25.056714621],[121.508283937,25.056749195],[121.508291624,25.056783718],[121.508313229,25.056812933],[121.508345464,25.056832393],[121.508383272,25.056839136],[121.508722993,25.056838434],[121.509823755,25.056862736],[121.510631581,25.056881391],[121.510631791,25.056881355],[121.51063203,25.056881401],[121.511588568,25.056899533],[121.513564799,25.056949853],[121.513605844,25.056942884],[121.513637916,25.056923203],[121.513659278,25.05689384],[121.513666678,25.056859265],[121.51365899,25.056824743],[121.513637383,25.056795529],[121.513605148,25.05677607],[121.513570337,25.056769364],[121.511593754,25.056719034],[121.511593425,25.05671909],[121.511593046,25.056719019],[121.51063638,25.056700884],[121.509828724,25.056682233],[121.509828672,25.056682242],[121.509828613,25.056682231],[121.508726484,25.056657898],[121.50872522,25.056658115]]]}, "properties" : {"section_id" : "ZMTG520", "section_name" : "民生西路 環河北路-重慶北路", "travel_speed" : 38, "level_name" : "順暢", "level_color" : "#19FF1C", "data_time" : "2025-12-29 12:48:00+00"}}, {"type" : "Feature", "geometry" : {"type":"Polygon","coordinates":[[[121.51553439,25.056782204],[121.515533358,25.056782009],[121.513920499,25.056751769],[121.513880183,25.056758754],[121.513848111,25.056778435],[121.513826749,25.056807798],[121.513819349,25.056842372],[121.513827037,25.056876895],[121.513848644,25.056906109],[121.513880879,25.056925568],[121.513916418,25.05693229],[121.515523374,25.056962419],[121.517878894,25.057263982],[121.517893066,25.05726486],[121.517930965,25.057257856],[121.517963037,25.057238174],[121.517984398,25.05720881],[121.517991797,25.057174235],[121.517984108,25.057139713],[121.5179625,25.0571105],[121.517930264,25.057091042],[121.51790648,25.05708518],[121.515545114,25.056782868],[121.51553439,25.056782204]]]}, "properties" : {"section_id" : "ZMUGG20", "section_name" : "民生西路 重慶北路-承德路", "travel_speed" : 43, "level_name" : "順暢", "level_color" : "#19FF1C", "data_time" : "2025-12-29 12:48:00+00"}}, {"type" : "Feature", "geometry" : {"type":"Polygon","coordinates":[[[121.52259335,25.057854016],[121.522607657,25.05785491],[121.522645556,25.057847905],[121.522677627,25.057828222],[121.522698987,25.057798857],[121.522706385,25.057764283],[121.522698694,25.057729761],[121.522677085,25.057700548],[121.522644848,25.057681091],[121.522621197,25.057675247],[121.520732076,25.057431072],[121.52071777,25.057430178],[121.520679871,25.057437183],[121.5206478,25.057456866],[121.520626439,25.05748623],[121.520619041,25.057520804],[121.520626731,25.057555326],[121.520648339,25.057584539],[121.520680576,25.057603997],[121.520704226,25.057609841],[121.52259335,25.057854016]]]}, "properties" : {"section_id" : "ZN5HV20", "section_name" : "民生西　中山北(往東)", "travel_speed" : 41, "level_name" : "順暢", "level_color" : "#19FF1C", "data_time" : "2025-12-29 12:48:00+00"}}, {"type" : "Feature", "geometry" : {"type":"Polygon","coordinates":[[[121.511578662,25.056861965],[121.511578333,25.056862021],[121.511577954,25.05686195],[121.510621287,25.056843815],[121.50981363,25.056825164],[121.509813578,25.056825173],[121.509813519,25.056825162],[121.508711389,25.056800829],[121.508710125,25.056801046],[121.508708762,25.056800803],[121.508367727,25.056801507],[121.50832968,25.056808509],[121.508297607,25.056828189],[121.508276243,25.056857552],[121.508268841,25.056892126],[121.508276528,25.056926648],[121.508298133,25.056955864],[121.508330368,25.056975324],[121.508368176,25.056982066],[121.508707898,25.056981365],[121.509808661,25.057005667],[121.510616488,25.057024322],[121.510616698,25.057024286],[121.510616937,25.057024332],[121.511573476,25.057042464],[121.51354971,25.057092784],[121.513590754,25.057085815],[121.513622826,25.057066134],[121.513644188,25.057036771],[121.513651588,25.057002197],[121.5136439,25.056967674],[121.513622294,25.05693846],[121.513590058,25.056919001],[121.513555247,25.056912295],[121.511578662,25.056861965]]]}, "properties" : {"section_id" : "ZMSEX60", "section_name" : "民生西路 重慶北路-環河北路", "travel_speed" : 48, "level_name" : "順暢", "level_color" : "#19FF1C", "data_time" : "2025-12-29 12:48:00+00"}}, {"type" : "Feature", "geometry" : {"type":"Polygon","coordinates":[[[121.515559465,25.056997845],[121.515548444,25.056997144],[121.515547368,25.056996941],[121.513934507,25.056966701],[121.513894191,25.056973686],[121.513862119,25.056993367],[121.513840757,25.05702273],[121.513833356,25.057057305],[121.513841045,25.057091827],[121.513862652,25.057121041],[121.513894887,25.0571405],[121.513930427,25.057147222],[121.515537212,25.057177348],[121.517870013,25.057483523],[121.517884526,25.057484445],[121.517922425,25.05747744],[121.517954496,25.057457758],[121.517975858,25.057428394],[121.517983257,25.05739382],[121.517975567,25.057359298],[121.51795396,25.057330084],[121.517921724,25.057310626],[121.51789828,25.057304808],[121.515559465,25.056997845]]]}, "properties" : {"section_id" : "ZMTG560", "section_name" : "民生西路 承德路-重慶北路", "travel_speed" : 41, "level_name" : "順暢", "level_color" : "#19FF1C", "data_time" : "2025-12-29 12:48:00+00"}}, {"type" : "Feature", "geometry" : {"type":"Polygon","coordinates":[[[121.520759157,25.057634015],[121.520744851,25.05763312],[121.520706952,25.057640125],[121.520674881,25.057659808],[121.52065352,25.057689172],[121.520646122,25.057723747],[121.520653812,25.057758268],[121.52067542,25.057787482],[121.520707657,25.057806939],[121.520731308,25.057812783],[121.522620435,25.058056958],[121.522634741,25.058057852],[121.52267264,25.058050847],[121.522704711,25.058031164],[121.522726071,25.058001799],[121.522733469,25.057967224],[121.522725778,25.057932703],[121.522704169,25.05790349],[121.522671933,25.057884033],[121.522648282,25.057878189],[121.520759157,25.057634015]]]}, "properties" : {"section_id" : "ZMTHB60", "section_name" : "民生西路 中山北路-雙連站", "travel_speed" : 32, "level_name" : "車多", "level_color" : "#F8C920", "data_time" : "2025-12-29 12:48:00+00"}}, {"type" : "Feature", "geometry" : {"type":"Polygon","coordinates":[[[121.518348246,25.057327512],[121.518334226,25.057326653],[121.518296327,25.057333658],[121.518264256,25.05735334],[121.518242894,25.057382704],[121.518235495,25.057417278],[121.518243185,25.0574518],[121.518264793,25.057481014],[121.518297029,25.057500472],[121.518320966,25.057506353],[121.520524912,25.057785285],[121.520538933,25.057786143],[121.520576832,25.057779138],[121.520608903,25.057759456],[121.520630264,25.057730092],[121.520637662,25.057695517],[121.520629972,25.057660995],[121.520608363,25.057631782],[121.520576127,25.057612324],[121.52055219,25.057606443],[121.518348246,25.057327512]]]}, "properties" : {"section_id" : "ZMXH820", "section_name" : "民生西路 雙連站-承德路", "travel_speed" : 32, "level_name" : "車多", "level_color" : "#F8C920", "data_time" : "2025-12-29 12:48:00+00"}}, {"type" : "Feature", "geometry" : {"type":"Polygon","coordinates":[[[121.571908654,25.045353113],[121.571908467,25.045353083],[121.567346574,25.045514096],[121.567312101,25.045521046],[121.567280041,25.045540739],[121.567258693,25.045570109],[121.567251308,25.045604686],[121.567259011,25.045639205],[121.567280628,25.045668412],[121.567312868,25.045687859],[121.567354244,25.045694519],[121.571915942,25.045533513],[121.573771948,25.045474888],[121.573772346,25.045474808],[121.573772684,25.045474862],[121.574988598,25.045428197],[121.57760829,25.045366231],[121.577644031,25.045359241],[121.57767609,25.045339546],[121.577697435,25.045310174],[121.577704816,25.045275597],[121.577697111,25.045241078],[121.577675492,25.045211873],[121.57764325,25.045192428],[121.577603144,25.045185734],[121.574982655,25.045247718],[121.574981796,25.045247886],[121.574981054,25.045247768],[121.57376471,25.04529445],[121.571908872,25.04535307],[121.571908654,25.045353113]]]}, "properties" : {"section_id" : "ZKDTY20", "section_name" : "永吉路 基隆路-松山路", "travel_speed" : 58, "level_name" : "順暢", "level_color" : "#19FF1C", "data_time" : "2025-12-29 12:48:00+00"}}, {"type" : "Feature", "geometry" : {"type":"Polygon","coordinates":[[[121.528395895,25.040995759],[121.528396866,25.040995465],[121.528397437,25.040995395],[121.529601974,25.040702226],[121.529602294,25.040702126],[121.529602465,25.040702105],[121.530967356,25.040363037],[121.531541936,25.04024974],[121.532233576,25.040154243],[121.532257008,25.040148253],[121.532289073,25.040128568],[121.532310428,25.040099203],[121.532317822,25.040064627],[121.53231013,25.040030106],[121.532288522,25.040000894],[121.532256288,25.039981439],[121.532218336,25.039974703],[121.532203876,25.039975722],[121.531509162,25.040071643],[121.531506495,25.040072325],[121.531503048,25.040072667],[121.530922859,25.040187071],[121.53091976,25.040187959],[121.530917752,25.040188208],[121.529550571,25.040527845],[121.528347052,25.040820766],[121.526229759,25.041302982],[121.526215514,25.041307293],[121.526183448,25.041326977],[121.526162091,25.041356342],[121.526154695,25.041390917],[121.526162386,25.041425439],[121.526183992,25.041454651],[121.526216225,25.041474108],[121.526254178,25.041480845],[121.526277826,25.041478151],[121.528395895,25.040995759]]]}, "properties" : {"section_id" : "ZJWJ720", "section_name" : "濟南路 杭州南路-新生南路", "travel_speed" : 33, "level_name" : "車多", "level_color" : "#F8C920", "data_time" : "2025-12-29 12:48:00+00"}}, {"type" : "Feature", "geometry" : {"type":"Polygon","coordinates":[[[121.531589646,25.040237461],[121.531586979,25.040238142],[121.531583532,25.040238485],[121.531003342,25.040352889],[121.531000243,25.040353777],[121.530998234,25.040354026],[121.529631579,25.040693533],[121.526291376,25.041470649],[121.526277616,25.041474849],[121.52624555,25.041494533],[121.526224194,25.041523898],[121.526216798,25.041558473],[121.526224489,25.041592994],[121.526246095,25.041622207],[121.526278328,25.041641663],[121.526316281,25.041648401],[121.526340415,25.041645595],[121.529681398,25.040868297],[121.529682394,25.040867993],[121.529682947,25.040867924],[121.531047839,25.040528856],[121.531622419,25.040415557],[121.53231406,25.04032006],[121.532337493,25.040314071],[121.532369558,25.040294386],[121.532390913,25.04026502],[121.532398307,25.040230445],[121.532390614,25.040195923],[121.532369006,25.040166712],[121.532336773,25.040147257],[121.532298821,25.04014052],[121.532284361,25.040141539],[121.531589646,25.040237461]]]}, "properties" : {"section_id" : "ZJBJ960", "section_name" : "濟南路 新生南路-杭州南路", "travel_speed" : 45, "level_name" : "順暢", "level_color" : "#19FF1C", "data_time" : "2025-12-29 12:48:00+00"}}, {"type" : "Feature", "geometry" : {"type":"Polygon","coordinates":[[[121.492201872,25.032893341],[121.492204233,25.032895834],[121.492205032,25.032897044],[121.494164258,25.03507349],[121.494171065,25.035080309],[121.494203291,25.035099773],[121.49424124,25.035106519],[121.494279134,25.03509952],[121.494311203,25.035079843],[121.494332566,25.035050483],[121.494339971,25.035015909],[121.49433229,25.034981386],[121.494317498,25.034958988],[121.492359905,25.032784358],[121.49167549,25.031937928],[121.491665524,25.031927406],[121.491633298,25.031907942],[121.491595351,25.031901196],[121.491557458,25.031908193],[121.491525388,25.03192787],[121.491504025,25.03195723],[121.49149662,25.031991803],[121.4915043,25.032026327],[121.491515931,25.032045022],[121.492201872,25.032893341]]]}, "properties" : {"section_id" : "ZHPBV00", "section_name" : "環河南路 雙園街-和平西路", "travel_speed" : 32, "level_name" : "車多", "level_color" : "#F8C920", "data_time" : "2025-12-29 12:48:00+00"}}, {"type" : "Feature", "geometry" : {"type":"Polygon","coordinates":[[[121.616163221,25.043855642],[121.616163181,25.043855802],[121.616163035,25.043855989],[121.615860962,25.04442382],[121.615860732,25.044424744],[121.61585996,25.044425762],[121.615616023,25.044913507],[121.615417851,25.045294042],[121.615416445,25.045299792],[121.61541323,25.045304579],[121.615314397,25.045578835],[121.615314287,25.045579471],[121.615313354,25.045581914],[121.615231145,25.045840888],[121.615228622,25.045857381],[121.615227296,25.045863036],[121.615212646,25.046273867],[121.615212968,25.046275457],[121.615212595,25.046277208],[121.615217823,25.046305736],[121.615336318,25.046624733],[121.615337766,25.046626845],[121.61533843,25.046629894],[121.61554558,25.047092492],[121.615606412,25.047276847],[121.615608006,25.047280893],[121.615608149,25.047281624],[121.615769959,25.047688271],[121.615852387,25.047924909],[121.615893854,25.048065017],[121.615922441,25.048171473],[121.615918703,25.048306431],[121.61589994,25.048553771],[121.61580567,25.049242724],[121.615804942,25.049253811],[121.615804909,25.049253965],[121.615805096,25.049460413],[121.61576998,25.049686007],[121.615645566,25.049992103],[121.615644977,25.049995135],[121.615640612,25.050009369],[121.615615206,25.050155932],[121.615613994,25.050170424],[121.615614852,25.050174259],[121.615614323,25.050177375],[121.615638606,25.050447762],[121.615638731,25.050448227],[121.615638841,25.050450025],[121.615677741,25.050780509],[121.61567849,25.050783156],[121.61567908,25.050788492],[121.615736216,25.051050219],[121.61574203,25.051067538],[121.615742338,25.051067953],[121.615742447,25.05106843],[121.615885421,25.051369742],[121.615885582,25.051369956],[121.615885637,25.051370193],[121.616049332,25.051710067],[121.61617924,25.051987577],[121.616322582,25.052850692],[121.616329185,25.052872115],[121.616350815,25.052901314],[121.616383065,25.052920751],[121.616421025,25.052927465],[121.616458917,25.052920436],[121.616490971,25.052900733],[121.616512308,25.052871355],[121.616519679,25.052836776],[121.616518565,25.052823683],[121.616373336,25.05194922],[121.616366733,25.051927796],[121.616366567,25.051927572],[121.616366508,25.051927312],[121.616231456,25.051638812],[121.616231154,25.051638406],[121.616231048,25.051637952],[121.616067254,25.051297876],[121.615928565,25.051005595],[121.615874348,25.05075724],[121.615836053,25.050431906],[121.615812838,25.050173422],[121.615834859,25.050046388],[121.615959547,25.049739618],[121.615960238,25.049736059],[121.615964732,25.049720946],[121.616002327,25.049479419],[121.616003269,25.049466857],[121.616003309,25.04946667],[121.616003121,25.049259458],[121.616096961,25.048573639],[121.616097216,25.048569755],[121.616097486,25.048568696],[121.616116586,25.048316907],[121.616116276,25.048315197],[121.616116791,25.04831296],[121.616120916,25.048163992],[121.616120649,25.0481627],[121.616120946,25.048161304],[121.616118109,25.048140264],[121.616086106,25.048021086],[121.616085641,25.0480198],[121.616085528,25.048019036],[121.616043192,25.047875992],[121.616042142,25.047873203],[121.616041967,25.047872188],[121.615958273,25.047631918],[121.615957082,25.047628965],[121.615956982,25.047628457],[121.615795429,25.047222459],[121.615734032,25.047036391],[121.615730947,25.047028563],[121.615730886,25.04702828],[121.615523093,25.046564247],[121.615411327,25.046263367],[121.61542499,25.045880192],[121.615503262,25.045633622],[121.615599596,25.045366298],[121.615795421,25.044990268],[121.61579557,25.044989659],[121.615796067,25.044989003],[121.616039833,25.044501599],[121.6163413,25.043934906],[121.61706874,25.042582242],[121.617078845,25.042542111],[121.617071129,25.042507595],[121.617049501,25.042478396],[121.617017253,25.04245896],[121.616979296,25.042452245],[121.616941408,25.042459275],[121.616909357,25.042478978],[121.616890756,25.042502804],[121.616163221,25.043855642]]]}, "properties" : {"section_id" : "ZKP4L00", "section_name" : "研究院路 舊莊路-忠孝東路", "travel_speed" : 31, "level_name" : "車多", "level_color" : "#F8C920", "data_time" : "2025-12-29 12:48:00+00"}}, {"type" : "Feature", "geometry" : {"type":"Polygon","coordinates":[[[121.616163129,25.034649877],[121.616161588,25.034648895],[121.615647591,25.03442851],[121.615604945,25.034419917],[121.61556706,25.034426946],[121.61553501,25.034446649],[121.615513676,25.034476026],[121.615506306,25.034510605],[121.615514021,25.034545122],[121.615535647,25.034574321],[121.6155632,25.03459188],[121.61607248,25.034810242],[121.616447585,25.03501743],[121.616701054,25.035339705],[121.616842676,25.035668562],[121.616940529,25.036125266],[121.616979731,25.036688613],[121.616989298,25.037708264],[121.616965742,25.038171469],[121.616966158,25.03817361],[121.616965636,25.038176058],[121.616966368,25.038186604],[121.616991738,25.038375636],[121.616998722,25.038399608],[121.617000553,25.03840208],[121.617001189,25.038404543],[121.617218285,25.038806427],[121.617351981,25.039304741],[121.617586235,25.040358634],[121.617554237,25.040674901],[121.617454162,25.040871128],[121.617184161,25.041177458],[121.617183582,25.041178355],[121.617181805,25.04118024],[121.616940155,25.04147739],[121.616931536,25.041491333],[121.616929307,25.041494298],[121.616792436,25.04177331],[121.616792115,25.041774694],[121.616791183,25.041775977],[121.616783813,25.041810556],[121.616785047,25.042057219],[121.616789686,25.04208411],[121.616873287,25.042324152],[121.616876364,25.042331777],[121.616897992,25.042360976],[121.616930239,25.042380412],[121.616968196,25.042387127],[121.617006084,25.042380097],[121.617038136,25.042360394],[121.61705947,25.042331017],[121.617066841,25.042296438],[121.617062201,25.042269546],[121.616983171,25.042042628],[121.616982103,25.041829204],[121.617105842,25.04157696],[121.617339908,25.041289136],[121.617616233,25.040975631],[121.617624604,25.040962684],[121.617628834,25.040957146],[121.61774121,25.040736798],[121.617741682,25.04073483],[121.617743065,25.040732926],[121.617750018,25.040707044],[121.617784926,25.040362],[121.617785344,25.040353303],[121.617783373,25.040335797],[121.617545836,25.039267139],[121.61754519,25.039265225],[121.617544974,25.039263621],[121.617408236,25.038753976],[121.617403353,25.038740483],[121.617401522,25.038738011],[121.617400886,25.038735548],[121.617186424,25.03833854],[121.617164104,25.038172233],[121.617187399,25.037714146],[121.617186947,25.037711825],[121.617187502,25.037709196],[121.617177887,25.036684597],[121.617177284,25.036681926],[121.617177692,25.036679657],[121.617137911,25.036108001],[121.617137256,25.036105456],[121.617136274,25.036096417],[121.617035465,25.035625924],[121.617030828,25.035612021],[121.617030455,25.035610247],[121.616881038,25.03526329],[121.61688041,25.03526242],[121.616880168,25.035261335],[121.61686934,25.03524368],[121.61659686,25.034897233],[121.616586061,25.034885689],[121.616567684,25.034872617],[121.616170765,25.034653381],[121.616163129,25.034649877]]]}, "properties" : {"section_id" : "ZJM4U00", "section_name" : "研究院路 研究院路-舊莊路", "travel_speed" : 41, "level_name" : "順暢", "level_color" : "#19FF1C", "data_time" : "2025-12-29 12:48:00+00"}}, {"type" : "Feature", "geometry" : {"type":"Polygon","coordinates":[[[121.528319718,25.020873509],[121.528320271,25.02087317],[121.529142824,25.020117809],[121.529164177,25.020088443],[121.52917157,25.020053868],[121.52916388,25.020019346],[121.529142277,25.019990134],[121.529110049,25.019970678],[121.529072103,25.019963941],[121.529034216,25.019970948],[121.529002156,25.019990633],[121.528180056,25.020745577],[121.527673234,25.021199057],[121.527270355,25.021521302],[121.527269449,25.02152246],[121.527267734,25.021523476],[121.526351773,25.022310711],[121.526351469,25.022311114],[121.526350953,25.022311424],[121.525782157,25.022811602],[121.525781386,25.022812638],[121.525780202,25.022813369],[121.52542364,25.023144838],[121.525423554,25.023144956],[121.525418364,25.023150148],[121.525209604,25.023377811],[121.525208176,25.02337997],[121.52520384,25.023384752],[121.523874455,25.025156916],[121.522714428,25.026689604],[121.52270431,25.02670663],[121.522696914,25.026741205],[121.522704602,25.026775727],[121.522726206,25.02680494],[121.522758434,25.026824397],[121.522796382,25.026831136],[121.522834271,25.026824131],[121.522866334,25.026804447],[121.522877571,25.026792109],[121.524037713,25.025259265],[121.524037802,25.025259114],[121.524037945,25.025258957],[121.525364745,25.023490236],[121.525567917,25.023268667],[121.525920763,25.022940653],[121.52648816,25.022441704],[121.527402419,25.021655931],[121.527806046,25.021333087],[121.527807499,25.021331232],[121.527810102,25.021329656],[121.528319358,25.020873996],[121.528319718,25.020873509]]]}, "properties" : {"section_id" : "ZG9HT00", "section_name" : "羅斯福路 辛亥路-和平東路", "travel_speed" : 28, "level_name" : "車多", "level_color" : "#F8C920", "data_time" : "2025-12-29 12:48:00+00"}}, {"type" : "Feature", "geometry" : {"type":"Polygon","coordinates":[[[121.52952271,25.019440679],[121.529502748,25.019468742],[121.529495354,25.019503318],[121.529503044,25.019537839],[121.529524648,25.019567052],[121.529556876,25.019586507],[121.529594821,25.019593244],[121.529632708,25.019586237],[121.529666158,25.01956525],[121.532742329,25.016624164],[121.532762291,25.0165961],[121.532769683,25.016561525],[121.532761992,25.016527003],[121.532740389,25.016497792],[121.532708161,25.016478337],[121.532670216,25.0164716],[121.532632331,25.016478608],[121.532598883,25.016499596],[121.52952271,25.019440679]]]}, "properties" : {"section_id" : "ZELJA00", "section_name" : "羅斯福路 新生南路-辛亥路", "travel_speed" : 48, "level_name" : "順暢", "level_color" : "#19FF1C", "data_time" : "2025-12-29 12:48:00+00"}}, {"type" : "Feature", "geometry" : {"type":"Polygon","coordinates":[[[121.530189348,25.054752618],[121.530189503,25.054752644],[121.53294354,25.054692753],[121.532979461,25.05468577],[121.533011529,25.054666084],[121.533032886,25.054636719],[121.533040281,25.054602144],[121.533032588,25.054567622],[121.533010977,25.054538411],[121.53297874,25.054518956],[121.532938807,25.054512245],[121.530184937,25.054572132],[121.527825238,25.054616365],[121.527788992,25.054623353],[121.527756922,25.054643038],[121.527735564,25.054672403],[121.527728168,25.054706978],[121.52773586,25.054741499],[121.527757469,25.054770712],[121.527789706,25.054790167],[121.527829314,25.054796886],[121.530189179,25.05475265],[121.530189348,25.054752618]]]}, "properties" : {"section_id" : "ZMDL820", "section_name" : "長春路 新生北路-松江路", "travel_speed" : 41, "level_name" : "順暢", "level_color" : "#19FF1C", "data_time" : "2025-12-29 12:48:00+00"}}, {"type" : "Feature", "geometry" : {"type":"Polygon","coordinates":[[[121.616062256,25.052076782],[121.616060571,25.052071426],[121.616059896,25.052067007],[121.615984703,25.051821391],[121.615980628,25.051810714],[121.61597899,25.051808504],[121.615978419,25.05180626],[121.615816437,25.051501879],[121.615730394,25.051325567],[121.615547457,25.050736565],[121.615496471,25.050454511],[121.615535596,25.050054542],[121.615594276,25.049886165],[121.615682567,25.049648896],[121.615683674,25.049642696],[121.615687123,25.049630545],[121.615709691,25.049457185],[121.615709855,25.04945456],[121.615710065,25.049453759],[121.615751595,25.048981247],[121.615803289,25.048645041],[121.61580354,25.048641639],[121.615803867,25.048640411],[121.615822392,25.048448121],[121.615822771,25.048439818],[121.615821908,25.048435959],[121.615822438,25.048432828],[121.615799351,25.048177116],[121.615798679,25.048174611],[121.615797946,25.04816768],[121.615762844,25.04799922],[121.615760914,25.047993381],[121.615760349,25.047989953],[121.615692986,25.047786777],[121.615692424,25.047785352],[121.615692348,25.047784924],[121.615571982,25.047448225],[121.615571566,25.047447207],[121.615571522,25.047446972],[121.615241104,25.046566654],[121.61523947,25.046564279],[121.61523873,25.046560963],[121.615158556,25.04638672],[121.615094685,25.046128927],[121.615113377,25.045865906],[121.615158197,25.045726413],[121.615199881,25.045605293],[121.615272307,25.045424714],[121.615809561,25.044392468],[121.616431283,25.043216295],[121.61678032,25.042564015],[121.61679034,25.042524045],[121.616782623,25.042489528],[121.616760995,25.042460329],[121.616728748,25.042440893],[121.616690791,25.042434178],[121.616652903,25.042441208],[121.616620851,25.042460911],[121.616602165,25.042484897],[121.616253023,25.043137372],[121.616252978,25.043137553],[121.616252816,25.043137762],[121.615630859,25.044314375],[121.615630802,25.044314606],[121.615630601,25.044314867],[121.615091254,25.045351131],[121.615090268,25.045355166],[121.615087717,25.045358827],[121.615012927,25.045545299],[121.61501284,25.045545754],[121.615011447,25.045549274],[121.61496879,25.045673218],[121.614968726,25.045673605],[121.614968242,25.045674866],[121.614920081,25.045824758],[121.614918258,25.045836532],[121.614916297,25.045844286],[121.614895973,25.046130263],[121.614896495,25.046133093],[121.614895767,25.046136506],[121.614898198,25.046155972],[121.61496713,25.046434195],[121.614972398,25.046449196],[121.614972403,25.046449219],[121.615054644,25.046627953],[121.615383744,25.047504763],[121.615503555,25.047839911],[121.615569094,25.048037585],[121.615602242,25.048196668],[121.61562421,25.048439981],[121.615606644,25.048622304],[121.615554898,25.048958852],[121.615554602,25.048962846],[121.615554256,25.048964169],[121.615512641,25.049437632],[121.615491518,25.049599889],[121.615406252,25.049829029],[121.6154062,25.049829315],[121.615405651,25.049830695],[121.61534339,25.050009347],[121.615341877,25.05001838],[121.615339136,25.050028651],[121.61529793,25.05044988],[121.61529754,25.050458303],[121.615298856,25.050472561],[121.615352789,25.050770919],[121.615354538,25.050776456],[121.615355215,25.050780828],[121.615541597,25.051380926],[121.615545572,25.051391276],[121.615546182,25.0513921],[121.615546399,25.051393022],[121.615635983,25.051576589],[121.615637024,25.051577963],[121.615637364,25.051579297],[121.615796172,25.051877715],[121.615867492,25.052110681],[121.61599227,25.052810372],[121.615998705,25.052830824],[121.616020335,25.052860023],[121.616052585,25.052879459],[121.616090545,25.052886174],[121.616128436,25.052879144],[121.616160491,25.052859441],[121.616181828,25.052830064],[121.616189199,25.052795485],[121.616187917,25.05278142],[121.616062256,25.052076782]]]}, "properties" : {"section_id" : "ZKE4M40", "section_name" : "研究院路 忠孝東路-舊莊路", "travel_speed" : 41, "level_name" : "順暢", "level_color" : "#19FF1C", "data_time" : "2025-12-29 12:48:00+00"}}, {"type" : "Feature", "geometry" : {"type":"Polygon","coordinates":[[[121.61160176,25.033049866],[121.611601048,25.033050003],[121.610858814,25.033345439],[121.610828101,25.033364619],[121.610806766,25.033393996],[121.610799394,25.033428574],[121.610807108,25.033463091],[121.610828733,25.033492291],[121.610860977,25.033511729],[121.610898931,25.033518445],[121.610938154,25.033510896],[121.61167367,25.033218134],[121.611813392,25.033183701],[121.61199261,25.033180409],[121.61229119,25.033273198],[121.612719448,25.033433703],[121.612976872,25.033592061],[121.613313532,25.033841694],[121.613661622,25.034145421],[121.613936842,25.034398381],[121.613937212,25.034398607],[121.613937468,25.034398952],[121.613953664,25.034410785],[121.614086828,25.034488713],[121.614102876,25.034496317],[121.614115238,25.034500078],[121.614311423,25.034546964],[121.614337015,25.034549918],[121.614338043,25.034549727],[121.614339022,25.034549891],[121.614831701,25.034538755],[121.614832382,25.034538622],[121.614841668,25.03453807],[121.615128412,25.034505051],[121.615218409,25.034498703],[121.615327889,25.034513022],[121.615428535,25.034542438],[121.615459255,25.034546752],[121.615497141,25.034539723],[121.615529191,25.03452002],[121.615550525,25.034490643],[121.615557895,25.034456064],[121.61555018,25.034421547],[121.615528554,25.034392348],[121.615489074,25.034370511],[121.615380491,25.034338775],[121.615374805,25.034337976],[121.615364303,25.034335376],[121.615235745,25.034318561],[121.615221213,25.034317646],[121.615217265,25.034318379],[121.615214014,25.034317914],[121.615110718,25.034325202],[121.615109728,25.03432542],[121.615105942,25.034325645],[121.614821782,25.034358366],[121.614348135,25.034369071],[121.614180718,25.034329061],[121.61406993,25.034264227],[121.613801466,25.034017477],[121.613800364,25.034016807],[121.613799629,25.034015832],[121.613447722,25.033708774],[121.613447354,25.033708556],[121.613441732,25.033703954],[121.613098538,25.033449477],[121.613096082,25.033448148],[121.613091439,25.033444676],[121.612821958,25.033278901],[121.612804391,25.033270343],[121.612804205,25.033270231],[121.612363764,25.03310516],[121.612360484,25.033104576],[121.612358056,25.033103205],[121.612040062,25.033004383],[121.612007624,25.03299955],[121.612006835,25.032999696],[121.612006074,25.032999568],[121.61179725,25.033003403],[121.611794766,25.033003883],[121.611773374,25.033006517],[121.611614846,25.033045584],[121.611602386,25.033049482],[121.61160176,25.033049866]]]}, "properties" : {"section_id" : "ZHM3N40", "section_name" : "研究院路 四段-三段", "travel_speed" : 56, "level_name" : "順暢", "level_color" : "#19FF1C", "data_time" : "2025-12-29 12:48:00+00"}}, {"type" : "Feature", "geometry" : {"type":"Polygon","coordinates":[[[121.616541998,25.042205187],[121.616542232,25.042206424],[121.616638288,25.042456852],[121.616662086,25.042491198],[121.616694334,25.042510635],[121.616732291,25.042517349],[121.616770179,25.04251032],[121.61680223,25.042490617],[121.616823565,25.042461239],[121.616830936,25.04242666],[121.61682539,25.042397291],[121.616730519,25.042149956],[121.616695824,25.042032841],[121.616709088,25.041913934],[121.616747136,25.041708034],[121.616807442,25.041574171],[121.616866656,25.041483522],[121.617082561,25.04126229],[121.617082915,25.041261773],[121.617085347,25.041259308],[121.617392246,25.040915931],[121.61739723,25.040908284],[121.617403026,25.040901092],[121.617482076,25.040764743],[121.617486176,25.040756747],[121.617486552,25.040754986],[121.617487509,25.040753614],[121.617538902,25.04062571],[121.617540144,25.040619245],[121.617544531,25.040602881],[121.617556433,25.040484069],[121.617556669,25.040479107],[121.6175568,25.040478544],[121.617561715,25.040327769],[121.617561414,25.040326292],[121.617561758,25.040324677],[121.617561095,25.040314655],[121.617542536,25.040169345],[121.617541483,25.040165689],[121.617540746,25.040159814],[121.617487607,25.039946331],[121.617440144,25.039753636],[121.617440085,25.039753466],[121.617440067,25.039753323],[121.617318094,25.03926623],[121.617317897,25.03926567],[121.61731784,25.039265241],[121.617201064,25.038821959],[121.617196084,25.038808099],[121.617192556,25.038801256],[121.617029142,25.038516003],[121.616952348,25.038379402],[121.616919703,25.038243636],[121.616905115,25.037720262],[121.616914893,25.037243803],[121.616914435,25.037241623],[121.616914867,25.037239448],[121.616885992,25.036349506],[121.616885951,25.036349335],[121.616885981,25.036349184],[121.616871821,25.035959841],[121.616867398,25.035941406],[121.61686485,25.035929444],[121.616753907,25.035675508],[121.616694985,25.035483128],[121.616690914,25.035472465],[121.616689818,25.035470985],[121.616689431,25.035469404],[121.616553768,25.035202949],[121.616550137,25.035198237],[121.61654075,25.035183972],[121.616417144,25.035045518],[121.616410019,25.035038356],[121.616402314,25.03503209],[121.616137685,25.03483849],[121.616126113,25.034832279],[121.616119144,25.034827769],[121.615772441,25.034673428],[121.61550338,25.034552252],[121.615459017,25.034542905],[121.615421131,25.034549934],[121.615389082,25.034569637],[121.615367748,25.034599014],[121.615360377,25.034633593],[121.615368092,25.03466811],[121.615389719,25.034697309],[121.615415556,25.034714114],[121.615684822,25.034835382],[121.615685009,25.034835421],[121.61568523,25.034835565],[121.616022212,25.034985577],[121.616270029,25.035166878],[121.616379192,25.035289155],[121.616506257,25.035538725],[121.616564437,25.03572868],[121.616567686,25.035737191],[121.616567816,25.035737802],[121.616674318,25.035981573],[121.616687898,25.036355002],[121.616716696,25.037242606],[121.616706921,25.037718877],[121.616707338,25.037720859],[121.616706936,25.037722856],[121.616721818,25.038256831],[121.616722225,25.03825856],[121.616724081,25.038273858],[121.616761496,25.038429463],[121.616766918,25.038445073],[121.616769286,25.038448271],[121.616770096,25.038451299],[121.616852917,25.03859862],[121.616853006,25.038598731],[121.616853266,25.038599236],[121.6170112,25.038874924],[121.617124992,25.039306883],[121.617246801,25.039793326],[121.617294249,25.039985964],[121.617294287,25.039986072],[121.617294298,25.039986162],[121.617346286,25.040195022],[121.617363396,25.040328987],[121.617358785,25.040470416],[121.617348336,25.040574721],[121.617303697,25.040685814],[121.61723236,25.04080886],[121.616933015,25.041143784],[121.616712266,25.041369979],[121.61670961,25.041373861],[121.616701167,25.041383796],[121.616633384,25.041487561],[121.61662691,25.041499393],[121.616626866,25.041499452],[121.616559577,25.041648816],[121.616559564,25.041648876],[121.616559528,25.041648926],[121.616553531,25.041668106],[121.616513104,25.041886876],[121.616512747,25.041890874],[121.616512237,25.041892736],[121.616496796,25.042031157],[121.616496289,25.042040696],[121.616499711,25.042063808],[121.616540108,25.042200167],[121.616541998,25.042205187]]]}, "properties" : {"section_id" : "ZHX4E40", "section_name" : "研究院路 舊莊路-研究院路", "travel_speed" : 46, "level_name" : "順暢", "level_color" : "#19FF1C", "data_time" : "2025-12-29 12:48:00+00"}}, {"type" : "Feature", "geometry" : {"type":"Polygon","coordinates":[[[121.521797271,25.028286774],[121.521798009,25.028285932],[121.522514622,25.027256281],[121.522522631,25.02724216],[121.522530027,25.027207585],[121.522522338,25.027173063],[121.522500735,25.02714385],[121.522468506,25.027124393],[121.522430558,25.027117654],[121.522392669,25.02712466],[121.522360606,25.027144343],[121.52234726,25.027159587],[121.521631304,25.028188292],[121.520490339,25.029741107],[121.520490258,25.029741247],[121.520490145,25.029741373],[121.519111798,25.031631629],[121.518225026,25.032828351],[121.518224787,25.032828758],[121.518224456,25.032829129],[121.517087754,25.034397911],[121.517078758,25.034413419],[121.51707136,25.034447994],[121.517079047,25.034482516],[121.517100651,25.03451173],[121.51713288,25.034531188],[121.51717083,25.034537928],[121.517208722,25.034530924],[121.517240788,25.034511242],[121.51725315,25.034497387],[121.518389568,25.032928994],[121.519276257,25.031732381],[121.519276427,25.031732092],[121.519276666,25.031731825],[121.520655118,25.029841421],[121.521796667,25.028287808],[121.521797271,25.028286774]]]}, "properties" : {"section_id" : "ZGTHG00", "section_name" : "羅斯福路 和平東路-愛國東路", "travel_speed" : 47, "level_name" : "順暢", "level_color" : "#19FF1C", "data_time" : "2025-12-29 12:48:00+00"}}, {"type" : "Feature", "geometry" : {"type":"Polygon","coordinates":[[[121.523481588,25.025109799],[121.523481444,25.025109957],[121.522243001,25.026726675],[121.522232565,25.026744119],[121.522225168,25.026778694],[121.522232857,25.026813216],[121.52225446,25.026842429],[121.522286689,25.026861886],[121.522324636,25.026868625],[121.522362526,25.02686162],[121.522394589,25.026841936],[121.522405507,25.026830016],[121.523643836,25.025213444],[121.524792582,25.023726437],[121.525066272,25.023376026],[121.525312446,25.023105881],[121.525528342,25.022893375],[121.526094952,25.022395122],[121.52739511,25.02126321],[121.528195313,25.020585972],[121.528196414,25.020584523],[121.528198202,25.020583425],[121.528461855,25.020341407],[121.528462886,25.020339989],[121.528464281,25.0203391],[121.528854324,25.019954772],[121.528873265,25.0199277],[121.528880659,25.019893125],[121.528872969,25.019858603],[121.528851366,25.019829391],[121.528819138,25.019809935],[121.528781192,25.019803198],[121.528743306,25.019810205],[121.528708834,25.019832183],[121.52831998,25.020215339],[121.528058978,25.020454923],[121.527259736,25.021131348],[121.527259365,25.021131836],[121.527258718,25.021132222],[121.525957874,25.022264729],[121.52595774,25.022264908],[121.525957516,25.022265043],[121.525388719,25.022765219],[121.525387098,25.022767396],[121.525384814,25.022768852],[121.525165208,25.022985009],[121.525164913,25.022985431],[121.525161689,25.022988666],[121.524911452,25.02326327],[121.524910391,25.023264879],[121.524906955,25.023268595],[121.524630976,25.023621936],[121.524630871,25.023622109],[121.524630679,25.023622318],[121.523481671,25.025109662],[121.523481588,25.025109799]]]}, "properties" : {"section_id" : "ZEVIV40", "section_name" : "羅斯福路 和平東路-辛亥路", "travel_speed" : 44, "level_name" : "順暢", "level_color" : "#19FF1C", "data_time" : "2025-12-29 12:48:00+00"}}, {"type" : "Feature", "geometry" : {"type":"Polygon","coordinates":[[[121.536826845,25.011802824],[121.536825312,25.011805819],[121.536824942,25.0118063],[121.536554629,25.012327698],[121.536234691,25.012786484],[121.535652813,25.013475491],[121.534950559,25.014192175],[121.534932779,25.014218085],[121.534925387,25.01425266],[121.534933079,25.014287182],[121.534954683,25.014316393],[121.53498691,25.014335848],[121.535024854,25.014342584],[121.535062739,25.014335575],[121.535098367,25.014312433],[121.53580303,25.01359329],[121.535803662,25.013592368],[121.535807644,25.01358822],[121.536394441,25.012893386],[121.536396286,25.012890465],[121.536399544,25.012886747],[121.536725188,25.012419779],[121.536729753,25.012411736],[121.536731149,25.012409922],[121.537003193,25.011885183],[121.53722335,25.011503914],[121.537227355,25.011496092],[121.537234746,25.011461517],[121.537227054,25.011426995],[121.537205451,25.011397784],[121.537173224,25.01137833],[121.53713528,25.011371595],[121.537097396,25.011378604],[121.53706534,25.01139829],[121.537047996,25.011419835],[121.536826845,25.011802824]]]}, "properties" : {"section_id" : "ZDTJW00", "section_name" : "羅斯福路 舟山路-新生南路", "travel_speed" : 47, "level_name" : "順暢", "level_color" : "#19FF1C", "data_time" : "2025-12-29 12:48:00+00"}}, {"type" : "Feature", "geometry" : {"type":"Polygon","coordinates":[[[121.541391391,24.993812644],[121.541390787,24.993807772],[121.54121734,24.993103739],[121.541212054,24.993088636],[121.541190452,24.993059425],[121.54115823,24.993039972],[121.541120292,24.993033238],[121.541082414,24.993040248],[121.541050362,24.993059935],[121.541029018,24.993089302],[121.541021628,24.993123878],[121.541024034,24.993143295],[121.541196476,24.99384325],[121.541249444,24.994217306],[121.541276641,24.994784296],[121.541281066,24.995426523],[121.541259186,24.995733138],[121.541125744,24.996493034],[121.540999582,24.99700388],[121.540846786,24.997436441],[121.540565665,24.998127146],[121.540565631,24.998127319],[121.540565545,24.998127443],[121.540344204,24.998677154],[121.540344145,24.998677458],[121.540343998,24.998677671],[121.540118395,24.999248696],[121.540118102,24.999250242],[121.54011744,24.999251228],[121.540019346,24.9995247],[121.540014443,24.999553111],[121.540022135,24.999587632],[121.540043738,24.999616843],[121.540075962,24.999636296],[121.540113902,24.999643031],[121.540151782,24.999636021],[121.540183835,24.999616334],[121.540207668,24.999580803],[121.540305306,24.999308604],[121.540530308,24.998739097],[121.540751484,24.998189792],[121.541033298,24.997497382],[121.54103374,24.997495113],[121.541034716,24.997493651],[121.541189543,24.997055337],[121.541189893,24.997053279],[121.541191891,24.997047496],[121.541319715,24.99652992],[121.541320057,24.996527058],[121.541320887,24.996524363],[121.541455554,24.99575749],[121.541456107,24.99575099],[121.54145659,24.995749082],[121.541479,24.995435031],[121.541478463,24.995432108],[121.541479207,24.995428605],[121.541474746,24.994781474],[121.541474348,24.994779697],[121.541474654,24.994778098],[121.541447192,24.994205601],[121.541446956,24.994204636],[121.541446472,24.994197988],[121.541392379,24.993815994],[121.541391391,24.993812644]]]}, "properties" : {"section_id" : "Z2TLL00", "section_name" : "羅斯福路 景中街-景隆街", "travel_speed" : 48, "level_name" : "順暢", "level_color" : "#19FF1C", "data_time" : "2025-12-29 12:48:00+00"}}, {"type" : "Feature", "geometry" : {"type":"Polygon","coordinates":[[[121.53841094,25.003585887],[121.538411741,25.003594617],[121.538556029,25.004394958],[121.538562411,25.004415202],[121.538584014,25.004444413],[121.538616239,25.004463867],[121.538654181,25.004470602],[121.538692062,25.004463592],[121.538724117,25.004443906],[121.538745464,25.004414539],[121.538752855,25.004379964],[121.538751545,25.004365686],[121.538608181,25.00357048],[121.53859052,25.003233305],[121.538616076,25.002886788],[121.538682039,25.002594049],[121.53878941,25.002265455],[121.53942949,25.000647923],[121.539429552,25.000647594],[121.539429706,25.00064737],[121.539801261,24.999688916],[121.539806918,24.999658484],[121.539799226,24.999623962],[121.539777624,24.999594752],[121.539745399,24.999575298],[121.539707459,24.999568564],[121.539669579,24.999575573],[121.539637526,24.99959526],[121.539614447,24.99962877],[121.539242999,25.000586947],[121.538602074,25.00220661],[121.538601952,25.002207253],[121.538600319,25.002211471],[121.538490917,25.00254628],[121.538490518,25.002548809],[121.538488822,25.002553885],[121.53842064,25.002856466],[121.538419677,25.002865275],[121.538418838,25.002868572],[121.538392449,25.003226374],[121.538393356,25.003231346],[121.538392339,25.003236732],[121.538410543,25.003584286],[121.53841094,25.003585887]]]}, "properties" : {"section_id" : "Z2WKS40", "section_name" : "羅斯福路 興隆路-景隆街", "travel_speed" : 54, "level_name" : "順暢", "level_color" : "#19FF1C", "data_time" : "2025-12-29 12:48:00+00"}}, {"type" : "Feature", "geometry" : {"type":"Polygon","coordinates":[[[121.539950324,24.999288586],[121.539950477,24.999287814],[121.53995086,24.999287262],[121.540176362,24.998716496],[121.54039754,24.998167191],[121.540679356,24.997474782],[121.540679798,24.997472513],[121.540680773,24.997471051],[121.540835602,24.997032737],[121.540835952,24.997030679],[121.54083795,24.997024896],[121.540965775,24.996507321],[121.540966118,24.996504459],[121.540966948,24.996501764],[121.541101616,24.99573489],[121.541102169,24.99572839],[121.541102652,24.995726483],[121.541125064,24.995412432],[121.541124527,24.995409509],[121.54112527,24.995406006],[121.541120812,24.994758874],[121.541120414,24.994757098],[121.541120719,24.994755499],[121.54109326,24.994183001],[121.541093023,24.994182037],[121.541092539,24.994175389],[121.541038447,24.993793395],[121.541036536,24.993786914],[121.541035535,24.99378042],[121.540845534,24.993167094],[121.540841568,24.993156743],[121.540819967,24.993127532],[121.540787744,24.993108079],[121.540749806,24.993101345],[121.540711928,24.993108355],[121.540679877,24.993128042],[121.540658532,24.993157408],[121.540651143,24.993191984],[121.540654868,24.993216154],[121.540842889,24.993823091],[121.540895512,24.994194707],[121.540922706,24.994761697],[121.54092713,24.995403924],[121.540905249,24.995710538],[121.540771804,24.996470435],[121.540645641,24.99698128],[121.540492844,24.997413841],[121.54021172,24.998104545],[121.540211687,24.998104718],[121.5402116,24.998104842],[121.539990258,24.998654553],[121.5399902,24.998654857],[121.539990052,24.99865507],[121.53976471,24.99922543],[121.539669802,24.999454353],[121.539663409,24.999486621],[121.539671101,24.999521142],[121.539692703,24.999550353],[121.539724927,24.999569806],[121.539762867,24.999576541],[121.539800747,24.999569531],[121.5398328,24.999549844],[121.539855143,24.99951817],[121.539950324,24.999288586]]]}, "properties" : {"section_id" : "Z2KLN40", "section_name" : "羅斯福路 景隆街-景中路", "travel_speed" : 54, "level_name" : "順暢", "level_color" : "#19FF1C", "data_time" : "2025-12-29 12:48:00+00"}}, {"type" : "Feature", "geometry" : {"type":"Polygon","coordinates":[[[121.537346701,25.098047742],[121.537345296,25.098048586],[121.536351612,25.098926819],[121.536328916,25.098957385],[121.53632152,25.09899196],[121.536329217,25.099026481],[121.536350837,25.099055692],[121.536383086,25.099075145],[121.536421057,25.09908188],[121.536458968,25.099074871],[121.536489715,25.099056384],[121.537482311,25.098179113],[121.537820397,25.097898086],[121.53808096,25.097799405],[121.539684664,25.097336665],[121.53990161,25.09730757],[121.540594876,25.097249548],[121.541893441,25.097156641],[121.541893593,25.097156607],[121.54189424,25.09715658],[121.544139432,25.09697928],[121.54438101,25.097047774],[121.545247889,25.09743849],[121.546389704,25.097959504],[121.546434522,25.09796907],[121.546472432,25.097962058],[121.546504509,25.09794237],[121.54652587,25.097913002],[121.546533263,25.097878426],[121.546525563,25.097843906],[121.546503942,25.097814697],[121.546478537,25.097798079],[121.545336504,25.097276966],[121.545336307,25.097276924],[121.545336067,25.097276768],[121.544461946,25.096882788],[121.544458808,25.096882126],[121.544455537,25.096880153],[121.54444744,25.096877501],[121.544179764,25.096801608],[121.544149891,25.096797527],[121.544141724,25.096797864],[121.541877509,25.096976666],[121.54057869,25.097069591],[121.540578439,25.097069647],[121.540577382,25.097069693],[121.539880767,25.097127995],[121.5398794,25.097128305],[121.539875395,25.097128579],[121.539647877,25.097159092],[121.53963847,25.097161477],[121.539632374,25.097162346],[121.538016937,25.097628472],[121.538008883,25.097631164],[121.538008812,25.097631177],[121.537728268,25.097737425],[121.537728161,25.09773749],[121.537728035,25.097737513],[121.537699498,25.097754106],[121.537347506,25.098046692],[121.537346701,25.098047742]]]}, "properties" : {"section_id" : "ZWRLS20", "section_name" : "至善路 福林路-故宮路", "travel_speed" : 45, "level_name" : "順暢", "level_color" : "#19FF1C", "data_time" : "2025-12-29 12:48:00+00"}}, {"type" : "Feature", "geometry" : {"type":"Polygon","coordinates":[[[121.545320763,25.097799943],[121.54532103,25.097800115],[121.54636429,25.098257529],[121.546407702,25.098266466],[121.546445612,25.098259454],[121.546477689,25.098239766],[121.54649905,25.098210398],[121.546506444,25.098175823],[121.546498743,25.098141303],[121.546477122,25.098112093],[121.546450312,25.098094847],[121.545407962,25.097637832],[121.54422451,25.097091656],[121.54421726,25.097088637],[121.544185886,25.09708208],[121.543974774,25.097070042],[121.543967704,25.097071127],[121.543960793,25.097070144],[121.54201964,25.097209354],[121.542019623,25.097209355],[121.540720419,25.097302309],[121.540720168,25.097302365],[121.54071911,25.097302411],[121.540022495,25.097360714],[121.540021128,25.097361024],[121.540017122,25.097361298],[121.539789604,25.097391811],[121.539780197,25.097394196],[121.539774101,25.097395066],[121.538158662,25.097861193],[121.538150607,25.097863884],[121.538150537,25.097863898],[121.537869992,25.097970146],[121.537869886,25.097970211],[121.53786976,25.097970234],[121.537841223,25.097986827],[121.53748923,25.098279413],[121.537487817,25.098281255],[121.537485498,25.098282682],[121.536534025,25.099160763],[121.536512851,25.099189954],[121.536505455,25.09922453],[121.536513152,25.09925905],[121.536534772,25.099288261],[121.536567022,25.099307715],[121.536604992,25.099314449],[121.536642903,25.09930744],[121.536675172,25.099287579],[121.537624827,25.098411176],[121.537962121,25.098130806],[121.538222685,25.098032125],[121.539826392,25.097569384],[121.540043337,25.097540288],[121.540736605,25.097482266],[121.542035173,25.097389358],[121.542035183,25.097389355],[121.54203519,25.097389356],[121.543969376,25.097250645],[121.544153097,25.097261122],[121.545319221,25.097799301],[121.545320763,25.097799943]]]}, "properties" : {"section_id" : "ZX9KL60", "section_name" : "福林路 雨農路-至善路", "travel_speed" : 46, "level_name" : "順暢", "level_color" : "#19FF1C", "data_time" : "2025-12-29 12:48:00+00"}}, {"type" : "Feature", "geometry" : {"type":"Polygon","coordinates":[[[121.547876186,25.09874183],[121.547876281,25.098741871],[121.54787631,25.098741891],[121.548925624,25.099250475],[121.549867001,25.099764832],[121.550591515,25.100212528],[121.550592593,25.100213055],[121.550593536,25.100213745],[121.551793857,25.100917069],[121.552246927,25.101291173],[121.55239619,25.101425979],[121.552969279,25.102212738],[121.55326974,25.102660247],[121.55327195,25.102662792],[121.55327385,25.102665883],[121.55335581,25.102769608],[121.553359029,25.102773042],[121.553360108,25.102774661],[121.553449987,25.102872918],[121.55345635,25.102879238],[121.553466877,25.102887496],[121.553581731,25.102965531],[121.553590766,25.102970185],[121.553595839,25.102973534],[121.553769278,25.103054391],[121.553776438,25.103057388],[121.553776525,25.103057441],[121.553903787,25.103105434],[121.553903987,25.103105469],[121.553904159,25.103105573],[121.55391489,25.103108935],[121.554115881,25.103160388],[121.554116014,25.103160405],[121.554116314,25.103160498],[121.554287225,25.103203491],[121.554314034,25.10320675],[121.554351944,25.103199736],[121.554384022,25.103180046],[121.554405382,25.103150678],[121.554412773,25.103116102],[121.55440507,25.103081582],[121.554383446,25.103052374],[121.554351192,25.103032924],[121.554340028,25.103029453],[121.554169335,25.102986515],[121.553974226,25.102936566],[121.553856092,25.102892016],[121.553693633,25.102816278],[121.553594854,25.102749164],[121.553514721,25.102661562],[121.553436983,25.10256318],[121.553137507,25.102117137],[121.553136533,25.102116015],[121.55313554,25.102114325],[121.552555833,25.101318483],[121.552543028,25.101304286],[121.552384991,25.101161556],[121.552382998,25.101160354],[121.552381773,25.101158776],[121.551920994,25.100778307],[121.551918278,25.100776748],[121.551908044,25.100769265],[121.550701858,25.100062505],[121.549976057,25.099614013],[121.549973371,25.099612701],[121.549971397,25.099611303],[121.549025467,25.099094459],[121.54902225,25.09909299],[121.549021039,25.099092178],[121.547969541,25.098582535],[121.546799744,25.098013606],[121.546790605,25.098009692],[121.546752634,25.098002959],[121.546714724,25.098009971],[121.546682647,25.09802966],[121.546661286,25.098059027],[121.546653893,25.098093603],[121.546661593,25.098128123],[121.546683215,25.098157332],[121.546706327,25.09817287],[121.547876186,25.09874183]]]}, "properties" : {"section_id" : "ZXWNW20", "section_name" : "至善路 故宮路-至善路", "travel_speed" : 42, "level_name" : "順暢", "level_color" : "#19FF1C", "data_time" : "2025-12-29 12:48:00+00"}}, {"type" : "Feature", "geometry" : {"type":"Polygon","coordinates":[[[121.554935869,25.103436801],[121.554936422,25.103436902],[121.554936901,25.10343719],[121.55582267,25.103765419],[121.556505272,25.104148872],[121.556984947,25.10453643],[121.557106089,25.104754783],[121.557262321,25.105141012],[121.557339171,25.10537081],[121.55740511,25.105767691],[121.557441766,25.10611563],[121.55748693,25.106551303],[121.557548789,25.107569668],[121.557537092,25.107789213],[121.557510812,25.108120923],[121.557421604,25.108606117],[121.557301656,25.109065627],[121.55720985,25.109408744],[121.557209232,25.109413517],[121.557207949,25.109417866],[121.557177124,25.10962285],[121.557176209,25.109635469],[121.557176286,25.109635814],[121.557176215,25.109636153],[121.557178616,25.109822886],[121.557178744,25.10982345],[121.557180414,25.10983898],[121.557221546,25.110032522],[121.557225038,25.110043022],[121.55722561,25.110045973],[121.557329491,25.110308485],[121.557330778,25.110310324],[121.557331326,25.110312775],[121.557339586,25.110327008],[121.557947075,25.111179813],[121.558216297,25.111563559],[121.558220059,25.111567804],[121.558222173,25.111571062],[121.558529209,25.111923512],[121.558537072,25.11193151],[121.558569329,25.111950959],[121.558607304,25.111957688],[121.558645218,25.111950673],[121.558677296,25.111930982],[121.558698657,25.111901613],[121.558706048,25.111867037],[121.558698343,25.111832517],[121.558684579,25.111811309],[121.558380692,25.111462474],[121.558114012,25.111082352],[121.558113819,25.111082134],[121.55811364,25.111081825],[121.557512182,25.11023749],[121.557414781,25.109991352],[121.557376803,25.109812652],[121.557374592,25.109640722],[121.557403729,25.109446965],[121.557494392,25.109108117],[121.557494417,25.109107922],[121.557494522,25.109107624],[121.557615307,25.108644903],[121.557615674,25.108642006],[121.557616634,25.108638934],[121.557707162,25.108146553],[121.557707723,25.108140251],[121.557708266,25.108138143],[121.557734964,25.107801144],[121.557734804,25.107800255],[121.557735105,25.107799023],[121.557747107,25.107573736],[121.557746206,25.107569069],[121.557747072,25.107564376],[121.557684822,25.106539581],[121.557684696,25.106539084],[121.557684534,25.106536082],[121.557639181,25.106098594],[121.557639173,25.106098563],[121.557639167,25.106098457],[121.557602245,25.105748],[121.557601887,25.105746704],[121.557601582,25.105743117],[121.557534158,25.1053373],[121.557531856,25.105329829],[121.557530974,25.105324506],[121.557451191,25.105085941],[121.557449514,25.105081707],[121.557449381,25.105081037],[121.557290196,25.104687508],[121.557286951,25.104682909],[121.557285655,25.104678003],[121.557153408,25.104439635],[121.55713473,25.104416242],[121.557132222,25.10441473],[121.557130717,25.104412814],[121.556630454,25.104008622],[121.556626774,25.104006534],[121.556616706,25.103999316],[121.555919755,25.103607802],[121.555905261,25.103601087],[121.555905157,25.103601069],[121.555905069,25.103601016],[121.555012165,25.103270143],[121.554487111,25.10306927],[121.554448298,25.103062223],[121.554410387,25.103069237],[121.55437831,25.103088927],[121.55435695,25.103118295],[121.554349558,25.103152872],[121.554357261,25.103187391],[121.554378886,25.103216599],[121.5544103,25.103235732],[121.554935869,25.103436801]]]}, "properties" : {"section_id" : "ZZKPR20", "section_name" : "至善路 至善路-中社路", "travel_speed" : 46, "level_name" : "順暢", "level_color" : "#19FF1C", "data_time" : "2025-12-29 12:48:00+00"}}, {"type" : "Feature", "geometry" : {"type":"Polygon","coordinates":[[[121.553972649,25.103363976],[121.55397295,25.103364069],[121.55414386,25.103407062],[121.554170669,25.103410321],[121.55420858,25.103403308],[121.554240657,25.103383618],[121.554262018,25.103354249],[121.554269409,25.103319673],[121.554261706,25.103285153],[121.554240082,25.103255945],[121.554207828,25.103236496],[121.554196664,25.103233024],[121.55402597,25.103190086],[121.553830861,25.103140137],[121.553712728,25.103095587],[121.553550268,25.103019848],[121.553451489,25.102952735],[121.553371356,25.102865132],[121.553293618,25.10276675],[121.552994141,25.102320707],[121.552993168,25.102319585],[121.552992175,25.102317895],[121.552412468,25.101522053],[121.552399663,25.101507856],[121.552241626,25.101365125],[121.552239632,25.101363923],[121.552238407,25.101362346],[121.551777628,25.100981876],[121.551774912,25.100980317],[121.551764678,25.100972834],[121.550558491,25.100266072],[121.549832689,25.09981758],[121.549830004,25.099816268],[121.549828029,25.09981487],[121.548882099,25.099298025],[121.548878881,25.099296557],[121.54887767,25.099295744],[121.547826171,25.098786101],[121.546656373,25.09821717],[121.546647234,25.098213256],[121.546609263,25.098206524],[121.546571353,25.098213535],[121.546539276,25.098233224],[121.546517915,25.098262591],[121.546510521,25.098297167],[121.546518222,25.098331687],[121.546539843,25.098360896],[121.546562955,25.098376434],[121.547732816,25.098945396],[121.547732911,25.098945436],[121.54773294,25.098945456],[121.548782255,25.099454041],[121.549723633,25.099968398],[121.550448148,25.100416096],[121.550449225,25.100416622],[121.550450169,25.100417312],[121.551650491,25.101120637],[121.552103562,25.101494742],[121.552252824,25.101629548],[121.552825914,25.102416308],[121.553126374,25.102863817],[121.553128585,25.102866363],[121.553130484,25.102869453],[121.553212444,25.102973179],[121.553215663,25.102976612],[121.553216742,25.102978231],[121.553306622,25.103076488],[121.553312985,25.103082808],[121.553323511,25.103091066],[121.553438365,25.103169102],[121.553447401,25.103173756],[121.553452474,25.103177104],[121.553625913,25.103257962],[121.553633073,25.103260959],[121.55363316,25.103261011],[121.553760422,25.103309004],[121.553760622,25.10330904],[121.553760794,25.103309144],[121.553771525,25.103312505],[121.553972517,25.10336396],[121.553972649,25.103363976]]]}, "properties" : {"section_id" : "ZWXMM60", "section_name" : "至善路 至善路-故宮路", "travel_speed" : 41, "level_name" : "順暢", "level_color" : "#19FF1C", "data_time" : "2025-12-29 12:48:00+00"}}, {"type" : "Feature", "geometry" : {"type":"Polygon","coordinates":[[[121.55813609,25.111853324],[121.558138278,25.111856524],[121.558388699,25.112118332],[121.558425907,25.112142591],[121.558463883,25.11214932],[121.558501796,25.112142305],[121.558533875,25.112122614],[121.558555236,25.112093245],[121.558562627,25.112058669],[121.558554922,25.112024149],[121.558538246,25.111999752],[121.558292479,25.11174281],[121.557798751,25.111047301],[121.557798706,25.11104725],[121.557798665,25.111047181],[121.55719721,25.110202844],[121.55709981,25.109956706],[121.557061833,25.109778006],[121.557059622,25.109606076],[121.557088759,25.109412319],[121.557179422,25.109073472],[121.557179448,25.109073276],[121.557179553,25.109072978],[121.557300339,25.108610258],[121.557300706,25.10860736],[121.557301666,25.108604288],[121.557392196,25.108111908],[121.557392756,25.108105606],[121.557393299,25.108103497],[121.557419998,25.107766498],[121.557419838,25.107765609],[121.557420139,25.107764377],[121.557432142,25.10753909],[121.557431422,25.107535364],[121.557432193,25.10753142],[121.557396827,25.106649843],[121.557396444,25.106648259],[121.557396665,25.106647016],[121.55735477,25.10608584],[121.557354504,25.106084814],[121.557354181,25.106080396],[121.557299983,25.105698415],[121.557299454,25.105696624],[121.557299126,25.105693467],[121.557218641,25.105299642],[121.557216611,25.105293456],[121.557216014,25.10528986],[121.557136233,25.105051294],[121.557132828,25.1050427],[121.557132257,25.10504193],[121.557132055,25.105041066],[121.556946692,25.104659578],[121.556944945,25.104657267],[121.556934532,25.104640969],[121.556763098,25.104438578],[121.556754407,25.104429614],[121.556738809,25.10441813],[121.556160119,25.104073947],[121.556156819,25.104072369],[121.556154931,25.104071064],[121.555537003,25.103750912],[121.555527746,25.103746809],[121.555527167,25.103746454],[121.554410283,25.103308732],[121.554370677,25.103301378],[121.554332766,25.103308392],[121.554300689,25.103328082],[121.554279329,25.103357451],[121.554271937,25.103392027],[121.55427964,25.103426546],[121.554301264,25.103455754],[121.554331886,25.10347458],[121.555443717,25.103910321],[121.556054222,25.104226626],[121.556616322,25.104560943],[121.556770196,25.104742604],[121.556948283,25.10510912],[121.557024702,25.105337632],[121.55710367,25.105724035],[121.557157131,25.106100816],[121.557198716,25.106657848],[121.557233869,25.107534175],[121.557222126,25.107754567],[121.557195845,25.108086277],[121.557106636,25.108571471],[121.556986687,25.109030981],[121.55689488,25.109374098],[121.556894262,25.10937887],[121.556892979,25.10938322],[121.556862154,25.109588203],[121.556861238,25.109600822],[121.556861315,25.109601167],[121.556861244,25.109601506],[121.556863645,25.10978824],[121.556863773,25.109788804],[121.556865444,25.109804334],[121.556906575,25.109997876],[121.556910066,25.110008376],[121.556910639,25.110011326],[121.557014519,25.110273839],[121.557015806,25.110275677],[121.557016354,25.110278129],[121.557024614,25.110292362],[121.557632245,25.111145371],[121.558129777,25.11184624],[121.55813609,25.111853324]]]}, "properties" : {"section_id" : "ZZKPR60", "section_name" : "至善路 中社路-至善路", "travel_speed" : 47, "level_name" : "順暢", "level_color" : "#19FF1C", "data_time" : "2025-12-29 12:48:00+00"}}, {"type" : "Feature", "geometry" : {"type":"Polygon","coordinates":[[[121.5623264,24.982622866],[121.562326381,24.982622972],[121.56232621,24.982623402],[121.560911205,24.986655303],[121.560181722,24.988549653],[121.560176134,24.988579924],[121.56018383,24.988614444],[121.560205436,24.988643652],[121.56023766,24.988663101],[121.560275598,24.98866983],[121.560313473,24.988662815],[121.56034552,24.988643124],[121.560368654,24.988609449],[121.561098592,24.986713908],[121.561098657,24.986713558],[121.561099472,24.986711516],[121.562514799,24.982678679],[121.56268543,24.982202706],[121.562690328,24.982174292],[121.562682631,24.982139772],[121.562661026,24.982110565],[121.562628803,24.982091116],[121.562590868,24.982084387],[121.562552994,24.982091403],[121.562520949,24.982111094],[121.562497127,24.982146627],[121.5623264,24.982622866]]]}, "properties" : {"section_id" : "Z1VQH00", "section_name" : "興隆路 木新路-木柵路", "travel_speed" : 42, "level_name" : "順暢", "level_color" : "#19FF1C", "data_time" : "2025-12-29 12:48:00+00"}}, {"type" : "Feature", "geometry" : {"type":"Polygon","coordinates":[[[121.56082593,24.986698809],[121.560825995,24.986698459],[121.56082681,24.986696417],[121.562242146,24.982663583],[121.562412778,24.98218761],[121.562417676,24.982159196],[121.562409979,24.982124676],[121.562388374,24.982095468],[121.562356152,24.98207602],[121.562318216,24.982069291],[121.562280342,24.982076306],[121.562248298,24.982095998],[121.562224475,24.98213153],[121.562053746,24.98260777],[121.562053728,24.982607875],[121.562053557,24.982608305],[121.560638543,24.986640204],[121.559909057,24.988534552],[121.559903468,24.988564823],[121.559911164,24.988599343],[121.559932769,24.988628551],[121.559964994,24.988648],[121.560002931,24.98865473],[121.560040807,24.988647715],[121.560072854,24.988628024],[121.560095988,24.988594349],[121.56082593,24.986698809]]]}, "properties" : {"section_id" : "Z1NQM40", "section_name" : "興隆路 木柵路-木新路", "travel_speed" : 33, "level_name" : "車多", "level_color" : "#F8C920", "data_time" : "2025-12-29 12:48:00+00"}}, {"type" : "Feature", "geometry" : {"type":"Polygon","coordinates":[[[121.498612312,25.032965197],[121.498614484,25.032964659],[121.498617973,25.032964346],[121.499777216,25.032758568],[121.500259002,25.03273384],[121.500899322,25.032813316],[121.502362381,25.033165071],[121.504579425,25.033730659],[121.504606512,25.033734002],[121.504644405,25.033727001],[121.504676473,25.033707322],[121.504697833,25.03367796],[121.504705235,25.033643386],[121.50469755,25.033608863],[121.50467595,25.033579647],[121.504643722,25.033560186],[121.504632861,25.033556786],[121.502415104,25.032991016],[121.502414648,25.032990959],[121.502413667,25.03299066],[121.500944009,25.032637318],[121.500938154,25.032636636],[121.500932101,25.032635156],[121.500276316,25.032553761],[121.500262573,25.032552935],[121.500259793,25.032553449],[121.500257366,25.032553077],[121.499759324,25.03257864],[121.499756624,25.032579206],[121.499745947,25.032580163],[121.498582891,25.032786618],[121.498087836,25.032847654],[121.498062867,25.032853838],[121.498030799,25.032873516],[121.498009437,25.032902877],[121.498002034,25.032937451],[121.498009716,25.032971974],[121.498031314,25.033001191],[121.498063541,25.033020653],[121.498101489,25.033027398],[121.498114413,25.033026584],[121.498612312,25.032965197]]]}, "properties" : {"section_id" : "ZHPEB20", "section_name" : "艋舺大道 西園路-和平西路", "travel_speed" : 34, "level_name" : "車多", "level_color" : "#F8C920", "data_time" : "2025-12-29 12:48:00+00"}}, {"type" : "Feature", "geometry" : {"type":"Polygon","coordinates":[[[121.513706857,25.070843096],[121.513706428,25.070841147],[121.513706775,25.07083935],[121.513669221,25.069998301],[121.513647146,25.06908394],[121.513639902,25.068715038],[121.513632228,25.068681787],[121.51361062,25.068652573],[121.513578381,25.068633114],[121.513540421,25.068626373],[121.513502518,25.068633376],[121.513470443,25.068653058],[121.513449079,25.06868242],[121.513441693,25.068718266],[121.51344894,25.069087354],[121.513448985,25.069087546],[121.513448948,25.069087724],[121.513471046,25.070003113],[121.513471256,25.070004012],[121.513471104,25.070004797],[121.513508611,25.070844815],[121.513507575,25.071941054],[121.513515265,25.071975997],[121.513536874,25.072005211],[121.513569113,25.07202467],[121.513607074,25.072031411],[121.513644978,25.072024408],[121.513677054,25.072004726],[121.513698419,25.071975363],[121.51370582,25.07194121],[121.513706857,25.070843096]]]}, "properties" : {"section_id" : "ZQGFY40", "section_name" : "重慶北路　民族往南", "travel_speed" : 34, "level_name" : "車多", "level_color" : "#F8C920", "data_time" : "2025-12-29 12:48:00+00"}}, {"type" : "Feature", "geometry" : {"type":"Polygon","coordinates":[[[121.497495729,25.033307455],[121.497496404,25.033307571],[121.497740557,25.033303671],[121.497777077,25.033296685],[121.497809146,25.033277007],[121.497830508,25.033247646],[121.497837911,25.033213072],[121.497830229,25.033178549],[121.49780863,25.033149332],[121.497776404,25.03312987],[121.497737082,25.033123138],[121.497498374,25.033126951],[121.497375785,25.033116618],[121.497169594,25.033088211],[121.496925012,25.033049523],[121.496681818,25.032990938],[121.496133126,25.03278629],[121.495834344,25.032628588],[121.494859842,25.031867268],[121.491639196,25.029059784],[121.49160828,25.029041483],[121.491570334,25.029034736],[121.491532442,25.029041734],[121.491500373,25.02906141],[121.49147901,25.02909077],[121.491471605,25.029125344],[121.491479285,25.029159867],[121.49150219,25.029190247],[121.494724787,25.031999434],[121.494727372,25.032000964],[121.494728787,25.032002735],[121.495712269,25.032771072],[121.49571769,25.032774092],[121.495727098,25.032780655],[121.496039642,25.03294562],[121.49605173,25.032951036],[121.496051753,25.03295104],[121.496051773,25.032951052],[121.496612706,25.033160266],[121.496612729,25.03316027],[121.496624917,25.033163996],[121.496878502,25.033225085],[121.496882141,25.03322551],[121.496886882,25.033226754],[121.497136758,25.033266279],[121.497138024,25.033266376],[121.497138893,25.033266594],[121.497348986,25.03329554],[121.497353073,25.033295812],[121.497354674,25.03329617],[121.497485539,25.033307201],[121.497495032,25.033307584],[121.497495729,25.033307455]]]}, "properties" : {"section_id" : "ZGBBW60", "section_name" : "艋舺大道 西園路-西藏路", "travel_speed" : 35, "level_name" : "順暢", "level_color" : "#19FF1C", "data_time" : "2025-12-29 12:48:00+00"}}, {"type" : "Feature", "geometry" : {"type":"Polygon","coordinates":[[[121.502506505,25.033241171],[121.502506487,25.033241169],[121.502506452,25.033241158],[121.50103679,25.032887817],[121.501030935,25.032887135],[121.501024882,25.032885655],[121.500369095,25.03280426],[121.500355353,25.032803435],[121.500352573,25.032803948],[121.500350145,25.032803577],[121.499852103,25.03282914],[121.499849403,25.032829706],[121.499838725,25.032830663],[121.498675667,25.033037119],[121.498180612,25.033098155],[121.498155643,25.03310434],[121.498123574,25.033124018],[121.498102212,25.033153378],[121.498094809,25.033187952],[121.498102491,25.033222475],[121.49812409,25.033251692],[121.498156316,25.033271155],[121.498194265,25.0332779],[121.498207189,25.033277085],[121.498705089,25.033215698],[121.498707261,25.03321516],[121.49871075,25.033214847],[121.499869995,25.033009069],[121.500351782,25.03298434],[121.500992103,25.033063815],[121.502455858,25.033415736],[121.502455885,25.033415742],[121.504411025,25.033886843],[121.50443673,25.033889843],[121.504474623,25.033882842],[121.50450669,25.033863163],[121.504528051,25.033833801],[121.504535452,25.033799227],[121.504527768,25.033764704],[121.504506168,25.033735488],[121.50447394,25.033716027],[121.504461696,25.033712284],[121.502506505,25.033241171]]]}, "properties" : {"section_id" : "ZHHDF60", "section_name" : "艋舺大道 和平西路-西園路", "travel_speed" : 44, "level_name" : "順暢", "level_color" : "#19FF1C", "data_time" : "2025-12-29 12:48:00+00"}}, {"type" : "Feature", "geometry" : {"type":"Polygon","coordinates":[[[121.503908145,25.0312011],[121.503948963,25.031194129],[121.50398103,25.03117445],[121.50400239,25.031145088],[121.504009792,25.031110514],[121.504002108,25.031075991],[121.503980509,25.031046775],[121.503948282,25.031027314],[121.50391326,25.0310206],[121.50064084,25.03094358],[121.500600022,25.03095055],[121.500567954,25.030970229],[121.500546593,25.03099959],[121.500539191,25.031034164],[121.500546874,25.031068687],[121.500568472,25.031097904],[121.500600699,25.031117365],[121.50063572,25.03112408],[121.503908145,25.0312011]]]}, "properties" : {"section_id" : "ZH7E720", "section_name" : "莒光路 萬大路-中華路", "travel_speed" : 24, "level_name" : "壅塞", "level_color" : "#FA0300", "data_time" : "2025-12-29 12:48:00+00"}}, {"type" : "Feature", "geometry" : {"type":"Polygon","coordinates":[[[121.50757792,25.031186413],[121.507615413,25.031179413],[121.507647479,25.031159734],[121.507668838,25.031130371],[121.507676239,25.031095797],[121.507668554,25.031061274],[121.507646954,25.031032059],[121.507614726,25.031012598],[121.507576378,25.031005858],[121.504325461,25.031028869],[121.504287969,25.031035868],[121.504255902,25.031055547],[121.504234542,25.031084908],[121.50422714,25.031119482],[121.504234824,25.031154006],[121.504256424,25.031183221],[121.504288651,25.031202682],[121.504326998,25.031209424],[121.50757792,25.031186413]]]}, "properties" : {"section_id" : "ZH7EV20", "section_name" : "莒光路 中華路-和平西路", "travel_speed" : 37, "level_name" : "順暢", "level_color" : "#19FF1C", "data_time" : "2025-12-29 12:48:00+00"}}, {"type" : "Feature", "geometry" : {"type":"Polygon","coordinates":[[[121.50066793,25.031158471],[121.500627112,25.031165441],[121.500595044,25.031185119],[121.500573683,25.031214481],[121.50056628,25.031249054],[121.500573964,25.031283578],[121.500595562,25.031312794],[121.500627789,25.031332256],[121.50066281,25.031338971],[121.50393524,25.03141599],[121.503976059,25.031409019],[121.504008126,25.03138934],[121.504029486,25.031359978],[121.504036888,25.031325404],[121.504029204,25.031290881],[121.504007604,25.031261665],[121.503975378,25.031242204],[121.503940356,25.03123549],[121.50066793,25.031158471]]]}, "properties" : {"section_id" : "ZH6DG60", "section_name" : "莒光路 中華路-萬大路", "travel_speed" : 41, "level_name" : "順暢", "level_color" : "#19FF1C", "data_time" : "2025-12-29 12:48:00+00"}}, {"type" : "Feature", "geometry" : {"type":"Polygon","coordinates":[[[121.50439141,25.03124363],[121.504354391,25.031250624],[121.504322324,25.031270303],[121.504300964,25.031299665],[121.504293563,25.031334239],[121.504301247,25.031368762],[121.504322846,25.031397978],[121.504355073,25.031417439],[121.504393894,25.031424176],[121.507369489,25.03139016],[121.507406508,25.031383165],[121.507438574,25.031363485],[121.507459934,25.031334123],[121.507467334,25.031299549],[121.507459649,25.031265026],[121.507438049,25.031235811],[121.507405822,25.03121635],[121.507367,25.031209614],[121.50439141,25.03124363]]]}, "properties" : {"section_id" : "ZH7E760", "section_name" : "莒光路 和平西路-中華路", "travel_speed" : 55, "level_name" : "順暢", "level_color" : "#19FF1C", "data_time" : "2025-12-29 12:48:00+00"}}, {"type" : "Feature", "geometry" : {"type":"Polygon","coordinates":[[[121.50057531,25.030981149],[121.500582973,25.031014192],[121.500604572,25.031043409],[121.500636798,25.031062871],[121.500674746,25.031069615],[121.500712638,25.031062615],[121.500744706,25.031042937],[121.500766067,25.031013576],[121.50077345,25.030977522],[121.500741318,25.02952053],[121.500733655,25.029487487],[121.500712056,25.02945827],[121.50067983,25.029438808],[121.500641883,25.029432064],[121.500603991,25.029439064],[121.500571924,25.029458742],[121.500550563,25.029488104],[121.50054318,25.029524157],[121.50057531,25.030981149]]]}, "properties" : {"section_id" : "ZH6DG00", "section_name" : "萬大路 西藏路-莒光路", "travel_speed" : 55, "level_name" : "順暢", "level_color" : "#19FF1C", "data_time" : "2025-12-29 12:48:00+00"}}, {"type" : "Feature", "geometry" : {"type":"Polygon","coordinates":[[[121.500452978,25.029533445],[121.500445314,25.029500402],[121.500423716,25.029471185],[121.50039149,25.029451723],[121.500353543,25.029444979],[121.500315651,25.029451978],[121.500283584,25.029471657],[121.500262223,25.029501018],[121.50025484,25.029537072],[121.500286966,25.030994063],[121.500294629,25.031027107],[121.500316228,25.031056323],[121.500348454,25.031075785],[121.500386402,25.03108253],[121.500424294,25.03107553],[121.500456362,25.031055852],[121.500477723,25.03102649],[121.500485106,25.030990437],[121.500452978,25.029533445]]]}, "properties" : {"section_id" : "ZGQDF40", "section_name" : "萬大路 莒光路-西藏路", "travel_speed" : 39, "level_name" : "順暢", "level_color" : "#19FF1C", "data_time" : "2025-12-29 12:48:00+00"}}, {"type" : "Feature", "geometry" : {"type":"Polygon","coordinates":[[[121.496686512,25.030794045],[121.496688618,25.030796871],[121.496689321,25.03079952],[121.497372365,25.032022512],[121.497372562,25.032022758],[121.497373138,25.032023868],[121.498071,25.033222722],[121.498071745,25.033223637],[121.498073304,25.033226462],[121.499233765,25.035009828],[121.499249194,25.035027861],[121.499281421,25.035047323],[121.49931937,25.035054068],[121.499357264,25.035047068],[121.499389332,25.03502739],[121.499410694,25.034998029],[121.499418098,25.034963455],[121.499410415,25.034928932],[121.499404244,25.034917748],[121.498244982,25.033136228],[121.497548615,25.031939945],[121.496867455,25.03072033],[121.495950703,25.028765145],[121.49592939,25.02873654],[121.495897165,25.028717077],[121.495859218,25.028710332],[121.495821327,25.02871733],[121.495789259,25.028737008],[121.495767897,25.028766368],[121.495760493,25.028800942],[121.495768459,25.028836078],[121.496686512,25.030794045]]]}, "properties" : {"section_id" : "ZHZD800", "section_name" : "西園路 西藏路-和平西路", "travel_speed" : 53, "level_name" : "順暢", "level_color" : "#19FF1C", "data_time" : "2025-12-29 12:48:00+00"}}, {"type" : "Feature", "geometry" : {"type":"Polygon","coordinates":[[[121.49779704,25.033367885],[121.497798608,25.033370727],[121.498866723,25.035011084],[121.498882137,25.035029094],[121.498914364,25.035048556],[121.498952313,25.035055301],[121.498990207,25.035048302],[121.499022275,25.035028623],[121.499043638,25.034999262],[121.499051041,25.034964688],[121.499043358,25.034930165],[121.499037173,25.034918959],[121.497970265,25.033280459],[121.497273907,25.032084186],[121.496592525,25.03086417],[121.495618287,25.028842162],[121.495597365,25.02881438],[121.49556514,25.028794917],[121.495527193,25.028788171],[121.495489301,25.02879517],[121.495457234,25.028814847],[121.495435872,25.028844207],[121.495428468,25.028878781],[121.495436824,25.028914739],[121.496412196,25.030939106],[121.496414024,25.030941532],[121.496414614,25.03094376],[121.497097657,25.032166753],[121.497097853,25.032166998],[121.49709843,25.032168109],[121.49779629,25.033366964],[121.49779704,25.033367885]]]}, "properties" : {"section_id" : "ZGKCG40", "section_name" : "西園路 和平西路-西藏路", "travel_speed" : 41, "level_name" : "順暢", "level_color" : "#19FF1C", "data_time" : "2025-12-29 12:48:00+00"}}, {"type" : "Feature", "geometry" : {"type":"Polygon","coordinates":[[[121.496123447,25.028546533],[121.496122995,25.028545868],[121.496034529,25.028452243],[121.495997019,25.028427611],[121.495959072,25.028420865],[121.495921181,25.028427864],[121.495889113,25.028447541],[121.495867751,25.028476902],[121.495860348,25.028511476],[121.495868029,25.028545999],[121.495884342,25.028570047],[121.495971549,25.02866234],[121.496068444,25.028773351],[121.496075827,25.028780861],[121.496075915,25.02878098],[121.496204471,25.028898167],[121.496204634,25.028898266],[121.496204745,25.028898416],[121.496211822,25.028902626],[121.49623697,25.028917879],[121.496237676,25.028918004],[121.496238256,25.02891835],[121.496434358,25.028988689],[121.496435515,25.028988887],[121.496451484,25.028993258],[121.496684856,25.029035192],[121.496685566,25.029035254],[121.496686217,25.029035427],[121.496939416,25.029077582],[121.496941826,25.029077777],[121.496943434,25.029078173],[121.497163941,25.029106416],[121.497446666,25.029148806],[121.497459037,25.029149706],[121.497460475,25.02914998],[121.49771733,25.029155368],[121.49795927,25.029188525],[121.4979729,25.029189431],[121.497973432,25.029189528],[121.49822761,25.029190876],[121.498227664,25.029190866],[121.498227721,25.029190876],[121.498453762,25.029191844],[121.49862817,25.029219302],[121.498634731,25.029219804],[121.498637178,25.029220336],[121.498903206,25.029239632],[121.49915369,25.029258767],[121.499154916,25.029258812],[121.4991552,25.029258872],[121.499373593,25.029272497],[121.499377612,25.029271891],[121.499382309,25.02927269],[121.499719502,25.029266654],[121.499992909,25.029283741],[121.499994958,25.029283432],[121.499997599,25.029283932],[121.50019813,25.02928779],[121.500199367,25.029287576],[121.500200682,25.029287809],[121.500375146,25.02928707],[121.500412943,25.02928007],[121.50044501,25.029260392],[121.500466371,25.029231031],[121.500473773,25.029196457],[121.500466091,25.029161934],[121.500444492,25.029132717],[121.500412266,25.029113255],[121.500374224,25.029106511],[121.500201037,25.029107245],[121.500004129,25.029103457],[121.499728706,25.029086244],[121.499724682,25.02908685],[121.499719977,25.029086049],[121.499382779,25.029092086],[121.499169494,25.02907878],[121.498919557,25.029059687],[121.498919229,25.029059675],[121.498919142,25.029059656],[121.498657436,25.029040673],[121.498479363,25.029012638],[121.498463556,25.02901143],[121.498462957,25.029011321],[121.498228708,25.029010318],[121.497981706,25.029009008],[121.497740613,25.028975967],[121.497729384,25.02897522],[121.497728155,25.028974986],[121.497471986,25.028969613],[121.497194975,25.02892808],[121.497193553,25.028927976],[121.497192679,25.028927761],[121.496973037,25.028899629],[121.496722522,25.028857921],[121.496498618,25.028817689],[121.496330051,25.028757226],[121.496220055,25.028656957],[121.496125456,25.028548577],[121.496123447,25.028546533]]]}, "properties" : {"section_id" : "ZGQDF20", "section_name" : "西藏路 西園路-萬大路", "travel_speed" : 41, "level_name" : "順暢", "level_color" : "#19FF1C", "data_time" : "2025-12-29 12:48:00+00"}}, {"type" : "Feature", "geometry" : {"type":"Polygon","coordinates":[[[121.504880201,25.029892592],[121.504878436,25.029892084],[121.50412326,25.029736035],[121.504100974,25.029733799],[121.504063083,25.0297408],[121.504031016,25.029760479],[121.504009656,25.029789841],[121.504002254,25.029824415],[121.504009938,25.029858938],[121.504031538,25.029888154],[121.504063764,25.029907615],[121.504079426,25.029912123],[121.504833162,25.030067875],[121.505403001,25.030202006],[121.505403348,25.030202046],[121.50540395,25.030202225],[121.505858362,25.030304833],[121.50585931,25.030304937],[121.505860696,25.030305333],[121.506285415,25.030391354],[121.506645633,25.030474872],[121.506647507,25.030475083],[121.506650167,25.030475821],[121.506957148,25.030533166],[121.506958464,25.030533286],[121.506959686,25.030533609],[121.507189822,25.03057093],[121.507207557,25.030572326],[121.507245449,25.030565325],[121.507277515,25.030545645],[121.507298874,25.030516283],[121.507306275,25.030481708],[121.50729859,25.030447186],[121.50727699,25.03041797],[121.507244763,25.03039851],[121.50722455,25.030393163],[121.506995687,25.030356049],[121.506692252,25.030299366],[121.506332828,25.030216032],[121.506331667,25.030215901],[121.506329893,25.030215394],[121.505904872,25.030129312],[121.505452099,25.030027074],[121.504881305,25.029892718],[121.504880201,25.029892592]]]}, "properties" : {"section_id" : "ZGYER20", "section_name" : "西藏路 中華路-汀州路", "travel_speed" : 41, "level_name" : "順暢", "level_color" : "#19FF1C", "data_time" : "2025-12-29 12:48:00+00"}}, {"type" : "Feature", "geometry" : {"type":"Polygon","coordinates":[[[121.492140268,25.028240156],[121.492120213,25.028250442],[121.491649545,25.02856253],[121.491637532,25.02857192],[121.491616169,25.02860128],[121.491608764,25.028635853],[121.491616444,25.028670377],[121.491638041,25.028699595],[121.491670265,25.028719059],[121.491708212,25.028725806],[121.491746104,25.028718808],[121.491766159,25.028708522],[121.492211546,25.028413197],[121.492494721,25.0284086],[121.492973499,25.02844721],[121.493488938,25.028515388],[121.494011216,25.028593622],[121.494326775,25.028642802],[121.49432915,25.028642981],[121.494330562,25.028643323],[121.4946191,25.028677896],[121.494914989,25.028714044],[121.49492852,25.028714844],[121.495321775,25.028713534],[121.495359667,25.028706536],[121.495391734,25.028686858],[121.495413096,25.028657498],[121.4954205,25.028622924],[121.495412819,25.028588401],[121.495391222,25.028559183],[121.495358997,25.02853972],[121.49532105,25.028532974],[121.494934591,25.028534262],[121.494645313,25.028498921],[121.494645148,25.028498912],[121.494645064,25.028498891],[121.4943583,25.028464531],[121.494044314,25.028415597],[121.49404395,25.02841557],[121.494043682,25.028415501],[121.49352017,25.028337082],[121.493519044,25.028337],[121.493518331,25.028336823],[121.492999231,25.02826816],[121.492995205,25.028267901],[121.49299373,25.028267574],[121.492506953,25.02822832],[121.492497856,25.028227969],[121.492497142,25.0282281],[121.492496451,25.028227982],[121.492176754,25.028233172],[121.492140268,25.028240156]]]}, "properties" : {"section_id" : "ZGKCG20", "section_name" : "西藏路 艋舺大道-西園路", "travel_speed" : 48, "level_name" : "順暢", "level_color" : "#19FF1C", "data_time" : "2025-12-29 12:48:00+00"}}, {"type" : "Feature", "geometry" : {"type":"Polygon","coordinates":[[[121.500121781,25.029550592],[121.500123096,25.029550826],[121.50029756,25.029550087],[121.500335357,25.029543087],[121.500367424,25.029523409],[121.500388785,25.029494048],[121.500396188,25.029459474],[121.500388505,25.02942495],[121.500366906,25.029395734],[121.500334681,25.029376272],[121.500296639,25.029369528],[121.500123451,25.029370261],[121.499926543,25.029366474],[121.499651118,25.02934926],[121.499647095,25.029349867],[121.49964239,25.029349066],[121.499305191,25.029355103],[121.499091905,25.029341796],[121.498841968,25.029322703],[121.49884164,25.029322691],[121.498841553,25.029322672],[121.498579847,25.029303689],[121.498401774,25.029275654],[121.498385966,25.029274446],[121.498385367,25.029274337],[121.498151117,25.029273334],[121.497904116,25.029272024],[121.497663022,25.029238982],[121.497651793,25.029238236],[121.497650563,25.029238002],[121.497394394,25.029232628],[121.497117382,25.029191095],[121.497115961,25.029190992],[121.497115086,25.029190776],[121.496895444,25.029162644],[121.496644928,25.029120936],[121.496421024,25.029080704],[121.496252457,25.029020241],[121.49614246,25.028919972],[121.496047862,25.028811592],[121.496045852,25.028809548],[121.496045401,25.028808883],[121.495956934,25.028715258],[121.495919424,25.028690626],[121.495881478,25.02868388],[121.495843586,25.028690879],[121.495811518,25.028710556],[121.495790156,25.028739917],[121.495782752,25.02877449],[121.495790434,25.028809014],[121.495806747,25.028833062],[121.495893954,25.028925354],[121.495990849,25.029036366],[121.495998232,25.029043875],[121.49599832,25.029043995],[121.496126876,25.029161182],[121.49612704,25.029161281],[121.496127151,25.029161431],[121.496134228,25.02916564],[121.496159376,25.029180894],[121.496160081,25.029181019],[121.496160662,25.029181364],[121.496356764,25.029251704],[121.496357921,25.029251902],[121.496373889,25.029256273],[121.496607262,25.029298207],[121.496607973,25.029298269],[121.496608623,25.029298442],[121.496861823,25.029340597],[121.496864233,25.029340792],[121.496865841,25.029341189],[121.497086348,25.029369432],[121.497369074,25.029411822],[121.497381445,25.029412722],[121.497382883,25.029412996],[121.497639739,25.029418383],[121.497881679,25.029451541],[121.497895309,25.029452446],[121.497895841,25.029452543],[121.498150019,25.029453892],[121.498150074,25.029453882],[121.49815013,25.029453892],[121.498376172,25.02945486],[121.49855058,25.029482318],[121.498557141,25.02948282],[121.498559588,25.029483352],[121.498825618,25.029502649],[121.499076102,25.029521783],[121.499077328,25.029521828],[121.499077611,25.029521888],[121.499296005,25.029535513],[121.499300024,25.029534907],[121.499304721,25.029535707],[121.499641915,25.02952967],[121.499915323,25.029546758],[121.499917372,25.029546449],[121.499920012,25.029546949],[121.500120544,25.029550806],[121.500121781,25.029550592]]]}, "properties" : {"section_id" : "ZGKCG60", "section_name" : "西藏路 萬大路-西園路", "travel_speed" : 70, "level_name" : "順暢", "level_color" : "#19FF1C", "data_time" : "2025-12-29 12:48:00+00"}}, {"type" : "Feature", "geometry" : {"type":"Polygon","coordinates":[[[121.506788885,25.030736902],[121.506790108,25.030737226],[121.507020243,25.030774547],[121.507037979,25.030775943],[121.50707587,25.030768942],[121.507107937,25.030749262],[121.507129296,25.0307199],[121.507136697,25.030685326],[121.507129012,25.030650803],[121.507107412,25.030621587],[121.507075185,25.030602127],[121.507054972,25.03059678],[121.506826109,25.030559666],[121.506522673,25.030502983],[121.506163248,25.030419648],[121.506162088,25.030419517],[121.506160314,25.03041901],[121.505735292,25.030332927],[121.505282518,25.030230689],[121.504711724,25.030096333],[121.50471062,25.030096207],[121.504708854,25.030095699],[121.503953678,25.029939648],[121.503931392,25.029937413],[121.5038935,25.029944414],[121.503861433,25.029964093],[121.503840073,25.029993454],[121.503832672,25.030028028],[121.503840355,25.030062551],[121.503861955,25.030091767],[121.503894181,25.030111229],[121.503909843,25.030115737],[121.504663581,25.03027149],[121.50523342,25.030405621],[121.505233768,25.030405661],[121.505234369,25.03040584],[121.505688782,25.030508448],[121.50568973,25.030508552],[121.505691116,25.030508948],[121.506115835,25.03059497],[121.506476053,25.030678489],[121.506477928,25.0306787],[121.506480588,25.030679438],[121.50678757,25.030736783],[121.506788885,25.030736902]]]}, "properties" : {"section_id" : "ZGUEI60", "section_name" : "西藏路 汀洲路-中華路", "travel_speed" : 29, "level_name" : "車多", "level_color" : "#F8C920", "data_time" : "2025-12-29 12:48:00+00"}}, {"type" : "Feature", "geometry" : {"type":"Polygon","coordinates":[[[121.536853546,25.022640847],[121.536850409,25.022640184],[121.53684714,25.022638211],[121.536833236,25.022634084],[121.536554052,25.02257156],[121.536531712,25.022569136],[121.536530688,25.02256895],[121.534495109,25.02256358],[121.53364485,25.02255355],[121.533101309,25.022524946],[121.532845446,25.022489224],[121.532563392,25.022425213],[121.532216216,25.022288654],[121.531682772,25.021992094],[121.5297998,25.020388559],[121.529798958,25.020388067],[121.529798484,25.020387458],[121.527585279,25.018569599],[121.527556498,25.018553114],[121.527518553,25.018546376],[121.527480666,25.018553383],[121.527448606,25.018573067],[121.527427254,25.018602432],[121.52741986,25.018637007],[121.527427549,25.018671529],[121.527452599,25.018703712],[121.529665142,25.020521028],[121.531554862,25.022130312],[121.531557548,25.022131881],[121.53157091,25.022141422],[121.532118946,25.022446094],[121.532130425,25.022451384],[121.532131282,25.022451913],[121.532492301,25.022593916],[121.532493206,25.022594084],[121.532494014,25.022594572],[121.532507624,25.022598633],[121.532801979,25.022665437],[121.532806348,25.022665917],[121.53281092,25.022667072],[121.533075919,25.022704069],[121.533083324,25.022704569],[121.533085213,25.02270496],[121.533635638,25.022733926],[121.533637627,25.022733616],[121.533640068,25.022734069],[121.534493041,25.022744131],[121.534493524,25.022744045],[121.534494036,25.022744138],[121.536518263,25.022749478],[121.536775374,25.02280706],[121.53701714,25.022916114],[121.537061493,25.022925485],[121.53709938,25.022918476],[121.53713144,25.02289879],[121.537152791,25.022869424],[121.537160182,25.022834848],[121.53715249,25.022800327],[121.537130884,25.022771116],[121.53710506,25.022754298],[121.536853546,25.022640847]]]}, "properties" : {"section_id" : "ZF9KB60", "section_name" : "辛亥路 建國南路-汀州路", "travel_speed" : 36, "level_name" : "順暢", "level_color" : "#19FF1C", "data_time" : "2025-12-29 12:48:00+00"}}, {"type" : "Feature", "geometry" : {"type":"Polygon","coordinates":[[[121.537922776,25.021789025],[121.537912142,25.021801679],[121.53759969,25.022292489],[121.537593708,25.022303569],[121.537586316,25.022338145],[121.537594009,25.022372666],[121.537615615,25.022401877],[121.537647844,25.022421331],[121.537685792,25.022428066],[121.537723679,25.022421057],[121.537755738,25.02240137],[121.537771106,25.022383084],[121.538078033,25.021900952],[121.538425477,25.021559048],[121.538846323,25.021342756],[121.539272804,25.021232954],[121.539677784,25.02117914],[121.54116668,25.021105136],[121.543178052,25.021044623],[121.543213065,25.021037661],[121.543245123,25.021017973],[121.543266472,25.020988606],[121.543273862,25.02095403],[121.543266168,25.020919509],[121.543244561,25.020890299],[121.543212331,25.020870846],[121.543171511,25.020864161],[121.541159077,25.020924706],[121.541157908,25.020924938],[121.541156949,25.020924791],[121.53966252,25.02099907],[121.539661059,25.020999376],[121.539653618,25.020999881],[121.539237797,25.021055136],[121.539231091,25.021056832],[121.539225154,25.021057592],[121.53878103,25.021171937],[121.538769691,25.021175546],[121.538759294,25.021180182],[121.538314624,25.021408717],[121.538292962,25.021423768],[121.538291959,25.021425148],[121.538290599,25.021426014],[121.537925147,25.021785639],[121.537922776,25.021789025]]]}, "properties" : {"section_id" : "ZEWM520", "section_name" : "辛亥路 復興南路-建國南路", "travel_speed" : 51, "level_name" : "順暢", "level_color" : "#19FF1C", "data_time" : "2025-12-29 12:48:00+00"}}, {"type" : "Feature", "geometry" : {"type":"Polygon","coordinates":[[[121.541174122,25.021366557],[121.541172954,25.02136679],[121.541171994,25.021366642],[121.53967756,25.021440922],[121.539676098,25.021441227],[121.539668658,25.021441732],[121.539252836,25.021496987],[121.539240028,25.021500226],[121.539234422,25.021501104],[121.538724967,25.021663459],[121.538722614,25.021664813],[121.538719398,25.021665408],[121.538698578,25.021676216],[121.538365002,25.021902092],[121.538353763,25.02191097],[121.53834663,25.021918273],[121.538021428,25.022289922],[121.538017028,25.02229675],[121.538011826,25.022303125],[121.537845439,25.022582346],[121.537840824,25.022591207],[121.537833433,25.022625782],[121.537841125,25.022660303],[121.537862731,25.022689514],[121.537894961,25.022708968],[121.537932908,25.022715703],[121.537970796,25.022708694],[121.538002855,25.022689007],[121.538019591,25.022668502],[121.538181814,25.022396267],[121.538493544,25.022040013],[121.538804652,25.02182935],[121.539290856,25.021674405],[121.539692824,25.021620991],[121.541181725,25.021546987],[121.543193104,25.021486474],[121.543228118,25.021479512],[121.543260176,25.021459824],[121.543281525,25.021430457],[121.543288915,25.021395881],[121.543281221,25.02136136],[121.543259614,25.02133215],[121.543227383,25.021312697],[121.543186563,25.021306012],[121.541174122,25.021366557]]]}, "properties" : {"section_id" : "ZF9KW60", "section_name" : "辛亥路 復興南路-建國南路", "travel_speed" : 37, "level_name" : "順暢", "level_color" : "#19FF1C", "data_time" : "2025-12-29 12:48:00+00"}}, {"type" : "Feature", "geometry" : {"type":"Polygon","coordinates":[[[121.517208011,25.050784002],[121.517194281,25.050788194],[121.517162211,25.050807876],[121.51714085,25.05083724],[121.517133452,25.050871814],[121.51714114,25.050906336],[121.517162747,25.05093555],[121.517194981,25.050955008],[121.517232936,25.050961748],[121.517257103,25.050958936],[121.521422304,25.049988902],[121.521436034,25.049984709],[121.521468103,25.049965026],[121.521489462,25.049935662],[121.52149686,25.049901088],[121.52148917,25.049866566],[121.521467562,25.049837352],[121.521435328,25.049817895],[121.521397373,25.049811156],[121.521373206,25.049813969],[121.517208011,25.050784002]]]}, "properties" : {"section_id" : "ZLGGY60", "section_name" : "長安西路 中山北路-承德路", "travel_speed" : 45, "level_name" : "順暢", "level_color" : "#19FF1C", "data_time" : "2025-12-29 12:48:00+00"}}, {"type" : "Feature", "geometry" : {"type":"Polygon","coordinates":[[[121.547377225,25.017897854],[121.547376775,25.017898133],[121.546487471,25.018727434],[121.546466647,25.018756316],[121.546459258,25.018790893],[121.546466953,25.018825413],[121.54648856,25.018854623],[121.54652079,25.018874075],[121.546558736,25.018880808],[121.546596622,25.018873796],[121.546629203,25.018853623],[121.547518132,25.018024671],[121.548252164,25.017354816],[121.548252295,25.017354636],[121.548252493,25.017354514],[121.548927294,25.016732878],[121.549467001,25.016471055],[121.549473069,25.016466944],[121.549481714,25.01646231],[121.55022662,25.015928127],[121.551119531,25.015320991],[121.551560493,25.015023185],[121.552083865,25.014717436],[121.552089805,25.014713061],[121.552093526,25.014711011],[121.552746678,25.014218905],[121.552753887,25.014212905],[121.552754324,25.014212304],[121.552754952,25.014211912],[121.553590256,25.01342054],[121.553591069,25.013419403],[121.553592114,25.01341873],[121.557088797,25.009918391],[121.55725823,25.009750741],[121.557258719,25.009750041],[121.55726323,25.00974539],[121.557479209,25.009495128],[121.55776542,25.009224856],[121.557765592,25.009224615],[121.557770299,25.009219895],[121.558109389,25.008848378],[121.558112382,25.00884384],[121.558118382,25.008836778],[121.558352675,25.008477596],[121.558359198,25.008465671],[121.558366583,25.008431095],[121.558358886,25.008396575],[121.558337278,25.008367367],[121.558305048,25.008347917],[121.558267105,25.008341188],[121.558229223,25.008348202],[121.558197171,25.008367893],[121.558182351,25.008385337],[121.557952052,25.008738395],[121.557620298,25.009101873],[121.557333143,25.009373036],[121.557332885,25.009373396],[121.557326558,25.009379919],[121.557109864,25.009631011],[121.55694285,25.009796267],[121.556942676,25.009796515],[121.556942461,25.009796654],[121.553446498,25.013296268],[121.552616055,25.014083034],[121.551971875,25.014568379],[121.551450721,25.014872831],[121.551447929,25.014874887],[121.551445199,25.014876303],[121.551001412,25.015176018],[121.55100126,25.015176137],[121.551001153,25.015176193],[121.550107094,25.01578411],[121.55010581,25.015785126],[121.550105073,25.015785521],[121.549366096,25.016315452],[121.548820881,25.016579946],[121.5487971,25.016596058],[121.54879706,25.016596112],[121.548797001,25.016596149],[121.548111775,25.017227388],[121.547377529,25.017897437],[121.547377225,25.017897854]]]}, "properties" : {"section_id" : "ZDYN960", "section_name" : "辛亥路 基隆路-辛亥隧道", "travel_speed" : 43, "level_name" : "順暢", "level_color" : "#19FF1C", "data_time" : "2025-12-29 12:48:00+00"}}, {"type" : "Feature", "geometry" : {"type":"Polygon","coordinates":[[[121.543713253,25.020995447],[121.543715298,25.020994896],[121.543717422,25.020994676],[121.543959945,25.020944883],[121.54396556,25.020943248],[121.543967997,25.020942902],[121.544184437,25.020880634],[121.544192628,25.020877899],[121.54419269,25.020877888],[121.544340301,25.020821887],[121.544341325,25.020821259],[121.544342473,25.020821035],[121.544503288,25.02075588],[121.544503719,25.020755608],[121.544510112,25.020752824],[121.544651323,25.020683339],[121.544655199,25.020680697],[121.544662235,25.020677103],[121.54485831,25.020548136],[121.544869891,25.020539115],[121.544870231,25.020538908],[121.544961986,25.020455655],[121.544961986,25.020455654],[121.544961988,25.020455653],[121.545033109,25.020391118],[121.545034568,25.020389124],[121.545036511,25.020387874],[121.546290635,25.019130745],[121.546309008,25.019104232],[121.546316398,25.019069656],[121.546308703,25.019035136],[121.546287095,25.019005926],[121.546254865,25.018986474],[121.546216919,25.018979741],[121.546179033,25.018986752],[121.546144001,25.019009295],[121.544891533,25.020264762],[121.544822159,25.020327711],[121.544822158,25.020327712],[121.544735964,25.020405919],[121.544551483,25.02052726],[121.544419298,25.020592303],[121.54426304,25.020655612],[121.544120579,25.020709659],[121.543912313,25.020769575],[121.543675938,25.020818107],[121.543455361,25.020854406],[121.543434687,25.02085998],[121.543402629,25.020879668],[121.54338128,25.020909035],[121.54337389,25.020943611],[121.543381584,25.020978132],[121.543403192,25.021007342],[121.543435422,25.021026795],[121.543473369,25.021033528],[121.543490581,25.021032092],[121.543713253,25.020995447]]]}, "properties" : {"section_id" : "ZEWM560", "section_name" : "辛亥路 復興南路-基隆路", "travel_speed" : 12, "level_name" : "壅塞", "level_color" : "#FA0300", "data_time" : "2025-12-29 12:48:00+00"}}, {"type" : "Feature", "geometry" : {"type":"Polygon","coordinates":[[[121.545488747,25.020377126],[121.545488483,25.02037749],[121.545488107,25.020377725],[121.545097042,25.020747562],[121.544963505,25.020845134],[121.544862795,25.020913942],[121.544610417,25.021060918],[121.544346483,25.021174078],[121.544121525,25.021247194],[121.543829363,25.021313885],[121.543596034,25.021340237],[121.543569937,25.021346562],[121.543537879,25.02136625],[121.54351653,25.021395617],[121.54350914,25.021430193],[121.543516834,25.021464714],[121.543538441,25.021493924],[121.543570672,25.021513377],[121.543608619,25.02152011],[121.543620409,25.021519425],[121.543859751,25.021492395],[121.543864918,25.021491142],[121.543871642,25.021490374],[121.544174354,25.021421275],[121.544181825,25.021419011],[121.544183565,25.021418733],[121.544417598,25.021342667],[121.544421655,25.021340318],[121.544426494,25.021339323],[121.544700574,25.021221815],[121.544702282,25.021220716],[121.544711748,25.021216196],[121.544972634,25.021064265],[121.544975757,25.021061968],[121.544978715,25.021060424],[121.545083675,25.020988713],[121.545085343,25.020987389],[121.54508622,25.020986914],[121.545225971,25.020884802],[121.545234327,25.020877951],[121.545234741,25.020877381],[121.545235337,25.02087701],[121.545630493,25.020503304],[121.546709106,25.019501956],[121.546730085,25.01947293],[121.546737474,25.019438354],[121.546729779,25.019403833],[121.546708171,25.019374623],[121.546675941,25.019355172],[121.546637994,25.019348439],[121.546600109,25.01935545],[121.546567682,25.01937548],[121.545488747,25.020377126]]]}, "properties" : {"section_id" : "ZEFMN20", "section_name" : "辛亥路 基隆路-復興南路", "travel_speed" : 46, "level_name" : "順暢", "level_color" : "#19FF1C", "data_time" : "2025-12-29 12:48:00+00"}}, {"type" : "Feature", "geometry" : {"type":"Polygon","coordinates":[[[121.55829425,25.008654795],[121.55829379,25.008655609],[121.558293346,25.008656126],[121.558183689,25.008820871],[121.557916597,25.009216835],[121.557916404,25.009217181],[121.557916227,25.009217387],[121.557691674,25.009555691],[121.557504279,25.009813788],[121.55360618,25.013677191],[121.552697702,25.0145118],[121.55234139,25.014772644],[121.551769455,25.015124502],[121.551766697,25.015126583],[121.551764575,25.015127705],[121.551220212,25.015508366],[121.550496626,25.01597845],[121.550494295,25.015980256],[121.550492844,25.015981034],[121.549822972,25.016461733],[121.549822554,25.016462073],[121.54982235,25.016462183],[121.549357816,25.016801062],[121.549351689,25.016806082],[121.549351092,25.016806439],[121.54898023,25.017131125],[121.548979066,25.017132684],[121.54897733,25.017133771],[121.547392481,25.018641112],[121.547392042,25.018641727],[121.547391461,25.018642097],[121.546927007,25.019097307],[121.546907882,25.019124566],[121.546900493,25.019159142],[121.546908188,25.019193663],[121.546929795,25.019222872],[121.546962026,25.019242324],[121.546999972,25.019249057],[121.547037858,25.019242045],[121.547072137,25.019220248],[121.547536084,25.018765534],[121.549118999,25.017260031],[121.549485154,25.016939466],[121.549945883,25.016603362],[121.550613586,25.016124219],[121.551336665,25.015654463],[121.551338324,25.015653179],[121.551339466,25.015652575],[121.551882826,25.015272615],[121.552455677,25.014920193],[121.552459712,25.014917148],[121.55246229,25.01491575],[121.552826163,25.014649372],[121.552834453,25.014642568],[121.553748186,25.01380313],[121.553749293,25.013801608],[121.553750776,25.013800659],[121.557655483,25.009930702],[121.557656852,25.009928738],[121.557665176,25.009919414],[121.557858031,25.009653795],[121.557859084,25.009651982],[121.557860178,25.009650704],[121.558085587,25.009311112],[121.558352646,25.008915195],[121.558352805,25.008914911],[121.558352952,25.008914739],[121.558462316,25.008750435],[121.558578407,25.008582653],[121.558586289,25.008568706],[121.558593674,25.00853413],[121.558585976,25.00849961],[121.558564368,25.008470402],[121.558532139,25.008450952],[121.558494195,25.008444223],[121.558456314,25.008451237],[121.558424261,25.008470928],[121.5584108,25.008486351],[121.55829425,25.008654795]]]}, "properties" : {"section_id" : "ZEFMN60", "section_name" : "辛亥路 辛亥隧道-基隆路", "travel_speed" : 46, "level_name" : "順暢", "level_color" : "#19FF1C", "data_time" : "2025-12-29 12:48:00+00"}}, {"type" : "Feature", "geometry" : {"type":"Polygon","coordinates":[[[121.55543529,25.002057295],[121.555435549,25.002057606],[121.555436006,25.002058447],[121.555919628,25.002824132],[121.55699326,25.004667117],[121.557303757,25.00525596],[121.557304358,25.005256729],[121.557306802,25.005261275],[121.557386845,25.005390353],[121.557390362,25.005394552],[121.557393913,25.005400193],[121.557461725,25.005482378],[121.557465692,25.005486525],[121.557466566,25.005487795],[121.557589889,25.005615382],[121.557594987,25.005618689],[121.557598731,25.005623441],[121.557833339,25.005811846],[121.557834356,25.005812421],[121.557838432,25.005815668],[121.558077761,25.005983449],[121.558100633,25.005995443],[121.558138576,25.006002172],[121.558176457,25.005995158],[121.558208508,25.005975467],[121.558229851,25.005946098],[121.558237236,25.005911522],[121.558229539,25.005877002],[121.558207931,25.005847793],[121.558198575,25.005840338],[121.557961862,25.005674391],[121.557734431,25.005491751],[121.557617784,25.005371072],[121.557556164,25.005296391],[121.55748092,25.005175054],[121.557170988,25.004587282],[121.557170652,25.004586853],[121.557169196,25.004584052],[121.556093835,25.002738103],[121.556093318,25.002737468],[121.556092193,25.002735397],[121.555608086,25.001968947],[121.554846442,25.000721093],[121.554829631,25.000700879],[121.554797404,25.000681428],[121.554759463,25.000674698],[121.554721584,25.000681711],[121.554689533,25.000701401],[121.55466819,25.00073077],[121.554660804,25.000765346],[121.5546685,25.000799867],[121.554673295,25.000808861],[121.55543529,25.002057295]]]}, "properties" : {"section_id" : "ZB5PL00", "section_name" : "辛亥路 興隆路-萬美街", "travel_speed" : 44, "level_name" : "順暢", "level_color" : "#19FF1C", "data_time" : "2025-12-29 12:48:00+00"}}, {"type" : "Feature", "geometry" : {"type":"Polygon","coordinates":[[[121.557586044,25.005968616],[121.55759012,25.005971864],[121.557829449,25.006139645],[121.557852321,25.006151639],[121.557890264,25.006158368],[121.557928145,25.006151354],[121.557960196,25.006131664],[121.55798154,25.006102294],[121.557988925,25.006067718],[121.557981227,25.006033198],[121.55795962,25.00600399],[121.557950263,25.005996534],[121.55771355,25.005830587],[121.557486119,25.005647946],[121.557369473,25.005527267],[121.557307852,25.005452586],[121.557232609,25.005331249],[121.556922677,25.004743477],[121.556922341,25.004743047],[121.556920885,25.004740246],[121.555845527,25.002894295],[121.55584501,25.00289366],[121.555843885,25.00289159],[121.555359779,25.002125138],[121.554598136,25.000877283],[121.554581325,25.000857069],[121.554549098,25.000837619],[121.554511157,25.000830888],[121.554473278,25.000837901],[121.554441227,25.000857591],[121.554419884,25.00088696],[121.554412498,25.000921537],[121.554420194,25.000956057],[121.554424988,25.000965052],[121.555186983,25.002213486],[121.555187241,25.002213797],[121.555187698,25.002214639],[121.55567132,25.002980324],[121.556744949,25.004823311],[121.557055445,25.005412155],[121.557056046,25.005412924],[121.55705849,25.00541747],[121.557138534,25.005546548],[121.55714205,25.005550747],[121.557145601,25.005556388],[121.557213413,25.005638573],[121.557217381,25.00564272],[121.557218254,25.00564399],[121.557341577,25.005771577],[121.557346675,25.005774884],[121.557350419,25.005779636],[121.557585027,25.005968041],[121.557586044,25.005968616]]]}, "properties" : {"section_id" : "ZB5PL40", "section_name" : "辛亥路 萬美街-興隆路", "travel_speed" : 33, "level_name" : "車多", "level_color" : "#F8C920", "data_time" : "2025-12-29 12:48:00+00"}}, {"type" : "Feature", "geometry" : {"type":"Polygon","coordinates":[[[121.5519566,24.9967467],[121.551963852,24.996773049],[121.551964018,24.996773273],[121.551964076,24.996773533],[121.55206993,24.997000066],[121.552070379,24.997000669],[121.552081075,24.997017941],[121.552357829,24.997363273],[121.552368065,24.997374122],[121.552374606,24.99737953],[121.552570763,24.997527717],[121.55326757,24.998171021],[121.55339452,24.99834327],[121.553903275,24.999206691],[121.554166205,24.999763462],[121.554166836,24.999764306],[121.554167053,24.999765205],[121.55459023,25.000611611],[121.554610616,25.000638277],[121.554642842,25.000657727],[121.554680783,25.000664458],[121.554718663,25.000657444],[121.554750714,25.000637755],[121.554772056,25.000608386],[121.554779442,25.000573809],[121.554770526,25.000536746],[121.554347782,24.999691208],[121.554083572,24.999131729],[121.55408342,24.999131526],[121.554079854,24.999124707],[121.553566758,24.998253921],[121.553564844,24.998251584],[121.553561717,24.998246294],[121.553426847,24.9980633],[121.553415642,24.998050939],[121.553415112,24.998050215],[121.55270829,24.997397664],[121.552707853,24.997397398],[121.552707551,24.99739699],[121.55270101,24.997391582],[121.552510546,24.997247697],[121.552247766,24.996919801],[121.552152382,24.996715676],[121.55211276,24.99633564],[121.552105508,24.996309292],[121.552083904,24.996280083],[121.552051679,24.996260632],[121.552013739,24.996253901],[121.551975861,24.996260914],[121.551943811,24.996280603],[121.551922468,24.996309971],[121.551915082,24.996344548],[121.551915525,24.99635272],[121.5519566,24.9967467]]]}, "properties" : {"section_id" : "ZAGPE40", "section_name" : "辛亥路 懷恩隧道-興隆路", "travel_speed" : 45, "level_name" : "順暢", "level_color" : "#19FF1C", "data_time" : "2025-12-29 12:48:00+00"}}, {"type" : "Feature", "geometry" : {"type":"Polygon","coordinates":[[[121.551322048,24.991251844],[121.551321039,24.991253232],[121.551315129,24.99127191],[121.551266704,24.99152463],[121.551265228,24.991540528],[121.551272922,24.991575049],[121.551294526,24.991604258],[121.55132675,24.991623709],[121.551364688,24.991630441],[121.551402565,24.991623428],[121.551434614,24.991603739],[121.551455956,24.991574371],[121.551461866,24.991555692],[121.551508146,24.991314166],[121.551589362,24.991149869],[121.55168354,24.991021487],[121.55200248,24.990665588],[121.552005357,24.990661181],[121.552010751,24.990654852],[121.552137156,24.990462414],[121.552143835,24.990450251],[121.552143938,24.99044977],[121.552144224,24.990449372],[121.552243979,24.990220506],[121.55224414,24.990219728],[121.552249011,24.99020507],[121.552312066,24.989920879],[121.552312835,24.989913727],[121.552313688,24.989910496],[121.552374811,24.989243129],[121.552375114,24.989236164],[121.552375153,24.989235982],[121.552376149,24.989010138],[121.55237607,24.989009776],[121.552376149,24.989009407],[121.552374159,24.988991768],[121.552337212,24.988826332],[121.552337169,24.988826206],[121.552337154,24.988826078],[121.552285333,24.988597414],[121.552247819,24.988405727],[121.552233697,24.988221136],[121.552244601,24.987964277],[121.552293408,24.987488165],[121.55233202,24.98722671],[121.552461936,24.9870046],[121.552884167,24.986646461],[121.552887619,24.986641911],[121.552892039,24.98663897],[121.553072487,24.98644621],[121.553080734,24.98643388],[121.553086805,24.986425964],[121.553249545,24.98610988],[121.553250172,24.986107295],[121.553251943,24.986104828],[121.553391214,24.985784957],[121.553637616,24.985473634],[121.553648951,24.985455025],[121.553656336,24.985420448],[121.553648641,24.985385928],[121.553627038,24.985356719],[121.553594816,24.985337268],[121.553556879,24.985330537],[121.553519005,24.98533755],[121.553486957,24.98535724],[121.553476951,24.985367999],[121.55322335,24.985688416],[121.553212016,24.985707026],[121.55321191,24.985707522],[121.553211614,24.985707934],[121.553068919,24.986035669],[121.552913126,24.986338258],[121.552745031,24.986517823],[121.552314841,24.986882712],[121.552313756,24.986884143],[121.552311996,24.986885224],[121.552294914,24.98690633],[121.552148819,24.9871561],[121.55214456,24.987164362],[121.552138059,24.987186528],[121.552096801,24.987465897],[121.552096611,24.987468554],[121.552096345,24.987469542],[121.552047099,24.98794993],[121.552046889,24.987954227],[121.552046744,24.987954837],[121.552035527,24.988219045],[121.552036528,24.988224084],[121.552035693,24.988228815],[121.552050557,24.988423105],[121.552051119,24.988425264],[121.552051856,24.988432678],[121.552090537,24.988630327],[121.552090897,24.988631442],[121.552091045,24.988632736],[121.55214311,24.988862474],[121.552177998,24.98901869],[121.552177059,24.989231677],[121.552116741,24.98989024],[121.552056586,24.990161358],[121.551963062,24.99037593],[121.551844475,24.990556464],[121.551527104,24.990910612],[121.551525528,24.990913026],[121.551521476,24.990917543],[121.551420084,24.991055759],[121.551413543,24.991066963],[121.551412117,24.991068853],[121.551322395,24.991250358],[121.551322048,24.991251844]]]}, "properties" : {"section_id" : "Z1SNV00", "section_name" : "辛亥路 懷恩隧道-光輝路", "travel_speed" : 50, "level_name" : "順暢", "level_color" : "#19FF1C", "data_time" : "2025-12-29 12:48:00+00"}}, {"type" : "Feature", "geometry" : {"type":"Polygon","coordinates":[[[121.55436784,24.980330736],[121.554370099,24.98032848],[121.554513538,24.980172681],[121.554529328,24.980148855],[121.554536713,24.980114278],[121.554529018,24.980079758],[121.554507416,24.980050549],[121.554475195,24.980031099],[121.55443726,24.980024368],[121.554399387,24.980031381],[121.554367341,24.980051071],[121.554361792,24.980056614],[121.554219583,24.980211076],[121.554019074,24.980412514],[121.554016383,24.980416403],[121.55400683,24.980427756],[121.553834625,24.980697383],[121.553828563,24.980708595],[121.553824126,24.980720937],[121.553727114,24.981075152],[121.553725167,24.981089837],[121.553724228,24.981093814],[121.553708614,24.98149466],[121.553708953,24.981496354],[121.553708552,24.981498231],[121.553709955,24.981513008],[121.553791391,24.981949184],[121.55379218,24.981951659],[121.553792516,24.98195431],[121.554079938,24.983091261],[121.554365961,24.984269428],[121.554369322,24.984475304],[121.554347463,24.984607752],[121.55431157,24.984707144],[121.554160336,24.98506397],[121.554057769,24.985180769],[121.55390344,24.985334406],[121.553884831,24.985361162],[121.553877446,24.985395738],[121.553885141,24.985430259],[121.553906744,24.985459468],[121.553938966,24.985478918],[121.553976903,24.985485649],[121.554014778,24.985478636],[121.554049556,24.985456334],[121.554206106,24.985300486],[121.554206539,24.985299863],[121.554210381,24.985295936],[121.554324557,24.985165917],[121.554338891,24.98514371],[121.554339089,24.985142786],[121.554339623,24.985142035],[121.55449727,24.984770074],[121.554497789,24.984767508],[121.554498959,24.984765768],[121.554538254,24.984656954],[121.554539078,24.984652208],[121.554542118,24.984642158],[121.554566435,24.984494818],[121.554567536,24.98448102],[121.554567426,24.984480526],[121.554567526,24.984480045],[121.554563894,24.984257552],[121.55456366,24.984256533],[121.554561565,24.984239391],[121.554273268,24.983051868],[121.554273122,24.98305145],[121.554273078,24.983051102],[121.553986202,24.981916316],[121.553906949,24.981491829],[121.553921833,24.98110969],[121.554012914,24.980777126],[121.55417279,24.980526804],[121.554367582,24.980331109],[121.55436784,24.980330736]]]}, "properties" : {"section_id" : "Z1CPB00", "section_name" : "辛亥路 木新路-光輝路", "travel_speed" : 41, "level_name" : "順暢", "level_color" : "#19FF1C", "data_time" : "2025-12-29 12:48:00+00"}}, {"type" : "Feature", "geometry" : {"type":"Polygon","coordinates":[[[121.553904451,24.985241892],[121.553904884,24.985241269],[121.553908726,24.985237342],[121.554022903,24.985107323],[121.554037237,24.985085117],[121.554037434,24.985084192],[121.554037968,24.985083441],[121.554195617,24.98471148],[121.554196136,24.984708915],[121.554197306,24.984707174],[121.554236601,24.98459836],[121.554237425,24.984593615],[121.554240465,24.984583564],[121.554264782,24.984436224],[121.554265883,24.984422426],[121.554265774,24.984421933],[121.554265873,24.984421452],[121.554262241,24.984198959],[121.554262008,24.98419794],[121.554259913,24.984180797],[121.553971619,24.982993274],[121.553971473,24.982992856],[121.553971429,24.982992508],[121.553684556,24.981857721],[121.553605304,24.981433234],[121.553620189,24.981051095],[121.553711271,24.980718531],[121.55387386,24.980463962],[121.554026749,24.980272273],[121.554036895,24.980255687],[121.554037829,24.980254418],[121.554115267,24.98008789],[121.55412312,24.98005229],[121.554115426,24.980017769],[121.554093824,24.979988561],[121.554061602,24.97996911],[121.554023668,24.979962379],[121.553985794,24.979969392],[121.553953749,24.979989082],[121.553932877,24.980017427],[121.553859858,24.98017445],[121.553710673,24.980361495],[121.553708103,24.980365697],[121.553705188,24.980369162],[121.553532982,24.980638788],[121.55352692,24.98065],[121.553522483,24.980662342],[121.55342547,24.981016556],[121.553423523,24.981031242],[121.553422584,24.981035219],[121.553406969,24.981436064],[121.553407308,24.981437758],[121.553406907,24.981439636],[121.55340831,24.981454413],[121.553489745,24.981890589],[121.553490533,24.981893064],[121.55349087,24.981895715],[121.553778288,24.983032666],[121.554064309,24.984210834],[121.55406767,24.984416711],[121.55404581,24.984549158],[121.554009917,24.98464855],[121.553858682,24.985005376],[121.553756115,24.985122174],[121.553601785,24.985275811],[121.553583176,24.985302567],[121.553575791,24.985337144],[121.553583486,24.985371664],[121.553605089,24.985400873],[121.553637311,24.985420324],[121.553675248,24.985427055],[121.553713123,24.985420042],[121.553747902,24.985397739],[121.553904451,24.985241892]]]}, "properties" : {"section_id" : "Z1CPB40", "section_name" : "辛亥路 光輝路-木新路", "travel_speed" : 31, "level_name" : "車多", "level_color" : "#F8C920", "data_time" : "2025-12-29 12:48:00+00"}}, {"type" : "Feature", "geometry" : {"type":"Polygon","coordinates":[[[121.561540889,25.041034422],[121.561548559,25.041067035],[121.561570174,25.041096243],[121.561602412,25.041115691],[121.561640366,25.04112242],[121.561678257,25.041115404],[121.561710317,25.041095713],[121.561731665,25.041066343],[121.56173902,25.04102986],[121.561644914,25.037638304],[121.561637245,25.037605691],[121.56161563,25.037576484],[121.561583393,25.037557035],[121.56154544,25.037550306],[121.56150755,25.037557322],[121.56147549,25.037577013],[121.561454143,25.037606383],[121.561446788,25.037642866],[121.561540889,25.041034422]]]}, "properties" : {"section_id" : "ZJFQQ00", "section_name" : "忠孝東　逸仙路(往北)", "travel_speed" : 17, "level_name" : "壅塞", "level_color" : "#FA0300", "data_time" : "2025-12-29 12:48:00+00"}}, {"type" : "Feature", "geometry" : {"type":"Polygon","coordinates":[[[121.51247066,25.049675862],[121.512469602,25.049676471],[121.512468056,25.049676735],[121.511935838,25.049863036],[121.511266352,25.050031809],[121.510527119,25.050167722],[121.510040567,25.050252612],[121.50935364,25.050355428],[121.508563067,25.050458109],[121.508562088,25.050458355],[121.508560418,25.050458486],[121.507852189,25.050568354],[121.507471123,25.05061046],[121.507470608,25.050610584],[121.507469437,25.050610659],[121.507129963,25.050653562],[121.507128563,25.050653911],[121.507126193,25.050654106],[121.506858951,25.050697494],[121.506838071,25.050703095],[121.506837883,25.050703211],[121.506837663,25.050703252],[121.506570801,25.050806292],[121.506539137,25.050825815],[121.506517774,25.050855177],[121.506510372,25.050889751],[121.506518058,25.050924274],[121.506539662,25.050953489],[121.506571895,25.05097295],[121.506609849,25.050979693],[121.506648154,25.050972535],[121.506904729,25.050873467],[121.507159092,25.05083217],[121.507495834,25.050789613],[121.507878417,25.05074734],[121.507879983,25.050746962],[121.507883121,25.050746715],[121.508592372,25.050636689],[121.50938266,25.050534045],[121.509383416,25.050533855],[121.509384739,25.050533754],[121.510073994,25.05043059],[121.51007509,25.050430303],[121.510076568,25.050430173],[121.510564887,25.050344974],[121.510565345,25.050344848],[121.510565851,25.050344801],[121.511309008,25.050208167],[121.511313091,25.050207026],[121.511315833,25.050206682],[121.511993334,25.050035887],[121.512001502,25.050033312],[121.512002449,25.05003315],[121.512537858,25.049845733],[121.513148012,25.049649826],[121.51318541,25.049628275],[121.513206771,25.049598912],[121.513214171,25.049564338],[121.513206483,25.049529815],[121.513184878,25.049500601],[121.513152645,25.049481142],[121.513114691,25.049474401],[121.513082122,25.049479534],[121.51247066,25.049675862]]]}, "properties" : {"section_id" : "ZLAFP60", "section_name" : "市民大道 重慶北路-環河北路", "travel_speed" : 42, "level_name" : "順暢", "level_color" : "#19FF1C", "data_time" : "2025-12-29 12:48:00+00"}}, {"type" : "Feature", "geometry" : {"type":"Polygon","coordinates":[[[121.513933878,25.05308291],[121.513934075,25.053084871],[121.51406254,25.053733586],[121.514068655,25.053752424],[121.514090261,25.053781638],[121.514122496,25.053801097],[121.514160451,25.053807838],[121.514198349,25.053800834],[121.514230421,25.053781153],[121.514251782,25.05375179],[121.514259182,25.053717216],[121.514257609,25.053701532],[121.514129456,25.053054399],[121.514012915,25.052316367],[121.514012877,25.052316243],[121.514012858,25.052316013],[121.513903683,25.051643542],[121.513902649,25.051640159],[121.513902126,25.051636116],[121.513806257,25.051264135],[121.513805886,25.051263094],[121.513805788,25.051262393],[121.513464195,25.050046082],[121.513464147,25.050045951],[121.513464136,25.050045872],[121.513296259,25.04945402],[121.513244983,25.049171245],[121.51329223,25.048034627],[121.513291407,25.048030491],[121.513292163,25.048026434],[121.5132583,25.047444217],[121.51325075,25.047414128],[121.513229146,25.047384914],[121.513196913,25.047365455],[121.51315896,25.047358714],[121.513121063,25.047365717],[121.513088994,25.047385398],[121.513067633,25.047414761],[121.513060371,25.04745377],[121.513093995,25.048031892],[121.513046536,25.049173535],[121.51304689,25.049175312],[121.513046466,25.049177294],[121.51304779,25.049191664],[121.513101419,25.04948742],[121.513102709,25.049491504],[121.513103246,25.049495292],[121.513272198,25.050090938],[121.513613516,25.051306276],[121.51370821,25.0516737],[121.513816748,25.052342252],[121.513933511,25.053081698],[121.513933878,25.05308291]]]}, "properties" : {"section_id" : "ZLMG600", "section_name" : "重慶北路 南京西路-忠孝西路", "travel_speed" : 38, "level_name" : "順暢", "level_color" : "#19FF1C", "data_time" : "2025-12-29 12:48:00+00"}}, {"type" : "Feature", "geometry" : {"type":"Polygon","coordinates":[[[121.513933462,25.064344085],[121.513933682,25.064342939],[121.513876052,25.063101027],[121.51386845,25.063069975],[121.513846843,25.06304076],[121.513814606,25.063021302],[121.513776648,25.063014561],[121.513738747,25.063021564],[121.513706673,25.063041245],[121.51368531,25.063070608],[121.513677997,25.063108652],[121.513735569,25.064349342],[121.513753044,25.065399076],[121.513753045,25.065399077],[121.513753044,25.065399078],[121.51378598,25.067374296],[121.513791864,25.068419708],[121.513799552,25.06845411],[121.513821161,25.068483324],[121.513853399,25.068502783],[121.51389136,25.068509524],[121.513929262,25.06850252],[121.513961337,25.068482839],[121.513982701,25.068453476],[121.513990102,25.068418782],[121.513984213,25.067372916],[121.51398411,25.067372456],[121.513984203,25.067372008],[121.513951257,25.065396338],[121.513951257,25.065396337],[121.513933759,25.064345382],[121.513933462,25.064344085]]]}, "properties" : {"section_id" : "ZQGFY00", "section_name" : "重慶北路 民權西路-民族西路", "travel_speed" : 59, "level_name" : "順暢", "level_color" : "#19FF1C", "data_time" : "2025-12-29 12:48:00+00"}}, {"type" : "Feature", "geometry" : {"type":"Polygon","coordinates":[[[121.513016571,25.081481136],[121.513016101,25.08148349],[121.513015045,25.081485062],[121.51283093,25.081995753],[121.512611588,25.082464264],[121.512610974,25.082467027],[121.512609456,25.082469219],[121.512373519,25.08306889],[121.512004278,25.083944081],[121.51169717,25.084642577],[121.511696975,25.084643507],[121.511696462,25.084644234],[121.511149795,25.085962201],[121.511148981,25.085966307],[121.511144062,25.085983686],[121.511105958,25.0862824],[121.511105297,25.086293159],[121.511105687,25.086300829],[121.511143488,25.086687204],[121.511146557,25.086698495],[121.511148304,25.086708065],[121.511333993,25.087209045],[121.511358088,25.087244251],[121.511390331,25.08726371],[121.511428297,25.087270451],[121.511466206,25.087263448],[121.511498286,25.087243768],[121.511519654,25.087214405],[121.511527056,25.087179831],[121.51152185,25.0871513],[121.51133993,25.086660489],[121.511304077,25.086294033],[121.511339595,25.086015584],[121.511881593,25.084708868],[121.512188596,25.084010609],[121.512188734,25.084009951],[121.512189104,25.084009431],[121.512558997,25.083132689],[121.512559222,25.083131571],[121.512559782,25.083130762],[121.512795113,25.08253263],[121.513014976,25.082063004],[121.513015902,25.082058838],[121.513017972,25.082055759],[121.513202699,25.081543366],[121.513331732,25.081234336],[121.513338205,25.081201905],[121.513330515,25.081167383],[121.513308904,25.081138169],[121.513276662,25.08111871],[121.513238698,25.081111969],[121.513200792,25.081118973],[121.513168714,25.081138654],[121.513146418,25.08117016],[121.513016571,25.081481136]]]}, "properties" : {"section_id" : "ZTGFS00", "section_name" : "重慶北路 後港街-中正路", "travel_speed" : 54, "level_name" : "順暢", "level_color" : "#19FF1C", "data_time" : "2025-12-29 12:48:00+00"}}, {"type" : "Feature", "geometry" : {"type":"Polygon","coordinates":[[[121.513848732,25.072613712],[121.513848954,25.072614648],[121.513848804,25.07261544],[121.513891069,25.073428039],[121.513909227,25.074546797],[121.51391992,25.075811752],[121.513920177,25.075812893],[121.513919968,25.075813948],[121.513963374,25.077047323],[121.51396635,25.078802426],[121.513866563,25.079384599],[121.513520073,25.080271712],[121.513222064,25.080939727],[121.513214774,25.080974051],[121.513222464,25.081008573],[121.513244075,25.081037787],[121.513276316,25.081057246],[121.51331428,25.081063987],[121.513352187,25.081056984],[121.513384265,25.081037302],[121.513405744,25.08100769],[121.513704575,25.080337828],[121.513705026,25.080335704],[121.513706133,25.080334103],[121.514056469,25.079437139],[121.514057183,25.079433328],[121.514061016,25.079420807],[121.514163432,25.078823285],[121.51416459,25.078809354],[121.514164618,25.078809221],[121.514161626,25.077045667],[121.514161311,25.077044247],[121.514161575,25.077042914],[121.514118157,25.075809262],[121.514107468,25.074545087],[121.514107395,25.074544762],[121.51410746,25.074544448],[121.514089272,25.073423901],[121.514088912,25.073422332],[121.514089172,25.073420963],[121.514046874,25.07260776],[121.514031743,25.072118998],[121.514024092,25.072086677],[121.514002483,25.072057463],[121.513970244,25.072038004],[121.513932283,25.072031264],[121.513894379,25.072038267],[121.513862303,25.072057948],[121.513840938,25.072087312],[121.513833576,25.072124087],[121.513848732,25.072613712]]]}, "properties" : {"section_id" : "ZT9FV00", "section_name" : "重慶北路 酒泉街-後港街", "travel_speed" : 45, "level_name" : "順暢", "level_color" : "#19FF1C", "data_time" : "2025-12-29 12:48:00+00"}}, {"type" : "Feature", "geometry" : {"type":"Polygon","coordinates":[[[121.513311963,25.040938036],[121.51331187,25.040936124],[121.513223459,25.0399883],[121.513216128,25.03996108],[121.513194524,25.039931865],[121.513162294,25.039912406],[121.513124342,25.039905665],[121.513086448,25.039912668],[121.51305438,25.039932349],[121.513033021,25.039961712],[121.513025621,25.039996286],[121.513025977,25.040003588],[121.513114281,25.040950289],[121.513199194,25.042242192],[121.513251162,25.043058993],[121.513269548,25.044422877],[121.513269609,25.044423146],[121.513269556,25.044423401],[121.513292671,25.045587568],[121.513298536,25.046996224],[121.513306224,25.047030746],[121.513327828,25.04705996],[121.513360061,25.047079419],[121.513398014,25.04708616],[121.51343591,25.047079157],[121.51346798,25.047059476],[121.513489341,25.047030113],[121.51349674,25.046995538],[121.51349087,25.045586238],[121.513490724,25.045585582],[121.513490855,25.045584947],[121.513467731,25.044420398],[121.513449319,25.043054716],[121.513448814,25.043052494],[121.513449161,25.043050601],[121.513397055,25.042231658],[121.51339703,25.042231561],[121.513397044,25.042231486],[121.513312048,25.040938372],[121.513311963,25.040938036]]]}, "properties" : {"section_id" : "ZJTFX00", "section_name" : "重慶南路 凱達格蘭-忠孝西路", "travel_speed" : 37, "level_name" : "順暢", "level_color" : "#19FF1C", "data_time" : "2025-12-29 12:48:00+00"}}, {"type" : "Feature", "geometry" : {"type":"Polygon","coordinates":[[[121.512694784,25.036597133],[121.512694828,25.036597293],[121.512694858,25.036597775],[121.512803473,25.037504818],[121.513044536,25.039642427],[121.513051704,25.039668064],[121.513073308,25.039697279],[121.513105538,25.039716738],[121.513143489,25.039723479],[121.513181383,25.039716476],[121.513213451,25.039696795],[121.51323481,25.039667432],[121.51324221,25.039632858],[121.513241692,25.039623973],[121.513000594,25.037486082],[121.513000554,25.037485941],[121.513000528,25.037485518],[121.512891916,25.036578514],[121.512755795,25.035361077],[121.512748617,25.035335361],[121.512727015,25.035306147],[121.512694786,25.035286687],[121.512656836,25.035279946],[121.512618943,25.035286949],[121.512586877,25.03530663],[121.512565518,25.035335993],[121.512558118,25.035370567],[121.512558628,25.035379374],[121.512694784,25.036597133]]]}, "properties" : {"section_id" : "ZISFV00", "section_name" : "重慶南路 愛國西路-凱達格蘭", "travel_speed" : 45, "level_name" : "順暢", "level_color" : "#19FF1C", "data_time" : "2025-12-29 12:48:00+00"}}, {"type" : "Feature", "geometry" : {"type":"Polygon","coordinates":[[[121.513173981,25.045984174],[121.513173832,25.045983511],[121.513173959,25.045982884],[121.513126052,25.044036895],[121.513125945,25.044036434],[121.513126026,25.044036023],[121.513080888,25.042754859],[121.513080781,25.042754412],[121.513080855,25.04275403],[121.513037025,25.041787148],[121.513036576,25.041785309],[121.513036816,25.041783923],[121.512963972,25.040924471],[121.512963924,25.040924288],[121.512963884,25.040923498],[121.512864769,25.039898589],[121.512857464,25.039871648],[121.51283586,25.039842433],[121.51280363,25.039822974],[121.512765679,25.039816233],[121.512727785,25.039823236],[121.512695717,25.039842917],[121.512674357,25.03987228],[121.512666958,25.039906854],[121.512667339,25.039914435],[121.512766406,25.040938858],[121.51283907,25.041796212],[121.512882806,25.042761066],[121.512927912,25.044041379],[121.512975789,25.045986287],[121.512985758,25.047104114],[121.512993443,25.047138245],[121.513015048,25.047167459],[121.513047281,25.047186918],[121.513085234,25.047193659],[121.51312313,25.047186656],[121.5131552,25.047166975],[121.513176561,25.047137612],[121.513183958,25.047102646],[121.513173981,25.045984174]]]}, "properties" : {"section_id" : "ZJLFX40", "section_name" : "重慶南路 忠孝西路-貴陽街", "travel_speed" : 45, "level_name" : "順暢", "level_color" : "#19FF1C", "data_time" : "2025-12-29 12:48:00+00"}}, {"type" : "Feature", "geometry" : {"type":"Polygon","coordinates":[[[121.51253982,25.037021808],[121.51253981,25.03702177],[121.512539803,25.037021654],[121.512444653,25.036198228],[121.512362858,25.035434474],[121.51235564,25.035408377],[121.512334037,25.035379162],[121.512301808,25.035359703],[121.512263858,25.035352962],[121.512225966,25.035359965],[121.512193899,25.035379646],[121.51217254,25.035409008],[121.51216514,25.035443583],[121.512165608,25.035452008],[121.512247438,25.036216105],[121.512247483,25.036216268],[121.512247514,25.03621679],[121.512342693,25.03704048],[121.512667409,25.039897676],[121.512674569,25.039923243],[121.512696172,25.039952458],[121.512728403,25.039971917],[121.512766354,25.039978658],[121.512804248,25.039971655],[121.512836316,25.039951974],[121.512857676,25.039922611],[121.512865075,25.039888036],[121.512864549,25.03987908],[121.51253982,25.037021808]]]}, "properties" : {"section_id" : "ZHYFT40", "section_name" : "重慶南路 凱達格蘭-愛國西路", "travel_speed" : 52, "level_name" : "順暢", "level_color" : "#19FF1C", "data_time" : "2025-12-29 12:48:00+00"}}, {"type" : "Feature", "geometry" : {"type":"Polygon","coordinates":[[[121.512278074,25.034757586],[121.512275454,25.034761431],[121.512158762,25.035072362],[121.512153433,25.035101913],[121.512161119,25.035136435],[121.512182722,25.03516565],[121.512214951,25.035185109],[121.5122529,25.03519185],[121.512290793,25.035184848],[121.51232286,25.035165167],[121.512346289,25.03513078],[121.512461355,25.034824183],[121.512641832,25.034466478],[121.513302106,25.03338261],[121.513915172,25.03245675],[121.514281807,25.031944937],[121.514290517,25.031929826],[121.514297915,25.031895252],[121.514290228,25.031860729],[121.514268626,25.031831515],[121.514236398,25.031812056],[121.514198449,25.031805315],[121.514160558,25.031812318],[121.514128492,25.031832],[121.514115844,25.031846252],[121.51374825,25.032359404],[121.513747318,25.032361021],[121.513746384,25.032362112],[121.513131486,25.033290738],[121.513130405,25.033292696],[121.513129691,25.033293562],[121.512466723,25.034381849],[121.512463898,25.034387206],[121.512463329,25.034387954],[121.512279182,25.034752933],[121.512278074,25.034757586]]]}, "properties" : {"section_id" : "ZHBGA40", "section_name" : "重慶南路 愛國西路-南海路", "travel_speed" : 44, "level_name" : "順暢", "level_color" : "#19FF1C", "data_time" : "2025-12-29 12:48:00+00"}}, {"type" : "Feature", "geometry" : {"type":"Polygon","coordinates":[[[121.514709618,25.03105553],[121.514709958,25.031053909],[121.514710811,25.031052683],[121.514996211,25.030335089],[121.514996318,25.030334528],[121.514996579,25.030334148],[121.515217032,25.029760099],[121.515222591,25.02972994],[121.515214904,25.029695418],[121.515193302,25.029666204],[121.515161074,25.029646745],[121.515123126,25.029640004],[121.515085235,25.029647008],[121.51505317,25.029666689],[121.515029974,25.029700468],[121.514809701,25.030274045],[121.514525056,25.030989736],[121.514222245,25.031677669],[121.514215126,25.031711616],[121.514222812,25.031746139],[121.514244414,25.031775353],[121.514276643,25.031794812],[121.514314592,25.031801553],[121.514352483,25.03179455],[121.514384549,25.031774868],[121.514406186,25.031744878],[121.514709618,25.03105553]]]}, "properties" : {"section_id" : "ZGSGF40", "section_name" : "重慶南路 南海路-寧波西路", "travel_speed" : 43, "level_name" : "順暢", "level_color" : "#19FF1C", "data_time" : "2025-12-29 12:48:00+00"}}, {"type" : "Feature", "geometry" : {"type":"Polygon","coordinates":[[[121.514267711,25.032143158],[121.514266461,25.032145341],[121.51426537,25.032146636],[121.513653464,25.033103866],[121.513262914,25.033702029],[121.513261136,25.033705277],[121.513260246,25.033706385],[121.512859077,25.034406091],[121.512631565,25.034795765],[121.512627358,25.03480393],[121.512624527,25.034811062],[121.512546171,25.035037912],[121.512541601,25.035065354],[121.512549288,25.035099876],[121.51257089,25.035129091],[121.51260312,25.03514855],[121.512641069,25.035155292],[121.512678962,25.035148288],[121.512711028,25.035128608],[121.512732387,25.035099245],[121.512735218,25.035092112],[121.51281083,25.034873207],[121.513034223,25.034490587],[121.513034463,25.034490121],[121.513034569,25.034489989],[121.513434642,25.033792194],[121.513824024,25.033195817],[121.513824286,25.033195338],[121.513824489,25.033195098],[121.514435498,25.03223927],[121.514603703,25.03200153],[121.514612108,25.031986848],[121.514619506,25.031952273],[121.514611819,25.031917751],[121.514590217,25.031888537],[121.514557988,25.031869078],[121.51452004,25.031862337],[121.514482148,25.03186934],[121.514450083,25.031889022],[121.51443713,25.031903703],[121.514267711,25.032143158]]]}, "properties" : {"section_id" : "ZHYFT00", "section_name" : "重慶南路 南海路-愛國西路", "travel_speed" : 31, "level_name" : "車多", "level_color" : "#F8C920", "data_time" : "2025-12-29 12:48:00+00"}}, {"type" : "Feature", "geometry" : {"type":"Polygon","coordinates":[[[121.515357412,25.030275185],[121.515358716,25.030273248],[121.515543552,25.02976294],[121.515548543,25.029734304],[121.515540856,25.029699782],[121.515519254,25.029670568],[121.515487025,25.029651109],[121.515449077,25.029644368],[121.515411186,25.029651372],[121.515379122,25.029671054],[121.515355357,25.029706356],[121.515171388,25.030214266],[121.515001026,25.030608976],[121.514440075,25.031793108],[121.514431963,25.031829227],[121.51443965,25.031863749],[121.514461252,25.031892964],[121.514493481,25.031912423],[121.51453143,25.031919164],[121.514569321,25.03191216],[121.514601387,25.031892479],[121.514622032,25.03186466],[121.515183625,25.030679168],[121.515183955,25.0306777],[121.515184863,25.030676432],[121.515356834,25.030277995],[121.515357412,25.030275185]]]}, "properties" : {"section_id" : "ZHBGA00", "section_name" : "重慶南路 寧波西街-南海路", "travel_speed" : 43, "level_name" : "順暢", "level_color" : "#19FF1C", "data_time" : "2025-12-29 12:48:00+00"}}, {"type" : "Feature", "geometry" : {"type":"Polygon","coordinates":[[[121.607311812,25.057935755],[121.607310254,25.057935329],[121.605452588,25.057601378],[121.605432954,25.05759967],[121.605395061,25.057606697],[121.605363004,25.057626398],[121.605341663,25.057655774],[121.605334289,25.057690352],[121.605342003,25.057724869],[121.605363631,25.05775407],[121.60539588,25.057773509],[121.605414208,25.057778518],[121.607270428,25.058112209],[121.607466433,25.058153001],[121.60792991,25.058276531],[121.608258695,25.058370706],[121.608576816,25.058497948],[121.610246579,25.059220583],[121.610474373,25.059335487],[121.610716198,25.059484209],[121.610909943,25.059618032],[121.611323398,25.059992899],[121.612064002,25.060780214],[121.61247742,25.061260519],[121.61267029,25.061486066],[121.612898452,25.061769755],[121.61290864,25.061780529],[121.612940892,25.061799966],[121.612978855,25.061806681],[121.61301675,25.061799652],[121.613048807,25.06177995],[121.613070146,25.061750573],[121.613077518,25.061715994],[121.613069802,25.061681478],[121.61305836,25.061663052],[121.612829335,25.061378289],[121.612828097,25.06137698],[121.612827573,25.061376165],[121.612633708,25.061149455],[121.612633565,25.061149309],[121.612633514,25.061149229],[121.612218667,25.060667264],[121.612216463,25.06066501],[121.612215932,25.060664226],[121.611471367,25.0598727],[121.611466055,25.059867498],[121.611466024,25.059867456],[121.61104506,25.05948578],[121.611044967,25.059485725],[121.611044905,25.05948564],[121.611035025,25.059477829],[121.6108338,25.05933884],[121.610831944,25.059337875],[121.610829374,25.059335954],[121.610581671,25.059183617],[121.610576931,25.059181308],[121.610574225,25.05917946],[121.610339911,25.059061267],[121.610335277,25.059059244],[121.610334429,25.059058702],[121.608660549,25.058334285],[121.608659238,25.058334019],[121.608657864,25.058333167],[121.608333436,25.058203403],[121.608332216,25.058203172],[121.608331104,25.058202502],[121.608323319,25.058199942],[121.607988425,25.058104018],[121.607987983,25.058103957],[121.607986528,25.058103494],[121.607519243,25.057978948],[121.607517401,25.057978712],[121.607513485,25.057977583],[121.60731314,25.057935888],[121.607311812,25.057935755]]]}, "properties" : {"section_id" : "ZND3C20", "section_name" : "重陽路 興華路-向陽路", "travel_speed" : 36, "level_name" : "順暢", "level_color" : "#19FF1C", "data_time" : "2025-12-29 12:48:00+00"}}, {"type" : "Feature", "geometry" : {"type":"Polygon","coordinates":[[[121.612547698,25.061377655],[121.612543614,25.061373225],[121.612542176,25.061371078],[121.611495861,25.060236833],[121.611494765,25.06023575],[121.611494563,25.060235455],[121.611169009,25.059896617],[121.611165702,25.059894466],[121.611163016,25.059890904],[121.610954507,25.059708821],[121.610953931,25.05970848],[121.610945802,25.059702053],[121.610744577,25.059563064],[121.61074272,25.059562099],[121.610740151,25.059560178],[121.610492447,25.05940784],[121.610487707,25.059405532],[121.610485002,25.059403684],[121.610250687,25.059285491],[121.610245498,25.059283226],[121.610244652,25.059282688],[121.609574965,25.058997466],[121.60857169,25.058558668],[121.608570209,25.058558364],[121.608568638,25.05855739],[121.60824421,25.058427625],[121.608242989,25.058427394],[121.608241877,25.058426725],[121.608234092,25.058424164],[121.607899198,25.05832824],[121.6078981,25.058328089],[121.607894797,25.058327081],[121.607581502,25.05825164],[121.607435111,25.058204666],[121.607433125,25.058204361],[121.607424257,25.058201806],[121.607223911,25.05816011],[121.607222478,25.058159966],[121.607220814,25.058159513],[121.606410672,25.05801554],[121.60536352,25.057825628],[121.605343722,25.057823891],[121.605305829,25.057830918],[121.605273772,25.057850619],[121.605252431,25.057879995],[121.605245057,25.057914573],[121.605252771,25.05794909],[121.605274399,25.057978291],[121.605306648,25.05799773],[121.605324812,25.05800271],[121.606372153,25.058192656],[121.606372341,25.058192672],[121.606372527,25.058192723],[121.607181304,25.058336453],[121.607374589,25.058376679],[121.607519394,25.058423144],[121.607520642,25.058423335],[121.607526994,25.058425274],[121.607841922,25.058501109],[121.608169468,25.058594928],[121.608487404,25.058722096],[121.609489624,25.059160433],[121.60949006,25.059160523],[121.609490544,25.05916083],[121.610157623,25.059444941],[121.610385149,25.059559711],[121.610626975,25.059708433],[121.610821464,25.05984277],[121.611022702,25.060018503],[121.61134474,25.060353682],[121.612387486,25.06148406],[121.612772029,25.061988349],[121.612783667,25.062000973],[121.612815919,25.06202041],[121.612853882,25.062027126],[121.612891777,25.062020097],[121.612923834,25.062000395],[121.612945173,25.061971018],[121.612952546,25.061936439],[121.612944829,25.061901922],[121.612934837,25.061885347],[121.612547698,25.061377655]]]}, "properties" : {"section_id" : "ZMZZC60", "section_name" : "重陽路 三重路-興華路", "travel_speed" : 44, "level_name" : "順暢", "level_color" : "#19FF1C", "data_time" : "2025-12-29 12:48:00+00"}}, {"type" : "Feature", "geometry" : {"type":"Polygon","coordinates":[[[121.529367356,25.04035491],[121.529367132,25.040353664],[121.52862087,25.038307584],[121.528596627,25.038271965],[121.528564394,25.038252509],[121.528526443,25.038245772],[121.52848855,25.038252779],[121.528456486,25.038272464],[121.52843513,25.038301829],[121.528427735,25.038336404],[121.52843279,25.038364519],[121.529178096,25.040407988],[121.529922446,25.042958557],[121.529926812,25.042970235],[121.529948419,25.042999447],[121.529980653,25.043018903],[121.530018606,25.04302564],[121.5300565,25.043018632],[121.530088566,25.042998948],[121.530109922,25.042969582],[121.530117317,25.042935007],[121.53011399,25.042912164],[121.52936886,25.040358935],[121.529367356,25.04035491]]]}, "properties" : {"section_id" : "ZJBJ900", "section_name" : "金山南路 仁愛路-忠孝東路", "travel_speed" : 38, "level_name" : "順暢", "level_color" : "#19FF1C", "data_time" : "2025-12-29 12:48:00+00"}}, {"type" : "Feature", "geometry" : {"type":"Polygon","coordinates":[[[121.527407117,25.034899206],[121.527407705,25.034901449],[121.527408443,25.034908785],[121.527421036,25.034972231],[121.527422359,25.034976302],[121.527422835,25.034979543],[121.528301076,25.03796405],[121.528305388,25.037975546],[121.528326994,25.038004758],[121.528359226,25.038024214],[121.528397178,25.038030951],[121.52843507,25.038023944],[121.528467135,25.03800426],[121.528488491,25.037974895],[121.528495886,25.03794032],[121.528492506,25.037917294],[121.527615327,25.034936409],[121.52760441,25.03488141],[121.527545249,25.034133267],[121.527537814,25.034104881],[121.527516208,25.034075668],[121.527483977,25.034056212],[121.527446027,25.034049475],[121.527408136,25.034056482],[121.527376072,25.034076166],[121.527354717,25.034105531],[121.527347577,25.034146242],[121.527407117,25.034899206]]]}, "properties" : {"section_id" : "ZIPIZ00", "section_name" : "金山南路 信義路-仁愛路", "travel_speed" : 43, "level_name" : "順暢", "level_color" : "#19FF1C", "data_time" : "2025-12-29 12:48:00+00"}}, {"type" : "Feature", "geometry" : {"type":"Polygon","coordinates":[[[121.529014899,25.040360196],[121.529013394,25.040356171],[121.52901317,25.040354925],[121.528266915,25.038308843],[121.528242672,25.038273224],[121.528210439,25.038253768],[121.528172488,25.038247031],[121.528134595,25.038254038],[121.52810253,25.038273722],[121.528081174,25.038303087],[121.528073779,25.038337662],[121.528078834,25.038365777],[121.528824134,25.040409248],[121.529568477,25.04295982],[121.529572843,25.042971498],[121.52959445,25.04300071],[121.529626684,25.043020165],[121.529664637,25.043026902],[121.529702531,25.043019895],[121.529734597,25.04300021],[121.529755953,25.042970845],[121.529763348,25.04293627],[121.529760022,25.042913426],[121.529014899,25.040360196]]]}, "properties" : {"section_id" : "ZIXJ740", "section_name" : "金山南路 忠孝東路-仁愛路", "travel_speed" : 40, "level_name" : "順暢", "level_color" : "#19FF1C", "data_time" : "2025-12-29 12:48:00+00"}}, {"type" : "Feature", "geometry" : {"type":"Polygon","coordinates":[[[121.527299634,25.032877401],[121.527299525,25.032876182],[121.527087373,25.031676091],[121.527080943,25.031655573],[121.527059338,25.03162636],[121.527027107,25.031606904],[121.526989158,25.031600167],[121.526951267,25.031607173],[121.526919204,25.031626858],[121.526897849,25.031656222],[121.526890454,25.031690798],[121.526891714,25.031704802],[121.527103696,25.032903949],[121.527235908,25.033768014],[121.52724265,25.033790423],[121.527264256,25.033819635],[121.527296487,25.033839091],[121.527334437,25.033845829],[121.527372328,25.033838822],[121.527404392,25.033819138],[121.527425747,25.033789773],[121.527433142,25.033755198],[121.527432194,25.033743084],[121.527299836,25.032878072],[121.527299634,25.032877401]]]}, "properties" : {"section_id" : "ZDYJC00", "section_name" : "金山南路 愛國東路-信義路", "travel_speed" : 44, "level_name" : "順暢", "level_color" : "#19FF1C", "data_time" : "2025-12-29 12:48:00+00"}}, {"type" : "Feature", "geometry" : {"type":"Polygon","coordinates":[[[121.529198635,25.048041077],[121.529163012,25.048035179],[121.529144303,25.04803687],[121.528803686,25.0480978],[121.528802734,25.048098064],[121.528801779,25.048098158],[121.528186097,25.048219783],[121.528185188,25.048220044],[121.528184439,25.048220124],[121.527333021,25.0484023],[121.527330667,25.048402995],[121.527329291,25.048403168],[121.526258466,25.048672658],[121.524656669,25.049046524],[121.524642986,25.049050706],[121.524610917,25.04907039],[121.524589559,25.049099754],[121.524582162,25.049134329],[121.524589853,25.049168851],[121.524611461,25.049198064],[121.524643696,25.04921752],[121.52468165,25.049224258],[121.524705863,25.049221434],[121.52630856,25.048847358],[121.526309725,25.048847002],[121.526310352,25.048846924],[121.527380217,25.048577675],[121.528228933,25.048396077],[121.528842833,25.048274805],[121.529154668,25.048219023],[121.529273732,25.048260283],[121.529309356,25.048266181],[121.529347251,25.048259174],[121.529379319,25.048239489],[121.529400676,25.048210124],[121.529408071,25.048175549],[121.529400379,25.048141028],[121.52937877,25.048111815],[121.529344204,25.048091521],[121.529198635,25.048041077]]]}, "properties" : {"section_id" : "ZL6IA60", "section_name" : "長安東路 中山北路-林森北路", "travel_speed" : 43, "level_name" : "順暢", "level_color" : "#19FF1C", "data_time" : "2025-12-29 12:48:00+00"}}, {"type" : "Feature", "geometry" : {"type":"Polygon","coordinates":[[[121.50850569,25.051767043],[121.508504311,25.051766798],[121.508468222,25.051773129],[121.507263786,25.05220721],[121.507229904,25.052227561],[121.507208541,25.052256923],[121.507201139,25.052291497],[121.507208826,25.05232602],[121.50723043,25.052355235],[121.507262663,25.052374696],[121.507300618,25.052381438],[121.507336706,25.052375107],[121.508522469,25.051947757],[121.509440631,25.051967112],[121.510390394,25.051988627],[121.510390833,25.051988552],[121.510391328,25.051988644],[121.510938693,25.051996335],[121.510938732,25.051996328],[121.510938776,25.051996336],[121.511794382,25.052007704],[121.511795271,25.052007548],[121.511796202,25.052007713],[121.51180756,25.052007079],[121.512148296,25.051970074],[121.512152766,25.051969002],[121.512159339,25.051968293],[121.512892906,25.051810497],[121.512894339,25.051810073],[121.512895258,25.051809964],[121.513707339,25.051616063],[121.513720484,25.051612009],[121.513752555,25.051592328],[121.513773916,25.051562965],[121.513781316,25.05152839],[121.513773628,25.051493868],[121.513752023,25.051464654],[121.513719789,25.051445195],[121.513681834,25.051438454],[121.513657082,25.051441404],[121.512846174,25.051635024],[121.512119253,25.05179139],[121.511790661,25.051827076],[121.510941708,25.051815796],[121.510394853,25.051808112],[121.509445474,25.051786606],[121.509445394,25.05178662],[121.509445302,25.051786603],[121.508506976,25.051766822],[121.50850569,25.051767043]]]}, "properties" : {"section_id" : "ZLMG620", "section_name" : "長安西路 環河北路-重慶北路", "travel_speed" : 30, "level_name" : "車多", "level_color" : "#F8C920", "data_time" : "2025-12-29 12:48:00+00"}}, {"type" : "Feature", "geometry" : {"type":"Polygon","coordinates":[[[121.5167985,25.050876783],[121.516811603,25.050872739],[121.516843673,25.050853057],[121.516865034,25.050823694],[121.516872432,25.050789119],[121.516864744,25.050754597],[121.516843138,25.050725383],[121.516810904,25.050705925],[121.516772949,25.050699185],[121.516748154,25.050702145],[121.514063078,25.051344462],[121.514049976,25.051348505],[121.514017905,25.051368187],[121.513996544,25.05139755],[121.513989144,25.051432124],[121.513996832,25.051466647],[121.514018438,25.051495861],[121.514050671,25.05151532],[121.514088626,25.051522061],[121.514113421,25.051519101],[121.5167985,25.050876783]]]}, "properties" : {"section_id" : "ZLIGO20", "section_name" : "長安西路 重慶北路-承德路", "travel_speed" : 40, "level_name" : "順暢", "level_color" : "#19FF1C", "data_time" : "2025-12-29 12:48:00+00"}}, {"type" : "Feature", "geometry" : {"type":"Polygon","coordinates":[[[121.521369053,25.049797994],[121.521382782,25.049793802],[121.521414851,25.049774119],[121.52143621,25.049744755],[121.521443608,25.04971018],[121.521435918,25.049675658],[121.521414311,25.049646445],[121.521382077,25.049626988],[121.521344122,25.049620249],[121.521319955,25.049623062],[121.517154766,25.050593093],[121.517141036,25.050597285],[121.517108966,25.050616967],[121.517087606,25.050646331],[121.517080206,25.050680905],[121.517087895,25.050715427],[121.517109502,25.050744641],[121.517141736,25.0507641],[121.51717969,25.05077084],[121.517203858,25.050768027],[121.521369053,25.049797994]]]}, "properties" : {"section_id" : "ZLBHN20", "section_name" : "長安西路 承德路-中山北路", "travel_speed" : 46, "level_name" : "順暢", "level_color" : "#19FF1C", "data_time" : "2025-12-29 12:48:00+00"}}, {"type" : "Feature", "geometry" : {"type":"Polygon","coordinates":[[[121.53655709,25.054646729],[121.536593774,25.054639731],[121.536625841,25.054620045],[121.536647198,25.054590679],[121.536654591,25.054556104],[121.536646897,25.054521582],[121.536625285,25.054492372],[121.536593047,25.054472918],[121.536553877,25.054466194],[121.533295281,25.054514272],[121.533258597,25.054521269],[121.533226528,25.054540954],[121.533205171,25.05457032],[121.533197777,25.054604895],[121.53320547,25.054639416],[121.533227081,25.054668628],[121.533259319,25.054688082],[121.533298488,25.054694807],[121.53655709,25.054646729]]]}, "properties" : {"section_id" : "ZMEKQ20", "section_name" : "長春路 松江路-建國北路", "travel_speed" : 38, "level_name" : "順暢", "level_color" : "#19FF1C", "data_time" : "2025-12-29 12:48:00+00"}}, {"type" : "Feature", "geometry" : {"type":"Polygon","coordinates":[[[121.540462808,25.054591124],[121.54046296,25.054591094],[121.540463095,25.054591116],[121.541990398,25.054548448],[121.543861243,25.054510864],[121.543897352,25.054503874],[121.543929419,25.054484187],[121.543950773,25.05445482],[121.543958165,25.054420244],[121.543950468,25.054385723],[121.543928855,25.054356513],[121.543896616,25.054337061],[121.543856871,25.054330349],[121.541985602,25.054367941],[121.541985152,25.054368028],[121.541984748,25.054367961],[121.540457163,25.054410638],[121.537200419,25.054492979],[121.537164878,25.054499954],[121.53713281,25.05451964],[121.537111454,25.054549007],[121.53710406,25.054583582],[121.537111755,25.054618103],[121.537133366,25.054647314],[121.537165605,25.054666768],[121.537205917,25.054673469],[121.540462808,25.054591124]]]}, "properties" : {"section_id" : "ZMDLH20", "section_name" : "長春路 建國北路-復興北路", "travel_speed" : 34, "level_name" : "車多", "level_color" : "#F8C920", "data_time" : "2025-12-29 12:48:00+00"}}, {"type" : "Feature", "geometry" : {"type":"Polygon","coordinates":[[[121.522920467,25.054926674],[121.522884076,25.054933664],[121.522852006,25.054953347],[121.522830647,25.054982711],[121.522823249,25.055017286],[121.52283094,25.055051808],[121.522852548,25.055081021],[121.522884784,25.055100478],[121.522924248,25.0551072],[121.527368551,25.055029907],[121.527404942,25.055022916],[121.527437011,25.055003232],[121.52745837,25.054973867],[121.527465766,25.054939292],[121.527458074,25.05490477],[121.527436465,25.054875558],[121.527404228,25.054856102],[121.527364764,25.05484938],[121.522920467,25.054926674]]]}, "properties" : {"section_id" : "ZMFHU60", "section_name" : "長春路 新生北路-中山北路", "travel_speed" : 45, "level_name" : "順暢", "level_color" : "#19FF1C", "data_time" : "2025-12-29 12:48:00+00"}}, {"type" : "Feature", "geometry" : {"type":"Polygon","coordinates":[[[121.541115675,25.062519518],[121.541107998,25.062486449],[121.541086384,25.062457238],[121.541054143,25.062437786],[121.541016184,25.062431052],[121.540978285,25.062438062],[121.540946216,25.062457749],[121.540924859,25.062487116],[121.540917485,25.062523142],[121.541035733,25.067888231],[121.541043411,25.067921301],[121.541065025,25.067950511],[121.541097268,25.067969964],[121.541135229,25.067976698],[121.54117313,25.067969687],[121.5412052,25.06795],[121.541226558,25.067920633],[121.541233932,25.067884607],[121.541115675,25.062519518]]]}, "properties" : {"section_id" : "ZQDLJ00", "section_name" : "龍江路 民權東路-民族東路", "travel_speed" : 41, "level_name" : "順暢", "level_color" : "#19FF1C", "data_time" : "2025-12-29 12:48:00+00"}}, {"type" : "Feature", "geometry" : {"type":"Polygon","coordinates":[[[121.540773429,25.067877243],[121.540781106,25.067910313],[121.540802721,25.067939524],[121.540834964,25.067958976],[121.540872925,25.06796571],[121.540910826,25.0679587],[121.540942896,25.067939013],[121.540964254,25.067909646],[121.540971628,25.06787362],[121.540853383,25.062508531],[121.540845706,25.062475461],[121.540824092,25.062446251],[121.540791851,25.062426798],[121.540753891,25.062420064],[121.540715992,25.062427074],[121.540683923,25.062446761],[121.540662566,25.062476128],[121.540655193,25.062512154],[121.540773429,25.067877243]]]}, "properties" : {"section_id" : "ZNZLJ40", "section_name" : "龍江路 民族東路-民權東路", "travel_speed" : 55, "level_name" : "順暢", "level_color" : "#19FF1C", "data_time" : "2025-12-29 12:48:00+00"}}, {"type" : "Feature", "geometry" : {"type":"Polygon","coordinates":[[[121.543936786,25.072528986],[121.544497016,25.079479572],[121.544508231,25.07954087],[121.54453112,25.079591247],[121.54456902,25.079618633],[121.54461942,25.079625329],[121.54466722,25.079613685],[121.544702337,25.079581444],[121.544722292,25.079537791],[121.544724547,25.079478146],[121.544152462,25.07251416],[121.54414623,25.072463661],[121.544128674,25.07242303],[121.544096244,25.072386975],[121.544036599,25.072371367],[121.543987044,25.072391897],[121.543954944,25.072430449],[121.543937757,25.072473468],[121.543936786,25.072528986]]]}, "properties" : {"section_id" : "ZSVMA00", "section_name" : "濱江街　　大直橋(往北)", "travel_speed" : 57, "level_name" : "順暢", "level_color" : "#19FF1C", "data_time" : "2025-12-29 12:48:00+00"}}, {"type" : "Feature", "geometry" : {"type":"Polygon","coordinates":[[[121.543604099,25.072537914],[121.54416431,25.079488502],[121.544175525,25.079549799],[121.544198414,25.079600177],[121.544236313,25.079627562],[121.544286714,25.079634258],[121.544334514,25.079622614],[121.544369631,25.079590374],[121.544389586,25.079546721],[121.544391841,25.079487076],[121.543819775,25.072523088],[121.543813543,25.072472589],[121.543795987,25.072431958],[121.543763557,25.072395903],[121.543703913,25.072380295],[121.543654357,25.072400824],[121.543622257,25.072439377],[121.54360507,25.072482396],[121.543604099,25.072537914]]]}, "properties" : {"section_id" : "ZRCM940", "section_name" : "北安路　　大直橋(往南)", "travel_speed" : 51, "level_name" : "順暢", "level_color" : "#19FF1C", "data_time" : "2025-12-29 12:48:00+00"}}, {"type" : "Feature", "geometry" : {"type":"Polygon","coordinates":[[[121.494824406,25.031681776],[121.494825338,25.031682337],[121.494825933,25.031683123],[121.495716879,25.032452756],[121.495719037,25.032454027],[121.495733228,25.032464188],[121.496002665,25.032614834],[121.496006784,25.032616739],[121.496008326,25.03261777],[121.496428629,25.032819405],[121.496437212,25.032823057],[121.496440598,25.032823659],[121.496443066,25.032825049],[121.496941831,25.032978647],[121.496949792,25.032979826],[121.496963214,25.032982907],[121.497570104,25.033040966],[121.497580816,25.033041458],[121.497618709,25.033034459],[121.497650778,25.033014782],[121.49767214,25.032985421],[121.497679543,25.032950847],[121.497671861,25.032916324],[121.497650262,25.032887107],[121.497618036,25.032867644],[121.4975908,25.032861392],[121.496994861,25.032804381],[121.496513992,25.032656295],[121.496103546,25.032459388],[121.495845718,25.032315232],[121.494963061,25.031552762],[121.491921099,25.02880965],[121.491888981,25.028790283],[121.491851034,25.028783536],[121.491813142,25.028790534],[121.491781074,25.02881021],[121.491759711,25.02883957],[121.491752306,25.028874144],[121.491759986,25.028908667],[121.491781689,25.028937981],[121.494824406,25.031681776]]]}, "properties" : {"section_id" : "ZH9H820", "section_name" : "艋舺大道 西藏路-西園路", "travel_speed" : 42, "level_name" : "順暢", "level_color" : "#19FF1C", "data_time" : "2025-12-29 12:48:00+00"}}, {"type" : "Feature", "geometry" : {"type":"Polygon","coordinates":[[[121.490506885,25.0257271],[121.490508141,25.025725384],[121.491034456,25.024574098],[121.491042072,25.024539057],[121.491034392,25.024504533],[121.491012797,25.024475315],[121.490980574,25.024455851],[121.490942629,25.024449104],[121.490904738,25.024456102],[121.490872671,25.024475778],[121.49085152,25.024504671],[121.490326003,25.025654208],[121.48901628,25.028211333],[121.489015798,25.028213328],[121.48901439,25.028215264],[121.48901091,25.028224349],[121.488711636,25.029163921],[121.488710068,25.029174108],[121.488708023,25.02918191],[121.488578569,25.03066177],[121.488578256,25.030669268],[121.488579303,25.030682032],[121.488764282,25.031832095],[121.488765852,25.031837247],[121.48876659,25.031842302],[121.489204041,25.033334463],[121.489208365,25.033346016],[121.489214264,25.033356781],[121.490000492,25.034580214],[121.490005682,25.034586315],[121.490009143,25.034591579],[121.490924829,25.035616834],[121.490931876,25.035623922],[121.490964102,25.035643386],[121.491002051,25.035650133],[121.491039945,25.035643136],[121.491072015,25.035623459],[121.49109338,25.035594099],[121.491100785,25.035559526],[121.491093104,25.035525002],[121.491078555,25.035502872],[121.490167673,25.034482998],[121.489392057,25.033276081],[121.488959538,25.03180075],[121.488777012,25.030665946],[121.488904773,25.029205417],[121.4891991,25.02828137],[121.490506463,25.025728848],[121.490506885,25.0257271]]]}, "properties" : {"section_id" : "Z5050A0", "section_name" : "環河快往北 西園華江", "travel_speed" : 55, "level_name" : "順暢", "level_color" : "#19FF1C", "data_time" : "2025-12-29 12:48:00+00"}}, {"type" : "Feature", "geometry" : {"type":"Polygon","coordinates":[[[121.537205936,25.011211562],[121.537179028,25.011196577],[121.537168722,25.011193322],[121.536731851,25.011079454],[121.536727008,25.011078845],[121.536720122,25.011077088],[121.536070133,25.010983161],[121.53585914,25.010928244],[121.534924226,25.010424005],[121.534911316,25.010418153],[121.534873372,25.010411417],[121.534835489,25.010418426],[121.534803432,25.010438111],[121.534782083,25.010467477],[121.534774691,25.010502053],[121.534782382,25.010536574],[121.534803985,25.010565786],[121.534823301,25.010579388],[121.535769197,25.011089551],[121.535782108,25.011095403],[121.535792449,25.011098667],[121.536021481,25.011158279],[121.536026318,25.011158888],[121.536033174,25.011160637],[121.536683145,25.011254561],[121.53709344,25.011361502],[121.537698505,25.01183387],[121.537725414,25.011848855],[121.537763357,25.01185559],[121.537801241,25.01184858],[121.537833298,25.011828894],[121.537854647,25.011799528],[121.537862038,25.011764952],[121.537854346,25.011730431],[121.537827423,25.011696751],[121.537205936,25.011211562]]]}, "properties" : {"section_id" : "Z2330G0", "section_name" : "基隆快往西 羅斯福水源", "travel_speed" : 44, "level_name" : "順暢", "level_color" : "#19FF1C", "data_time" : "2025-12-29 12:48:00+00"}}, {"type" : "Feature", "geometry" : {"type":"Polygon","coordinates":[[[121.533580619,24.991615434],[121.533578762,24.99161235],[121.53247062,24.990158947],[121.532459043,24.990146376],[121.532426822,24.990126921],[121.532388886,24.990120185],[121.532351008,24.990127192],[121.532318956,24.990146878],[121.53229761,24.990176243],[121.532290218,24.990210819],[121.532297907,24.99024534],[121.532307928,24.990261982],[121.533414116,24.991712824],[121.53437169,24.993174672],[121.535178311,24.99453401],[121.535267229,24.994793748],[121.53549888,24.995577724],[121.535540983,24.99620007],[121.535496339,24.996949216],[121.535411188,24.99799296],[121.535332638,24.998829097],[121.535332459,24.998833108],[121.535332338,24.998833616],[121.535321858,24.999104484],[121.535329488,24.999142543],[121.535351089,24.999171755],[121.535383312,24.999191209],[121.535421252,24.999197945],[121.535459132,24.999190936],[121.535491186,24.99917125],[121.535512533,24.999141884],[121.535519863,24.999110847],[121.535530256,24.998842242],[121.53560864,24.998007858],[121.535608676,24.998007054],[121.535608728,24.998006851],[121.535693992,24.996961705],[121.535693858,24.996960959],[121.535694118,24.996959907],[121.535739127,24.996204635],[121.535738137,24.996199417],[121.535739085,24.996194184],[121.535696011,24.995557504],[121.535694645,24.995552167],[121.535692791,24.995539584],[121.535458028,24.994745081],[121.535457099,24.994742609],[121.53545694,24.994741667],[121.53536458,24.994471875],[121.535361385,24.994463886],[121.53535715,24.994455818],[121.534544957,24.993087094],[121.53454424,24.993086222],[121.534542878,24.993083762],[121.53358247,24.99161759],[121.533580619,24.991615434]]]}, "properties" : {"section_id" : "Z4010A0", "section_name" : "水源快往北 中正路-景美", "travel_speed" : 44, "level_name" : "順暢", "level_color" : "#19FF1C", "data_time" : "2025-12-29 12:48:00+00"}}]}
