{"type":"FeatureCollection","features":[{"type":"Feature","geometry":{"type":"Polygon","coordinates":[[[121.5118705995,25.0239297864],[121.5118705338,25.0239297737],[121.5118704682,25.0239297327],[121.5109650929,25.0235599565],[121.5109603071,25.0235590325],[121.5109564751,25.0235568688],[121.510253401,25.0233389382],[121.5102512927,25.0233386241],[121.5102436534,25.0233364154],[121.5091425182,25.0231061446],[121.508957538,25.0230444441],[121.5082236643,25.0226309961],[121.5072266108,25.0220040552],[121.5041621596,25.0199105472],[121.5041402978,25.019899243],[121.5041023533,25.0198924994],[121.5040644649,25.0198995001],[121.5040324007,25.0199191793],[121.5040110424,25.019948541],[121.5040036414,25.0199831151],[121.5040113245,25.0200176381],[121.5040329221,25.0200468542],[121.5040432843,25.0200550111],[121.5071092943,25.0221495853],[121.5071106248,25.0221502732],[121.5071124533,25.0221516563],[121.5081131596,25.0227808943],[121.5081154389,25.0227820194],[121.5081173286,25.0227833771],[121.5088618985,25.0232028513],[121.5088764332,25.023209601],[121.5088784089,25.0232099521],[121.5088799449,25.0232108418],[121.5090802324,25.0232776482],[121.5090819751,25.0232779266],[121.5090921289,25.0232808624],[121.5101943799,25.0235113665],[121.5108882637,25.0237264484],[121.5117893446,25.0240944708],[121.5122675588,25.0242905419],[121.5123085936,25.0242984927],[121.5123464829,25.0242914899],[121.5123785468,25.0242718089],[121.5123999039,25.0242424461],[121.5124073027,25.0242078715],[121.512399617,25.024173349],[121.5123780167,25.0241441342],[121.5123488788,25.0241258842],[121.5118705995,25.0239297864]]]},"properties":{"section_id":"Z4060G0","section_name":"水源快往北 泉州街-青年路","travel_speed":64.0,"level_name":"車多","level_color":"#F8C920","data_time":"2025-12-29 20:48:00+08:00"}},{"type":"Feature","geometry":{"type":"Polygon","coordinates":[[[121.5139490191,25.0239325141],[121.5139496503,25.0239323831],[121.5139536833,25.0239321949],[121.5144078971,25.0238912606],[121.5144100063,25.0238907749],[121.5144151246,25.0238903634],[121.5151010329,25.0237816513],[121.5151223178,25.0237759828],[121.5151388384,25.0237679309],[121.5157139039,25.0234202253],[121.5157294466,25.0234085956],[121.5157443978,25.0233909658],[121.5160341292,25.02294469],[121.516040534,25.0229329564],[121.516045065,25.022920288],[121.5161709515,25.0224539344],[121.516554283,25.021709249],[121.5165636591,25.0216705684],[121.5165559724,25.0216360461],[121.5165343715,25.021606832],[121.5165021452,25.0215873735],[121.5164641995,25.0215806331],[121.5164263114,25.0215876369],[121.5163942488,25.0216073188],[121.5163748717,25.0216325763],[121.5159873731,25.0223853547],[121.5159868693,25.0223874328],[121.5159853945,25.0223894606],[121.5159808636,25.022402129],[121.5158561251,25.0228642271],[121.5155854029,25.023281222],[121.5150465886,25.0236070085],[121.5143847593,25.0237119042],[121.5139365059,25.0237523013],[121.5136566344,25.0237654141],[121.5136234579,25.0237722988],[121.5135913943,25.02379198],[121.5135700376,25.023821343],[121.5135626391,25.0238559176],[121.5135703252,25.0238904401],[121.5135919257,25.0239196547],[121.5136241522,25.0239391137],[121.513666811,25.0239457364],[121.5139490191,25.0239325141]]]},"properties":{"section_id":"Z4270C0","section_name":"水源快往南 泉州街-中正橋","travel_speed":54.0,"level_name":"車多","level_color":"#F8C920","data_time":"2025-12-29 20:48:00+08:00"}},{"type":"Feature","geometry":{"type":"Polygon","coordinates":[[[121.5224314781,25.020629816],[121.522440989,25.0206256311],[121.5229174284,25.0203866615],[121.5229399787,25.0203711632],[121.5229613326,25.0203417989],[121.5229687283,25.0203072239],[121.5229610398,25.0202727019],[121.5229394378,25.0202434887],[121.5229072108,25.0202240316],[121.5228692652,25.0202172929],[121.5228313779,25.0202242983],[121.522821867,25.0202284833],[121.522357932,25.0204611809],[121.5181651663,25.0213036332],[121.5181516624,25.0213075309],[121.5181502367,25.0213077797],[121.5173701191,25.0215873405],[121.5173692258,25.021587876],[121.517368117,25.021588081],[121.5173590758,25.0215920314],[121.5167959772,25.0218708337],[121.5167729559,25.0218865653],[121.5167624387,25.0218979654],[121.5165465746,25.0221755593],[121.5165357362,25.0221935226],[121.5165301886,25.0222103854],[121.5164036689,25.0227984322],[121.5161924293,25.0233780938],[121.5155882143,25.0238503792],[121.5145335594,25.0241233885],[121.5135741719,25.0242120312],[121.5124331945,25.0241297539],[121.5124250017,25.0241294731],[121.5123871125,25.0241364759],[121.5123550487,25.0241561568],[121.5123336916,25.0241855197],[121.5123262927,25.0242200942],[121.5123339785,25.0242546167],[121.5123555788,25.0242838315],[121.5123878052,25.0243032909],[121.5124175587,25.0243097515],[121.5135674532,25.0243926718],[121.513575646,25.0243929525],[121.5135852664,25.0243924926],[121.5145622378,25.0243022252],[121.5145698063,25.0243004733],[121.5145793194,25.0242992491],[121.5156632978,25.024018649],[121.5156744849,25.0240150816],[121.5157007335,25.0240003269],[121.516342319,25.0234988304],[121.5163481335,25.0234939034],[121.5163694895,25.02346454],[121.5163702093,25.023461176],[121.5163718397,25.0234587589],[121.5165937248,25.0228498826],[121.5165942361,25.022846966],[121.5165969222,25.022838801],[121.5167205619,25.022264136],[121.5169108211,25.0220194687],[121.5174483285,25.021753337],[121.5182154817,25.021478422],[121.5224145468,25.0206347036],[121.5224314781,25.020629816]]]},"properties":{"section_id":"Z4050G0","section_name":"水源快往北 師大路-泉州街","travel_speed":66.0,"level_name":"順暢","level_color":"#19FF1C","data_time":"2025-12-29 20:48:00+08:00"}},{"type":"Feature","geometry":{"type":"Polygon","coordinates":[[[121.5026010075,25.0189058426],[121.5026075806,25.0189088079],[121.5026088302,25.0189096061],[121.503892107,25.0194616985],[121.5041931521,25.0196272715],[121.5048522065,25.020081962],[121.5048525837,25.0200821581],[121.5048531915,25.0200826328],[121.5065506542,25.021223784],[121.5065515912,25.0212242641],[121.5065528317,25.0212252068],[121.5082753473,25.0223188745],[121.5088005333,25.0226597165],[121.5088149557,25.0226669627],[121.5088175814,25.022668603],[121.5091212706,25.0227922935],[121.5091227572,25.0227925798],[121.5091241324,25.0227934102],[121.5091371449,25.0227973356],[121.5097444374,25.0229389139],[121.5097693708,25.0229417308],[121.5098072598,25.0229347286],[121.5098393237,25.0229150482],[121.5098606812,25.0228856857],[121.5098680807,25.0228511113],[121.5098603957,25.0228165886],[121.5098387963,25.0227873735],[121.5098065706,25.0227679135],[121.5097935582,25.0227639883],[121.5091944391,25.0226243154],[121.5089074615,25.0225074314],[121.5083898974,25.0221715361],[121.5083895141,25.0221713435],[121.5083890607,25.022170999],[121.5066672257,25.021077764],[121.5049713369,25.0199376716],[121.5043086219,25.0194804559],[121.5043044159,25.0194782691],[121.5043000128,25.0194751401],[121.5039901825,25.0193047353],[121.5039827716,25.0193013389],[121.5039812839,25.0193003886],[121.502697441,25.0187480528],[121.502171774,25.0184671242],[121.5021592242,25.0184614627],[121.5021212802,25.0184547186],[121.5020833921,25.0184617188],[121.502051328,25.0184813976],[121.5020299694,25.018510759],[121.502022568,25.018545333],[121.5020302505,25.0185798562],[121.5020518473,25.0186090725],[121.5020715209,25.0186228727],[121.5026010075,25.0189058426]]]},"properties":{"section_id":"Z4250B0","section_name":"水源快往南 富民街-泉州街","travel_speed":52.0,"level_name":"車多","level_color":"#F8C920","data_time":"2025-12-29 20:48:00+08:00"}},{"type":"Feature","geometry":{"type":"Polygon","coordinates":[[[121.5228881311,25.0202338194],[121.5228818426,25.0202453749],[121.5228744469,25.0202799499],[121.5228821353,25.0203144718],[121.5229037374,25.0203436851],[121.5229359643,25.0203631421],[121.52297391,25.0203698809],[121.5230117974,25.0203628754],[121.5230438585,25.0203431921],[121.5230589239,25.0203253832],[121.5274641063,25.0135029435],[121.527470394,25.0134913878],[121.527477788,25.0134568126],[121.5274700988,25.0134222909],[121.5274484969,25.0133930783],[121.5274162711,25.0133736221],[121.5273783274,25.0133668845],[121.5273404424,25.0133738911],[121.5273083838,25.0133935752],[121.5272933198,25.0134113846],[121.5228881311,25.0202338194]]]},"properties":{"section_id":"Z4040H0","section_name":"水源快往北 福和橋-師大路","travel_speed":67.0,"level_name":"順暢","level_color":"#19FF1C","data_time":"2025-12-29 20:48:00+08:00"}},{"type":"Feature","geometry":{"type":"Polygon","coordinates":[[[121.4924916008,25.0195826661],[121.4924915792,25.019582696],[121.4905858196,25.0239118575],[121.490578698,25.0239457943],[121.4905863777,25.023980318],[121.4906079728,25.0240095361],[121.4906401958,25.0240290002],[121.490678141,25.0240357472],[121.4907160315,25.0240287499],[121.4907480989,25.0240090735],[121.4907697445,25.023979077],[121.4926754693,25.0196499797],[121.4926754839,25.0196499466],[121.4932327382,25.0183869139],[121.4935740274,25.0177986784],[121.4938894579,25.0173150042],[121.4940808721,25.0171275957],[121.4942928562,25.0169451805],[121.4943165035,25.0169137875],[121.494323907,25.0168792138],[121.4943162268,25.0168446902],[121.4942946321,25.0168154727],[121.4942624104,25.0167960093],[121.4942244673,25.0167892632],[121.4941865792,25.0167962614],[121.4941568014,25.0168139058],[121.4939424936,25.0169983204],[121.4939406561,25.0170007598],[121.4939379925,25.0170024518],[121.4937371733,25.0171990682],[121.4937351262,25.017201983],[121.4937245263,25.0172144546],[121.4934024139,25.0177083738],[121.493400831,25.0177112659],[121.4933999971,25.0177122992],[121.4930551407,25.0183066815],[121.493051058,25.0183146312],[121.4930509915,25.0183149416],[121.4930508039,25.0183152013],[121.4924916085,25.0195826295],[121.4924916008,25.0195826661]]]},"properties":{"section_id":"Z4210D0","section_name":"水源快往南 西園路-華中橋","travel_speed":48.0,"level_name":"壅塞","level_color":"#FA0300","data_time":"2025-12-29 20:48:00+08:00"}},{"type":"Feature","geometry":{"type":"Polygon","coordinates":[[[121.5036035772,25.0196427356],[121.5036023828,25.0196422228],[121.5036020671,25.0196420139],[121.5026103717,25.01917797],[121.5026075976,25.0191768055],[121.5026071914,25.0191765467],[121.5017876171,25.0188261917],[121.5010169727,25.0183618033],[121.4998904015,25.0174212448],[121.4998887432,25.0174202861],[121.4998803681,25.0174139009],[121.4990924915,25.0169102686],[121.4990852949,25.0169066829],[121.4990816252,25.0169042322],[121.4983134353,25.01653695],[121.4983049788,25.0165333589],[121.4982885742,25.0165286989],[121.4976637802,25.016404152],[121.4976422417,25.0164020668],[121.4976418764,25.0164021342],[121.4976415171,25.0164020716],[121.4971383225,25.0164071082],[121.4971380204,25.0164071651],[121.4971267607,25.0164078416],[121.4964054969,25.0164924424],[121.4963798953,25.0164987029],[121.4963478308,25.0165183805],[121.4963264712,25.0165477411],[121.4963190682,25.0165823149],[121.496326749,25.0166168383],[121.4963483442,25.0166460556],[121.4963805661,25.0166655185],[121.4964185093,25.0166722641],[121.4964307956,25.0166715259],[121.4971463032,25.0165876003],[121.4976324328,25.0165827345],[121.4982331852,25.016702489],[121.4989839089,25.0170614204],[121.499761287,25.017558342],[121.5008888657,25.0184997425],[121.5008911062,25.0185010377],[121.5009011455,25.0185084806],[121.5016843368,25.01898043],[121.5016945268,25.0189853425],[121.501696908,25.0189868596],[121.502521422,25.0193393263],[121.5035107837,25.0198022783],[121.5038943635,25.0199894342],[121.50390356,25.0199933823],[121.5039415046,25.0200001259],[121.5039793931,25.0199931252],[121.5040114572,25.0199734461],[121.5040328156,25.0199440844],[121.5040402166,25.0199095102],[121.5040325334,25.0198749872],[121.5040109359,25.0198457712],[121.5039879084,25.019830258],[121.5036035772,25.0196427356]]]},"properties":{"section_id":"Z4070G0","section_name":"水源快往北 青年路-萬大路","travel_speed":31.0,"level_name":"壅塞","level_color":"#FA0300","data_time":"2025-12-29 20:48:00+08:00"}},{"type":"Feature","geometry":{"type":"Polygon","coordinates":[[[121.5170135536,25.0212426777],[121.5170105782,25.0212432277],[121.5169921031,25.0212524928],[121.5164512406,25.0215967511],[121.5164376533,25.021607168],[121.5164162976,25.0216365314],[121.5164089,25.0216711061],[121.5164165867,25.0217056284],[121.5164381875,25.0217348426],[121.5164704139,25.0217543011],[121.5165083596,25.0217610415],[121.5165462478,25.0217540376],[121.516564723,25.0217447726],[121.5170945835,25.0214075168],[121.5179794625,25.0211218594],[121.5189648582,25.0208732921],[121.5204029682,25.0205813782],[121.5218436974,25.0203300057],[121.5218505703,25.0203281173],[121.5218542916,25.0203275991],[121.5223170019,25.020197432],[121.5223260422,25.0201944437],[121.5223581035,25.0201747606],[121.5223794574,25.0201453964],[121.5223868533,25.0201108214],[121.522379165,25.0200762994],[121.5223575631,25.0200470861],[121.5223253363,25.0200276289],[121.5222873908,25.02002089],[121.5222585438,25.020024907],[121.5218010584,25.0201536043],[121.5203642408,25.0204042943],[121.5203627801,25.0204046956],[121.5203613293,25.0204048437],[121.5189193084,25.0206975514],[121.518916272,25.0206984311],[121.5189144164,25.0206986641],[121.5179232277,25.0209486926],[121.5179177739,25.020950413],[121.5179165741,25.0209506031],[121.5170157559,25.021241406],[121.5170135536,25.0212426777]]]},"properties":{"section_id":"Z4280C0","section_name":"水源快往南 中正橋-師大路","travel_speed":38.0,"level_name":"壅塞","level_color":"#FA0300","data_time":"2025-12-29 20:48:00+08:00"}},{"type":"Feature","geometry":{"type":"Polygon","coordinates":[[[121.5106393123,25.0501142562],[121.5106436586,25.0501131676],[121.5106488502,25.0501125927],[121.5115264778,25.0499184785],[121.5115334445,25.0499163941],[121.511535427,25.0499160878],[121.5121115549,25.0497349516],[121.5121132156,25.0497340015],[121.51211563,25.0497335786],[121.5129492685,25.0494336155],[121.5141207896,25.0491209193],[121.5160181937,25.0487234312],[121.5182294072,25.0483937162],[121.5182516734,25.0483878969],[121.5182837426,25.0483682146],[121.5183051023,25.048338851],[121.5183125008,25.0483042763],[121.5183048118,25.0482697542],[121.5182832058,25.0482405405],[121.5182509721,25.0482210826],[121.5182130181,25.0482143428],[121.5181973881,25.0482155279],[121.5159830564,25.0485457078],[121.5159801189,25.0485464755],[121.5159768528,25.048546819],[121.5140735188,25.0489455492],[121.5140698027,25.0489466383],[121.5140678622,25.0489468954],[121.5128891978,25.0492614982],[121.5128812545,25.049264064],[121.5128806551,25.049264169],[121.5120448341,25.0495649173],[121.5114751737,25.04974402],[121.5106068079,25.0499360856],[121.5098889338,25.0500283471],[121.5098645079,25.0500344648],[121.509832437,25.0500541453],[121.5098110749,25.0500835077],[121.5098036739,25.050118082],[121.5098113607,25.0501526046],[121.5098329651,25.0501818196],[121.5098651979,25.0502012793],[121.5099031521,25.0502080212],[121.5099166235,25.0502071366],[121.5106393123,25.0501142562]]]},"properties":{"section_id":"Z0120C0","section_name":"市高往東 中華承德","travel_speed":60.0,"level_name":"車多","level_color":"#F8C920","data_time":"2025-12-29 20:48:00+08:00"}},{"type":"Feature","geometry":{"type":"Polygon","coordinates":[[[121.5242149516,25.0477118381],[121.5242157993,25.0477116456],[121.5242184531,25.0477114865],[121.5247584356,25.0476483955],[121.524764241,25.0476469769],[121.5247709828,25.0476461724],[121.5259458089,25.0473653185],[121.525952521,25.0473632472],[121.5259539997,25.0473630111],[121.5263991424,25.0472181137],[121.5263996563,25.0472178161],[121.5264004175,25.0472176896],[121.5271466386,25.0469642324],[121.527182365,25.0469432295],[121.5272037223,25.0469138646],[121.5272111182,25.0468792895],[121.5272034268,25.0468447679],[121.527181819,25.0468155555],[121.5271495843,25.0467960995],[121.5271116303,25.046789362],[121.5270773941,25.0467950499],[121.5263318098,25.0470482908],[121.5258913474,25.0471916647],[121.5247268678,25.0474700451],[121.5241949858,25.0475321896],[121.5226284682,25.0476638582],[121.5225992943,25.0476704826],[121.5225672261,25.0476901658],[121.5225458675,25.04771953],[121.5225384702,25.0477541049],[121.5225461604,25.0477886267],[121.5225677673,25.0478178398],[121.5226000015,25.0478372968],[121.5226379556,25.0478440354],[121.5226466775,25.0478436543],[121.5242149516,25.0477118381]]]},"properties":{"section_id":"Z0130A1","section_name":"市高往東 中山林森","travel_speed":81.0,"level_name":"順暢","level_color":"#19FF1C","data_time":"2025-12-29 20:48:00+08:00"}},{"type":"Feature","geometry":{"type":"Polygon","coordinates":[[[121.5288542445,25.0462066015],[121.5288536209,25.0462067013],[121.5271516305,25.0467621464],[121.5271147042,25.0467835489],[121.5270933468,25.0468129138],[121.5270859509,25.0468474889],[121.5270936423,25.0468820105],[121.5271152501,25.0469112229],[121.5271474848,25.0469306789],[121.5271854388,25.0469374164],[121.527218475,25.0469321281],[121.5289184919,25.0463773269],[121.5313903277,25.0456766369],[121.5337443257,25.0450599145],[121.5345638466,25.0448816807],[121.5345791197,25.0448771392],[121.5346111852,25.0448574535],[121.5346325404,25.0448280876],[121.5346399341,25.0447935121],[121.5346322408,25.044758991],[121.5346106316,25.0447297796],[121.5345783963,25.0447103253],[121.5345404426,25.0447035897],[121.5345178216,25.0447060568],[121.5336960991,25.0448847694],[121.533693233,25.0448856216],[121.5336917201,25.0448858186],[121.5313345173,25.0455033806],[121.5313330069,25.0455038647],[121.5313324611,25.0455039413],[121.5288576,25.0462054886],[121.5288542445,25.0462066015]]]},"properties":{"section_id":"Z0140C0","section_name":"市高往東 新生建國","travel_speed":77.0,"level_name":"順暢","level_color":"#19FF1C","data_time":"2025-12-29 20:48:00+08:00"}},{"type":"Feature","geometry":{"type":"Polygon","coordinates":[[[121.5347648444,25.0446531785],[121.5347570371,25.04465403],[121.5345178216,25.0447060568],[121.5345025485,25.0447105982],[121.534470483,25.0447302839],[121.5344491277,25.0447596498],[121.534441734,25.0447942253],[121.5344494273,25.0448287464],[121.5344710365,25.0448579578],[121.5345032717,25.0448774122],[121.5345412255,25.0448841478],[121.5345638466,25.0448816807],[121.5347968438,25.0448310063],[121.5361815118,25.0446974173],[121.5374766678,25.0446212113],[121.5402078443,25.0444809406],[121.5410977523,25.0444838435],[121.5415033748,25.0444885239],[121.54154292,25.0444815201],[121.5415749843,25.0444618329],[121.5415963377,25.0444324659],[121.5416037294,25.0443978902],[121.5415960342,25.0443633694],[121.5415744234,25.0443341591],[121.5415421872,25.0443147063],[121.5415058848,25.044307979],[121.5410998125,25.0443032934],[121.5410993758,25.0443033708],[121.5410989118,25.0443032868],[121.5402055852,25.0443003727],[121.5402024452,25.0443009423],[121.5401996509,25.0443005153],[121.537465108,25.0444409588],[121.537464647,25.0444410556],[121.5374642972,25.0444410034],[121.5361667091,25.0445173525],[121.5361660246,25.0445174989],[121.5361626588,25.0445176669],[121.5347696134,25.0446520641],[121.5347648444,25.0446531785]]]},"properties":{"section_id":"Z0140C1","section_name":"市高往東 建國復興","travel_speed":72.0,"level_name":"順暢","level_color":"#19FF1C","data_time":"2025-12-29 20:48:00+08:00"}},{"type":"Feature","geometry":{"type":"Polygon","coordinates":[[[121.5422638323,25.0444111288],[121.5422627878,25.0444108753],[121.5416251564,25.0443336664],[121.5416117022,25.04433288],[121.5415738086,25.0443398903],[121.5415417443,25.0443595775],[121.5415203909,25.0443889444],[121.5415129991,25.0444235202],[121.5415206944,25.044458041],[121.5415423051,25.0444872513],[121.5415745414,25.0445067041],[121.5415990412,25.0445126515],[121.5422352489,25.044589688],[121.5429226088,25.0446914726],[121.5429232077,25.0446915155],[121.5429236026,25.044691615],[121.5438419371,25.0448188938],[121.5438430033,25.0448189653],[121.5438436038,25.0448191116],[121.54487666,25.0449459639],[121.5448785508,25.0449460759],[121.5448793507,25.0449462602],[121.5459122932,25.0450469781],[121.5459218875,25.0450474268],[121.5459222292,25.0450474891],[121.5469458376,25.0450532302],[121.546946336,25.0450531404],[121.5469468478,25.0450532312],[121.5469576056,25.0450526578],[121.5477078918,25.0449752049],[121.5477350275,25.0449687664],[121.5477670909,25.0449490778],[121.5477884429,25.0449197101],[121.5477958329,25.044885134],[121.5477881359,25.0448506136],[121.5477665236,25.0448214043],[121.5477342864,25.0448019528],[121.5476963319,25.0447952205],[121.5476855743,25.044795794],[121.5469411544,25.0448726413],[121.5459284322,25.0448669612],[121.5449017926,25.0447668578],[121.5438709153,25.0446402731],[121.5429539118,25.0445131788],[121.5422656308,25.0444112578],[121.5422638323,25.0444111288]]]},"properties":{"section_id":"Z0150C0","section_name":"市高往東 復興敦化","travel_speed":79.0,"level_name":"順暢","level_color":"#19FF1C","data_time":"2025-12-29 20:48:00+08:00"}},{"type":"Feature","geometry":{"type":"Polygon","coordinates":[[[121.5503794653,25.0444308435],[121.5503781786,25.044430931],[121.5502078455,25.0444535793],[121.5501838621,25.044459646],[121.5501517992,25.0444793351],[121.5501304478,25.0445087032],[121.5501230585,25.0445432793],[121.5501307561,25.0445777996],[121.5501523689,25.0446070086],[121.5501846065,25.0446264595],[121.550222561,25.0446331911],[121.5502364707,25.0446322454],[121.5504058603,25.0446097226],[121.5515825657,25.0444742726],[121.552773479,25.0443744334],[121.5528026949,25.0443677993],[121.5528347573,25.0443481097],[121.5528561081,25.0443187412],[121.5528634966,25.044284165],[121.5528557982,25.0442496448],[121.5528341849,25.0442204362],[121.552801947,25.0442009859],[121.5527639925,25.0441942549],[121.5527553155,25.0441946341],[121.5515627294,25.0442946135],[121.551561928,25.0442947955],[121.5515593867,25.0442949459],[121.5503800686,25.0444306966],[121.5503794653,25.0444308435]]]},"properties":{"section_id":"Z0150C2","section_name":"市高往東 敦化延吉","travel_speed":74.0,"level_name":"順暢","level_color":"#19FF1C","data_time":"2025-12-29 20:48:00+08:00"}},{"type":"Feature","geometry":{"type":"Polygon","coordinates":[[[121.5067368474,25.0506597487],[121.5067134695,25.0506657259],[121.5066813979,25.0506854057],[121.506660035,25.0507147677],[121.506652633,25.0507493419],[121.506660319,25.0507838646],[121.5066819227,25.05081308],[121.5067141553,25.0508325405],[121.5067521095,25.0508392832],[121.5067666293,25.0508382589],[121.5099454448,25.0503981379],[121.5099688225,25.0503921602],[121.5100008935,25.0503724797],[121.5100222555,25.0503431172],[121.5100296565,25.0503085429],[121.5100219696,25.0502740204],[121.5100003652,25.0502448054],[121.5099681323,25.0502253457],[121.5099301781,25.0502186038],[121.5099156584,25.0502196284],[121.5067368474,25.0506597487]]]},"properties":{"section_id":"Z5062G0","section_name":"市高往西 中華環河","travel_speed":51.0,"level_name":"車多","level_color":"#F8C920","data_time":"2025-12-29 20:48:00+08:00"}},{"type":"Feature","geometry":{"type":"Polygon","coordinates":[[[121.5129704237,25.0494462278],[121.5129646722,25.0494481093],[121.5129639538,25.0494482304],[121.5119698518,25.049791185],[121.5113483071,25.0499586514],[121.5103063513,25.050164098],[121.5099812612,25.0502126262],[121.5099590168,25.0502184409],[121.5099269458,25.0502381214],[121.5099055838,25.0502674839],[121.5098981828,25.0503020582],[121.5099058696,25.0503365807],[121.509927474,25.0503657957],[121.5099597069,25.0503852554],[121.5099976612,25.0503919973],[121.5100133142,25.0503908097],[121.510340886,25.0503419109],[121.5103431364,25.0503413227],[121.5103458247,25.050341056],[121.5113938447,25.0501344137],[121.5113984823,25.0501330845],[121.5114009875,25.0501327497],[121.5120296092,25.0499633765],[121.5120358106,25.0499613653],[121.5120365993,25.0499612324],[121.5130309566,25.0496181896],[121.513447063,25.0495038092],[121.5134567057,25.0495006547],[121.5134887759,25.0494809734],[121.5135101369,25.0494516105],[121.5135175369,25.049417036],[121.5135098491,25.0493825137],[121.513488244,25.0493532992],[121.5134560108,25.0493338403],[121.5134180567,25.0493270993],[121.5133898025,25.0493309479],[121.5129704237,25.0494462278]]]},"properties":{"section_id":"Z03E0G1","section_name":"市高往西 重慶中華","travel_speed":64.0,"level_name":"車多","level_color":"#F8C920","data_time":"2025-12-29 20:48:00+08:00"}},{"type":"Feature","geometry":{"type":"Polygon","coordinates":[[[121.5238950224,25.0479661251],[121.5238975105,25.0479660086],[121.5243065813,25.0479290613],[121.5243350829,25.0479224951],[121.5243671509,25.0479028116],[121.5243885091,25.0478734471],[121.5243959059,25.0478388721],[121.5243882151,25.0478043504],[121.5243666078,25.0477751376],[121.5243343734,25.047755681],[121.5242964192,25.0477489428],[121.5242870251,25.0477493826],[121.5238794602,25.0477861939],[121.5218701931,25.0479113863],[121.5218697641,25.0479114788],[121.5218677002,25.0479115705],[121.5212879522,25.0479611051],[121.5212589288,25.0479677165],[121.5212268603,25.0479873994],[121.5212055013,25.0480167635],[121.5211981037,25.0480513383],[121.5212057935,25.0480858602],[121.5212274002,25.0481150735],[121.5212596342,25.0481345307],[121.5212975884,25.0481412697],[121.5213064609,25.0481408759],[121.5218849646,25.0480914476],[121.523894496,25.0479662386],[121.5238950224,25.0479661251]]]},"properties":{"section_id":"Z03D0G1","section_name":"市高往西 林森中山","travel_speed":59.0,"level_name":"車多","level_color":"#F8C920","data_time":"2025-12-29 20:48:00+08:00"}},{"type":"Feature","geometry":{"type":"Polygon","coordinates":[[[121.5264369478,25.047476645],[121.526437682,25.0474765251],[121.5273305519,25.0471787443],[121.52736683,25.0471575556],[121.5273881873,25.0471281907],[121.5273955832,25.0470936156],[121.5273878917,25.047059094],[121.5273662838,25.0470298816],[121.5273340491,25.0470104257],[121.527296095,25.0470036882],[121.5272624105,25.0470091905],[121.5263721187,25.0473061114],[121.5256134097,25.0475165631],[121.5245533111,25.047725331],[121.5242870251,25.0477493826],[121.5242585235,25.0477559487],[121.5242264555,25.0477756322],[121.5242050973,25.0478049967],[121.5241977005,25.0478395717],[121.5242053911,25.0478740934],[121.5242269985,25.0479033063],[121.5242592329,25.0479227629],[121.5242971871,25.0479295011],[121.5243065813,25.0479290613],[121.5245784986,25.047904501],[121.5245822422,25.0479036386],[121.5245896604,25.0479029032],[121.525659297,25.047692257],[121.5256645755,25.0476907445],[121.5256672235,25.0476903806],[121.5264324794,25.0474781129],[121.5264369478,25.047476645]]]},"properties":{"section_id":"Z03D0G0","section_name":"市高往西 新生林森","travel_speed":60.0,"level_name":"車多","level_color":"#F8C920","data_time":"2025-12-29 20:48:00+08:00"}},{"type":"Feature","geometry":{"type":"Polygon","coordinates":[[[121.5355959596,25.0459060332],[121.535600933,25.0459092175],[121.5360834588,25.0461182035],[121.5361264031,25.0461269485],[121.5361642976,25.0461199395],[121.5361963632,25.0461002535],[121.5362177182,25.0460708873],[121.5362251115,25.0460363118],[121.5362174177,25.0460017907],[121.5361958079,25.0459725796],[121.5361685621,25.0459551354],[121.5356953329,25.0457501759],[121.5355363331,25.0456398824],[121.5355310263,25.0456371159],[121.5355259638,25.0456335866],[121.5352257556,25.0454751909],[121.5349846823,25.0453176848],[121.5349752537,25.0453129314],[121.5349711754,25.0453102669],[121.534880406,25.0452690034],[121.5347108009,25.0451578413],[121.534708996,25.0451569297],[121.5347070713,25.0451555126],[121.5344238575,25.0449871985],[121.5344153311,25.0449831211],[121.5344129172,25.0449815635],[121.5340351861,25.0448148567],[121.5338356092,25.0447123892],[121.5338245152,25.0447074949],[121.5338238994,25.0447073856],[121.5338233905,25.0447070825],[121.5335962643,25.0446252735],[121.5335955296,25.0446251474],[121.5335949602,25.0446248134],[121.5331130547,25.0444583576],[121.5330775299,25.0444524941],[121.5330396357,25.0444595022],[121.53300757,25.0444791876],[121.5329862145,25.0445085533],[121.5329788203,25.0445431287],[121.5329865132,25.04457765],[121.533008122,25.0446068615],[121.5330427857,25.0446271886],[121.5335240379,25.0447934188],[121.5337442055,25.0448727214],[121.5339405532,25.0449735309],[121.5339450514,25.0449755154],[121.5339460027,25.0449761292],[121.5343208366,25.0451415575],[121.534596883,25.045305612],[121.5347711345,25.0454198196],[121.5347806187,25.0454246095],[121.5347847615,25.0454273161],[121.5348755975,25.0454686099],[121.5351141596,25.0456244753],[121.5351187125,25.0456267707],[121.5351222479,25.0456292354],[121.5354212253,25.0457869817],[121.5355834476,25.0458995106],[121.5355959596,25.0459060332]]]},"properties":{"section_id":"ZK5JW60","section_name":"八德路 建國北路-新生北路","travel_speed":73.0,"level_name":"順暢","level_color":"#19FF1C","data_time":"2025-12-29 20:48:00+08:00"}},{"type":"Feature","geometry":{"type":"Polygon","coordinates":[[[121.5399701624,25.0445144819],[121.5399669289,25.0445150645],[121.5399640276,25.0445146203],[121.5369499487,25.0446677419],[121.5369494087,25.0446678551],[121.5369489994,25.0446677943],[121.5354548083,25.044756791],[121.5354525173,25.0447572818],[121.5354440492,25.0447579727],[121.5346841793,25.0448801433],[121.5346803839,25.0448811588],[121.5346769878,25.0448815521],[121.5345506828,25.0449108011],[121.5345368123,25.0449150276],[121.5345047467,25.0449347134],[121.5344833914,25.0449640793],[121.5344759977,25.0449986547],[121.534483691,25.0450331759],[121.5345053002,25.0450623872],[121.5345375355,25.0450818416],[121.5345754894,25.0450885772],[121.534599513,25.0450857952],[121.5347222511,25.0450573722],[121.5354731535,25.0449366433],[121.536961457,25.0448479972],[121.5399720005,25.0446950552],[121.5413488531,25.044702843],[121.541387758,25.0446958337],[121.5414198224,25.0446761465],[121.5414411759,25.0446467796],[121.5414485677,25.0446122039],[121.5414408725,25.0445776831],[121.5414192617,25.0445484728],[121.5413870255,25.0445290199],[121.5413500827,25.0445222871],[121.5399701624,25.0445144819]]]},"properties":{"section_id":"Z03C0G0","section_name":"市高往西 復興建國","travel_speed":71.0,"level_name":"順暢","level_color":"#19FF1C","data_time":"2025-12-29 20:48:00+08:00"}},{"type":"Feature","geometry":{"type":"Polygon","coordinates":[[[121.5671184855,25.0458394466],[121.5671188605,25.0458395117],[121.5688362387,25.0458210022],[121.5688733746,25.0458139904],[121.5689054347,25.0457942974],[121.5689267818,25.0457649266],[121.5689341659,25.0457303497],[121.5689264629,25.0456958305],[121.5689048455,25.0456666243],[121.5688726048,25.0456471775],[121.5688338926,25.0456404562],[121.5671275465,25.0456588469],[121.5668430094,25.0456036335],[121.5650075117,25.0450056484],[121.5650071037,25.0450055847],[121.5650068299,25.0450054288],[121.5646296155,25.0448853541],[121.5645983417,25.044880581],[121.5645967736,25.0448803011],[121.5641272563,25.0448809562],[121.5641271261,25.0448809801],[121.5641269948,25.0448809569],[121.5641122342,25.0448820206],[121.5608930619,25.0453363706],[121.5603635816,25.0453480921],[121.5580302833,25.0451632093],[121.5580118374,25.0451601302],[121.5579935674,25.0451586526],[121.5579556746,25.0451656671],[121.5579236128,25.0451853578],[121.5579022632,25.045214727],[121.557894876,25.0452493035],[121.5579025758,25.0452838233],[121.5579241906,25.0453130311],[121.5579564295,25.0453324803],[121.5579761146,25.0453377323],[121.5579991676,25.0453415804],[121.55800566,25.0453421055],[121.5580084409,25.0453427192],[121.5603518961,25.0455284067],[121.5603608929,25.0455287455],[121.5603619156,25.0455285561],[121.5603628899,25.0455287196],[121.5609042962,25.0455167341],[121.5609052581,25.0455165468],[121.56091706,25.0455156965],[121.5641351152,25.0450615042],[121.5645801838,25.0450608832],[121.5649411091,25.0451757728],[121.5667825099,25.045775681],[121.5667847835,25.0457760358],[121.5667952341,25.0457789723],[121.5670970428,25.0458375371],[121.5671181041,25.0458395173],[121.5671184855,25.0458394466]]]},"properties":{"section_id":"Z0390G0","section_name":"市高往西 永吉光復","travel_speed":70.0,"level_name":"順暢","level_color":"#19FF1C","data_time":"2025-12-29 20:48:00+08:00"}},{"type":"Feature","geometry":{"type":"Polygon","coordinates":[[[121.5671096969,25.0459593399],[121.5671057377,25.0459550595],[121.5671043791,25.0459530313],[121.566972618,25.0458102142],[121.5669665338,25.0458041957],[121.5669598764,25.0457987037],[121.5668020052,25.0456798728],[121.5667947898,25.0456759369],[121.5667864517,25.0456702703],[121.5662871135,25.0454213646],[121.5662770839,25.0454170118],[121.5662391284,25.0454102843],[121.566201236,25.0454173009],[121.5661691755,25.0454369934],[121.5661478278,25.0454663637],[121.5661404429,25.0455009406],[121.5661481451,25.0455354599],[121.5661697619,25.0455646665],[121.5661919726,25.0455797611],[121.5666830327,25.0458245405],[121.566826684,25.045932668],[121.5669498369,25.0460661548],[121.5673957711,25.0466464048],[121.5674071732,25.0466587319],[121.567439414,25.046678179],[121.56747737,25.0466849062],[121.5675152626,25.0466778893],[121.5675473232,25.0466581965],[121.5675686708,25.046628826],[121.5675760553,25.0465942491],[121.5675683527,25.0465597298],[121.5675581376,25.0465428505],[121.5671096969,25.0459593399]]]},"properties":{"section_id":"Z0380F0","section_name":"正氣橋 麥一市民","travel_speed":75.0,"level_name":"順暢","level_color":"#19FF1C","data_time":"2025-12-29 20:48:00+08:00"}},{"type":"Feature","geometry":{"type":"Polygon","coordinates":[[[121.5194355535,25.0482116591],[121.5194363932,25.048211439],[121.519437546,25.0482113399],[121.5204191441,25.0480446562],[121.5211331982,25.0479542293],[121.5221328692,25.0478758915],[121.5225773641,25.0478501482],[121.5226093545,25.0478433239],[121.5226414228,25.0478236408],[121.5226627814,25.0477942765],[121.5226701786,25.0477597016],[121.5226624884,25.0477251798],[121.5226408815,25.0476959667],[121.5226086473,25.0476765098],[121.5225647879,25.0476699523],[121.5221191896,25.0476957595],[121.5221188408,25.0476958339],[121.5221169832,25.0476959098],[121.5211136275,25.0477745363],[121.5211124096,25.0477748092],[121.5211084749,25.0477750641],[121.520389587,25.0478661031],[121.5203878699,25.0478665315],[121.5203850715,25.0478667721],[121.5194022198,25.0480336686],[121.5182758437,25.0482033339],[121.5182537349,25.0482091296],[121.5182216658,25.0482288118],[121.5182003061,25.0482581755],[121.5181929076,25.0482927502],[121.5182005966,25.0483272722],[121.5182222026,25.048356486],[121.5182544362,25.0483759439],[121.5182923903,25.0483826836],[121.5183081778,25.0483814749],[121.5194355535,25.0482116591]]]},"properties":{"section_id":"Z0130A0","section_name":"市高往東 承德中山","travel_speed":76.0,"level_name":"順暢","level_color":"#19FF1C","data_time":"2025-12-29 20:48:00+08:00"}},{"type":"Feature","geometry":{"type":"Polygon","coordinates":[[[121.556972114,25.0451299843],[121.5569728554,25.0451301976],[121.5579720236,25.0453369679],[121.5579943846,25.04533921],[121.5580322775,25.0453321954],[121.5580643393,25.0453125047],[121.5580856889,25.0452831355],[121.5580930761,25.045248559],[121.5580853761,25.0452140392],[121.5580637614,25.0451848314],[121.5580315224,25.0451653822],[121.5580159284,25.0451608946],[121.5570173918,25.044954255],[121.5555240099,25.0446264812],[121.5555210933,25.0446261711],[121.5555178177,25.0446253111],[121.5543342138,25.044437325],[121.5543262539,25.0444367125],[121.554323725,25.0444361797],[121.5535209229,25.0443878644],[121.5535166327,25.0443885168],[121.5535117331,25.0443877005],[121.5528922618,25.0444028344],[121.5528566204,25.0444098159],[121.552824558,25.0444295056],[121.5528032073,25.044458874],[121.5527958187,25.0444934503],[121.5528035171,25.0445279704],[121.5528251305,25.044557179],[121.5528573685,25.0445766294],[121.5528975746,25.0445833286],[121.5535124478,25.044568307],[121.5543053822,25.0446160284],[121.5554806603,25.0448026922],[121.5569715969,25.0451299293],[121.556972114,25.0451299843]]]},"properties":{"section_id":"Z03A0G1","section_name":"市高往西 光復延吉","travel_speed":66.0,"level_name":"順暢","level_color":"#19FF1C","data_time":"2025-12-29 20:48:00+08:00"}},{"type":"Feature","geometry":{"type":"Polygon","coordinates":[[[121.5713786277,25.0296217326],[121.5713784195,25.0296226547],[121.5713573467,25.0307334675],[121.5713650354,25.0307699277],[121.5713866507,25.0307991337],[121.5714188878,25.03081858],[121.5714568391,25.0308253063],[121.5714947267,25.0308182884],[121.5715267825,25.0307985948],[121.5715481265,25.0307692237],[121.5715554951,25.0307365877],[121.5715764565,25.0296315625],[121.5718542567,25.0279023375],[121.5720032074,25.0275473028],[121.5721884452,25.0272518854],[121.5726718041,25.0267960579],[121.5732276919,25.0263802291],[121.5739187531,25.0259008257],[121.5739290889,25.0258925628],[121.5739299658,25.025891356],[121.5739311698,25.0258905919],[121.5741399538,25.0256867485],[121.5741406253,25.0256857933],[121.5741414425,25.0256852622],[121.574376275,25.0254454878],[121.5743767852,25.025444744],[121.5743801605,25.0254412682],[121.5761011598,25.023452011],[121.5761150467,25.0234303162],[121.5761224276,25.0233957388],[121.5761147241,25.0233612199],[121.576093109,25.0233320146],[121.5760608731,25.0233125692],[121.576022924,25.0233058441],[121.575985039,25.0233128631],[121.5759529857,25.0233325576],[121.575945531,25.0233402345],[121.5742264027,25.0253273262],[121.5739943187,25.0255642938],[121.5737920203,25.0257618049],[121.573106198,25.0262375736],[121.5731042455,25.0262391345],[121.5731033475,25.0262396274],[121.5725416395,25.0266598096],[121.5725341541,25.0266660186],[121.5725337862,25.0266665249],[121.572533254,25.0266668564],[121.5720373045,25.0271345569],[121.572036086,25.0271362575],[121.572022529,25.0271525021],[121.5718273453,25.0274637804],[121.5718216777,25.0274743685],[121.5718214457,25.0274754548],[121.5718208258,25.0274763299],[121.5716652426,25.0278471724],[121.571664715,25.0278498077],[121.5716597559,25.0278663322],[121.5713794495,25.0296111398],[121.5713786277,25.0296217326]]]},"properties":{"section_id":"Z9230A0","section_name":"信快往北 象山隧道","travel_speed":69.0,"level_name":"順暢","level_color":"#19FF1C","data_time":"2025-12-29 20:48:00+08:00"}},{"type":"Feature","geometry":{"type":"Polygon","coordinates":[[[121.5763884421,25.0231159341],[121.5763895693,25.0231141573],[121.5763920412,25.023111426],[121.5766786257,25.0227281271],[121.5766884402,25.0227114914],[121.5766887814,25.022709893],[121.5766896604,25.0227086374],[121.5769615869,25.0220392666],[121.5772336154,25.0213937791],[121.5772337996,25.021392863],[121.5772373435,25.0213829391],[121.5774563722,25.02056994],[121.5774566111,25.0205681069],[121.5774573868,25.0205657453],[121.577560011,25.0200876123],[121.5775618522,25.0200698997],[121.5775541486,25.0200353808],[121.5775325338,25.0200061758],[121.5775002986,25.0199867307],[121.5774623504,25.0199800059],[121.5774244665,25.0199870252],[121.5773924143,25.02000672],[121.5773710736,25.020036092],[121.5773655345,25.0200529568],[121.577263362,25.0205289814],[121.5770463833,25.0213343667],[121.5767763777,25.0219750517],[121.5767762596,25.021975639],[121.576775954,25.0219760756],[121.5765080269,25.0226355992],[121.5762299914,25.0230074635],[121.5759972103,25.0232808668],[121.5759837965,25.0233020105],[121.5759764156,25.0233365879],[121.575984119,25.0233711068],[121.576005734,25.0234003121],[121.5760379699,25.0234197575],[121.5760759191,25.0234264826],[121.5761138042,25.0234194636],[121.5761458574,25.023399769],[121.5761537851,25.023391541],[121.5763884421,25.0231159341]]]},"properties":{"section_id":"Z9240A0","section_name":"信快往北 象山文山間","travel_speed":73.0,"level_name":"順暢","level_color":"#19FF1C","data_time":"2025-12-29 20:48:00+08:00"}},{"type":"Feature","geometry":{"type":"Polygon","coordinates":[[[121.5778203415,25.0185964529],[121.5778192934,25.0185992451],[121.5773932904,25.0199982735],[121.5773896846,25.020022795],[121.5773973882,25.0200573139],[121.577419003,25.020086519],[121.5774512382,25.0201059641],[121.5774891865,25.0201126889],[121.5775270704,25.0201056695],[121.5775591225,25.0200859747],[121.5775804632,25.0200566027],[121.5775842377,25.0200465468],[121.5780096869,25.0186493302],[121.5782536094,25.0179609382],[121.5798216279,25.0145190771],[121.5800419944,25.0140529774],[121.5800427818,25.0140494604],[121.5800446561,25.0140467165],[121.5802259058,25.0135682747],[121.5802260811,25.0135673097],[121.5802264794,25.0135667146],[121.58061457,25.0124783533],[121.5806145853,25.0124782643],[121.5806147272,25.0124779087],[121.5809121895,25.0116287677],[121.5809136515,25.011620091],[121.5809164556,25.0116096757],[121.5810542764,25.0102595365],[121.5810547013,25.0102507878],[121.5810469974,25.0102162691],[121.5810253836,25.0101870645],[121.5809931504,25.0101676201],[121.5809552051,25.0101608961],[121.5809173244,25.0101679163],[121.5808852753,25.0101876118],[121.5808639371,25.0102169843],[121.5808569832,25.0102428132],[121.5807201562,25.0115831954],[121.5804260408,25.0124227784],[121.5800383069,25.0135101348],[121.5798585542,25.0139846231],[121.5796393848,25.0144481893],[121.5796392544,25.0144487715],[121.5796388708,25.0144492967],[121.5780690523,25.0178950974],[121.5780681839,25.0178991121],[121.5780662734,25.0179019725],[121.5778204795,25.018595643],[121.5778203415,25.0185964529]]]},"properties":{"section_id":"Z9250A0","section_name":"信快往北 文山隧道","travel_speed":70.0,"level_name":"順暢","level_color":"#19FF1C","data_time":"2025-12-29 20:48:00+08:00"}},{"type":"Feature","geometry":{"type":"Polygon","coordinates":[[[121.5743331282,25.0260481174],[121.574336161,25.0260462541],[121.5743430246,25.0260392541],[121.5764684231,25.0236304122],[121.5764829013,25.0236080404],[121.5764902821,25.023573463],[121.5764825785,25.0235389441],[121.5764609633,25.0235097389],[121.5764287273,25.0234902936],[121.5763907781,25.0234835686],[121.5763528931,25.0234905876],[121.5763208399,25.0235102822],[121.5763139765,25.0235172822],[121.574193885,25.0259201061],[121.5739944856,25.0260804399],[121.5732138734,25.0266066607],[121.5732024467,25.0266156694],[121.5724192837,25.0273352889],[121.5724023987,25.0273560584],[121.5722411199,25.0276289879],[121.5722366617,25.0276375897],[121.5722361347,25.0276400581],[121.5722348596,25.0276419145],[121.5721234689,25.0279313725],[121.5721229204,25.0279343463],[121.5721195315,25.0279448686],[121.5717735231,25.0296540997],[121.5717725032,25.0296645032],[121.5717719636,25.0296667563],[121.5717244004,25.0307179542],[121.5717320199,25.0307565731],[121.5717536353,25.0307857789],[121.5717858725,25.0308052252],[121.5718238238,25.0308119514],[121.5718617113,25.0308049334],[121.5718937672,25.0307852398],[121.571915111,25.0307558686],[121.5719224103,25.0307253912],[121.5719696832,25.0296805717],[121.5723130239,25.0279845054],[121.5724192974,25.0277083433],[121.5725700951,25.0274531504],[121.5733378317,25.0267477048],[121.5741157834,25.0262232771],[121.5741208391,25.0262192911],[121.5741224134,25.0262183918],[121.5743313644,25.0260503776],[121.5743331282,25.0260481174]]]},"properties":{"section_id":"Z9050A0","section_name":"信快往北 象山隧道","travel_speed":72.0,"level_name":"順暢","level_color":"#19FF1C","data_time":"2025-12-29 20:48:00+08:00"}},{"type":"Feature","geometry":{"type":"Polygon","coordinates":[[[121.5778630019,25.0207605307],[121.577864267,25.0207567974],[121.5780184806,25.0200993131],[121.5780206678,25.0200800598],[121.578012964,25.020045541],[121.5779913491,25.020016336],[121.5779591138,25.019996891],[121.5779211655,25.0199901663],[121.5778832817,25.0199971858],[121.5778512296,25.0200168807],[121.577829889,25.0200462527],[121.5778246959,25.0200615769],[121.5776711621,25.0207161588],[121.5774527215,25.0214181674],[121.5772737113,25.021962409],[121.5768388405,25.0228702132],[121.5763496421,25.0234975164],[121.5763387101,25.0235156153],[121.5763313293,25.0235501926],[121.5763390328,25.0235847116],[121.5763606479,25.0236139168],[121.576392884,25.0236333621],[121.5764308333,25.0236400871],[121.5764687183,25.023633068],[121.5765007715,25.0236133734],[121.5765111811,25.0236021005],[121.5770063177,25.0229671815],[121.5770149359,25.022952913],[121.5770163578,25.0229510044],[121.5774577173,25.0220296521],[121.5774579461,25.0220286428],[121.5774586091,25.0220277303],[121.5774618197,25.0220194552],[121.5776427551,25.0214693578],[121.5776428098,25.021469013],[121.5776431685,25.0214680661],[121.5778626979,25.0207625548],[121.5778630019,25.0207605307]]]},"properties":{"section_id":"Z9040A0","section_name":"信快往北 文山象山間","travel_speed":74.0,"level_name":"順暢","level_color":"#19FF1C","data_time":"2025-12-29 20:48:00+08:00"}},{"type":"Feature","geometry":{"type":"Polygon","coordinates":[[[121.5813327178,25.0109761449],[121.5813327978,25.0109758535],[121.581395687,25.0104142693],[121.5813961979,25.0104047169],[121.5813884938,25.0103701982],[121.5813668799,25.0103409936],[121.5813346466,25.0103215493],[121.5812967012,25.0103148254],[121.5812588205,25.0103218457],[121.5812267715,25.0103415413],[121.5812054333,25.0103709138],[121.5811985655,25.010395939],[121.5811357352,25.0109569894],[121.5810226068,25.0118606687],[121.5809604643,25.0121384351],[121.5803800402,25.0137360322],[121.5803799656,25.0137364598],[121.5803792771,25.0137382257],[121.5802255344,25.0142005653],[121.5785150523,25.0180132467],[121.5785142684,25.0180169232],[121.5785125314,25.0180195187],[121.5781373453,25.0190719939],[121.5781372573,25.0190725073],[121.5781365232,25.019074415],[121.5778393603,25.0199952091],[121.5778353366,25.0200210635],[121.5778430403,25.0200555824],[121.5778646552,25.0200847874],[121.5778968905,25.0201042324],[121.5779348388,25.0201109571],[121.5779727227,25.0201039376],[121.5780047748,25.0200842427],[121.5780261153,25.0200548706],[121.5780294718,25.0200461476],[121.578326241,25.019126569],[121.578699863,25.0180784771],[121.5804106992,25.0142649933],[121.5804107127,25.0142649633],[121.5804107148,25.0142649533],[121.5804138221,25.0142569825],[121.5805685471,25.0137916869],[121.5811504206,25.0121900935],[121.5811508843,25.0121874368],[121.581153444,25.0121797541],[121.5812176275,25.0118928624],[121.5812181515,25.0118880261],[121.5812189858,25.0118850609],[121.5813326712,25.0109769205],[121.5813327178,25.0109761449]]]},"properties":{"section_id":"Z9030A0","section_name":"信快往北 文山隧道","travel_speed":77.0,"level_name":"順暢","level_color":"#19FF1C","data_time":"2025-12-29 20:48:00+08:00"}},{"type":"Feature","geometry":{"type":"Polygon","coordinates":[[[121.5718591992,25.0314369834],[121.5718598184,25.0314346696],[121.571922427,25.0308014311],[121.5719228257,25.0307929503],[121.5719151229,25.0307584311],[121.5718935075,25.0307292253],[121.5718612703,25.030709779],[121.571823319,25.0307030529],[121.5717854315,25.0307100708],[121.5717533757,25.0307297645],[121.5717320318,25.0307591356],[121.571725048,25.0307852319],[121.57166282,25.0314146109],[121.5715355201,25.0320681722],[121.5715339966,25.0320843279],[121.5715416994,25.032118847],[121.5715633149,25.0321480529],[121.5715955525,25.0321674992],[121.5716335042,25.0321742254],[121.5716713922,25.0321672075],[121.5717034484,25.0321475139],[121.5717247925,25.0321181428],[121.5717306516,25.0320997213],[121.5718586936,25.0314423444],[121.5718591992,25.0314369834]]]},"properties":{"section_id":"Z9060A0","section_name":"信快往北 象山出口","travel_speed":46.0,"level_name":"壅塞","level_color":"#FA0300","data_time":"2025-12-29 20:48:00+08:00"}},{"type":"Feature","geometry":{"type":"Polygon","coordinates":[[[121.5716991308,25.0326380723],[121.571734651,25.0326310892],[121.5717667073,25.0326113956],[121.5717880515,25.0325820245],[121.5717954341,25.0325474473],[121.5717877312,25.0325129282],[121.5717661155,25.0324837223],[121.5717338779,25.0324642761],[121.5716935582,25.0324575848],[121.5684035919,25.0325418648],[121.5683680714,25.032548847],[121.5683360146,25.0325685399],[121.5683146696,25.0325979106],[121.568307286,25.0326324876],[121.5683149879,25.0326670069],[121.5683366028,25.0326962133],[121.56836884,25.0327156603],[121.5684091596,25.0327223525],[121.5716991308,25.0326380723]]]},"properties":{"section_id":"ZHXS600","section_name":"信義路 松仁路-松德路","travel_speed":46.0,"level_name":"壅塞","level_color":"#FA0300","data_time":"2025-12-29 20:48:00+08:00"}},{"type":"Feature","geometry":{"type":"Polygon","coordinates":[[[121.5715945716,25.0326472131],[121.5715976046,25.0326453498],[121.5716189488,25.0326159787],[121.5716242615,25.032600143],[121.5717275676,25.0321470161],[121.5717296375,25.0321282746],[121.5717219347,25.0320937555],[121.5717003191,25.0320645497],[121.5716680815,25.0320451034],[121.5716301299,25.0320383772],[121.5715922419,25.0320453951],[121.5715601858,25.0320650887],[121.5715388416,25.0320944598],[121.5715335289,25.0321102954],[121.5714369334,25.0325339853],[121.571248462,25.032685518],[121.5701248945,25.0327164246],[121.570089579,25.0327234018],[121.5700575224,25.0327430951],[121.5700361778,25.032772466],[121.5700287947,25.0328070431],[121.5700364971,25.0328415623],[121.5700581124,25.0328707684],[121.57009035,25.032890215],[121.5701308745,25.0328969013],[121.571290198,25.0328650109],[121.5713255135,25.0328580334],[121.571352773,25.0328424634],[121.5715928076,25.0326494733],[121.5715945716,25.0326472131]]]},"properties":{"section_id":"ZGYS7A0","section_name":"E_I-N-EX2","travel_speed":39.0,"level_name":"壅塞","level_color":"#FA0300","data_time":"2025-12-29 20:48:00+08:00"}},{"type":"Feature","geometry":{"type":"Polygon","coordinates":[[[121.5361162245,25.0440895769],[121.5361159931,25.0440907415],[121.5362534805,25.0481772924],[121.5362611288,25.0482094055],[121.536282739,25.0482386165],[121.5363149755,25.0482580705],[121.5363529304,25.0482648056],[121.5363908255,25.0482577966],[121.5364228916,25.0482381105],[121.5364442469,25.0482087443],[121.5364515946,25.0481717608],[121.5363142899,25.0440908367],[121.5363742961,25.043510407],[121.5365941143,25.0423183397],[121.536721739,25.0419291038],[121.5367258838,25.0419029068],[121.53671819,25.0418683857],[121.5366965809,25.0418391747],[121.5366643461,25.0418197208],[121.5366263932,25.0418129857],[121.5365885,25.0418199947],[121.5365564356,25.0418396809],[121.5365350814,25.0418690471],[121.5365318332,25.0418774257],[121.5364024495,25.0422720244],[121.5364018071,25.0422760848],[121.5363996732,25.042282907],[121.5361782397,25.0434837241],[121.5361778339,25.0434882647],[121.5361773069,25.0434902155],[121.5361163833,25.0440795106],[121.5361159474,25.0440883336],[121.5361162245,25.0440895769]]]},"properties":{"section_id":"ZK7KP40","section_name":"建國北路 長安東路-忠孝東路","travel_speed":69.0,"level_name":"順暢","level_color":"#19FF1C","data_time":"2025-12-29 20:48:00+08:00"}},{"type":"Feature","geometry":{"type":"Polygon","coordinates":[[[121.5364270747,25.044334094],[121.5364194165,25.0443016596],[121.5363978069,25.0442724486],[121.5363655716,25.0442529946],[121.5363276179,25.0442462595],[121.536289724,25.0442532684],[121.5362576589,25.0442729545],[121.5362363042,25.0443023207],[121.5362289465,25.0443389829],[121.5362903747,25.0464049649],[121.5362980331,25.0464373992],[121.536319643,25.0464666103],[121.5363518789,25.0464860642],[121.5363898333,25.0464927994],[121.5364277279,25.0464857904],[121.5364597935,25.0464661042],[121.5364811485,25.046436738],[121.5364885063,25.0464000758],[121.5364270747,25.044334094]]]},"properties":{"section_id":"Z1250E0","section_name":"建國快往南 長安忠孝","travel_speed":67.0,"level_name":"順暢","level_color":"#19FF1C","data_time":"2025-12-29 20:48:00+08:00"}},{"type":"Feature","geometry":{"type":"Polygon","coordinates":[[[121.5299016468,25.0199777209],[121.5299022819,25.019978092],[121.5299026422,25.0199785571],[121.5315751639,25.0213643463],[121.5315765451,25.0213651413],[121.5315772548,25.0213660304],[121.5319792159,25.0216806926],[121.5319816664,25.0216820593],[121.5319880928,25.021686884],[121.5323141269,25.021888766],[121.5323237601,25.0218934797],[121.5323267235,25.02189539],[121.5327960487,25.0221019417],[121.5327988026,25.0221025108],[121.5328015862,25.0221041911],[121.5328108679,25.0221071739],[121.5331223861,25.022191688],[121.5331327131,25.0221930401],[121.5331420222,25.0221950982],[121.5335181487,25.0222250924],[121.5335216598,25.0222252258],[121.5335222304,25.0222253406],[121.5338969105,25.0222410577],[121.5338969163,25.0222410568],[121.5338969238,25.0222410583],[121.5349787213,25.0222862992],[121.5349816701,25.0222858231],[121.534984927,25.0222863814],[121.5361905218,25.022267935],[121.5368464683,25.0223153579],[121.5371961255,25.0223997796],[121.53754881,25.0225194585],[121.5375837837,25.0225251346],[121.5376216709,25.0225181253],[121.5376537302,25.022498439],[121.5376750809,25.0224690726],[121.5376824725,25.0224344969],[121.5376747798,25.0223999758],[121.537653174,25.0223707648],[121.5376179709,25.022350252],[121.5372607575,25.0222290362],[121.5372597163,25.0222288672],[121.537251556,25.0222263712],[121.536888591,25.0221387364],[121.5368778215,25.0221374782],[121.5368710485,25.0221360074],[121.5362014531,25.0220875978],[121.5361932234,25.0220873156],[121.536192578,25.022087435],[121.5361919516,25.0220873277],[121.5349847049,25.0221057993],[121.5339060237,25.0220606887],[121.533906017,25.0220606884],[121.5335333878,25.0220450573],[121.5331693077,25.0220160237],[121.5328750589,25.0219361948],[121.5324194786,25.0217356923],[121.5321041059,25.021540412],[121.5317074499,25.0212299029],[121.5300364619,25.0198453856],[121.5280477368,25.0181517279],[121.5280176408,25.0181341421],[121.5279796956,25.0181274047],[121.5279418092,25.0181344114],[121.5279097494,25.0181540957],[121.5278883971,25.0181834607],[121.5278810029,25.018218036],[121.5278886926,25.0182525577],[121.5279124267,25.0182836403],[121.5299016468,25.0199777209]]]},"properties":{"section_id":"ZF9KB20","section_name":"辛亥路 汀州路-建國南路","travel_speed":62.0,"level_name":"車多","level_color":"#F8C920","data_time":"2025-12-29 20:48:00+08:00"}},{"type":"Feature","geometry":{"type":"Polygon","coordinates":[[[121.5331608046,25.0704677605],[121.5331605086,25.0704663438],[121.533160819,25.0704648629],[121.5331493893,25.0695611561],[121.5331470483,25.0690204224],[121.5331460699,25.0687944034],[121.5331446856,25.0684746459],[121.5331581224,25.0681943855],[121.5331920565,25.0680043207],[121.5332410887,25.0678960804],[121.5333548741,25.0677515526],[121.5334737958,25.0676423788],[121.5337282325,25.0674787906],[121.5337290315,25.0674781751],[121.5337296863,25.0674778378],[121.534017334,25.0672857099],[121.5340290828,25.0672764926],[121.5341727509,25.0671445989],[121.53419411,25.0671152331],[121.534201505,25.0670806577],[121.5341938103,25.0670461367],[121.5341721972,25.0670169255],[121.5341399561,25.0669974712],[121.5341019955,25.0669907356],[121.5340640945,25.0669977441],[121.5340320232,25.0670174297],[121.5338938325,25.0671442947],[121.5336131787,25.0673317511],[121.5333523836,25.0674994273],[121.5333391808,25.0675095974],[121.5332085723,25.0676295],[121.5331983859,25.0676404755],[121.5330732934,25.0677993649],[121.5330624167,25.0678172674],[121.5330622169,25.0678175414],[121.5330044339,25.0679450991],[121.5330044091,25.0679452143],[121.5330043374,25.0679453128],[121.5329982264,25.0679650415],[121.532961517,25.0681706483],[121.5329607596,25.068179403],[121.5329603262,25.0681812003],[121.5329465316,25.0684689149],[121.5329469259,25.0684709284],[121.532946438,25.0684732094],[121.5329478311,25.0687951152],[121.5329488092,25.0690211342],[121.5329511508,25.0695622099],[121.5329512276,25.0695625547],[121.5329511566,25.0695628938],[121.5329625708,25.0704654936],[121.5329458941,25.0712034092],[121.5329535686,25.0712401441],[121.5329751822,25.0712693554],[121.5330074242,25.07128881],[121.5330453861,25.0712955458],[121.5330832884,25.0712885375],[121.533115361,25.0712688521],[121.533136721,25.0712394864],[121.5331440964,25.0712071248],[121.5331608046,25.0704677605]]]},"properties":{"section_id":"Z1210E0","section_name":"建國快往南 濱江民權","travel_speed":57.0,"level_name":"車多","level_color":"#F8C920","data_time":"2025-12-29 20:48:00+08:00"}},{"type":"Feature","geometry":{"type":"Polygon","coordinates":[[[121.536917521,25.0541430971],[121.5369251923,25.0541759854],[121.5369468037,25.0542051963],[121.5369790418,25.0542246501],[121.5370169986,25.054231385],[121.5370548955,25.0542243758],[121.537086963,25.0542046895],[121.5371083192,25.0541753233],[121.5371156894,25.0541391151],[121.5370037726,25.0495174384],[121.5369961015,25.04948455],[121.5369744909,25.0494553391],[121.5369422541,25.0494358853],[121.5369042988,25.0494291503],[121.5368664034,25.0494361595],[121.536834337,25.0494558457],[121.5368129816,25.049485212],[121.5368056115,25.0495214201],[121.536917521,25.0541430971]]]},"properties":{"section_id":"Z1050A0","section_name":"建國快往北 南京東路","travel_speed":76.0,"level_name":"順暢","level_color":"#19FF1C","data_time":"2025-12-29 20:48:00+08:00"}},{"type":"Feature","geometry":{"type":"Polygon","coordinates":[[[121.5367923331,25.0494850744],[121.5368000158,25.0495185263],[121.5368216264,25.0495477373],[121.5368538632,25.0495671911],[121.5368918186,25.0495739261],[121.536929714,25.0495669169],[121.5369617804,25.0495472307],[121.5369831358,25.0495178644],[121.5369905175,25.0494822198],[121.5368891179,25.0436400335],[121.5368814356,25.0436065815],[121.5368598261,25.0435773705],[121.5368275909,25.0435579167],[121.5367896374,25.0435511816],[121.5367517437,25.0435581907],[121.5367196789,25.0435778769],[121.5366983244,25.0436072432],[121.5366909429,25.0436428878],[121.5367923331,25.0494850744]]]},"properties":{"section_id":"Z1040A0","section_name":"建國快往北 忠孝長安","travel_speed":67.0,"level_name":"順暢","level_color":"#19FF1C","data_time":"2025-12-29 20:48:00+08:00"}},{"type":"Feature","geometry":{"type":"Polygon","coordinates":[[[121.5383418977,25.0388922688],[121.5383424558,25.0388896585],[121.5383419445,25.0388808515],[121.5382737384,25.0382719861],[121.5382665557,25.0382462721],[121.5382449469,25.0382170613],[121.5382127128,25.0381976077],[121.5381747609,25.0381908729],[121.538136869,25.0381978824],[121.5381048058,25.0382175689],[121.5380834525,25.0382469353],[121.5380760601,25.0382815109],[121.5380765714,25.0382903179],[121.5381440118,25.0388923566],[121.5381204458,25.0393211633],[121.5379692194,25.0400365027],[121.53768949,25.0407136795],[121.537389434,25.0413659953],[121.5373817341,25.0414012462],[121.537389428,25.0414357672],[121.5374110372,25.0414649781],[121.537443272,25.0414844319],[121.5374812249,25.0414911668],[121.5375191179,25.0414841575],[121.5375511821,25.0414644712],[121.5375722289,25.0414357801],[121.5378729906,25.0407819279],[121.5378733636,25.0407802205],[121.537874341,25.0407788333],[121.5381576813,25.0400929125],[121.5381580659,25.0400909647],[121.538162243,25.0400781887],[121.5383163783,25.0393490842],[121.5383173946,25.0393391727],[121.5383180426,25.0393365249],[121.5383423326,25.0388945318],[121.5383418977,25.0388922688]]]},"properties":{"section_id":"ZJ7KV40","section_name":"建國南路 仁愛路-忠孝東路","travel_speed":70.0,"level_name":"順暢","level_color":"#19FF1C","data_time":"2025-12-29 20:48:00+08:00"}},{"type":"Feature","geometry":{"type":"Polygon","coordinates":[[[121.5377701223,25.0286883286],[121.5377778076,25.0287220184],[121.5377994146,25.0287512294],[121.5378316461,25.0287706831],[121.5378695951,25.028777418],[121.5379074841,25.0287704087],[121.537939545,25.0287507223],[121.5379608967,25.0287213558],[121.5379682808,25.0286859489],[121.537893293,25.0235023266],[121.537885608,25.0234686368],[121.5378640018,25.0234394258],[121.5378317718,25.023419972],[121.5377938244,25.0234132371],[121.537755937,25.0234202464],[121.5377238775,25.0234399328],[121.5377025267,25.0234692991],[121.5376951428,25.0235047061],[121.5377701223,25.0286883286]]]},"properties":{"section_id":"Z1010A0","section_name":"建國快往北 辛亥信義","travel_speed":56.0,"level_name":"車多","level_color":"#F8C920","data_time":"2025-12-29 20:48:00+08:00"}},{"type":"Feature","geometry":{"type":"Polygon","coordinates":[[[121.5345090002,25.0666639887],[121.5345089397,25.0666640224],[121.5341037998,25.0669760073],[121.5340974304,25.0669813644],[121.5340760713,25.0670107303],[121.5340686762,25.0670453056],[121.5340763709,25.0670798267],[121.534097984,25.0671090379],[121.5341302251,25.0671284922],[121.5341681857,25.0671352278],[121.5342060868,25.0671282193],[121.5342317887,25.0671138907],[121.5346368089,25.0668019976],[121.5353419168,25.0662624862],[121.535825002,25.0659028253],[121.5358251332,25.0659027168],[121.5358251868,25.0659026873],[121.5361780774,25.0656386598],[121.5361855274,25.0656324823],[121.5361958296,25.0656213585],[121.5364293808,25.0653234206],[121.5366230568,25.0650964545],[121.5366280151,25.0650886523],[121.5366325798,25.0650829759],[121.536758373,25.0648644597],[121.5367623132,25.0648567532],[121.5367665441,25.0648451648],[121.5369052453,25.0643572316],[121.5369055918,25.0643547132],[121.5369066994,25.0643512998],[121.5369756582,25.0640175445],[121.5369773673,25.0640004892],[121.5369770698,25.0639991548],[121.5369773156,25.063997911],[121.536961308,25.0635499117],[121.5368999545,25.0591641397],[121.5368922668,25.0591304107],[121.5368706545,25.0591011998],[121.5368384151,25.059081746],[121.5368004568,25.0590750111],[121.5367625584,25.0590820203],[121.5367304896,25.0591017065],[121.5367091325,25.0591310727],[121.5367017458,25.0591664401],[121.5367631048,25.0635531055],[121.5367633177,25.0635540394],[121.5367631492,25.0635548919],[121.5367788343,25.0639938846],[121.5367125036,25.0643149176],[121.5365775029,25.0647898306],[121.5364611183,25.0649920026],[121.5362716266,25.0652140649],[121.5362709313,25.065215159],[121.5362692193,25.0652170075],[121.5360421168,25.0655067185],[121.5356994513,25.0657630956],[121.535215943,25.0661230711],[121.5352151907,25.0661236934],[121.5352149173,25.0661238453],[121.5345091796,25.0666638382],[121.5345090002,25.0666639887]]]},"properties":{"section_id":"Z1220E0","section_name":"建國快往南 民權東路","travel_speed":63.0,"level_name":"車多","level_color":"#F8C920","data_time":"2025-12-29 20:48:00+08:00"}},{"type":"Feature","geometry":{"type":"Polygon","coordinates":[[[121.5365993604,25.0483504227],[121.5365991627,25.0483495901],[121.5365992964,25.0483488853],[121.5365017022,25.0464341154],[121.5364941141,25.0464034237],[121.5364725041,25.0463742126],[121.5364402682,25.0463547587],[121.5364023139,25.0463480236],[121.5363644193,25.0463550326],[121.5363323537,25.0463747187],[121.5363109987,25.0464040849],[121.5363037112,25.0464424897],[121.5364012632,25.0483564914],[121.5365314719,25.0523958122],[121.5365391244,25.0524280412],[121.5365607354,25.0524572522],[121.536592973,25.052476706],[121.5366309292,25.0524834411],[121.5366688256,25.052476432],[121.5367008928,25.0524567458],[121.5367222487,25.0524273796],[121.5367296004,25.0523905121],[121.5365993604,25.0483504227]]]},"properties":{"section_id":"Z1240E0","section_name":"建國快往南 長春長安","travel_speed":44.0,"level_name":"壅塞","level_color":"#FA0300","data_time":"2025-12-29 20:48:00+08:00"}},{"type":"Feature","geometry":{"type":"Polygon","coordinates":[[[121.5375966039,25.0374305018],[121.5375942818,25.0374231526],[121.5375935119,25.0374185697],[121.5374235745,25.036917704],[121.5373868455,25.0361914737],[121.5375621134,25.0351203073],[121.5375631956,25.035106638],[121.5375631852,25.0351065914],[121.5375631951,25.0351065448],[121.5375553361,25.0336751723],[121.5375476431,25.0336407444],[121.5375260352,25.0336115334],[121.5374938025,25.0335920796],[121.5374558521,25.0335853447],[121.5374179615,25.0335923539],[121.5373858993,25.0336120402],[121.5373645467,25.0336414065],[121.5373571548,25.0336760753],[121.5373649736,25.0351005289],[121.5371894019,25.0361735414],[121.5371883197,25.0361872108],[121.5371887653,25.0361892103],[121.5371884239,25.0361910077],[121.5372261774,25.0369375183],[121.5372278457,25.0369442722],[121.537230492,25.0369600243],[121.5374021699,25.0374660223],[121.5374682299,25.0378299623],[121.5374745966,25.0378501126],[121.5374962052,25.0378793235],[121.5375284391,25.0378987773],[121.5375663909,25.0379055122],[121.5376042827,25.0378985029],[121.537636346,25.0378788165],[121.5376576993,25.0378494501],[121.5376650918,25.0378148745],[121.5376637648,25.0378005037],[121.5375966039,25.0374305018]]]},"properties":{"section_id":"ZINKW40","section_name":"建國南路 仁愛路-信義路","travel_speed":49.0,"level_name":"壅塞","level_color":"#FA0300","data_time":"2025-12-29 20:48:00+08:00"}},{"type":"Feature","geometry":{"type":"Polygon","coordinates":[[[121.5374555258,25.0258235872],[121.5374478414,25.025789944],[121.537426235,25.025760733],[121.5373940043,25.0257412791],[121.5373560563,25.0257345441],[121.5373181682,25.0257415533],[121.537286108,25.0257612396],[121.5372647566,25.0257906059],[121.5372573732,25.0258260594],[121.5373681174,25.0331947355],[121.5373758022,25.0332283787],[121.53739741,25.0332575897],[121.5374296426,25.0332770435],[121.537467593,25.0332837784],[121.5375054834,25.0332767692],[121.5375375455,25.0332570828],[121.537558898,25.0332277165],[121.5375662818,25.033192263],[121.5374555258,25.0258235872]]]},"properties":{"section_id":"ZHMKW40","section_name":"建國南路 信義路-和平東路","travel_speed":71.0,"level_name":"順暢","level_color":"#19FF1C","data_time":"2025-12-29 20:48:00+08:00"}},{"type":"Feature","geometry":{"type":"Polygon","coordinates":[[[121.5335073362,25.0226366432],[121.53350807,25.0226367793],[121.5346232627,25.0226497499],[121.5346628054,25.022642748],[121.5346948652,25.0226230623],[121.5347162166,25.0225936963],[121.5347236091,25.0225591208],[121.5347159173,25.0225245995],[121.5346943121,25.0224953881],[121.5346620827,25.0224759336],[121.5346257912,25.0224692045],[121.5335166568,25.0224563044],[121.5330119932,25.0223939026],[121.5326517332,25.0222560182],[121.5326513242,25.0222559439],[121.5326509682,25.0222557288],[121.5322241706,25.0220961878],[121.5317821765,25.0217490611],[121.5308272704,25.0209381171],[121.5308254202,25.0209370377],[121.5308244338,25.0209357994],[121.5297108887,25.0200605376],[121.5296837283,25.0200453546],[121.5296457824,25.0200386176],[121.5296078955,25.0200456248],[121.5295758355,25.0200653094],[121.5295544833,25.0200946747],[121.5295470895,25.02012925],[121.5295547798,25.0201637715],[121.5295814508,25.0201972564],[121.5306935535,25.0210713852],[121.5316484739,25.021882342],[121.5316503438,25.0218834329],[121.5316513398,25.0218846827],[121.5321069831,25.0222425292],[121.5321338587,25.0222575455],[121.5321340647,25.0222576699],[121.5325753701,25.0224226342],[121.5329473211,25.0225649932],[121.5329477573,25.0225650725],[121.5329481365,25.0225653014],[121.5329723691,25.0225712182],[121.5334960111,25.0226359667],[121.5335073362,25.0226366432]]]},"properties":{"section_id":"Z3320G0","section_name":"辛亥高架 新生泰順","travel_speed":60.0,"level_name":"車多","level_color":"#F8C920","data_time":"2025-12-29 20:48:00+08:00"}},{"type":"Feature","geometry":{"type":"Polygon","coordinates":[[[121.5370548124,25.05479967],[121.5370549315,25.0548001871],[121.5370548368,25.05480066],[121.5371409462,25.0576063438],[121.5371486032,25.0576387002],[121.5371702154,25.0576679111],[121.5372024544,25.0576873648],[121.5372404123,25.0576940996],[121.5372783102,25.0576870903],[121.5373103786,25.057667404],[121.5373317353,25.0576380377],[121.537339091,25.0576012977],[121.5372529923,25.0547961091],[121.5372032511,25.0521281094],[121.5371955701,25.052094763],[121.537173959,25.0520655521],[121.5371417214,25.0520460983],[121.5371037653,25.0520393634],[121.5370658691,25.0520463726],[121.5370338021,25.0520660589],[121.5370124462,25.0520954252],[121.5370050663,25.0521311752],[121.5370548124,25.05479967]]]},"properties":{"section_id":"ZN5KR00","section_name":"建國北路 南京東路-民生東路","travel_speed":30.0,"level_name":"壅塞","level_color":"#FA0300","data_time":"2025-12-29 20:48:00+08:00"}},{"type":"Feature","geometry":{"type":"Polygon","coordinates":[[[121.5369702296,25.0517139368],[121.5369779036,25.0517469469],[121.5369995146,25.0517761578],[121.5370317521,25.0517956116],[121.5370697081,25.0518023465],[121.5371076043,25.0517953373],[121.5371396712,25.051775651],[121.5371610269,25.0517462847],[121.5371683999,25.0517101983],[121.5370938682,25.048431844],[121.5370861944,25.0483988339],[121.5370645839,25.048369623],[121.5370323474,25.0483501692],[121.5369943924,25.0483434342],[121.5369564973,25.0483504434],[121.5369244313,25.0483701297],[121.536903076,25.0483994959],[121.5368957032,25.0484355824],[121.5369702296,25.0517139368]]]},"properties":{"section_id":"ZLAKQ20","section_name":"建國北路 長安東路-南京東路","travel_speed":56.0,"level_name":"車多","level_color":"#F8C920","data_time":"2025-12-29 20:48:00+08:00"}},{"type":"Feature","geometry":{"type":"Polygon","coordinates":[[[121.5444326208,25.0413137294],[121.5444307273,25.0413134437],[121.5439459114,25.0413401887],[121.5439136102,25.0413470353],[121.5438815471,25.041366723],[121.5438601947,25.0413960902],[121.5438528037,25.0414306661],[121.5438604994,25.0414651868],[121.5438821102,25.0414943967],[121.543914346,25.0415138491],[121.5439578906,25.041520418],[121.5444406276,25.0414937877],[121.5450551914,25.0414834604],[121.5459761175,25.041473876],[121.5460132773,25.0414668697],[121.5460453401,25.0414471815],[121.546066692,25.041417814],[121.5460740823,25.041383238],[121.546066386,25.0413487175],[121.5460447747,25.0413195078],[121.5460125386,25.041300056],[121.5459738528,25.0412933284],[121.54505258,25.0413029165],[121.5450522229,25.0413029838],[121.5450518838,25.0413029259],[121.5444348898,25.041313294],[121.5444326208,25.0413137294]]]},"properties":{"section_id":"ZJHML20","section_name":"忠孝東路 復興南路-大安路","travel_speed":51.0,"level_name":"車多","level_color":"#F8C920","data_time":"2025-12-29 20:48:00+08:00"}},{"type":"Feature","geometry":{"type":"Polygon","coordinates":[[[121.5381062898,25.0378706459],[121.5381066851,25.0378687061],[121.5380745261,25.0365072767],[121.5380668545,25.0364743392],[121.538045246,25.0364451284],[121.5380130125,25.0364256747],[121.5379750612,25.0364189399],[121.5379371698,25.0364259493],[121.5379051069,25.0364456357],[121.5378837539,25.0364750021],[121.5378763837,25.0365111613],[121.5379084952,25.0378706708],[121.5378755443,25.0392985186],[121.5378137192,25.0398609085],[121.5376611733,25.0403666466],[121.5374286125,25.0410711125],[121.5374244144,25.0410974721],[121.5374321083,25.0411319931],[121.5374537175,25.041161204],[121.5374859522,25.0411806578],[121.537523905,25.0411873927],[121.5375617979,25.0411803834],[121.537593862,25.041160697],[121.5376152158,25.0411313306],[121.5376184104,25.0411231147],[121.5378513122,25.0404176123],[121.537851402,25.0404170484],[121.537851969,25.0404155328],[121.5380070444,25.039901406],[121.5380082256,25.0398933074],[121.5380100931,25.0398864813],[121.5380731398,25.0393129707],[121.5380734842,25.0393064284],[121.5380736112,25.0393058717],[121.5381066862,25.037872546],[121.5381062898,25.0378706459]]]},"properties":{"section_id":"Z1020A0","section_name":"建國快往北 信義仁愛","travel_speed":55.0,"level_name":"車多","level_color":"#F8C920","data_time":"2025-12-29 20:48:00+08:00"}},{"type":"Feature","geometry":{"type":"Polygon","coordinates":[[[121.5378827678,25.0364745557],[121.5378904537,25.0365082455],[121.5379120621,25.0365374564],[121.5379442957,25.03655691],[121.5379822471,25.0365636448],[121.5380201385,25.0365566354],[121.5380522013,25.036536949],[121.5380735543,25.0365075825],[121.5380809388,25.0364721757],[121.5379682808,25.0286859489],[121.5379605954,25.0286522591],[121.5379389883,25.0286230482],[121.5379067569,25.0286035945],[121.5378688079,25.0285968596],[121.5378309189,25.0286038689],[121.5377988581,25.0286235553],[121.5377775064,25.0286529217],[121.5377701223,25.0286883286],[121.5378827678,25.0364745557]]]},"properties":{"section_id":"Z1010A1","section_name":"建國快往北 和平信義","travel_speed":46.0,"level_name":"壅塞","level_color":"#FA0300","data_time":"2025-12-29 20:48:00+08:00"}},{"type":"Feature","geometry":{"type":"Polygon","coordinates":[[[121.4988010095,25.1046558597],[121.4988007803,25.1046547063],[121.4988010769,25.104653374],[121.4988299253,25.1022440803],[121.4988222432,25.1022082397],[121.4988006321,25.1021790235],[121.4987683871,25.1021595616],[121.4987304174,25.1021528172],[121.4986925035,25.1021598168],[121.4986604173,25.102179495],[121.4986390437,25.1022088558],[121.4986316419,25.1022421117],[121.4986028045,25.1046501621],[121.4985295446,25.1063843248],[121.4985371595,25.106422651],[121.4985587713,25.1064518673],[121.4985910173,25.1064713292],[121.4986289884,25.1064780737],[121.4986669037,25.106471074],[121.498698991,25.1064513959],[121.4987203652,25.106422035],[121.4987276999,25.1063912648],[121.4988010095,25.1046558597]]]},"properties":{"section_id":"Z8230E0","section_name":"洲美往南　焚化廠南","travel_speed":68.0,"level_name":"順暢","level_color":"#19FF1C","data_time":"2025-12-29 20:48:00+08:00"}},{"type":"Feature","geometry":{"type":"Polygon","coordinates":[[[121.4988363829,25.101200234],[121.4988362714,25.1011997181],[121.4988363853,25.1011991866],[121.49883247,25.1011743979],[121.4982366253,25.0993016384],[121.4982328536,25.0992919043],[121.4982112431,25.0992626879],[121.498178999,25.0992432259],[121.4981410303,25.0992364813],[121.4981031172,25.0992434807],[121.4980710316,25.0992631588],[121.4980496584,25.0992925195],[121.4980422514,25.0993270931],[121.4980461665,25.0993518818],[121.4986379812,25.1012119842],[121.4986292284,25.1022196749],[121.4986369132,25.1022552451],[121.4986585243,25.1022844614],[121.4986907693,25.1023039232],[121.498728739,25.1023106677],[121.498766653,25.1023036681],[121.4987987392,25.1022839899],[121.4988201128,25.102254629],[121.4988275173,25.1022211028],[121.4988363829,25.101200234]]]},"properties":{"section_id":"Z8240E0","section_name":"洲美往南　福國路段","travel_speed":77.0,"level_name":"順暢","level_color":"#19FF1C","data_time":"2025-12-29 20:48:00+08:00"}},{"type":"Feature","geometry":{"type":"Polygon","coordinates":[[[121.4978073549,25.0986740262],[121.4978075155,25.0986748817],[121.4980475429,25.0993028712],[121.4980713318,25.0993372685],[121.4981035758,25.0993567305],[121.4981415447,25.0993634752],[121.4981794578,25.0993564757],[121.4982115433,25.0993367976],[121.4982329165,25.0993074368],[121.4982403235,25.0992728632],[121.498234815,25.0992435212],[121.4979950479,25.0986162153],[121.4977174004,25.0978504815],[121.4977172594,25.0978502741],[121.4977171952,25.0978499218],[121.4971818586,25.0964052538],[121.4970236651,25.0957380131],[121.4970543557,25.0950241228],[121.497597712,25.0937738213],[121.4976046672,25.0937402687],[121.4975969808,25.0937057457],[121.4975753715,25.0936765292],[121.497543129,25.0936570671],[121.497505162,25.0936503222],[121.4974672506,25.0936573215],[121.4974351664,25.0936769994],[121.4974133423,25.0937073811],[121.4968637653,25.0949719924],[121.4968623949,25.094978603],[121.4968568851,25.0950016812],[121.4968250414,25.0957423657],[121.4968254031,25.0957441901],[121.4968249662,25.0957462295],[121.4968271982,25.0957649489],[121.4969892195,25.0964483396],[121.496991725,25.0964555989],[121.4969921905,25.0964581519],[121.4975292113,25.0979073708],[121.4978070053,25.0986735117],[121.4978073549,25.0986740262]]]},"properties":{"section_id":"Z8250E0","section_name":"洲美往南　跨河橋段","travel_speed":71.0,"level_name":"順暢","level_color":"#19FF1C","data_time":"2025-12-29 20:48:00+08:00"}},{"type":"Feature","geometry":{"type":"Polygon","coordinates":[[[121.4986749517,25.1128437445],[121.4986772118,25.1128516508],[121.4986784851,25.1128594661],[121.4988875883,25.1134955106],[121.4988911129,25.1135044791],[121.4988920403,25.1135057328],[121.4988923676,25.1135070919],[121.4995096084,25.1147390006],[121.499686471,25.1152617326],[121.4997846949,25.1157618418],[121.4997902344,25.1160026293],[121.4997908553,25.1160052989],[121.4997904848,25.1160074234],[121.4998166414,25.1163281646],[121.4998023906,25.117484373],[121.4998027878,25.1174862274],[121.499802427,25.1174880343],[121.4998241446,25.1181617825],[121.4998219762,25.1191908488],[121.4998134099,25.1193684712],[121.4998135858,25.1193693704],[121.4998133383,25.1193704516],[121.4998094316,25.1195325969],[121.4997839317,25.1197214636],[121.4997831916,25.1197328123],[121.4997908804,25.119767335],[121.4998124949,25.119796551],[121.4998447447,25.1198160125],[121.4998827199,25.1198227566],[121.4999206392,25.1198157565],[121.4999527298,25.1197960781],[121.499974106,25.1197667171],[121.4999807735,25.1197434922],[121.5000068808,25.1195501246],[121.5000074191,25.1195418705],[121.5000075977,25.1195410901],[121.5000115895,25.1193754016],[121.5000201991,25.1191968764],[121.5000198542,25.1191951134],[121.5000202943,25.1191930894],[121.500022468,25.1181607177],[121.5000221507,25.1181592723],[121.5000224255,25.1181578962],[121.5000007203,25.1174845679],[121.5000149942,25.1163263365],[121.5000141077,25.1163221976],[121.5000147282,25.1163186388],[121.499988453,25.115996448],[121.499982806,25.1157510058],[121.4999825723,25.1157500009],[121.4999812795,25.1157370048],[121.4998806255,25.1152245273],[121.4998784369,25.1152177679],[121.4998777794,25.1152138408],[121.4996972471,25.114680265],[121.4996939524,25.114671986],[121.4996930249,25.1146707323],[121.4996926976,25.1146693733],[121.4990756204,25.1134377945],[121.4988710062,25.1128154076],[121.4988689615,25.1127989806],[121.4988619035,25.1127742905],[121.4988402905,25.1127450743],[121.4988080427,25.1127256126],[121.4987700697,25.1127188682],[121.4987321525,25.1127258679],[121.4987000636,25.112745546],[121.4986786883,25.1127749069],[121.4986712807,25.1128094804],[121.4986719107,25.1128193131],[121.4986749517,25.1128437445]]]},"properties":{"section_id":"Z8040A1","section_name":"洲美往北 往大度","travel_speed":78.0,"level_name":"順暢","level_color":"#19FF1C","data_time":"2025-12-29 20:48:00+08:00"}},{"type":"Feature","geometry":{"type":"Polygon","coordinates":[[[121.4993504508,25.1072172445],[121.4993510291,25.1072145453],[121.499349932,25.1072014823],[121.4992371123,25.1065168971],[121.4992305217,25.1064954373],[121.4992089096,25.1064662211],[121.4991766635,25.1064467594],[121.4991386925,25.106440015],[121.4991007772,25.1064470148],[121.49906869,25.1064666931],[121.4990473158,25.1064960539],[121.4990399086,25.1065306275],[121.4990410057,25.1065436905],[121.4991523409,25.1072192746],[121.4988965191,25.1116926163],[121.4989040735,25.1117321673],[121.4989256864,25.1117613835],[121.4989579339,25.1117808452],[121.4989959066,25.1117875896],[121.4990338235,25.1117805898],[121.4990659121,25.1117609115],[121.4990872872,25.1117315507],[121.4990945611,25.1117020052],[121.4993508956,25.1072195735],[121.4993504508,25.1072172445]]]},"properties":{"section_id":"ZLGGYA0","section_name":"洲美往北　北投匝道","travel_speed":78.0,"level_name":"順暢","level_color":"#19FF1C","data_time":"2025-12-29 20:48:00+08:00"}},{"type":"Feature","geometry":{"type":"Polygon","coordinates":[[[121.4989115489,25.1064782081],[121.4989191797,25.1065161373],[121.4989407917,25.1065453535],[121.4989730378,25.1065648153],[121.4990110089,25.1065715596],[121.4990489242,25.1065645599],[121.4990810115,25.1065448817],[121.4991023856,25.1065155208],[121.499109736,25.1064843535],[121.4992539022,25.1026295778],[121.4992462716,25.1025916487],[121.4992246603,25.1025624324],[121.4991924152,25.1025429707],[121.4991544453,25.1025362263],[121.4991165313,25.1025432261],[121.4990844451,25.1025629044],[121.4990630715,25.1025922652],[121.4990557214,25.1026234326],[121.4989115489,25.1064782081]]]},"properties":{"section_id":"Z8030A0","section_name":"洲美往北　焚化廠南","travel_speed":91.0,"level_name":"順暢","level_color":"#19FF1C","data_time":"2025-12-29 20:48:00+08:00"}},{"type":"Feature","geometry":{"type":"Polygon","coordinates":[[[121.5465063876,25.0190179498],[121.5465060989,25.0190177804],[121.5465059296,25.0190175593],[121.5379574496,25.0117756969],[121.5379275385,25.0117582699],[121.5378895948,25.0117515349],[121.5378517109,25.0117585442],[121.5378196544,25.0117782306],[121.5377983056,25.011807597],[121.5377909145,25.0118421727],[121.5377986065,25.0118766939],[121.5378225264,25.0119079318],[121.5463707782,25.0191496072],[121.5480380541,25.0205799213],[121.5480684269,25.0205977367],[121.5481063738,25.020604469],[121.5481442597,25.0205974571],[121.5481763168,25.0205777685],[121.5481976647,25.0205484006],[121.5482050533,25.0205138245],[121.5481973578,25.020479304],[121.5481738916,25.0204484583],[121.5465063876,25.0190179498]]]},"properties":{"section_id":"Z2320G0","section_name":"基隆快往西 敦化羅斯福","travel_speed":56.0,"level_name":"車多","level_color":"#F8C920","data_time":"2025-12-29 20:48:00+08:00"}},{"type":"Feature","geometry":{"type":"Polygon","coordinates":[[[121.5048377197,25.0330884625],[121.5048388939,25.0330907407],[121.5050132596,25.0333947071],[121.5050312743,25.0334169662],[121.505063502,25.0334364271],[121.5051014508,25.0334431704],[121.5051393433,25.0334361694],[121.5051714107,25.0334164899],[121.5051927711,25.0333871281],[121.5052001725,25.0333525539],[121.5051924881,25.0333180311],[121.5051889026,25.0333110744],[121.5050152847,25.0330084123],[121.5047999026,25.0326011322],[121.5047991103,25.032600119],[121.5047961131,25.0325946539],[121.5045893577,25.0322733915],[121.504393086,25.0319190951],[121.5041828716,25.0314823503],[121.5040977168,25.0312891142],[121.5040523126,25.0309831222],[121.5040490827,25.0306443409],[121.5040490435,25.030644167],[121.5040483749,25.0306343253],[121.5039944627,25.0302266609],[121.5039982245,25.0300744251],[121.5041918982,25.0298058407],[121.504484634,25.0294792744],[121.504484976,25.0294787508],[121.5044862049,25.0294774756],[121.5047149704,25.0292085773],[121.5050780476,25.0287951967],[121.5056644855,25.0281890019],[121.5056647876,25.0281885587],[121.5056667173,25.0281866124],[121.5062481427,25.027541732],[121.5069351407,25.0268331672],[121.5075456416,25.0263117434],[121.5075461026,25.0263111338],[121.5075468835,25.0263106642],[121.5082509262,25.0256881189],[121.5082516866,25.0256870944],[121.5082528394,25.0256863803],[121.5090039867,25.0249849338],[121.5092059406,25.0248540068],[121.5119532802,25.0240844211],[121.5119624256,25.0240814042],[121.5119944895,25.0240617233],[121.5120158466,25.0240323605],[121.5120232456,25.023997786],[121.5120155599,25.0239632634],[121.5119939598,25.0239340486],[121.5119617335,25.0239145892],[121.5119237873,25.0239078476],[121.5118950435,25.0239118334],[121.509132415,25.0246857015],[121.5091232695,25.0246887183],[121.509104087,25.0246984361],[121.508881841,25.0248425184],[121.508868959,25.0248524808],[121.508868718,25.0248528121],[121.508868365,25.0248530308],[121.5081119417,25.0255594035],[121.5074094844,25.0261805462],[121.5067962044,25.0267043431],[121.5067934343,25.0267080061],[121.506789709,25.0267104387],[121.5060984438,25.0274234037],[121.5060981367,25.0274238538],[121.5060961387,25.0274258689],[121.5055146779,25.0280707878],[121.5049278198,25.028677416],[121.5049273911,25.028678045],[121.5049247882,25.0286807042],[121.5045597581,25.0290963077],[121.5045595364,25.029096651],[121.5045588078,25.029097407],[121.5043303446,25.0293659496],[121.5040351575,25.0296952501],[121.5040333947,25.0296979483],[121.504029088,25.0297027861],[121.5038169846,25.0299969278],[121.5038081129,25.0300122615],[121.5038007357,25.0300444676],[121.5037961748,25.030229035],[121.5037964123,25.0302301792],[121.5037961503,25.030231403],[121.5037968612,25.0302418666],[121.5038509583,25.0306509348],[121.5038541939,25.0309903714],[121.5038542406,25.0309905785],[121.5038550834,25.0310016822],[121.5039029732,25.0313244289],[121.5039087427,25.0313437677],[121.5039092147,25.0313459711],[121.5039995412,25.0315509435],[121.5040004209,25.0315521524],[121.5040007485,25.0315535632],[121.5042126662,25.0319938482],[121.504214392,25.0319961406],[121.5042149528,25.0319982695],[121.5044138379,25.0323572842],[121.5044146298,25.0323582773],[121.5044168195,25.0323622701],[121.5046231121,25.0326828142],[121.5048374447,25.0330881108],[121.5048377197,25.0330884625]]]},"properties":{"section_id":"ZG7EQ00","section_name":"中華路 和平西路-水源路","travel_speed":57.0,"level_name":"車多","level_color":"#F8C920","data_time":"2025-12-29 20:48:00+08:00"}},{"type":"Feature","geometry":{"type":"Polygon","coordinates":[[[121.5476861681,25.0200218417],[121.5477161676,25.0200393387],[121.5477541143,25.0200460711],[121.5477920001,25.0200390593],[121.5478240571,25.0200193708],[121.5478454049,25.019990003],[121.5478527936,25.0199554268],[121.5478450982,25.0199209063],[121.5478212592,25.0198897422],[121.5408745567,25.0139912451],[121.5408445596,25.0139737466],[121.5408066151,25.0139670124],[121.5407687307,25.0139740224],[121.5407366741,25.0139937094],[121.5407153256,25.0140230762],[121.5407079353,25.014057652],[121.5407156282,25.014092173],[121.5407394643,25.0141233384],[121.5476861681,25.0200218417]]]},"properties":{"section_id":"Z2120C0","section_name":"基隆快往東 辛亥敦化","travel_speed":67.0,"level_name":"順暢","level_color":"#19FF1C","data_time":"2025-12-29 20:48:00+08:00"}},{"type":"Feature","geometry":{"type":"Polygon","coordinates":[[[121.5729035526,25.0705000052],[121.5729031583,25.0705021105],[121.5729141597,25.0707002272],[121.5729217399,25.0707305684],[121.5729433627,25.0707597738],[121.5729756107,25.0707792195],[121.5730135744,25.0707859451],[121.5730514742,25.0707789267],[121.57308354,25.0707592327],[121.5731048903,25.0707298614],[121.5731121489,25.0706911067],[121.5731012709,25.0704952171],[121.5731007444,25.0700766258],[121.5731006281,25.0700761008],[121.5731007364,25.0700755818],[121.5730940412,25.0695958076],[121.5730939246,25.0695952964],[121.573092588,25.0695815107],[121.5730229753,25.0692163496],[121.5730200102,25.069207112],[121.5730192628,25.0692030078],[121.5728888528,25.0688499369],[121.5726930794,25.0683100754],[121.5726929761,25.0683099234],[121.5726929289,25.0683096636],[121.5725190961,25.0678379293],[121.5725175283,25.0678356349],[121.5725168034,25.0678323292],[121.5723580641,25.067480626],[121.5722503987,25.0671183787],[121.5721334722,25.0666192065],[121.572134144,25.0661874811],[121.5721336805,25.0661853741],[121.5721340509,25.0661834383],[121.5721132764,25.0657474892],[121.572146045,25.0652839967],[121.5721803136,25.064951019],[121.5721807454,25.0649422113],[121.5721730401,25.0649076924],[121.5721514185,25.0648784868],[121.5721191722,25.0648590408],[121.5720812104,25.064852315],[121.5720433124,25.0648593331],[121.5720112479,25.0648790269],[121.5719898984,25.064908398],[121.5719829458,25.0649341674],[121.5719485417,25.0652684557],[121.5719484369,25.0652705937],[121.571948314,25.0652710799],[121.5719151085,25.0657407414],[121.5719159659,25.0657453935],[121.5719149969,25.0657504577],[121.571935906,25.0661892474],[121.5719352217,25.0666285385],[121.5719352774,25.0666287915],[121.5719352225,25.0666290484],[121.5719374032,25.0666475037],[121.5720570857,25.0671584452],[121.5720580651,25.0671612929],[121.5720583478,25.0671631981],[121.5721683438,25.0675332888],[121.5721722809,25.067543736],[121.5721723441,25.0675440241],[121.5723322057,25.0678982151],[121.5725049175,25.0683669093],[121.572700701,25.0689068011],[121.5727008195,25.0689069754],[121.5727008737,25.0689072728],[121.572828954,25.0692540379],[121.5728959171,25.0696053034],[121.5729025038,25.0700773545],[121.5729030318,25.0704976537],[121.5729035526,25.0705000052]]]},"properties":{"section_id":"ZPMSV40","section_name":"堤頂大道 舊宗路-民權東路","travel_speed":56.0,"level_name":"車多","level_color":"#F8C920","data_time":"2025-12-29 20:48:00+08:00"}},{"type":"Feature","geometry":{"type":"Polygon","coordinates":[[[121.5724421289,25.0740907617],[121.5724431198,25.0740890077],[121.5724439498,25.0740880211],[121.5725381057,25.0739404582],[121.5725441411,25.0739292919],[121.5725441575,25.0739292152],[121.5725442047,25.0739291502],[121.5726554081,25.0736804748],[121.5726555444,25.0736798335],[121.5726559187,25.0736793098],[121.5727928918,25.0733603913],[121.5727930496,25.0733596208],[121.5727970342,25.0733483116],[121.5728739805,25.0730524408],[121.5728739885,25.0730523774],[121.5728740207,25.0730522858],[121.572968497,25.072686128],[121.5729692747,25.0726799026],[121.5729705167,25.0726754664],[121.5730305101,25.0721847774],[121.5730307354,25.0721809328],[121.5730309485,25.0721800794],[121.5730650992,25.0716505022],[121.5730648559,25.0716492046],[121.5730652362,25.0716475572],[121.5730736905,25.0713516187],[121.5730736056,25.0713512064],[121.573073711,25.0713507385],[121.5730819314,25.0708903552],[121.5730742378,25.0708539857],[121.5730526149,25.0708247803],[121.5730203668,25.0708053346],[121.5729824031,25.070798609],[121.5729445034,25.0708056274],[121.5729124375,25.0708253213],[121.5728910872,25.0708546926],[121.572883715,25.070887419],[121.5728755017,25.0713473623],[121.5728671015,25.0716413871],[121.5728331967,25.0721671385],[121.5727741476,25.0726500977],[121.5726810519,25.0730109023],[121.5726057306,25.073300523],[121.5724715451,25.0736129498],[121.5723632164,25.0738551959],[121.5722734278,25.073995914],[121.5720676397,25.0742935904],[121.5720597834,25.0743074972],[121.5720523986,25.0743420742],[121.5720601045,25.0743765931],[121.5720817278,25.0744057986],[121.5721139766,25.0744252445],[121.5721519414,25.0744319703],[121.5721898423,25.074424952],[121.5722219092,25.0744052582],[121.572235404,25.0743897938],[121.5724421289,25.0740907617]]]},"properties":{"section_id":"ZPMSV41","section_name":"堤頂大道 港墘路-舊宗路","travel_speed":56.0,"level_name":"車多","level_color":"#F8C920","data_time":"2025-12-29 20:48:00+08:00"}},{"type":"Feature","geometry":{"type":"Polygon","coordinates":[[[121.5624718324,25.0808279899],[121.5624656905,25.0808389611],[121.5624650763,25.0808397892],[121.5622442674,25.081306414],[121.5622441038,25.081307144],[121.5622436275,25.0813077978],[121.5620347786,25.0817701534],[121.5620346983,25.0817705274],[121.5620344712,25.081770842],[121.5617783359,25.0823514174],[121.5617775777,25.0823550283],[121.561775923,25.0823575097],[121.5615836886,25.0829034963],[121.5613545857,25.0833698081],[121.5613539903,25.0833723734],[121.5613524029,25.0833746182],[121.5611791802,25.0837898661],[121.5610189407,25.0840441948],[121.5607876968,25.0843274259],[121.5607755058,25.0843470913],[121.5607681173,25.0843816677],[121.5607758207,25.0844161872],[121.5607974432,25.0844453943],[121.560829693,25.0844648426],[121.5608676603,25.0844715713],[121.560905565,25.0844645558],[121.5609376364,25.0844448644],[121.5609468009,25.0844351602],[121.5611815513,25.0841476339],[121.5611845425,25.0841428087],[121.5611879828,25.0841386966],[121.561355049,25.0838735321],[121.5613608083,25.083862804],[121.5613610621,25.0838616161],[121.5613617355,25.0838606639],[121.5615367269,25.0834411746],[121.5617668994,25.0829726843],[121.5617681244,25.0829674056],[121.56177081,25.0829633783],[121.5619636303,25.0824157255],[121.5622182862,25.0818385014],[121.5624266656,25.0813771836],[121.5626442484,25.080917375],[121.5629660547,25.0804440809],[121.5629735158,25.080430753],[121.5629809035,25.0803961764],[121.5629731998,25.080361657],[121.5629515776,25.0803324502],[121.5629193286,25.0803130023],[121.5628813624,25.0803062742],[121.5628434591,25.0803132901],[121.5628113891,25.0803329819],[121.5627974959,25.0803490239],[121.5624718324,25.0808279899]]]},"properties":{"section_id":"ZTXQL00","section_name":"堤頂大道 樂群二路-內湖路","travel_speed":44.0,"level_name":"壅塞","level_color":"#FA0300","data_time":"2025-12-29 20:48:00+08:00"}},{"type":"Feature","geometry":{"type":"Polygon","coordinates":[[[121.5639566928,25.0790545218],[121.5639464948,25.0790626847],[121.5639452152,25.0790644447],[121.5639435293,25.0790655291],[121.5636563399,25.079353259],[121.5636558624,25.0793539477],[121.5636520225,25.0793578882],[121.5633525649,25.0797017815],[121.5630589857,25.0800384587],[121.5630581492,25.0800397594],[121.5630559134,25.0800421748],[121.5628663712,25.0802841602],[121.562855331,25.0803023877],[121.5628479433,25.0803369643],[121.562855647,25.0803714837],[121.5628772692,25.0804006905],[121.5629095182,25.0804201384],[121.5629474844,25.0804268665],[121.5629853877,25.0804198506],[121.5630174577,25.0804001587],[121.5630277718,25.0803890164],[121.5632158303,25.0801489248],[121.5635078411,25.0798140456],[121.5635078506,25.0798140309],[121.5635078823,25.0798139983],[121.5638052872,25.0794724618],[121.5640841975,25.0791930263],[121.5642782223,25.0790579964],[121.5642884203,25.0790498334],[121.5643097741,25.0790204634],[121.5643171613,25.0789858867],[121.5643094573,25.0789513674],[121.564287835,25.0789221608],[121.5642555862,25.0789027132],[121.5642176204,25.0788959854],[121.5641797177,25.0789030017],[121.5641578462,25.0789145308],[121.5639566928,25.0790545218]]]},"properties":{"section_id":"ZT5QV00","section_name":"堤頂大道 基湖路-樂群二路","travel_speed":46.0,"level_name":"壅塞","level_color":"#FA0300","data_time":"2025-12-29 20:48:00+08:00"}},{"type":"Feature","geometry":{"type":"Polygon","coordinates":[[[121.5677439363,25.0776448655],[121.5677430071,25.0776453909],[121.5677415126,25.0776456327],[121.5670466398,25.0778748026],[121.5662448915,25.0780922469],[121.5656611371,25.0782477817],[121.5656562673,25.0782493543],[121.565655343,25.0782495033],[121.5652871981,25.0783704111],[121.5652860442,25.0783710815],[121.5652844222,25.0783713658],[121.5649166449,25.0785036093],[121.5649161691,25.0785038949],[121.5649155656,25.078504004],[121.5646512764,25.0786023147],[121.5646508979,25.0786025448],[121.5646504414,25.0786026293],[121.5646258341,25.0786161332],[121.5644558481,25.0787433131],[121.5644483862,25.0787495015],[121.5644270325,25.0787788716],[121.5644196453,25.0788134483],[121.5644273493,25.0788479675],[121.5644489716,25.0788771742],[121.5644812205,25.0788966217],[121.5645191863,25.0789033494],[121.564557089,25.0788963331],[121.5645816964,25.0788828293],[121.5647401077,25.0787643092],[121.5649899912,25.0786713571],[121.565355848,25.0785398042],[121.5657197295,25.0784202965],[121.5663007876,25.0782654801],[121.5663011139,25.0782653747],[121.5663012455,25.078265357],[121.5671059794,25.0780471028],[121.5671105985,25.0780455998],[121.5671114387,25.0780454638],[121.5678078096,25.0778157998],[121.5686173964,25.077570185],[121.5686564553,25.0775481011],[121.5686778078,25.0775187305],[121.5686851937,25.0774841536],[121.5686774886,25.0774496346],[121.5686558655,25.0774204286],[121.5686236164,25.0774009819],[121.5685856509,25.0773942552],[121.5685547394,25.0773988818],[121.5677439363,25.0776448655]]]},"properties":{"section_id":"ZSPRA60","section_name":"堤頂大道 樂群一路-基湖路","travel_speed":63.0,"level_name":"車多","level_color":"#F8C920","data_time":"2025-12-29 20:48:00+08:00"}},{"type":"Feature","geometry":{"type":"Polygon","coordinates":[[[121.5722629315,25.0750909899],[121.5722651944,25.0750880581],[121.5724196883,25.074792442],[121.572429309,25.0747532598],[121.572421603,25.074718741],[121.5723999796,25.0746895355],[121.5723677306,25.0746700897],[121.5723297658,25.074663364],[121.5722918648,25.0746703822],[121.5722597978,25.0746900761],[121.5722406826,25.0747148421],[121.5720896719,25.0750037924],[121.5718628169,25.0753010324],[121.5718619944,25.0753024104],[121.5718608564,25.0753037013],[121.5716463763,25.0756072153],[121.5716463689,25.0756072258],[121.5714330496,25.0759090039],[121.5712049065,25.0761998741],[121.5710033079,25.0764205141],[121.5707796626,25.0766382379],[121.5704523874,25.0768611135],[121.5700041672,25.0770364255],[121.5695145065,25.0771910924],[121.5687986835,25.0773480867],[121.5687835718,25.0773525959],[121.5687515035,25.077372289],[121.568730151,25.0774016597],[121.5687227651,25.0774362365],[121.5687304703,25.0774707555],[121.5687520933,25.0774999615],[121.5687843425,25.0775194081],[121.5688223081,25.0775261348],[121.5688450983,25.0775236265],[121.5695656251,25.0773656005],[121.5695728556,25.077363443],[121.5695748981,25.0773631255],[121.5700724932,25.0772059524],[121.5700753221,25.077204331],[121.570079128,25.0772036105],[121.5705414367,25.0770227881],[121.5705425166,25.0770221186],[121.5705616812,25.0770121369],[121.5709054143,25.0767780532],[121.5709164414,25.0767693185],[121.5709172822,25.076768162],[121.5709184409,25.0767674278],[121.5711500492,25.0765419517],[121.5711503204,25.0765415666],[121.5711538564,25.0765380226],[121.5713596351,25.0763128074],[121.5713606678,25.0763112428],[121.5713640998,25.0763075373],[121.57159576,25.0760121826],[121.5715968446,25.076010393],[121.5715984473,25.0760085754],[121.5718130696,25.0757049534],[121.571813073,25.0757049474],[121.571813077,25.0757049429],[121.57202661,25.0754027685],[121.5722570846,25.0751007853],[121.5722629315,25.0750909899]]]},"properties":{"section_id":"ZSGRX60","section_name":"堤頂大道 港墘路-樂群一路","travel_speed":55.0,"level_name":"車多","level_color":"#F8C920","data_time":"2025-12-29 20:48:00+08:00"}},{"type":"Feature","geometry":{"type":"Polygon","coordinates":[[[121.5734795135,25.0712533812],[121.5734797784,25.0712521546],[121.5734797679,25.0707659059],[121.573472061,25.070731006],[121.5734504381,25.0707018006],[121.57341819,25.070682355],[121.5733802263,25.0706756295],[121.5733423267,25.070682648],[121.5733102608,25.0707023421],[121.5732889106,25.0707317134],[121.5732815255,25.0707659093],[121.5732815352,25.071250983],[121.573273157,25.0715442732],[121.5732392539,25.0720700246],[121.5731802064,25.072552984],[121.573087112,25.0729137888],[121.5730122537,25.0732016334],[121.5727243025,25.0738000358],[121.5727159671,25.0738366568],[121.5727236731,25.0738711757],[121.5727452965,25.0739003811],[121.5727775453,25.0739198268],[121.5728155099,25.0739265525],[121.5728534106,25.0739195341],[121.5728854773,25.0738998401],[121.5729058773,25.0738725129],[121.573197428,25.0732666284],[121.5731976718,25.0732655569],[121.5731983788,25.0732645844],[121.5732030953,25.0732511978],[121.5732800406,25.0729553269],[121.5732800486,25.0729552634],[121.5732800808,25.0729551718],[121.5733745558,25.0725890138],[121.5733753334,25.0725827884],[121.5733765755,25.0725783522],[121.5734365672,25.072087663],[121.5734367925,25.0720838184],[121.5734370056,25.072082965],[121.5734711545,25.0715533878],[121.5734709112,25.0715520901],[121.5734712915,25.0715504427],[121.5734797448,25.0712545043],[121.5734795135,25.0712533812]]]},"properties":{"section_id":"ZRPSV00","section_name":"堤頂大道 舊宗路-港墘路","travel_speed":40.0,"level_name":"壅塞","level_color":"#FA0300","data_time":"2025-12-29 20:48:00+08:00"}},{"type":"Feature","geometry":{"type":"Polygon","coordinates":[[[121.5723524499,25.0653967896],[121.5723520871,25.0654028662],[121.5723518825,25.0654037319],[121.5723401964,25.0657013722],[121.5723158873,25.0660851429],[121.5723163217,25.0660874526],[121.5723157229,25.066090215],[121.5723150368,25.0665315285],[121.5723150924,25.0665317815],[121.5723150375,25.0665320384],[121.5723172183,25.0665504936],[121.5724369023,25.0670614348],[121.5724378817,25.0670642825],[121.5724381643,25.0670661878],[121.5725481614,25.0674362781],[121.5725520986,25.0674467253],[121.5725521618,25.0674470134],[121.5727120243,25.067801204],[121.5728847374,25.0682698978],[121.5730805224,25.068809789],[121.5730806409,25.0688099633],[121.5730806951,25.0688102608],[121.5732087764,25.0691570255],[121.5732757405,25.0695082908],[121.5732823287,25.0699803418],[121.5732828579,25.070400641],[121.5732833787,25.0704029926],[121.5732829844,25.0704050979],[121.5732939864,25.0706032145],[121.5733015667,25.0706335557],[121.5733231896,25.070662761],[121.5733554376,25.0706822067],[121.5733934013,25.0706889322],[121.573431301,25.0706819136],[121.5734633668,25.0706622196],[121.5734847169,25.0706328482],[121.5734919755,25.0705940935],[121.5734810968,25.070398204],[121.573480569,25.0699796126],[121.5734804527,25.0699790876],[121.5734805611,25.0699785687],[121.5734738644,25.0694987945],[121.5734737478,25.0694982833],[121.5734724111,25.0694844976],[121.5734027974,25.0691193367],[121.5733998323,25.0691100992],[121.5733990848,25.0691059949],[121.5732686739,25.0687529243],[121.573072899,25.0682130634],[121.5730727956,25.0682129113],[121.5730727484,25.0682126516],[121.5728989144,25.0677409177],[121.5728973466,25.0677386233],[121.5728966217,25.0677353177],[121.5727378814,25.0673836148],[121.572630215,25.0670213678],[121.5725132871,25.0665221959],[121.5725139536,25.0660930087],[121.5725381641,25.0657107857],[121.5725380022,25.065709925],[121.5725382653,25.0657088122],[121.572549853,25.0654136657],[121.5725747029,25.0652139934],[121.5725753328,25.0652034426],[121.5725676274,25.0651689237],[121.5725460057,25.0651397182],[121.5725137592,25.0651202723],[121.5724757973,25.0651135465],[121.5724378993,25.0651205648],[121.5724058347,25.0651402586],[121.5723844852,25.0651696298],[121.5723777309,25.0651936561],[121.5723524499,25.0653967896]]]},"properties":{"section_id":"ZRPSV01","section_name":"堤頂大道 民權東路-高速公路","travel_speed":60.0,"level_name":"車多","level_color":"#F8C920","data_time":"2025-12-29 20:48:00+08:00"}},{"type":"Feature","geometry":{"type":"Polygon","coordinates":[[[121.5329375034,25.0681815331],[121.5329737758,25.0681745429],[121.5330058476,25.0681548574],[121.5330272071,25.0681254918],[121.5330346025,25.0680909165],[121.533026908,25.0680563954],[121.533005295,25.068027184],[121.5329730539,25.0680077294],[121.5329334639,25.0680010116],[121.5281476652,25.0680897746],[121.5281113926,25.0680967636],[121.52807932,25.068116448],[121.5280579593,25.068145813],[121.5280505625,25.0681803881],[121.5280582556,25.0682149095],[121.5280798675,25.0682441216],[121.528112108,25.0682635772],[121.5281516977,25.0682702964],[121.5329375034,25.0681815331]]]},"properties":{"section_id":"ZQEJF20","section_name":"民族東路 新生北路-松江路","travel_speed":70.0,"level_name":"順暢","level_color":"#19FF1C","data_time":"2025-12-29 20:48:00+08:00"}},{"type":"Feature","geometry":{"type":"Polygon","coordinates":[[[121.5273912169,25.0625360786],[121.5274256718,25.0625291386],[121.527457743,25.0625094544],[121.5274791029,25.0624800895],[121.5274864996,25.0624455144],[121.527478807,25.0624109929],[121.5274571963,25.0623817807],[121.5274249576,25.0623623249],[121.5273835536,25.0623556543],[121.5228605117,25.0625149709],[121.5228260565,25.0625219099],[121.5227939845,25.0625415931],[121.5227726234,25.0625709574],[121.5227652254,25.0626055322],[121.5227729167,25.062640054],[121.5227945263,25.0626692669],[121.5228267645,25.0626887237],[121.5228681683,25.0626953956],[121.5273912169,25.0625360786]]]},"properties":{"section_id":"ZP6IG60","section_name":"民權東路 中山北路-新生北路","travel_speed":79.0,"level_name":"順暢","level_color":"#19FF1C","data_time":"2025-12-29 20:48:00+08:00"}},{"type":"Feature","geometry":{"type":"Polygon","coordinates":[[[121.5229195044,25.054699753],[121.5228831136,25.0547067429],[121.5228510436,25.0547264261],[121.5228296839,25.0547557904],[121.5228222863,25.0547903653],[121.5228299771,25.054824887],[121.5228515853,25.0548541],[121.5228838214,25.0548735569],[121.5229232849,25.0548802797],[121.5273675802,25.0548029862],[121.5274039707,25.0547959953],[121.5274360399,25.054776311],[121.5274573985,25.0547469461],[121.5274647948,25.054712371],[121.5274571028,25.0546778495],[121.5274354935,25.0546486372],[121.5274032567,25.0546291813],[121.5273637931,25.0546224597],[121.5229195044,25.054699753]]]},"properties":{"section_id":"ZMFIG20","section_name":"長春路 中山北路-新生北路","travel_speed":73.0,"level_name":"順暢","level_color":"#19FF1C","data_time":"2025-12-29 20:48:00+08:00"}},{"type":"Feature","geometry":{"type":"Polygon","coordinates":[[[121.5262814215,25.0486324736],[121.526282586,25.0486321177],[121.5262832132,25.0486320391],[121.5273530759,25.0483627904],[121.5282017909,25.0481811927],[121.5288156901,25.0480599205],[121.5291553512,25.0479991616],[121.5291554065,25.0479991462],[121.5291554675,25.0479991407],[121.5295615849,25.0479260331],[121.5295806557,25.0479207379],[121.5296127228,25.0479010532],[121.5296340798,25.047871688],[121.5296414751,25.0478371128],[121.5296337829,25.0478025914],[121.5296121743,25.0477733793],[121.5295799391,25.0477539239],[121.5295419846,25.047747187],[121.5295231601,25.047748899],[121.5291171013,25.047821996],[121.5287765433,25.0478829154],[121.5287755903,25.0478831794],[121.5287746361,25.0478832743],[121.5281589551,25.0480048985],[121.528158046,25.0480051593],[121.5281572964,25.0480052397],[121.5273058805,25.0481874153],[121.527303526,25.0481881109],[121.5273021504,25.0481882834],[121.5262313269,25.0484577738],[121.5246295324,25.0488316392],[121.5246158493,25.0488358211],[121.5245837811,25.0488555047],[121.5245624228,25.0488848693],[121.524555026,25.0489194442],[121.5245627168,25.0489539659],[121.5245843244,25.0489831787],[121.5246165593,25.0490026352],[121.5246545138,25.0490093734],[121.5246787268,25.0490065492],[121.5262814215,25.0486324736]]]},"properties":{"section_id":"ZKVJB60","section_name":"長安東路 林森北路-新生北路","travel_speed":70.0,"level_name":"順暢","level_color":"#19FF1C","data_time":"2025-12-29 20:48:00+08:00"}},{"type":"Feature","geometry":{"type":"Polygon","coordinates":[[[121.530967153,25.0459443309],[121.5309659187,25.0459366621],[121.5305102394,25.0445313822],[121.5305066063,25.0445220827],[121.5304849981,25.0444928708],[121.5304527636,25.0444734155],[121.5304148101,25.0444666789],[121.5303769158,25.0444736863],[121.5303448497,25.0444933712],[121.5303234935,25.0445227365],[121.5303160986,25.0445573118],[121.5303201577,25.0445825337],[121.5307734054,25.0459803214],[121.5308320202,25.0464443039],[121.5307967528,25.0468313587],[121.5306685976,25.0471180732],[121.5304238982,25.0475508906],[121.529867399,25.0481323452],[121.5298503901,25.0481574525],[121.5298429949,25.0481920277],[121.5298506871,25.0482265491],[121.5298722958,25.0482557611],[121.5299045313,25.0482752164],[121.5299424859,25.0482819532],[121.5299803814,25.0482749458],[121.5300167966,25.0482510031],[121.5305811966,25.0476612927],[121.5305865408,25.0476534038],[121.5305946025,25.0476433005],[121.5308468248,25.0471971754],[121.5308504276,25.0471900603],[121.5308504478,25.0471899655],[121.5308505059,25.0471898854],[121.5309860458,25.0468866487],[121.5309861802,25.0468860167],[121.5309930234,25.0468600705],[121.5310303571,25.046450331],[121.531030696,25.0464425088],[121.5310300469,25.0464325414],[121.5309693289,25.0459519165],[121.530967153,25.0459443309]]]},"properties":{"section_id":"ZN0B0E0","section_name":"新生高 八德路-長安東路","travel_speed":62.0,"level_name":"車多","level_color":"#F8C920","data_time":"2025-12-29 20:48:00+08:00"}},{"type":"Feature","geometry":{"type":"Polygon","coordinates":[[[121.5273089325,25.0657473558],[121.5273088674,25.0657476716],[121.5273582248,25.0683562241],[121.5273659038,25.068389542],[121.5273875156,25.0684187542],[121.527419756,25.06843821],[121.5274577167,25.0684449473],[121.5274956185,25.0684379404],[121.5275276913,25.0684182562],[121.5275490521,25.0683888912],[121.5275564352,25.0683531126],[121.5275070797,25.0657448834],[121.5274447686,25.0601105727],[121.5274446937,25.0601102421],[121.5274447589,25.0601099264],[121.527346057,25.0548928146],[121.5273383789,25.0548594967],[121.5273167696,25.0548302843],[121.5272845328,25.0548108285],[121.5272465764,25.054804091],[121.5272086787,25.0548110978],[121.5271766094,25.0548307819],[121.5271552507,25.0548601468],[121.5271478683,25.0548959255],[121.5272465557,25.0601127144],[121.5273088577,25.0657470252],[121.5273089325,25.0657473558]]]},"properties":{"section_id":"ZN2B0E0","section_name":"新生高 民族東路-常春路","travel_speed":67.0,"level_name":"順暢","level_color":"#19FF1C","data_time":"2025-12-29 20:48:00+08:00"}},{"type":"Feature","geometry":{"type":"Polygon","coordinates":[[[121.5270778461,25.0539778936],[121.5270768518,25.0539835868],[121.5271479707,25.0548661963],[121.5271553975,25.0548944608],[121.5271770068,25.0549236732],[121.5272092435,25.0549431291],[121.5272472001,25.0549498665],[121.5272850978,25.0549428598],[121.5273171671,25.0549231756],[121.5273385258,25.0548938107],[121.5273456569,25.0548529786],[121.5272750021,25.0539761454],[121.5273278911,25.0530988033],[121.5274486973,25.0524748642],[121.5274489874,25.0524717756],[121.5274494856,25.0524700319],[121.5275228836,25.0519176572],[121.5276333891,25.0514652896],[121.5278016182,25.0509995016],[121.5280452939,25.0503681884],[121.5283370323,25.0497529415],[121.5287323745,25.0490516991],[121.5292883305,25.0482212784],[121.5292954281,25.0482084936],[121.5293028235,25.0481739184],[121.5292951314,25.0481393969],[121.5292735229,25.0481101848],[121.5292412876,25.0480907294],[121.5292033331,25.0480839924],[121.5291654376,25.0480909996],[121.5291333703,25.0481106842],[121.5291191108,25.0481272645],[121.5285612644,25.0489605071],[121.5285588638,25.0489648313],[121.5285577168,25.0489662705],[121.5281592053,25.0496731326],[121.5281565998,25.0496782858],[121.5281563836,25.049678577],[121.5278619642,25.0502994757],[121.5278612302,25.050302742],[121.5278594501,25.0503053296],[121.5276142954,25.0509404721],[121.5276140987,25.0509415343],[121.5276136487,25.0509422035],[121.5274435724,25.0514131038],[121.5274432013,25.0514152396],[121.5274409743,25.0514217087],[121.5273283417,25.0518827809],[121.5273277357,25.0518878953],[121.5273266936,25.0518915424],[121.52725303,25.0524459089],[121.5271316571,25.0530727698],[121.5271308629,25.0530812258],[121.5271302997,25.0530835006],[121.527076735,25.0539720279],[121.5270778461,25.0539778936]]]},"properties":{"section_id":"ZN2C0E0","section_name":"新生高 常春路-長安東路","travel_speed":73.0,"level_name":"順暢","level_color":"#19FF1C","data_time":"2025-12-29 20:48:00+08:00"}},{"type":"Feature","geometry":{"type":"Polygon","coordinates":[[[121.5297150468,25.0479024618],[121.5297160547,25.0479011302],[121.5297176785,25.0479001334],[121.5303213299,25.0473459019],[121.5303369397,25.047327242],[121.5305505241,25.0469881092],[121.5305562709,25.0469774037],[121.5305601545,25.046967004],[121.53065652,25.0466460986],[121.5306600315,25.046621923],[121.5306592469,25.0466184022],[121.5306597519,25.0466154918],[121.5306185076,25.0461169883],[121.5306171972,25.0461120225],[121.5306157339,25.0461015342],[121.5305363119,25.0458168745],[121.5305362557,25.0458167215],[121.5305362424,25.0458166267],[121.5301193594,25.0443399711],[121.5301147899,25.0443275828],[121.5300931818,25.0442983708],[121.5300609474,25.0442789154],[121.5300229941,25.0442721787],[121.5299850998,25.0442791861],[121.5299530336,25.0442988708],[121.5299316774,25.0443282361],[121.5299242824,25.0443628113],[121.5299274049,25.0443849445],[121.5303442508,25.0458614768],[121.5304215126,25.0461383956],[121.5304608206,25.0466135043],[121.5303723106,25.0469082483],[121.5301714821,25.0472271265],[121.5295782699,25.0477717729],[121.5293069144,25.0480031192],[121.5292829257,25.0480348128],[121.5292755302,25.048069388],[121.5292832223,25.0481039094],[121.5293048309,25.0481331215],[121.5293370662,25.048152577],[121.5293750207,25.048159314],[121.5294129162,25.0481523067],[121.5294423518,25.0481349505],[121.5297150468,25.0479024618]]]},"properties":{"section_id":"ZN2D0E0","section_name":"新生高 長安東路-八德路","travel_speed":69.0,"level_name":"順暢","level_color":"#19FF1C","data_time":"2025-12-29 20:48:00+08:00"}},{"type":"Feature","geometry":{"type":"Polygon","coordinates":[[[121.5294244358,25.0418491434],[121.5294198806,25.0418368053],[121.5293982732,25.0418075932],[121.5293660396,25.0417881376],[121.529328087,25.0417814007],[121.5292901934,25.0417884079],[121.5292581278,25.0418080925],[121.5292367718,25.0418374577],[121.5292293767,25.0418720329],[121.5292325133,25.0418942162],[121.529927266,25.0443493773],[121.5299318213,25.0443617154],[121.5299534293,25.0443909274],[121.5299856638,25.0444103827],[121.5300236172,25.0444171195],[121.5300615115,25.0444101121],[121.5300935777,25.0443904274],[121.5301149339,25.0443610621],[121.5301223288,25.0443264868],[121.5301191921,25.0443043035],[121.5294244358,25.0418491434]]]},"properties":{"section_id":"ZN2E0E0","section_name":"新生高 八德路-濟南路","travel_speed":56.0,"level_name":"車多","level_color":"#F8C920","data_time":"2025-12-29 20:48:00+08:00"}},{"type":"Feature","geometry":{"type":"Polygon","coordinates":[[[121.5216497486,25.0476464031],[121.5216476437,25.047646505],[121.5208710541,25.0477191188],[121.5208428954,25.0477256528],[121.5208108269,25.0477453356],[121.5207894679,25.0477746996],[121.5207820701,25.0478092744],[121.5207897598,25.0478437963],[121.5208113663,25.0478730097],[121.5208436003,25.047892467],[121.5208815543,25.0478992061],[121.5208912916,25.047898735],[121.5216665798,25.0478262428],[121.5226312371,25.0477594444],[121.5234391521,25.0477238536],[121.5234396841,25.047723744],[121.5234434104,25.0477235822],[121.5239763805,25.0476790808],[121.5239799175,25.0476782787],[121.5239877418,25.0476775229],[121.5246659939,25.0475475051],[121.5253237656,25.0474254774],[121.5253284917,25.0474241515],[121.5253313884,25.0474237743],[121.5260896632,25.0472250485],[121.5260951395,25.047223293],[121.5260961317,25.047223132],[121.5265764691,25.0470640102],[121.5270064349,25.0469246173],[121.5270071599,25.0469241981],[121.5270082264,25.0469240188],[121.52799394,25.0465848322],[121.5286280842,25.0464079957],[121.5286310028,25.0464070348],[121.5286316488,25.0464069341],[121.5295132591,25.0461274362],[121.5305364097,25.045886131],[121.5305498549,25.0458820043],[121.5305819213,25.0458623194],[121.5306032777,25.0458329541],[121.5306106726,25.0457983788],[121.5306029803,25.0457638574],[121.5305813718,25.0457346455],[121.530549137,25.0457151903],[121.5305111831,25.0457084536],[121.5304867336,25.0457113345],[121.5294596687,25.0459535627],[121.5294535196,25.04595545],[121.5294519333,25.0459556972],[121.5285682755,25.0462358442],[121.5279328865,25.0464130277],[121.5279275512,25.0464147844],[121.5279268745,25.0464148982],[121.5269390816,25.0467548002],[121.526509694,25.0468940056],[121.5265094389,25.0468941532],[121.5265090524,25.0468942159],[121.5260315933,25.0470523841],[121.5252803643,25.0472492633],[121.5246261259,25.0473706355],[121.5246258099,25.0473707242],[121.5246254942,25.0473707547],[121.5239525585,25.0474997533],[121.5234274454,25.0475435986],[121.5226203001,25.0475791555],[121.5226187389,25.0475794772],[121.5226175748,25.0475793098],[121.5216502518,25.0476462928],[121.5216497486,25.0476464031]]]},"properties":{"section_id":"ZKNIV20","section_name":"市民大道 中山北路-金山北路","travel_speed":49.0,"level_name":"壅塞","level_color":"#FA0300","data_time":"2025-12-29 20:48:00+08:00"}},{"type":"Feature","geometry":{"type":"Polygon","coordinates":[[[121.5279310615,25.0683546357],[121.5279387309,25.068387506],[121.5279603428,25.0684167181],[121.5279925833,25.0684361738],[121.528030544,25.0684429109],[121.5280684458,25.0684359039],[121.5281005185,25.0684162196],[121.5281218792,25.0683868545],[121.5281292524,25.0683506284],[121.5279902341,25.0626467038],[121.527982565,25.0626138335],[121.5279609542,25.0625846213],[121.5279287152,25.0625651656],[121.5278907563,25.0625584284],[121.5278528563,25.0625654353],[121.5278207851,25.0625851196],[121.5277994253,25.0626144846],[121.5277920523,25.0626507108],[121.5279310615,25.0683546357]]]},"properties":{"section_id":"ZN0E0E0","section_name":"新生高 民權東路-民族東路","travel_speed":36.0,"level_name":"壅塞","level_color":"#FA0300","data_time":"2025-12-29 20:48:00+08:00"}},{"type":"Feature","geometry":{"type":"Polygon","coordinates":[[[121.5295864902,25.0488205871],[121.5295886546,25.0488181312],[121.5299366259,25.0483251312],[121.5299449743,25.048310527],[121.5299523695,25.0482759518],[121.5299446772,25.0482414304],[121.5299230685,25.0482122184],[121.5298908331,25.048192763],[121.5298528785,25.0481860262],[121.529814983,25.0481930336],[121.5297829158,25.0482127183],[121.5297699072,25.0482274794],[121.5294236195,25.048718093],[121.5292039885,25.0489900668],[121.5292016161,25.0489939167],[121.5291986388,25.0489974186],[121.5288572352,25.0495203812],[121.5288566125,25.0495215185],[121.5288561769,25.0495220423],[121.528552804,25.0500100857],[121.5285489564,25.0500173044],[121.5285484291,25.0500180077],[121.5282184792,25.0506965696],[121.5282174711,25.0507009526],[121.5282151463,25.0507043853],[121.5280157525,25.051245115],[121.5280153966,25.0512471229],[121.5280130455,25.0512539055],[121.5279004328,25.0517064862],[121.5279000299,25.0517098247],[121.5278991108,25.0517128502],[121.5278162841,25.0522082488],[121.527713117,25.0526835214],[121.5277126851,25.0526876221],[121.5277119526,25.0526901855],[121.5276379681,25.053246978],[121.5276372507,25.0532581784],[121.5276405269,25.054023395],[121.5276407055,25.0540241961],[121.5276405487,25.0540249647],[121.5277340472,25.0580246876],[121.5277417179,25.0580576393],[121.5277633279,25.0580868516],[121.5277955656,25.0581063073],[121.5278335231,25.0581130446],[121.5278714218,25.0581060377],[121.5279034918,25.0580863534],[121.5279248508,25.0580569884],[121.5279322255,25.0580208435],[121.5278387388,25.0540219056],[121.5278354887,25.0532630947],[121.5279082856,25.0527152339],[121.5280111568,25.0522413213],[121.5280113892,25.0522391143],[121.5280119094,25.0522374019],[121.5280945286,25.0517432395],[121.5282052452,25.0512982767],[121.5284015735,25.0507658581],[121.528727683,25.0500951921],[121.5290281346,25.049611847],[121.5293665214,25.0490935045],[121.5295851252,25.0488228022],[121.5295864902,25.0488205871]]]},"properties":{"section_id":"ZN0C0E0","section_name":"新生高 長安東路-民生東路","travel_speed":54.0,"level_name":"車多","level_color":"#F8C920","data_time":"2025-12-29 20:48:00+08:00"}},{"type":"Feature","geometry":{"type":"Polygon","coordinates":[[[121.5727101066,25.052287358],[121.5727103005,25.0522874454],[121.5727103962,25.0522875123],[121.5748376902,25.0534167964],[121.574850053,25.0534223486],[121.5748880114,25.0534290738],[121.5749259057,25.0534220549],[121.5749579668,25.0534023606],[121.5749793137,25.053372989],[121.5749866965,25.0533384118],[121.5749789913,25.053303893],[121.5749573711,25.0532746878],[121.5749374903,25.0532607945],[121.572810343,25.0521315886],[121.5706546014,25.0509782295],[121.5706419496,25.0509725227],[121.5706039921,25.0509657964],[121.5705660983,25.0509728141],[121.5705340371,25.0509925075],[121.5705126895,25.0510218785],[121.5705053056,25.0510564555],[121.5705130094,25.0510909746],[121.5705346281,25.0511201805],[121.5705542187,25.0511339201],[121.5727101066,25.052287358]]]},"properties":{"section_id":"Z6130C0","section_name":"環東出城　麥帥一橋","travel_speed":61.0,"level_name":"車多","level_color":"#F8C920","data_time":"2025-12-29 20:48:00+08:00"}},{"type":"Feature","geometry":{"type":"Polygon","coordinates":[[[121.5847731559,25.0586848171],[121.5847856219,25.0586904227],[121.5848235825,25.0586971454],[121.5848614778,25.058690124],[121.5848935386,25.0586704275],[121.584914884,25.0586410546],[121.5849222643,25.0586064769],[121.5849145559,25.0585719587],[121.5848929325,25.058542755],[121.5848731519,25.0585289174],[121.581599319,25.0567865648],[121.5815868534,25.0567809589],[121.5815488936,25.0567742354],[121.5815109987,25.056781256],[121.5814789378,25.0568009517],[121.5814575919,25.0568303242],[121.5814502107,25.0568649017],[121.5814579179,25.0568994201],[121.5814795403,25.0569286244],[121.5814993203,25.0569424624],[121.5847731559,25.0586848171]]]},"properties":{"section_id":"Z6150C1","section_name":"環東出城 堤頂舊宗","travel_speed":85.0,"level_name":"順暢","level_color":"#19FF1C","data_time":"2025-12-29 20:48:00+08:00"}},{"type":"Feature","geometry":{"type":"Polygon","coordinates":[[[121.5891583765,25.0611268852],[121.5891643567,25.0611296373],[121.5891660151,25.0611307161],[121.5896581706,25.0613524231],[121.5896613083,25.0613530846],[121.5896645791,25.0613550566],[121.5897025407,25.0613617779],[121.5897133199,25.0613617351],[121.5897512157,25.0613547125],[121.5897832764,25.061335015],[121.5898046211,25.0613056413],[121.5898120002,25.0612710635],[121.5898042903,25.0612365455],[121.5897826652,25.0612073426],[121.5897504172,25.0611879005],[121.5897334279,25.0611848924],[121.5892578032,25.0609706323],[121.5848971506,25.0585500211],[121.584883104,25.0585435563],[121.5848451435,25.0585368337],[121.5848072483,25.058543855],[121.5847751875,25.0585635515],[121.5847538421,25.0585929244],[121.5847464617,25.0586275021],[121.58475417,25.0586620203],[121.5847757935,25.058691224],[121.5847939935,25.0587042024],[121.5891583765,25.0611268852]]]},"properties":{"section_id":"Z6160C0","section_name":"環東出城　彩虹橋段","travel_speed":76.0,"level_name":"順暢","level_color":"#19FF1C","data_time":"2025-12-29 20:48:00+08:00"}},{"type":"Feature","geometry":{"type":"Polygon","coordinates":[[[121.5900417932,25.0611798708],[121.5897124556,25.0611811791],[121.5896745599,25.0611882018],[121.5896424992,25.0612078993],[121.5896211545,25.0612372729],[121.5896137754,25.0612718507],[121.5896214852,25.0613063687],[121.5896431103,25.0613355716],[121.5896753583,25.0613550138],[121.5897133199,25.0613617351],[121.5900596941,25.0613603591],[121.5900927637,25.0613550461],[121.5907551496,25.0611383488],[121.5907572137,25.0611371508],[121.5907599757,25.061136639],[121.5907920362,25.0611169412],[121.5907995704,25.0611091732],[121.5916200105,25.0601584009],[121.5921814889,25.059884277],[121.5922050562,25.0598682638],[121.5922264001,25.0598388899],[121.5922337784,25.0598043119],[121.5922260679,25.0597697941],[121.5922044426,25.0597405915],[121.5921721945,25.0597211499],[121.5921342333,25.0597144292],[121.5920963382,25.0597214524],[121.5920878456,25.0597251373],[121.5915080849,25.0600081869],[121.5914845174,25.0600241999],[121.5914769833,25.060031968],[121.5906613307,25.0609771912],[121.5900417932,25.0611798708]]]},"properties":{"section_id":"Z6160C1","section_name":"環東出城 彩虹經貿1","travel_speed":76.0,"level_name":"順暢","level_color":"#19FF1C","data_time":"2025-12-29 20:48:00+08:00"}},{"type":"Feature","geometry":{"type":"Polygon","coordinates":[[[121.5939160198,25.0588330282],[121.5939075274,25.0588367132],[121.5920878456,25.0597251373],[121.5920642783,25.0597411504],[121.5920429344,25.0597705244],[121.5920355561,25.0598051023],[121.5920432665,25.0598396201],[121.5920648918,25.0598688228],[121.5920971399,25.0598882644],[121.5921351011,25.0598949851],[121.5921729963,25.0598879619],[121.5921814889,25.059884277],[121.5939843097,25.0590040847],[121.5956386314,25.0588366444],[121.5956610477,25.058831346],[121.5956645259,25.0588307281],[121.5969950974,25.0583454392],[121.5979740966,25.0581655531],[121.5991017001,25.05819468],[121.5991428424,25.0581876904],[121.5991749007,25.0581679909],[121.5991962426,25.0581386159],[121.5992036188,25.0581040376],[121.5991959065,25.0580695202],[121.5991742798,25.0580403186],[121.5991420312,25.0580208786],[121.5991073182,25.058014195],[121.5979684028,25.0579847758],[121.5979668475,25.05798504],[121.5979651548,25.0579847404],[121.5979459947,25.0579865221],[121.5969470459,25.0581700738],[121.5969311659,25.0581745179],[121.5969298022,25.0581747602],[121.5956033506,25.0586585465],[121.5939434049,25.0588265558],[121.5939160198,25.0588330282]]]},"properties":{"section_id":"Z6160C2","section_name":"環東出城 彩虹經貿2","travel_speed":77.0,"level_name":"順暢","level_color":"#19FF1C","data_time":"2025-12-29 20:48:00+08:00"}},{"type":"Feature","geometry":{"type":"Polygon","coordinates":[[[121.6003066232,25.0580454332],[121.6003050124,25.0580451231],[121.5991073182,25.058014195],[121.599066176,25.0580211846],[121.5990341177,25.0580408841],[121.5990127758,25.058070259],[121.5990053995,25.0581048373],[121.5990131117,25.0581393547],[121.5990347384,25.0581685563],[121.5990669871,25.0581879964],[121.5991017001,25.05819468],[121.600297957,25.0582255709],[121.6029739762,25.0583655866],[121.6038592893,25.0584819149],[121.603873882,25.0584828388],[121.603911776,25.0584758126],[121.6039438337,25.0584561121],[121.6039651744,25.0584267365],[121.6039725493,25.058392158],[121.6039648357,25.0583576408],[121.6039432078,25.05832844],[121.6039109584,25.058309001],[121.6038875897,25.0583032072],[121.6029980622,25.0581863251],[121.602991273,25.0581858952],[121.602989594,25.0581855487],[121.6003078889,25.0580452355],[121.6003066232,25.0580454332]]]},"properties":{"section_id":"Z6160C3","section_name":"環東出城 彩虹經貿3","travel_speed":77.0,"level_name":"順暢","level_color":"#19FF1C","data_time":"2025-12-29 20:48:00+08:00"}},{"type":"Feature","geometry":{"type":"Polygon","coordinates":[[[121.6051452227,25.0584685598],[121.6051442637,25.058468322],[121.6038875897,25.0583032072],[121.6038729971,25.0583022832],[121.6038351031,25.0583093094],[121.6038030455,25.05832901],[121.6037817047,25.0583583855],[121.6037743297,25.058392964],[121.6037820433,25.0584274812],[121.6038036711,25.058456682],[121.6038359206,25.0584761211],[121.6038592893,25.0584819149],[121.6051147461,25.0586468698],[121.6064992781,25.0588608874],[121.6076164983,25.0591857469],[121.6076470834,25.0591900215],[121.6076849774,25.0591829944],[121.6077170346,25.059163293],[121.6077383745,25.0591339169],[121.6077457484,25.0590993382],[121.6077380337,25.0590648213],[121.6077164048,25.059035621],[121.6076841546,25.0590161829],[121.6076767779,25.0590137408],[121.606552896,25.0586869443],[121.6065485465,25.0586863363],[121.6065393371,25.0586839409],[121.605146697,25.0584686699],[121.6051452227,25.0584685598]]]},"properties":{"section_id":"Z6160C4","section_name":"環東出城 彩虹經貿4","travel_speed":75.0,"level_name":"順暢","level_color":"#19FF1C","data_time":"2025-12-29 20:48:00+08:00"}},{"type":"Feature","geometry":{"type":"Polygon","coordinates":[[[121.6088889338,25.0593670391],[121.6088871761,25.0593659797],[121.6088797994,25.0593635376],[121.6076767779,25.0590137408],[121.6076461929,25.0590094661],[121.6076082989,25.0590164933],[121.6075762417,25.0590361946],[121.6075549018,25.0590655707],[121.6075475278,25.0591001493],[121.6075552425,25.0591346663],[121.6075768713,25.0591638666],[121.6076091216,25.0591833048],[121.6076164983,25.0591857469],[121.6088139005,25.0595339099],[121.6094681577,25.0598057139],[121.6101361583,25.0601807731],[121.610478562,25.0604315723],[121.6105031566,25.0604447803],[121.6105411189,25.0604514963],[121.6105790131,25.0604444684],[121.6106110702,25.0604247664],[121.6106324096,25.0603953899],[121.6106397828,25.0603608111],[121.6106320671,25.0603262944],[121.6106104374,25.0602970945],[121.6106027809,25.060290865],[121.6102555488,25.0600365294],[121.610251416,25.06003431],[121.6102454457,25.0600300312],[121.6095669125,25.0596490583],[121.6095575401,25.0596447186],[121.6095560335,25.0596437709],[121.6088907884,25.0593674021],[121.6088889338,25.0593670391]]]},"properties":{"section_id":"Z6160C5","section_name":"環東出城 彩虹經貿5","travel_speed":75.0,"level_name":"順暢","level_color":"#19FF1C","data_time":"2025-12-29 20:48:00+08:00"}},{"type":"Feature","geometry":{"type":"Polygon","coordinates":[[[121.611147337,25.0606903513],[121.6111396805,25.0606841218],[121.6106027809,25.060290865],[121.6105781864,25.060277657],[121.6105402241,25.060270941],[121.61050233,25.0602779689],[121.6104702729,25.0602976708],[121.6104489334,25.0603270473],[121.6104415602,25.0603616261],[121.6104492758,25.0603961429],[121.6104709056,25.0604253427],[121.610478562,25.0604315723],[121.6110069848,25.0608186204],[121.6117341215,25.0616462284],[121.611741739,25.0616539439],[121.6117739906,25.0616733812],[121.6118119533,25.0616800969],[121.6118498478,25.0616730686],[121.611881905,25.0616533664],[121.6119032443,25.0616239897],[121.6119106172,25.0615894108],[121.6119029011,25.0615548942],[121.6118888884,25.0615334101],[121.6111549545,25.0606980669],[121.611147337,25.0606903513]]]},"properties":{"section_id":"Z6160C6","section_name":"環東出城 彩虹經貿6","travel_speed":75.0,"level_name":"順暢","level_color":"#19FF1C","data_time":"2025-12-29 20:48:00+08:00"}},{"type":"Feature","geometry":{"type":"Polygon","coordinates":[[[121.6125813524,25.0626105053],[121.61258897,25.0626182209],[121.6126212219,25.0626376579],[121.612659185,25.0626443734],[121.6126970798,25.0626373449],[121.612729137,25.0626176425],[121.6127504764,25.0625882657],[121.612757849,25.0625536868],[121.6127501327,25.0625191702],[121.6127361196,25.0624976862],[121.6118888884,25.0615334101],[121.6118812708,25.0615256945],[121.6118490193,25.0615062573],[121.6118110566,25.0614995416],[121.6117731622,25.0615065699],[121.611741105,25.0615262721],[121.6117197657,25.0615556488],[121.6117123927,25.0615902276],[121.6117201088,25.0616247443],[121.6117341215,25.0616462284],[121.6125813524,25.0626105053]]]},"properties":{"section_id":"Z6160C7","section_name":"環東出城 彩虹經貿7","travel_speed":67.0,"level_name":"順暢","level_color":"#19FF1C","data_time":"2025-12-29 20:48:00+08:00"}},{"type":"Feature","geometry":{"type":"Polygon","coordinates":[[[121.6204031729,25.0599854961],[121.6204072528,25.059981299],[121.6220065754,25.0581372154],[121.6220205437,25.0581154172],[121.6220279135,25.0580808379],[121.6220201949,25.0580463218],[121.6219985628,25.0580171237],[121.6219663107,25.0579976886],[121.6219283486,25.0579909755],[121.6218904559,25.0579980063],[121.6218584013,25.0580177107],[121.6218510333,25.0580252906],[121.6202538958,25.0598668521],[121.6198147943,25.0603051158],[121.6191847607,25.0608263842],[121.6180708154,25.0616411005],[121.6165976836,25.0625522769],[121.6165829604,25.0625634186],[121.616561622,25.0625927959],[121.6165542504,25.062627375],[121.6165619678,25.0626618914],[121.6165835994,25.0626910903],[121.616615852,25.0627105265],[121.6166538153,25.0627172409],[121.6166917098,25.0627102114],[121.6167090433,25.0627016498],[121.6181854572,25.0617884428],[121.6181893517,25.0617854956],[121.6181918312,25.0617841513],[121.6193112216,25.0609654518],[121.6193149971,25.0609623539],[121.6193158066,25.0609618841],[121.6199515113,25.0604359231],[121.6199541678,25.0604324666],[121.6199580803,25.0604299537],[121.6204026896,25.0599861921],[121.6204031729,25.0599854961]]]},"properties":{"section_id":"Z6180A0","section_name":"環東出城　往國道三號","travel_speed":79.0,"level_name":"順暢","level_color":"#19FF1C","data_time":"2025-12-29 20:48:00+08:00"}},{"type":"Feature","geometry":{"type":"Polygon","coordinates":[[[121.5705644411,25.0514494908],[121.5705524052,25.0514441109],[121.5705144476,25.0514373845],[121.5704765536,25.0514444023],[121.5704444923,25.0514640956],[121.5704231446,25.0514934666],[121.5704157606,25.0515280436],[121.5704234644,25.0515625627],[121.5704450832,25.0515917686],[121.5704652898,25.0516058351],[121.5756712652,25.0543453389],[121.5756833016,25.0543507184],[121.5757212604,25.0543574434],[121.5757591549,25.0543504243],[121.5757912161,25.0543307298],[121.575812563,25.0543013581],[121.5758199456,25.0542667808],[121.5758122401,25.0542322621],[121.5757906196,25.054203057],[121.5757704119,25.0541889913],[121.5705644411,25.0514494908]]]},"properties":{"section_id":"Z6360G0","section_name":"環東進城　麥帥一橋","travel_speed":65.0,"level_name":"順暢","level_color":"#19FF1C","data_time":"2025-12-29 20:48:00+08:00"}},{"type":"Feature","geometry":{"type":"Polygon","coordinates":[[[121.5728877773,25.0569643843],[121.5728713256,25.056944774],[121.5728712121,25.0569447055],[121.5728711363,25.0569446035],[121.5704631873,25.0547813019],[121.5701445792,25.0543618592],[121.5700559385,25.0536246396],[121.5704237536,25.0516021795],[121.5704250853,25.0515870439],[121.5704173815,25.0515525248],[121.5703957627,25.0515233189],[121.5703635202,25.0515038725],[121.5703255626,25.0514971461],[121.5702876686,25.0515041637],[121.5702556073,25.0515238571],[121.5702342595,25.051553228],[121.5702282072,25.0515726694],[121.5698581619,25.0536073746],[121.5698568301,25.0536225102],[121.5698574183,25.0536319589],[121.5699502747,25.0544042508],[121.5699573903,25.0544293212],[121.5699672932,25.0544457904],[121.5703054746,25.0548910019],[121.570317191,25.0549037386],[121.5703173046,25.054903807],[121.5703173803,25.0549039091],[121.5727221132,25.0570643237],[121.5731998273,25.0578325091],[121.5732162791,25.0578521194],[121.5732485237,25.0578715651],[121.5732864834,25.0578782907],[121.5733243792,25.0578712723],[121.5733564417,25.0578515783],[121.5733777897,25.0578222069],[121.5733851732,25.0577876298],[121.5733774682,25.0577531109],[121.5733722994,25.0577435157],[121.5728877773,25.0569643843]]]},"properties":{"section_id":"Z7010A0","section_name":"正氣橋出城接麥二橋","travel_speed":65.0,"level_name":"順暢","level_color":"#19FF1C","data_time":"2025-12-29 20:48:00+08:00"}},{"type":"Feature","geometry":{"type":"Polygon","coordinates":[[[121.5918163105,25.0603090305],[121.5917927597,25.0603250355],[121.5917848564,25.0603332342],[121.5909710587,25.0612881488],[121.590419853,25.0615528961],[121.589846518,25.0616204903],[121.5896782561,25.0615729743],[121.589648474,25.0615689261],[121.5896105781,25.0615759487],[121.5895785173,25.0615956462],[121.5895571726,25.0616250198],[121.5895497934,25.0616595976],[121.5895575033,25.0616941156],[121.5895791284,25.0617233185],[121.5896113765,25.0617427607],[121.5896195561,25.0617454339],[121.5898084591,25.0617987788],[121.5898382412,25.061802827],[121.5898505313,25.061802081],[121.590463009,25.061729872],[121.5904886147,25.0617235952],[121.590496516,25.0617201968],[121.5910824546,25.0614387669],[121.5911066139,25.0614224675],[121.5911145173,25.0614142689],[121.5919285356,25.0604590943],[121.5923969132,25.0602303188],[121.592420464,25.0602143138],[121.5924418078,25.0601849398],[121.5924491861,25.0601503618],[121.5924414755,25.060115844],[121.5924198501,25.0600866415],[121.5923876019,25.0600671999],[121.5923496406,25.0600604792],[121.5923117454,25.0600675025],[121.5923032362,25.0600711956],[121.5918163105,25.0603090305]]]},"properties":{"section_id":"Z6330G7","section_name":"環東出城 經貿彩虹7","travel_speed":59.0,"level_name":"車多","level_color":"#F8C920","data_time":"2025-12-29 20:48:00+08:00"}},{"type":"Feature","geometry":{"type":"Polygon","coordinates":[[[121.5891099205,25.0616011514],[121.5891181001,25.0616038246],[121.5896195561,25.0617454339],[121.5896493382,25.0617494821],[121.5896872341,25.0617424594],[121.589719295,25.0617227619],[121.5897406397,25.0616933883],[121.5897480188,25.0616588104],[121.5897403089,25.0616242925],[121.5897186838,25.0615950896],[121.5896864357,25.0615756474],[121.5896782561,25.0615729743],[121.5891883134,25.0614346164],[121.5857936854,25.0595698414],[121.585780031,25.0595635933],[121.5857420701,25.0595568709],[121.5857041746,25.0595638925],[121.5856721137,25.0595835891],[121.5856507683,25.0596129622],[121.5856433882,25.0596475399],[121.5856510968,25.059682058],[121.5856727206,25.0597112616],[121.5856913131,25.0597244565],[121.5890962656,25.0615949036],[121.5891099205,25.0616011514]]]},"properties":{"section_id":"Z6330G8","section_name":"環東出城 經貿彩虹8","travel_speed":59.0,"level_name":"車多","level_color":"#F8C920","data_time":"2025-12-29 20:48:00+08:00"}},{"type":"Feature","geometry":{"type":"Polygon","coordinates":[[[121.6028085729,25.0584314188],[121.6027991213,25.0584307844],[121.6027974327,25.0584304511],[121.5987272008,25.0582872249],[121.5986850404,25.0582941834],[121.5986529819,25.0583138828],[121.5986316399,25.0583432577],[121.5986242635,25.0583778359],[121.5986319756,25.0584123534],[121.5986536022,25.058441555],[121.5986858509,25.0584609952],[121.5987195459,25.0584676478],[121.6027841837,25.058610677],[121.6038082108,25.0587531447],[121.6038236172,25.0587541787],[121.6038615113,25.0587471525],[121.603893569,25.058727452],[121.6039149098,25.0586980764],[121.6039222848,25.0586634979],[121.6039145711,25.0586289807],[121.6038929432,25.0585997799],[121.6038606937,25.0585803409],[121.6038381386,25.0585746571],[121.6028085729,25.0584314188]]]},"properties":{"section_id":"Z6330G5","section_name":"環東出城 經貿彩虹5","travel_speed":72.0,"level_name":"順暢","level_color":"#19FF1C","data_time":"2025-12-29 20:48:00+08:00"}},{"type":"Feature","geometry":{"type":"Polygon","coordinates":[[[121.5977375397,25.0583842056],[121.5977219024,25.0583877839],[121.5977132069,25.0583891919],[121.5958509545,25.0590034641],[121.5940319882,25.0592331493],[121.5940072668,25.0592393188],[121.5939987577,25.0592430119],[121.5923032362,25.0600711956],[121.5922796854,25.0600872006],[121.5922583415,25.0601165746],[121.5922509632,25.0601511525],[121.5922586737,25.0601856703],[121.5922802992,25.0602148729],[121.5923125473,25.0602343145],[121.5923505087,25.0602410352],[121.592388404,25.0602340119],[121.5923969132,25.0602303188],[121.5940767907,25.0594097764],[121.5958885045,25.0591810068],[121.59590309,25.0591773666],[121.5959086402,25.0591764679],[121.5977688811,25.0585628592],[121.5987186381,25.0584803105],[121.5987475565,25.0584736929],[121.598779615,25.0584539935],[121.598800957,25.0584246186],[121.5988083334,25.0583900403],[121.5988006212,25.0583555229],[121.5987789945,25.0583263213],[121.5987467459,25.0583068811],[121.5987087848,25.058300162],[121.5986998088,25.0583005694],[121.5977375397,25.0583842056]]]},"properties":{"section_id":"Z6330G6","section_name":"環東出城 經貿彩虹6","travel_speed":72.0,"level_name":"順暢","level_color":"#19FF1C","data_time":"2025-12-29 20:48:00+08:00"}},{"type":"Feature","geometry":{"type":"Polygon","coordinates":[[[121.6109779458,25.0609089136],[121.6109696406,25.060900406],[121.6109608604,25.0608933656],[121.6103969468,25.0604924159],[121.6103734759,25.0604800188],[121.6103355135,25.0604733027],[121.6102976193,25.0604803306],[121.6102655622,25.0605000325],[121.6102442226,25.0605294089],[121.6102368493,25.0605639877],[121.6102445649,25.0605985045],[121.6102661946,25.0606277044],[121.6102749747,25.0606347448],[121.6108292983,25.0610288762],[121.6116242837,25.0619547493],[121.611632589,25.0619632568],[121.6116648406,25.0619826941],[121.6117028035,25.0619894098],[121.6117406981,25.0619823816],[121.6117727553,25.0619626793],[121.6117940948,25.0619333027],[121.6118014677,25.0618987238],[121.6117937516,25.0618642071],[121.6117804267,25.061843515],[121.6109779458,25.0609089136]]]},"properties":{"section_id":"Z6330G2","section_name":"環東出城 經貿彩虹2","travel_speed":75.0,"level_name":"順暢","level_color":"#19FF1C","data_time":"2025-12-29 20:48:00+08:00"}},{"type":"Feature","geometry":{"type":"Polygon","coordinates":[[[121.6101152585,25.0602921302],[121.6101128755,25.0602908715],[121.6101092652,25.0602881874],[121.6094817977,25.0599070044],[121.6094696129,25.0599011102],[121.60946753,25.0598998061],[121.6087383355,25.059600441],[121.60873246,25.0595993032],[121.6087279253,25.0595967942],[121.607563289,25.0592559733],[121.6075325277,25.0592516472],[121.6074946336,25.0592586744],[121.6074625764,25.0592783756],[121.6074412363,25.0593077517],[121.6074338623,25.0593423304],[121.607441577,25.0593768473],[121.6074632059,25.0594060476],[121.6075026566,25.0594278765],[121.6086619765,25.0597671416],[121.6093786193,25.0600613538],[121.6099962022,25.0604365321],[121.6102749747,25.0606347448],[121.6102984457,25.060647142],[121.610336408,25.060653858],[121.6103743023,25.0606468302],[121.6104063594,25.0606271282],[121.610427699,25.0605977517],[121.6104350722,25.060563173],[121.6104273566,25.0605286562],[121.6104057269,25.0604994563],[121.6103969468,25.0604924159],[121.6101152585,25.0602921302]]]},"properties":{"section_id":"Z6330G3","section_name":"環東出城 經貿彩虹3","travel_speed":75.0,"level_name":"順暢","level_color":"#19FF1C","data_time":"2025-12-29 20:48:00+08:00"}},{"type":"Feature","geometry":{"type":"Polygon","coordinates":[[[121.6069251928,25.0590692352],[121.6069217711,25.059068754],[121.6069134843,25.0590665135],[121.6050862618,25.0587483557],[121.6050841876,25.058748181],[121.6050826153,25.0587477848],[121.6038381386,25.0585746571],[121.6038227323,25.0585736231],[121.6037848382,25.0585806493],[121.6037527805,25.0586003498],[121.6037314397,25.0586297254],[121.6037240647,25.0586643039],[121.6037317783,25.058698821],[121.6037534062,25.0587280219],[121.6037856557,25.0587474609],[121.6038082108,25.0587531447],[121.6050508602,25.0589260182],[121.6068703225,25.0592428247],[121.6075026566,25.0594278765],[121.607533418,25.0594322027],[121.6075713121,25.0594251755],[121.6076033694,25.0594054742],[121.6076247094,25.0593760981],[121.6076320833,25.0593415194],[121.6076243686,25.0593070025],[121.6076027397,25.0592778022],[121.607563289,25.0592559733],[121.6069251928,25.0590692352]]]},"properties":{"section_id":"Z6330G4","section_name":"環東出城 經貿彩虹4","travel_speed":75.0,"level_name":"順暢","level_color":"#19FF1C","data_time":"2025-12-29 20:48:00+08:00"}},{"type":"Feature","geometry":{"type":"Polygon","coordinates":[[[121.6206186419,25.0602082846],[121.620626009,25.060200629],[121.6222124471,25.058333339],[121.6222258054,25.0583122515],[121.6222331752,25.0582776722],[121.6222254565,25.0582431561],[121.6222038244,25.058213958],[121.6221715722,25.058194523],[121.62213361,25.0581878099],[121.6220957172,25.0581948408],[121.6220636626,25.0582145452],[121.6220556846,25.0582228358],[121.6204727546,25.0600859939],[121.6195270338,25.0609669498],[121.6186058998,25.0616746028],[121.6178843832,25.0621286909],[121.6178703208,25.0621394205],[121.6178489828,25.0621687981],[121.6178416116,25.0622033772],[121.6178493294,25.0622378935],[121.6178709612,25.0622670922],[121.6179032138,25.0622865281],[121.6179411771,25.0622932422],[121.6179790714,25.0622862124],[121.6179970653,25.0622772385],[121.6187225008,25.0618206837],[121.6187276082,25.0618167866],[121.6187300599,25.0618154206],[121.6196584719,25.0611021758],[121.6196649749,25.0610967092],[121.6196651611,25.0610964529],[121.6196654354,25.0610962831],[121.6206184912,25.0602084935],[121.6206186419,25.0602082846]]]},"properties":{"section_id":"Z6310G0","section_name":"環東進城　前方","travel_speed":77.0,"level_name":"順暢","level_color":"#19FF1C","data_time":"2025-12-29 20:48:00+08:00"}},{"type":"Feature","geometry":{"type":"Polygon","coordinates":[[[121.5782627686,25.0552221549],[121.5782748697,25.0552275682],[121.5783128289,25.0552342925],[121.5783507235,25.0552272728],[121.5783827845,25.0552075777],[121.5784041309,25.0551782057],[121.5784115129,25.0551436283],[121.5784038066,25.0551091097],[121.5783821853,25.055079905],[121.5783620417,25.0550658736],[121.5749372283,25.0532606559],[121.5749251275,25.0532552423],[121.5748871691,25.0532485171],[121.5748492749,25.0532555359],[121.5748172138,25.0532752303],[121.5747958669,25.0533046018],[121.574788484,25.053339179],[121.5747961891,25.0533736979],[121.5748178093,25.0534029031],[121.5748379522,25.053416935],[121.5782627686,25.0552221549]]]},"properties":{"section_id":"Z6140C0","section_name":"環東出城　堤頂舊宗","travel_speed":63.0,"level_name":"車多","level_color":"#F8C920","data_time":"2025-12-29 20:48:00+08:00"}},{"type":"Feature","geometry":{"type":"Polygon","coordinates":[[[121.5839012477,25.0584238614],[121.5839135385,25.0584293975],[121.583913634,25.0584294552],[121.5847186582,25.0587312796],[121.5847568106,25.0587380739],[121.5847947059,25.0587310526],[121.5848267667,25.0587113561],[121.5848481121,25.0586819831],[121.5848554925,25.0586474055],[121.5848477842,25.0586128873],[121.5848261607,25.0585836836],[121.584794106,25.0585643121],[121.5839954905,25.0582648906],[121.5818083879,25.0570973875],[121.58179581,25.0570917218],[121.5817578501,25.0570849984],[121.5817199551,25.057092019],[121.5816878942,25.0571117148],[121.5816665483,25.0571410873],[121.5816591671,25.0571756648],[121.5816668744,25.0572101832],[121.5816884969,25.0572393874],[121.5817081647,25.0572531656],[121.5839012477,25.0584238614]]]},"properties":{"section_id":"Z6151C0","section_name":"環東出城　舊宗匝道","travel_speed":56.0,"level_name":"車多","level_color":"#F8C920","data_time":"2025-12-29 20:48:00+08:00"}},{"type":"Feature","geometry":{"type":"Polygon","coordinates":[[[121.5685897148,25.0481259209],[121.5685899229,25.048126174],[121.5685903513,25.0481269755],[121.5701755896,25.0507126003],[121.5701824286,25.0507208042],[121.5701867763,25.0507272342],[121.5705289666,25.0510919516],[121.5705345227,25.0510974018],[121.5705667651,25.0511168482],[121.5706047226,25.0511235745],[121.5706426164,25.0511165568],[121.5706746777,25.0510968634],[121.5706960252,25.0510674924],[121.5707034091,25.0510329153],[121.5706957053,25.0509983963],[121.5706796426,25.0509746406],[121.5703438427,25.0506167348],[121.5687637202,25.0480394599],[121.5677730526,25.0463717141],[121.5677556744,25.046350575],[121.5677234337,25.046331128],[121.5676854778,25.0463244009],[121.5676475853,25.0463314178],[121.5676155248,25.0463511106],[121.5675941773,25.0463804811],[121.5675867927,25.0464150581],[121.5675944954,25.0464495773],[121.5675987344,25.0464576446],[121.5685897148,25.0481259209]]]},"properties":{"section_id":"Z6120C0","section_name":"環東出城　正氣橋","travel_speed":41.0,"level_name":"壅塞","level_color":"#FA0300","data_time":"2025-12-29 20:48:00+08:00"}},{"type":"Feature","geometry":{"type":"Polygon","coordinates":[[[121.5758217967,25.0542237629],[121.5758096032,25.0542183006],[121.5757716445,25.0542115756],[121.57573375,25.0542185946],[121.5757016888,25.0542382892],[121.575680342,25.0542676608],[121.5756729593,25.0543022381],[121.5756806647,25.0543367569],[121.5757022853,25.054365962],[121.5757223358,25.0543799449],[121.5778852189,25.0555228291],[121.5778974126,25.0555282913],[121.5779353718,25.0555350157],[121.5779732666,25.0555279961],[121.5780053277,25.0555083011],[121.5780266742,25.0554789291],[121.5780340563,25.0554443517],[121.5780263501,25.0554098331],[121.5780047288,25.0553806283],[121.5779846779,25.0553666457],[121.5758217967,25.0542237629]]]},"properties":{"section_id":"Z6350G0","section_name":"環東進城 堤頂麥一","travel_speed":52.0,"level_name":"車多","level_color":"#F8C920","data_time":"2025-12-29 20:48:00+08:00"}},{"type":"Feature","geometry":{"type":"Polygon","coordinates":[[[121.499344747,25.0415938819],[121.4993426002,25.0415926016],[121.4993413601,25.0415910251],[121.4981444534,25.0406276255],[121.4981441131,25.0406274327],[121.4981425437,25.0406261273],[121.4965250401,25.0393894248],[121.4965234761,25.0393885637],[121.4965195098,25.0393854918],[121.4958360504,25.0389339681],[121.4952446026,25.0385418519],[121.4952351807,25.038537061],[121.4952307842,25.0385341793],[121.4942994688,25.0381078638],[121.4933504687,25.0376440238],[121.4923612795,25.0370751347],[121.4917384274,25.0366674848],[121.4913328619,25.036371716],[121.4913085248,25.0363586636],[121.4912705758,25.0363519168],[121.4912326815,25.0363589143],[121.4912006111,25.0363785908],[121.4911792468,25.0364079507],[121.4911718413,25.0364425242],[121.491179522,25.0364770478],[121.4912011196,25.0365062657],[121.4912090087,25.0365126772],[121.4916165887,25.0368099154],[121.4916179878,25.0368106657],[121.4916206987,25.0368127559],[121.4922480566,25.0372233551],[121.4922505409,25.0372246093],[121.4922529755,25.0372263753],[121.4932476367,25.0377984115],[121.4932518721,25.0378004011],[121.4932536855,25.0378016237],[121.4942069432,25.0382675449],[121.4942088462,25.0382683627],[121.4942092997,25.0382686599],[121.4951345483,25.0386921985],[121.4957194991,25.0390800075],[121.4957195558,25.0390800363],[121.4957196329,25.0390800961],[121.496400318,25.0395297872],[121.4980141682,25.0407636972],[121.4992084009,25.0417249454],[121.4997856606,25.0422351019],[121.4998170769,25.0422538372],[121.4998550281,25.0422605817],[121.4998929236,25.042253582],[121.4999249942,25.0422339037],[121.4999463573,25.0422045426],[121.4999537606,25.0421699687],[121.4999460771,25.0421354456],[121.4999236636,25.0421055023],[121.499344747,25.0415938819]]]},"properties":{"section_id":"Z52A0E0","section_name":"環河快往南 桂林路-華江橋","travel_speed":74.0,"level_name":"順暢","level_color":"#19FF1C","data_time":"2025-12-29 20:48:00+08:00"}},{"type":"Feature","geometry":{"type":"Polygon","coordinates":[[[121.4887700038,25.03347613],[121.4887710463,25.0334801865],[121.4890087607,25.0339213121],[121.4890278956,25.0339455926],[121.489060121,25.033965057],[121.4890980691,25.0339718044],[121.4891359628,25.0339648074],[121.489168033,25.0339451314],[121.4891893973,25.0339157718],[121.4891968032,25.0338811984],[121.4891866616,25.0338417369],[121.4889510103,25.0334044411],[121.4886074652,25.0325777878],[121.4884322155,25.0316789257],[121.4882995256,25.0307774469],[121.4882956723,25.0298038979],[121.488327308,25.0296630032],[121.4883293179,25.0296445833],[121.4883216385,25.0296100595],[121.4883000429,25.0295808412],[121.4882678188,25.0295613766],[121.488229872,25.029554629],[121.4881919797,25.0295616257],[121.4881599105,25.0295813015],[121.4881385467,25.029610661],[121.4881331506,25.0296268146],[121.488099468,25.0297768248],[121.488097458,25.0297952446],[121.4881013698,25.0307839609],[121.4881022483,25.0307956349],[121.4882360719,25.0317048261],[121.4882364818,25.0317062032],[121.48823672,25.0317086159],[121.4884139542,25.0326176642],[121.4884182892,25.0326310928],[121.4884188471,25.0326338426],[121.4887673246,25.0334723673],[121.4887700038,25.03347613]]]},"properties":{"section_id":"Z52C0E0","section_name":"環河快往南 華江橋-西藏路","travel_speed":59.0,"level_name":"車多","level_color":"#F8C920","data_time":"2025-12-29 20:48:00+08:00"}},{"type":"Feature","geometry":{"type":"Polygon","coordinates":[[[121.4883172625,25.0288134317],[121.4883127488,25.028826944],[121.4881331506,25.0296268146],[121.4881311407,25.0296452344],[121.4881388201,25.0296797582],[121.4881604157,25.0297089766],[121.4881926398,25.0297284412],[121.4882305866,25.0297351888],[121.488268479,25.0297281921],[121.4883005482,25.0297085162],[121.488321912,25.0296791567],[121.488327308,25.0296630032],[121.4885052141,25.0288706632],[121.4890601083,25.0275735803],[121.4897479267,25.0262292817],[121.4897483241,25.0262276339],[121.4897495138,25.0262260122],[121.4906400298,25.0242886926],[121.4906477208,25.0242534901],[121.4906400411,25.0242189664],[121.4906184459,25.0241897483],[121.4905862229,25.0241702842],[121.4905482777,25.0241635372],[121.4905103871,25.0241705345],[121.4904783197,25.0241902108],[121.4904572434,25.0242189416],[121.4895674831,25.026154611],[121.48887914,25.0274999311],[121.4888784707,25.0275027062],[121.4888766256,25.0275052905],[121.4883175036,25.0288122514],[121.4883172625,25.0288134317]]]},"properties":{"section_id":"Z52D0E0","section_name":"環河快往南 西藏路-西園路","travel_speed":71.0,"level_name":"順暢","level_color":"#19FF1C","data_time":"2025-12-29 20:48:00+08:00"}},{"type":"Feature","geometry":{"type":"Polygon","coordinates":[[[121.5063853648,25.0490713152],[121.5063850018,25.0490696846],[121.506377792,25.0490569422],[121.5057446585,25.0481275136],[121.5057302652,25.0481110404],[121.5056980335,25.0480915797],[121.5056600801,25.0480848367],[121.5056221832,25.0480918379],[121.5055901121,25.0481115175],[121.5055687493,25.0481408793],[121.5055613472,25.0481754535],[121.5055690327,25.0482099762],[121.5055762424,25.0482227186],[121.5062043012,25.0491446995],[121.5069664784,25.0509792145],[121.5070175169,25.051184793],[121.5072185693,25.0523753302],[121.5072186153,25.0523754791],[121.5072186372,25.0523757265],[121.5074469336,25.0536887204],[121.5074477959,25.0536914858],[121.5074481989,25.0536946892],[121.5082347109,25.0568331121],[121.5082399127,25.0568478813],[121.5082615179,25.0568770965],[121.5082937523,25.0568965565],[121.5083317085,25.0569032988],[121.508369608,25.0568962968],[121.5084016809,25.0568766167],[121.5084230444,25.0568472544],[121.5084304462,25.0568126802],[121.5084279611,25.0567929268],[121.5076421875,25.05365747],[121.5074144458,25.0523476783],[121.5072128991,25.0511542251],[121.5072120319,25.0511514203],[121.5072116101,25.0511480372],[121.507158282,25.0509332381],[121.5071546508,25.0509228915],[121.5071543069,25.0509211964],[121.5063862722,25.0490725893],[121.5063853648,25.0490713152]]]},"properties":{"section_id":"Z5080A0","section_name":"環河快往北 市民民生","travel_speed":64.0,"level_name":"車多","level_color":"#F8C920","data_time":"2025-12-29 20:48:00+08:00"}},{"type":"Feature","geometry":{"type":"Polygon","coordinates":[[[121.5029992639,25.04580669],[121.5029986213,25.045805885],[121.5016506811,25.0447508566],[121.5016236832,25.0447357978],[121.5015857311,25.0447290537],[121.501547835,25.0447360539],[121.501515764,25.0447557326],[121.5014944009,25.0447850939],[121.5014869978,25.0448196678],[121.5014946819,25.0448541908],[121.5015215156,25.0448878099],[121.5028684941,25.0459420864],[121.5044745427,25.0472656715],[121.5055524796,25.0482046698],[121.5055833888,25.0482229567],[121.5056213421,25.0482296997],[121.5056592391,25.0482226985],[121.5056913103,25.0482030189],[121.505712673,25.0481736571],[121.5057200751,25.0481390829],[121.5057123895,25.0481045602],[121.505689464,25.0480741708],[121.5046105365,25.0471343106],[121.5046092673,25.0471335596],[121.5046085294,25.0471326099],[121.5030005241,25.0458074133],[121.5029992639,25.04580669]]]},"properties":{"section_id":"Z5070A1","section_name":"環河快往北 貴陽市民","travel_speed":66.0,"level_name":"順暢","level_color":"#19FF1C","data_time":"2025-12-29 20:48:00+08:00"}},{"type":"Feature","geometry":{"type":"Polygon","coordinates":[[[121.491961896,25.0365689642],[121.4919621797,25.0365691341],[121.4919705838,25.0365758437],[121.4923255375,25.0368254804],[121.4923316174,25.0368286756],[121.4923372831,25.0368325865],[121.4930105635,25.0371797295],[121.4947257421,25.0380655078],[121.4953928509,25.0384556193],[121.4960343216,25.0388460932],[121.4969762884,25.0394729548],[121.4977626763,25.0400773917],[121.4977889925,25.0400919236],[121.497826943,25.0400986687],[121.497864838,25.0400916695],[121.4978969083,25.0400719916],[121.4979182715,25.0400426308],[121.4979256753,25.040008057],[121.4979179925,25.0399735338],[121.4978963928,25.0399443169],[121.4978904807,25.0399393864],[121.4971014432,25.0393329134],[121.4970999518,25.0393320898],[121.4970959939,25.0393290137],[121.4961495533,25.0386991752],[121.4961479904,25.0386983788],[121.4961461537,25.0386970107],[121.4955022011,25.0383050263],[121.4955013692,25.038304623],[121.4955006764,25.0383041165],[121.4948305089,25.0379122165],[121.4948274809,25.0379107808],[121.494825847,25.0379096523],[121.4931082699,25.0370226356],[121.4931082271,25.0370226167],[121.4931082091,25.0370226042],[121.4924410499,25.0366786175],[121.4920962545,25.0364361253],[121.4912846976,25.0357139443],[121.4912530455,25.0356949954],[121.4912150967,25.0356882486],[121.4911772026,25.0356952461],[121.4911451324,25.0357149226],[121.4911237682,25.0357442825],[121.4911163627,25.035778856],[121.4911240434,25.0358133796],[121.4911462148,25.0358431125],[121.491961896,25.0365689642]]]},"properties":{"section_id":"Z5060B0","section_name":"環河快往北 華江貴陽","travel_speed":74.0,"level_name":"順暢","level_color":"#19FF1C","data_time":"2025-12-29 20:48:00+08:00"}},{"type":"Feature","geometry":{"type":"Polygon","coordinates":[[[121.5061106363,25.0840381919],[121.5061100428,25.0840389612],[121.5054603031,25.0852850434],[121.5054507202,25.0853241068],[121.5054584081,25.0853586294],[121.5054800178,25.0853878448],[121.5055122593,25.0854073052],[121.5055502242,25.0854140481],[121.5055881326,25.0854070467],[121.5056202133,25.0853873671],[121.5056394036,25.0853624948],[121.5062878041,25.0841189774],[121.5068995803,25.08311405],[121.5069046088,25.0831045111],[121.5069050696,25.083102359],[121.5069062084,25.083100715],[121.5076200542,25.0812854657],[121.5076202644,25.0812843513],[121.5076225599,25.0812781228],[121.5078553117,25.0804771218],[121.5078554748,25.0804759626],[121.5078561482,25.0804740222],[121.5080158254,25.0798337736],[121.5080161217,25.0798313258],[121.5080168924,25.0798288706],[121.5081151047,25.0793013847],[121.5081151239,25.0793011715],[121.5081151726,25.0793010152],[121.5082148899,25.0787516165],[121.508345387,25.0781046628],[121.5084353333,25.077699059],[121.508435643,25.0776961828],[121.5084362873,25.0776940278],[121.508551301,25.076965089],[121.5085514553,25.0769630696],[121.5085517094,25.0769621612],[121.5086024369,25.0765439698],[121.5086025933,25.0765412921],[121.5086027774,25.0765405781],[121.5086374993,25.0761039575],[121.5086300694,25.0760625738],[121.5086084606,25.0760333588],[121.5085762211,25.0760138989],[121.508538259,25.0760071568],[121.5085003537,25.0760141589],[121.5084682758,25.0760338391],[121.5084469091,25.0760632013],[121.5084397645,25.0760909142],[121.508405177,25.0765258359],[121.5083548321,25.0769408673],[121.5082404467,25.0776658173],[121.5081508821,25.0780696967],[121.5081507956,25.0780705],[121.5081505517,25.0780712574],[121.508019736,25.0787197856],[121.5080196486,25.0787206773],[121.5080194316,25.078721374],[121.5079196026,25.0792713833],[121.507821883,25.0797962193],[121.507663201,25.080432473],[121.5074319775,25.0812282105],[121.5067222724,25.0830329232],[121.5061128927,25.0840339117],[121.5061106363,25.0840381919]]]},"properties":{"section_id":"ZU8EF40","section_name":"環河北路 葫蘆街-敦煌路","travel_speed":57.0,"level_name":"車多","level_color":"#F8C920","data_time":"2025-12-29 20:48:00+08:00"}},{"type":"Feature","geometry":{"type":"Polygon","coordinates":[[[121.5068730627,25.0514694271],[121.5068700735,25.0514604312],[121.5068694768,25.0514572188],[121.5066441367,25.0508608175],[121.5066433408,25.0508596619],[121.5066429865,25.0508579334],[121.5062722526,25.0499753858],[121.5062714346,25.0499742416],[121.5062711115,25.0499727903],[121.5062659198,25.049963147],[121.505724802,25.0490931218],[121.5057242852,25.0490925056],[121.5057234872,25.0490910712],[121.5052353578,25.0483522411],[121.5052281433,25.0483438678],[121.5052251044,25.0483394232],[121.5043311845,25.0474065935],[121.5043285494,25.047404876],[121.5043263413,25.0474018897],[121.5043191816,25.047396017],[121.5042804386,25.0473672175],[121.504255367,25.0473536293],[121.504217414,25.0473468859],[121.5041795172,25.0473538867],[121.504147446,25.047373566],[121.504126083,25.0474029276],[121.5041186806,25.0474375017],[121.5041263656,25.0474720245],[121.5041479682,25.0475012404],[121.5041551278,25.0475071131],[121.5041873785,25.0475310866],[121.5050700405,25.0484521695],[121.5055529908,25.0491831619],[121.5060897941,25.0500462519],[121.5064572632,25.0509210309],[121.5066797913,25.0515099918],[121.5068790126,25.0524466174],[121.5068848899,25.0524643052],[121.506906494,25.0524935206],[121.506938727,25.052512981],[121.5069766817,25.0525197237],[121.50701458,25.0525127221],[121.507046652,25.0524930422],[121.5070680151,25.0524636801],[121.507075417,25.052429106],[121.5070736081,25.0524122711],[121.5068730627,25.0514694271]]]},"properties":{"section_id":"Z5260E0","section_name":"環河快往南 忠孝橋","travel_speed":53.0,"level_name":"車多","level_color":"#F8C920","data_time":"2025-12-29 20:48:00+08:00"}},{"type":"Feature","geometry":{"type":"Polygon","coordinates":[[[121.5024936461,25.0462423148],[121.5024950098,25.0462434465],[121.5041542383,25.047506444],[121.5041801994,25.0475207014],[121.5042181525,25.0475274448],[121.5042560494,25.0475204439],[121.5042881206,25.0475007647],[121.5043094835,25.047471403],[121.5043168859,25.0474368289],[121.5043092009,25.0474023061],[121.5042875983,25.0473730902],[121.5042813281,25.0473678866],[121.5026229523,25.0461055391],[121.5020713539,25.0456661666],[121.5020710007,25.0456659677],[121.5020695228,25.0456647435],[121.5016618398,25.0453555919],[121.5016360227,25.0453414429],[121.5015980704,25.0453346988],[121.5015601741,25.045341699],[121.501528103,25.0453613777],[121.5015067397,25.045390739],[121.5014993366,25.045425313],[121.5015070208,25.045459836],[121.5015286224,25.0454890522],[121.5015350356,25.0454943648],[121.5019417936,25.0458028152],[121.5024933219,25.0462421322],[121.5024936461,25.0462423148]]]},"properties":{"section_id":"Z5270E0","section_name":"環河快往南 忠孝橋-中興橋","travel_speed":45.0,"level_name":"壅塞","level_color":"#FA0300","data_time":"2025-12-29 20:48:00+08:00"}},{"type":"Feature","geometry":{"type":"Polygon","coordinates":[[[121.4971400395,25.0158978023],[121.4971362128,25.0158984616],[121.4971326061,25.0158979031],[121.4965816617,25.0159242379],[121.4965798267,25.0159246195],[121.4965708399,25.0159253007],[121.4958992297,25.0160255169],[121.4958878064,25.0160285026],[121.4958830045,25.0160292426],[121.4952118353,25.0162396757],[121.4952066631,25.0162426319],[121.4952005912,25.0162439215],[121.494784684,25.0164290086],[121.4947828336,25.0164302166],[121.4947750679,25.0164339092],[121.4944139175,25.0166427896],[121.4942136679,25.0167531774],[121.4941946387,25.0167668177],[121.4941732785,25.016796178],[121.4941658749,25.0168307518],[121.4941735551,25.0168652753],[121.4941951498,25.0168944929],[121.4942273715,25.0169139563],[121.4942653146,25.0169207024],[121.4943032028,25.0169137042],[121.4943162385,25.0169076674],[121.4945173997,25.0167967769],[121.4945180693,25.016796297],[121.4945192105,25.0167957543],[121.4948766022,25.0165890478],[121.4952820734,25.0164086048],[121.4959395385,25.0162024683],[121.4965974848,25.0161042909],[121.4971392723,25.0160783939],[121.4976463263,25.0160888553],[121.4976868204,25.0160818787],[121.4977188846,25.0160622009],[121.4977402438,25.0160328401],[121.4977476464,25.0159982662],[121.4977399652,25.0159637428],[121.4977183699,25.0159345258],[121.4976861479,25.0159150632],[121.4976508114,25.0159083404],[121.4971400395,25.0158978023]]]},"properties":{"section_id":"Z4220D0","section_name":"水源快往南 華中橋","travel_speed":37.0,"level_name":"壅塞","level_color":"#FA0300","data_time":"2025-12-29 20:48:00+08:00"}},{"type":"Feature","geometry":{"type":"Polygon","coordinates":[[[121.4938864816,25.0353671798],[121.4939224909,25.0353602042],[121.4939545606,25.0353405272],[121.493975924,25.0353111669],[121.4939833287,25.0352765933],[121.4939756473,25.0352420698],[121.4939540493,25.0352128523],[121.4939218229,25.035193389],[121.4938819896,25.0351866655],[121.478962057,25.0354940867],[121.4789260468,25.0355010587],[121.4788939745,25.0355207325],[121.4788726075,25.0355500907],[121.4788651986,25.0355846636],[121.4788728758,25.0356191879],[121.4788944703,25.0356484076],[121.4789266945,25.0356678743],[121.4789665272,25.0356746018],[121.4938864816,25.0353671798]]]},"properties":{"section_id":"ZISCI20","section_name":"華江橋(往東)","travel_speed":27.0,"level_name":"壅塞","level_color":"#FA0300","data_time":"2025-12-29 20:48:00+08:00"}},{"type":"Feature","geometry":{"type":"Polygon","coordinates":[[[121.499141048,25.0409222748],[121.4991406807,25.0409218163],[121.4980206385,25.04005193],[121.4979939339,25.0400370981],[121.4979559834,25.040030353],[121.4979180885,25.0400373523],[121.4978860182,25.0400570302],[121.4978646549,25.040086391],[121.4978572511,25.0401209648],[121.4978649339,25.040155488],[121.4978920574,25.0401893353],[121.4990115354,25.0410587841],[121.4998087466,25.0416969482],[121.5000987296,25.0419933703],[121.5003910926,25.0425266329],[121.5004816711,25.042874462],[121.5004822514,25.0428760862],[121.5004823968,25.0428770745],[121.5007458361,25.0437692354],[121.5007494691,25.0437789109],[121.5007495869,25.04377946],[121.5010034071,25.0443545962],[121.5010037944,25.0443551282],[121.5010039388,25.0443557768],[121.5010188485,25.0443783029],[121.5013718976,25.0447689423],[121.5013785893,25.0447756325],[121.5013819058,25.0447776352],[121.5013838215,25.0447800353],[121.5015215156,25.0448878099],[121.5015485136,25.0449028687],[121.5015864657,25.0449096128],[121.501624362,25.0449026126],[121.5016564329,25.0448829339],[121.501677796,25.0448535726],[121.501685199,25.0448189986],[121.5016775149,25.0447844756],[121.5016506811,25.0447508566],[121.5015194745,25.0446481599],[121.5011815923,25.0442743029],[121.5009356931,25.043717117],[121.5006741765,25.0428314721],[121.5005812933,25.0424747948],[121.5005762852,25.0424607771],[121.500574233,25.0424580014],[121.5005735263,25.0424552941],[121.5002701458,25.0419019373],[121.5002621373,25.0418918496],[121.5002554716,25.0418822103],[121.4999526848,25.0415727005],[121.49994769,25.0415694799],[121.4999441151,25.0415649482],[121.4991418024,25.0409227008],[121.499141048,25.0409222748]]]},"properties":{"section_id":"Z5070A0","section_name":"環河快往北 貴陽市民","travel_speed":47.0,"level_name":"壅塞","level_color":"#FA0300","data_time":"2025-12-29 20:48:00+08:00"}},{"type":"Feature","geometry":{"type":"Polygon","coordinates":[[[121.5640388208,25.0533440921],[121.5640388474,25.0533439535],[121.563951656,25.0514811256],[121.5639440431,25.0514500756],[121.5639224258,25.0514208687],[121.5638901843,25.0514014208],[121.5638522271,25.0513946928],[121.5638143327,25.0514017088],[121.5637822703,25.0514214008],[121.563760921,25.0514507708],[121.5637536242,25.0514888169],[121.5638408056,25.053351493],[121.563869903,25.0540265975],[121.563808067,25.0547258871],[121.5637330809,25.0555261599],[121.5637330664,25.0555264859],[121.5637330431,25.0555265748],[121.5636209087,25.0567921339],[121.5635581018,25.0573644863],[121.5634697989,25.0581169425],[121.5634692383,25.0581269144],[121.5634706547,25.0581417509],[121.5635244117,25.0584281866],[121.5635306976,25.0584478695],[121.5635523161,25.0584770764],[121.5635845594,25.0584965242],[121.5636225188,25.0585032523],[121.5636604153,25.0584962363],[121.5636924796,25.0584765444],[121.5637138301,25.0584471744],[121.5637212164,25.0584125977],[121.5637197999,25.0583977611],[121.5636683604,25.0581236757],[121.5637552362,25.0573833696],[121.5637552617,25.0573829158],[121.5637553062,25.0573827531],[121.5638182401,25.0568092348],[121.5638183101,25.0568079006],[121.5638184103,25.0568075184],[121.5639306004,25.0555413078],[121.5640055859,25.0547410278],[121.5640056009,25.0547406904],[121.5640056249,25.0547405986],[121.5640679553,25.0540357058],[121.5640682744,25.054028081],[121.5640679058,25.0540264291],[121.5640681989,25.0540249156],[121.5640388611,25.0533442575],[121.5640388208,25.0533440921]]]},"properties":{"section_id":"ZMTR600","section_name":"三民路 南京東路-民生東路","travel_speed":42.0,"level_name":"順暢","level_color":"#19FF1C","data_time":"2025-12-29 20:48:00+08:00"}},{"type":"Feature","geometry":{"type":"Polygon","coordinates":[[[121.5633731254,25.0581461883],[121.5633742598,25.0581401766],[121.5633783909,25.0581252855],[121.5634667305,25.0573725212],[121.563466756,25.0573720675],[121.5634668005,25.0573719048],[121.5635297357,25.0567983866],[121.5635298057,25.0567970523],[121.5635299059,25.0567966702],[121.5636420989,25.0555304597],[121.5637170863,25.0547301798],[121.5637171013,25.0547298425],[121.5637171254,25.0547297506],[121.5637794573,25.0540248579],[121.5637797764,25.0540172332],[121.5637794079,25.0540155812],[121.563779701,25.0540140677],[121.5637503648,25.0533334095],[121.5637503245,25.0533332441],[121.5637503511,25.0533331056],[121.563663164,25.0514702774],[121.5636555512,25.0514392273],[121.563633934,25.0514100204],[121.5636016926,25.0513905725],[121.5635637353,25.0513838443],[121.563525841,25.0513908603],[121.5634937785,25.0514105522],[121.5634724292,25.0514399222],[121.5634651323,25.0514779683],[121.5635523092,25.0533406447],[121.5635814051,25.0540157492],[121.5635195674,25.0547150388],[121.5634445795,25.0555153115],[121.563444565,25.0555156375],[121.5634445416,25.0555157264],[121.5633324043,25.0567812852],[121.5632695961,25.0573536375],[121.5631825517,25.0580953553],[121.5630828658,25.0583483371],[121.5630770396,25.0583792117],[121.5630847419,25.0584137312],[121.5631063602,25.0584429382],[121.5631386034,25.0584623861],[121.5631765628,25.0584691143],[121.5632144594,25.0584620984],[121.5632465237,25.0584424066],[121.5632694346,25.0584093346],[121.5633731254,25.0581461883]]]},"properties":{"section_id":"ZMAR840","section_name":"三民路 民生東路-南京東路","travel_speed":31.0,"level_name":"車多","level_color":"#F8C920","data_time":"2025-12-29 20:48:00+08:00"}},{"type":"Feature","geometry":{"type":"Polygon","coordinates":[[[121.5220360978,25.0500920772],[121.5220360852,25.0500920244],[121.5219067822,25.0498312285],[121.5218862691,25.0498043058],[121.5218540345,25.0497848487],[121.5218160798,25.0497781098],[121.5217781833,25.0497851151],[121.5217461144,25.0498047981],[121.5217247553,25.0498341623],[121.5217173577,25.0498687371],[121.5217261417,25.0499055494],[121.5218554187,25.0501662936],[121.5220383713,25.0505365404],[121.5221694412,25.0508817752],[121.5221699724,25.050882545],[121.5221702067,25.0508837193],[121.5223539925,25.0513341699],[121.5226092653,25.0520023529],[121.5226330579,25.0520367633],[121.5226652933,25.0520562202],[121.5227032487,25.0520629588],[121.5227411458,25.0520559532],[121.5227732151,25.05203627],[121.5227945744,25.0520069057],[121.5228019718,25.0519723308],[121.5227964663,25.0519430064],[121.5225408515,25.0512739309],[121.5225403629,25.0512732241],[121.5225401489,25.0512721518],[121.5223563959,25.0508217833],[121.5222242375,25.0504736826],[121.5222219565,25.0504703765],[121.5222209471,25.0504661337],[121.5220361366,25.0500921282],[121.5220360978,25.0500920772]]]},"properties":{"section_id":"ZLRHT00","section_name":"中山北路 長安西路-南京東路","travel_speed":45.0,"level_name":"順暢","level_color":"#19FF1C","data_time":"2025-12-29 20:48:00+08:00"}},{"type":"Feature","geometry":{"type":"Polygon","coordinates":[[[121.5201886007,25.046675055],[121.520189112,25.0466757674],[121.5201893117,25.0466766825],[121.5204143056,25.0471775169],[121.5204159019,25.0471796943],[121.520416476,25.0471819976],[121.5207194985,25.0477642573],[121.5209669671,25.0483032968],[121.5209688397,25.0483058298],[121.5209694891,25.0483083481],[121.5211141178,25.048575891],[121.5213851638,25.0490835493],[121.5216172179,25.0496205639],[121.5216396282,25.0496515789],[121.5216718628,25.0496710361],[121.5217098174,25.049677775],[121.5217477138,25.0496707696],[121.5217797827,25.0496510866],[121.5218011418,25.0496217225],[121.5218085394,25.0495871477],[121.5218016526,25.0495544276],[121.5215681873,25.0490141489],[121.5215659341,25.0490110306],[121.5215650923,25.0490077299],[121.5212922551,25.0484967182],[121.5212920898,25.0484965076],[121.5212920416,25.0484963206],[121.5211486514,25.0482310696],[121.5209014668,25.0476926505],[121.5209000746,25.0476907674],[121.5208995864,25.0476888087],[121.5205967259,25.0471068618],[121.5203731141,25.0466091055],[121.5200291656,25.0457989773],[121.5200065418,25.0457674611],[121.5199743086,25.0457480036],[121.5199363553,25.0457412642],[121.5198984599,25.045748269],[121.5198663917,25.0457679516],[121.5198450328,25.0457973155],[121.5198376349,25.0458318903],[121.5198443064,25.0458641095],[121.5201886007,25.046675055]]]},"properties":{"section_id":"ZLBHN00","section_name":"中山北路 忠孝東路-長安東路","travel_speed":59.0,"level_name":"順暢","level_color":"#19FF1C","data_time":"2025-09-26 14:26:00+08:00"}},{"type":"Feature","geometry":{"type":"Polygon","coordinates":[[[121.5221737476,25.0512752219],[121.5221732589,25.0512745152],[121.5221730449,25.0512734429],[121.5219892933,25.0508230738],[121.5218571359,25.0504749729],[121.5218548549,25.0504716668],[121.5218538455,25.0504674239],[121.5216690361,25.0500934179],[121.5216689973,25.050093367],[121.5216689847,25.0500933141],[121.5215396825,25.0498325179],[121.5215191695,25.0498055951],[121.5214869349,25.0497861379],[121.5214489803,25.049779399],[121.5214110838,25.0497864042],[121.5213790148,25.0498060872],[121.5213576556,25.0498354512],[121.5213502578,25.0498700261],[121.5213590418,25.0499068384],[121.521488318,25.0501675829],[121.5216712696,25.0505378302],[121.5218023384,25.0508830653],[121.5218028695,25.0508838352],[121.5218031039,25.0508850094],[121.5219868884,25.0513354605],[121.5222421592,25.0520036441],[121.5222659517,25.0520380546],[121.522298187,25.0520575116],[121.5223361424,25.0520642503],[121.5223740395,25.0520572448],[121.5224061089,25.0520375617],[121.5224274683,25.0520081974],[121.5224348658,25.0519736226],[121.5224293603,25.0519442981],[121.5221737476,25.0512752219]]]},"properties":{"section_id":"ZLBHN40","section_name":"中山北路 南京西路-長安西路","travel_speed":52.0,"level_name":"順暢","level_color":"#19FF1C","data_time":"2025-12-29 20:48:00+08:00"}},{"type":"Feature","geometry":{"type":"Polygon","coordinates":[[[121.5228028302,25.0577188801],[121.5228116333,25.057757569],[121.5228337596,25.057789683],[121.5228692005,25.0578131657],[121.5229132073,25.0578194492],[121.5229508707,25.0578114474],[121.5229798587,25.0577948916],[121.5230009325,25.0577640562],[121.5230059506,25.0577181649],[121.5228593316,25.0550778912],[121.5228532539,25.0550425873],[121.5228399299,25.0550125816],[121.5228101293,25.0549871418],[121.5227671642,25.0549692615],[121.5227210146,25.0549784397],[121.522693074,25.0550025801],[121.5226701394,25.0550402266],[121.5226623705,25.0550785845],[121.5228028302,25.0577188801]]]},"properties":{"section_id":"ZN5HV00","section_name":"民生東　中山北(往北)","travel_speed":50.0,"level_name":"順暢","level_color":"#19FF1C","data_time":"2025-12-29 20:48:00+08:00"}},{"type":"Feature","geometry":{"type":"Polygon","coordinates":[[[121.5224907653,25.0523539804],[121.5224831924,25.0523235208],[121.5224615847,25.0522943077],[121.5224293493,25.0522748507],[121.5223913939,25.052268112],[121.5223534967,25.0522751175],[121.5223214272,25.0522948006],[121.5223000678,25.0523241648],[121.5222927878,25.0523628019],[121.5225810658,25.0577311699],[121.5225886391,25.0577616296],[121.5226102478,25.0577908426],[121.5226424846,25.0578102995],[121.5226804418,25.0578170381],[121.5227183407,25.0578100325],[121.5227504115,25.0577903492],[121.5227717717,25.057760985],[121.5227790519,25.057722348],[121.5224907653,25.0523539804]]]},"properties":{"section_id":"ZLRHT40","section_name":"中山北路　南京往南","travel_speed":49.0,"level_name":"順暢","level_color":"#19FF1C","data_time":"2025-12-29 20:48:00+08:00"}},{"type":"Feature","geometry":{"type":"Polygon","coordinates":[[[121.5228263196,25.063295015],[121.5228274485,25.063291532],[121.5229234795,25.0628248125],[121.5229251749,25.0628078333],[121.5229174836,25.0627733116],[121.5228958739,25.0627440986],[121.5228636357,25.0627246418],[121.522825677,25.0627179033],[121.5227877766,25.0627249089],[121.5227557045,25.0627445922],[121.5227343434,25.0627739564],[121.5227286408,25.0627915521],[121.5226332367,25.0632552212],[121.5224988729,25.0637266657],[121.5224982858,25.0637309192],[121.5224968341,25.06373569],[121.522410042,25.0642521438],[121.5223326814,25.0646950727],[121.5223317147,25.0647064931],[121.5223314675,25.064707583],[121.5223193924,25.0653008078],[121.5223203018,25.0653051379],[121.522319631,25.0653089607],[121.5223576293,25.0657899516],[121.5223579012,25.0657909898],[121.5223582075,25.0657951578],[121.5224609919,25.0665123389],[121.5224621128,25.066516128],[121.5224627768,25.0665212682],[121.5225894874,25.0670133336],[121.5225898264,25.0670142861],[121.5225899169,25.0670149356],[121.5227173218,25.0674719754],[121.5227176181,25.0674727825],[121.522717686,25.0674732429],[121.5228573479,25.0679454117],[121.522950875,25.0683181624],[121.5229560762,25.0683329199],[121.522977687,25.0683621328],[121.5230099266,25.0683815896],[121.5230478871,25.068388328],[121.5230857892,25.0683813223],[121.5231178627,25.068361639],[121.5231392246,25.0683322747],[121.5231466229,25.0682976998],[121.5231441324,25.0682779357],[121.5230501797,25.0679034912],[121.5230494506,25.0679014224],[121.5230492585,25.0679001196],[121.5229092867,25.0674269059],[121.5227822809,25.0669713004],[121.5226569154,25.0664844617],[121.5225551476,25.0657743818],[121.5225176764,25.0653000733],[121.5225295394,25.0647172235],[121.5226058592,25.0642802494],[121.522605886,25.0642799325],[121.5226059489,25.0642797258],[121.5226920181,25.0637675696],[121.5228259648,25.0632975859],[121.5228263196,25.063295015]]]},"properties":{"section_id":"ZQFHV00","section_name":"中山北路 民權東路-民族東路","travel_speed":33.0,"level_name":"車多","level_color":"#F8C920","data_time":"2025-12-29 20:48:00+08:00"}},{"type":"Feature","geometry":{"type":"Polygon","coordinates":[[[121.5226566435,25.067904259],[121.5226560338,25.0679025496],[121.5226558798,25.0679015051],[121.5225159094,25.0674282909],[121.5223889051,25.0669726851],[121.5222635412,25.066485846],[121.5221617756,25.0657757659],[121.522124306,25.0653014572],[121.5221361708,25.0647186074],[121.522212492,25.0642816335],[121.5222125189,25.0642813166],[121.5222125818,25.0642811099],[121.5222986525,25.0637689539],[121.5224326008,25.0632989705],[121.5224329556,25.0632963996],[121.5224340845,25.0632929166],[121.522530117,25.0628261973],[121.5225318124,25.0628092181],[121.5225241212,25.0627746964],[121.5225025116,25.0627454834],[121.5224702735,25.0627260265],[121.5224323148,25.0627192879],[121.5223944144,25.0627262934],[121.5223623423,25.0627459766],[121.5223409811,25.0627753408],[121.5223352784,25.0627929364],[121.5222398727,25.0632566053],[121.5221055074,25.0637280494],[121.5221049203,25.063732303],[121.5221034687,25.0637370737],[121.5220166749,25.0642535273],[121.5219393129,25.0646964561],[121.5219383461,25.0647078765],[121.521938099,25.0647089663],[121.5219260219,25.0653021911],[121.5219269313,25.0653065213],[121.5219262605,25.065310344],[121.5219642572,25.0657913351],[121.5219645292,25.0657923733],[121.5219648355,25.0657965413],[121.5220676176,25.0665137227],[121.5220687384,25.0665175118],[121.5220694024,25.066522652],[121.5221961115,25.0670147178],[121.5221964505,25.0670156703],[121.522196541,25.0670163198],[121.5223239445,25.0674733599],[121.5223242407,25.067474167],[121.5223243086,25.0674746275],[121.5224640596,25.0679471028],[121.5225576018,25.0683082221],[121.5225626455,25.068322362],[121.5225842561,25.0683515749],[121.5226164957,25.0683710318],[121.5226544562,25.0683777703],[121.5226923583,25.0683707647],[121.5227244318,25.0683510814],[121.5227457938,25.0683217172],[121.5227531922,25.0682871424],[121.5227505443,25.0682667606],[121.5226566435,25.067904259]]]},"properties":{"section_id":"ZP7HI40","section_name":"中山北路 民族東路-民權東路","travel_speed":62.0,"level_name":"順暢","level_color":"#19FF1C","data_time":"2025-12-29 20:48:00+08:00"}},{"type":"Feature","geometry":{"type":"Polygon","coordinates":[[[121.5267744525,25.0763215646],[121.5267894312,25.0763388961],[121.5267976291,25.0763455265],[121.5269964722,25.0764892485],[121.5269967098,25.0764893753],[121.5269972175,25.0764897819],[121.5272187154,25.0766467576],[121.5274011211,25.0768032805],[121.5274015704,25.0768035441],[121.5274018324,25.0768038849],[121.5275384544,25.0769188361],[121.527661678,25.077025677],[121.5276635634,25.0770267893],[121.5276646188,25.0770281261],[121.5278234352,25.0771551452],[121.5278241498,25.0771555484],[121.5278270703,25.0771579152],[121.52800579,25.0772876123],[121.528149154,25.0774014669],[121.5281538973,25.0774041331],[121.5281638446,25.0774111319],[121.528348292,25.0775104719],[121.528349929,25.0775112132],[121.528350628,25.0775116913],[121.5284999319,25.0775871957],[121.5285104775,25.0775918095],[121.5285120356,25.077592086],[121.5285132703,25.0775928068],[121.5286889655,25.0776527668],[121.5286904465,25.0776530084],[121.528701387,25.07765618],[121.528912509,25.0777007022],[121.5289135773,25.0777008115],[121.5289148954,25.0777011774],[121.529086508,25.0777333314],[121.5290877183,25.0777334414],[121.5290888654,25.0777337461],[121.5294325225,25.0777902701],[121.5294325288,25.0777902706],[121.5294325341,25.077790272],[121.5297334996,25.0778397398],[121.5297394801,25.0778402166],[121.5297421125,25.0778408028],[121.5300431472,25.0778657763],[121.5300432183,25.0778657792],[121.5300432401,25.077865784],[121.5302946617,25.077886424],[121.5309856008,25.0779583781],[121.5309972515,25.0779589619],[121.5310062793,25.0779585542],[121.5314392223,25.0779209245],[121.5321860327,25.0778934235],[121.532187175,25.0778931925],[121.5321880803,25.0778933288],[121.5327435908,25.0778623782],[121.5331772911,25.0778538341],[121.5331797645,25.077853356],[121.5331817748,25.0778536532],[121.5376392769,25.0775815494],[121.5380923127,25.0775922182],[121.5380975513,25.0775913233],[121.5381022335,25.0775919993],[121.5386641372,25.0775539038],[121.5387206392,25.0775538839],[121.5387588998,25.0775468735],[121.5387909731,25.0775271868],[121.5388123328,25.0774978203],[121.5388197271,25.0774632448],[121.5388120304,25.0774287241],[121.5387904143,25.0773995136],[121.5387581698,25.0773800604],[121.5387205625,25.0773733253],[121.5386603952,25.0773733465],[121.5386564087,25.077374077],[121.5386530745,25.0773735956],[121.5380924706,25.0774116029],[121.5376398008,25.0774009428],[121.5376349962,25.0774017635],[121.5376306074,25.0774011148],[121.5331707591,25.0776733618],[121.5327373472,25.0776819002],[121.5327352069,25.0776823139],[121.5327334377,25.0776820476],[121.5321769982,25.0777130499],[121.5314285017,25.0777406129],[121.5314279273,25.0777407291],[121.5314230887,25.0777409476],[121.5309977942,25.0777779126],[121.5303160052,25.0777069113],[121.5303142327,25.0777068225],[121.5303136426,25.0777066914],[121.530061085,25.0776859581],[121.5297644293,25.0776613479],[121.5294677567,25.0776125856],[121.5294677509,25.0776125846],[121.5291252815,25.077556256],[121.5289560417,25.0775245465],[121.5287524437,25.077481611],[121.5285897347,25.0774260828],[121.5284480484,25.0773544307],[121.5282725925,25.0772599334],[121.5281344306,25.0771502102],[121.5281337364,25.07714982],[121.5281310559,25.0771476478],[121.5279524718,25.0770180491],[121.527796934,25.0768936523],[121.5276746154,25.0767875962],[121.5276739341,25.0767871942],[121.5276735312,25.0767866701],[121.5275367206,25.0766715604],[121.5273512622,25.076512418],[121.5273505784,25.0765120169],[121.5273441612,25.0765068766],[121.5271193434,25.0763475482],[121.5269348237,25.0762141792],[121.526819078,25.0760400499],[121.5268040994,25.0760227183],[121.5267718571,25.0760032624],[121.526733894,25.075996525],[121.5266959898,25.0760035317],[121.526663915,25.0760232158],[121.5266425526,25.0760525806],[121.5266351549,25.0760871555],[121.5266428482,25.076121677],[121.5266494825,25.0761335577],[121.5267744525,25.0763215646]]]},"properties":{"section_id":"ZSJJX20","section_name":"北安路 中山北路-明水路","travel_speed":49.0,"level_name":"順暢","level_color":"#19FF1C","data_time":"2025-12-29 20:48:00+08:00"}},{"type":"Feature","geometry":{"type":"Polygon","coordinates":[[[121.5257078633,25.0842186417],[121.5257083921,25.0842161961],[121.5257083983,25.084020451],[121.5257007041,25.0839855757],[121.5256790899,25.0839563633],[121.5256468457,25.0839369072],[121.5256088802,25.0839301696],[121.5255709735,25.083937176],[121.5255388964,25.0839568599],[121.5255175325,25.0839862245],[121.5255101333,25.0840204455],[121.5255101267,25.0842139171],[121.525489855,25.0845799878],[121.5254904305,25.0845829849],[121.5254897484,25.0845863121],[121.5254990141,25.0850148761],[121.5254993216,25.0850162021],[121.5255011937,25.0850320075],[121.5255790533,25.085363038],[121.5255791504,25.0853633201],[121.5255791814,25.085363575],[121.5256513925,25.0856617149],[121.5256567599,25.0856771418],[121.5256580476,25.0856788822],[121.5256584995,25.0856807065],[121.5258186869,25.0859907329],[121.5258189162,25.0859910288],[121.5258189862,25.0859913069],[121.5259064461,25.086157529],[121.5259087631,25.0861604967],[121.5259152583,25.0861710934],[121.5261375376,25.0864536561],[121.5261425176,25.0864589812],[121.5261437362,25.0864607537],[121.5263788178,25.086703794],[121.5266102921,25.0869607648],[121.5268587999,25.0872675843],[121.5270629032,25.0875417901],[121.5272490812,25.0878556054],[121.5273602294,25.088072336],[121.5274957127,25.0884072055],[121.5275882419,25.0886938577],[121.5276173393,25.0890002574],[121.5276173721,25.0890003784],[121.5276173964,25.0890008362],[121.5276472713,25.0892934624],[121.5276342138,25.089583665],[121.5275973416,25.0898674565],[121.5275971034,25.0898712633],[121.5275968636,25.0898722092],[121.5275839081,25.0900537416],[121.5275913946,25.0900944705],[121.5276130103,25.0901236825],[121.5276452565,25.0901431381],[121.5276832239,25.0901498752],[121.5277211324,25.0901428682],[121.5277532107,25.0901231839],[121.5277745752,25.090093819],[121.5277817654,25.0900654515],[121.5277945507,25.0898863012],[121.527831562,25.089601435],[121.5278319341,25.0895954892],[121.5278321656,25.0895945234],[121.5278456502,25.0892948172],[121.5278452741,25.0892929114],[121.5278457326,25.0892907686],[121.5278453076,25.0892827639],[121.5278148475,25.0889844108],[121.5277849216,25.0886692928],[121.5277829037,25.0886618301],[121.5277812661,25.0886516105],[121.527684998,25.0883533767],[121.5276830679,25.0883484275],[121.5276829091,25.0883476258],[121.527544836,25.0880063565],[121.5275425635,25.0880031361],[121.527541636,25.087999366],[121.5274275007,25.0877768114],[121.5274270969,25.0877762888],[121.5274248979,25.0877721003],[121.527234976,25.0874519751],[121.5272329572,25.0874495179],[121.5272298157,25.0874442329],[121.5270218113,25.0871647865],[121.5270203846,25.0871632203],[121.5270195323,25.0871618523],[121.5267683375,25.0868517156],[121.5267659954,25.0868492463],[121.5267652029,25.0868480471],[121.5265310047,25.0865880528],[121.526529098,25.086586144],[121.5265287491,25.0865856366],[121.5262958117,25.0863448133],[121.5260814942,25.0860723722],[121.5259979384,25.0859135705],[121.5258426186,25.0856129657],[121.5257728597,25.0853249518],[121.5256970551,25.0850026606],[121.5256880444,25.0845859214],[121.5257082662,25.0842207404],[121.5257078633,25.0842186417]]]},"properties":{"section_id":"ZU5IF00","section_name":"中山北路 基河路-小北街","travel_speed":49.0,"level_name":"順暢","level_color":"#19FF1C","data_time":"2025-12-29 20:48:00+08:00"}},{"type":"Feature","geometry":{"type":"Polygon","coordinates":[[[121.5275725821,25.0905056497],[121.5275727323,25.0905062586],[121.5275729868,25.0905106631],[121.5276308197,25.0910291021],[121.5276313734,25.0910310859],[121.52763183,25.0910357155],[121.5277340851,25.0915617162],[121.5278176628,25.0920147829],[121.5278749853,25.0925383713],[121.5278750645,25.0925386563],[121.5278751202,25.092539528],[121.5279413957,25.0930749195],[121.5279425268,25.0930788799],[121.5279433354,25.0930852044],[121.5280708894,25.0935860003],[121.528176418,25.0942640975],[121.5281806972,25.0947096488],[121.5281143207,25.0951543852],[121.5279713832,25.0955649239],[121.5279667479,25.0955925612],[121.5279744428,25.0956270824],[121.5279960596,25.0956562944],[121.5280283073,25.0956757498],[121.5280662765,25.0956824868],[121.5281041867,25.0956754797],[121.5281362663,25.0956557953],[121.5281576317,25.0956264303],[121.5281603947,25.0956194925],[121.5283059139,25.095201537],[121.5283068676,25.0951958504],[121.5283096468,25.0951864106],[121.528378135,25.0947275202],[121.5283790374,25.0947150094],[121.5283789885,25.09471479],[121.5283790343,25.0947145728],[121.5283746346,25.09425655],[121.5283745856,25.0942563329],[121.5283736575,25.0942446721],[121.5282666019,25.093556769],[121.5282655718,25.0935533625],[121.5282650189,25.0935490385],[121.5281377845,25.0930495002],[121.5280722225,25.0925198803],[121.5280146327,25.0919938571],[121.5280141524,25.0919921299],[121.5280137518,25.0919878571],[121.5279295504,25.091531413],[121.5279294475,25.0915310889],[121.5279294024,25.0915306316],[121.52782771,25.0910075303],[121.5277705262,25.0904949166],[121.5277563073,25.09021084],[121.5277487148,25.0901800767],[121.5277270991,25.0901508647],[121.5276948529,25.0901314091],[121.5276568855,25.090124672],[121.527618977,25.090131679],[121.5275868986,25.0901513633],[121.5275655341,25.0901807282],[121.527558238,25.0902190612],[121.5275725821,25.0905056497]]]},"properties":{"section_id":"ZVYIV00","section_name":"中山北路 小北街-中正路","travel_speed":49.0,"level_name":"順暢","level_color":"#19FF1C","data_time":"2025-12-29 20:48:00+08:00"}},{"type":"Feature","geometry":{"type":"Polygon","coordinates":[[[121.5243650154,25.0805220091],[121.5243647049,25.0805295075],[121.5243655559,25.080533326],[121.5243650264,25.0805364306],[121.5243925773,25.0808468599],[121.5243999488,25.0808744583],[121.5244077778,25.0808880909],[121.5253518065,25.0822377058],[121.5255041027,25.0826258654],[121.5255818163,25.0830630578],[121.525559573,25.0839386337],[121.5255672408,25.0839755944],[121.5255888549,25.0840048068],[121.5256210991,25.0840242628],[121.5256590646,25.0840310005],[121.5256969713,25.0840239941],[121.5257290484,25.0840043101],[121.5257504123,25.0839749455],[121.5257577849,25.0839428098],[121.5257802378,25.0830589241],[121.5257799936,25.0830577467],[121.5257802636,25.0830564849],[121.5257789904,25.0830424091],[121.5256983665,25.0825888483],[121.5256946554,25.0825770302],[121.5256938599,25.0825728975],[121.5255347559,25.0821673879],[121.5255334161,25.0821654685],[121.5255328422,25.082162893],[121.525525013,25.0821492605],[121.5245882106,25.0808099797],[121.5245632814,25.0805290942],[121.524612665,25.0799628485],[121.5246129754,25.0799553501],[121.5246052825,25.0799208286],[121.5245836693,25.079891616],[121.5245514263,25.0798721597],[121.5245134622,25.0798654217],[121.5244755567,25.0798724278],[121.5244434805,25.0798921115],[121.5244221169,25.0799214759],[121.5244150289,25.0799485523],[121.5243650154,25.0805220091]]]},"properties":{"section_id":"ZTTIF00","section_name":"中山北路　劍潭往北","travel_speed":36.0,"level_name":"順暢","level_color":"#19FF1C","data_time":"2025-12-29 20:48:00+08:00"}},{"type":"Feature","geometry":{"type":"Polygon","coordinates":[[[121.5273087279,25.0899081185],[121.5273084882,25.0899090644],[121.5272955322,25.0900905968],[121.5273030186,25.0901313256],[121.5273246343,25.0901605377],[121.5273568804,25.0901799934],[121.5273948478,25.0901867306],[121.5274327564,25.0901797236],[121.5274648347,25.0901600394],[121.5274861993,25.0901306745],[121.5274933895,25.090102307],[121.5275061753,25.0899231567],[121.5275431873,25.0896382906],[121.5275435594,25.0896323448],[121.5275437909,25.089631379],[121.5275572762,25.0893316729],[121.5275569001,25.089329767],[121.5275573586,25.0893276243],[121.5275569336,25.0893196195],[121.5275264742,25.0890212664],[121.5274965491,25.0887061483],[121.5274945312,25.0886986856],[121.5274928936,25.088688466],[121.5273966262,25.0883902319],[121.527394696,25.0883852827],[121.5273945373,25.0883844811],[121.5272564649,25.0880432115],[121.5272541924,25.0880399911],[121.5272532649,25.088036221],[121.5271391301,25.0878136662],[121.5271387263,25.0878131435],[121.5271365273,25.087808955],[121.5269466061,25.0874888295],[121.5269445873,25.0874863723],[121.5269414458,25.0874810873],[121.5267334419,25.0872016404],[121.5267320153,25.0872000742],[121.526731163,25.0871987063],[121.5264799688,25.0868885691],[121.5264776268,25.0868860997],[121.5264768342,25.0868849005],[121.5262426366,25.0866249058],[121.5262407299,25.086622997],[121.526240381,25.0866224896],[121.526007444,25.0863816659],[121.5257931271,25.0861092243],[121.5257095717,25.0859504224],[121.5255542525,25.0856498173],[121.5254844943,25.0853618033],[121.5254086904,25.0850395119],[121.5253996806,25.0846227727],[121.5254199034,25.0842575917],[121.5254195004,25.084255493],[121.5254200292,25.0842530474],[121.5254200359,25.0840573023],[121.5254123417,25.084022427],[121.5253907276,25.0839932145],[121.5253584834,25.0839737584],[121.525320518,25.0839670207],[121.5252826113,25.083974027],[121.5252505341,25.0839937108],[121.5252291701,25.0840230754],[121.5252217708,25.0840572965],[121.5252217638,25.084250768],[121.5252014912,25.0846168387],[121.5252020667,25.0846198358],[121.5252013846,25.084623163],[121.5252106493,25.085051727],[121.5252109568,25.085053053],[121.5252128288,25.0850688584],[121.5252906877,25.0853998891],[121.5252907848,25.0854001712],[121.5252908159,25.0854004261],[121.5253630262,25.0856985661],[121.5253683936,25.0857139931],[121.5253696813,25.0857157334],[121.5253701332,25.0857175578],[121.5255303199,25.0860275845],[121.5255305492,25.0860278804],[121.5255306192,25.0860281585],[121.5256180788,25.0861943807],[121.5256203957,25.0861973485],[121.5256268909,25.0862079451],[121.5258491696,25.0864905083],[121.5258541496,25.0864958334],[121.5258553682,25.0864976059],[121.5260904493,25.0867406467],[121.5263219231,25.0869976179],[121.5265704303,25.0873044379],[121.526774533,25.0875786442],[121.5269607104,25.0878924599],[121.527071858,25.0881091906],[121.5272073407,25.0884440605],[121.5272998692,25.0887307128],[121.5273289659,25.0890371126],[121.5273289987,25.0890372336],[121.527329023,25.0890376914],[121.5273588972,25.0893303177],[121.5273458391,25.0896205203],[121.5273089662,25.0899043117],[121.5273087279,25.0899081185]]]},"properties":{"section_id":"ZTTIF40","section_name":"中山北路 小北街-基河路","travel_speed":30.0,"level_name":"車多","level_color":"#F8C920","data_time":"2025-12-29 20:48:00+08:00"}},{"type":"Feature","geometry":{"type":"Polygon","coordinates":[[[121.5280435522,25.0951905278],[121.5280445059,25.0951848412],[121.5280472851,25.0951754015],[121.5281157743,25.0947165112],[121.5281166767,25.0947040003],[121.5281166278,25.0947037809],[121.5281166737,25.0947035638],[121.5281122749,25.0942455409],[121.5281122259,25.0942453238],[121.5281112979,25.0942336631],[121.5280042437,25.0935457597],[121.5280032136,25.0935423532],[121.5280026608,25.0935380292],[121.5278754274,25.0930384907],[121.5278098666,25.0925088706],[121.5277522778,25.0919828474],[121.5277517976,25.0919811201],[121.527751397,25.0919768473],[121.5276671965,25.091520403],[121.5276670936,25.0915200789],[121.5276670485,25.0915196217],[121.5275653573,25.0909965202],[121.5275081745,25.0904839064],[121.5274939563,25.0901998296],[121.5274863639,25.0901690664],[121.5274647482,25.0901398543],[121.527432502,25.0901203987],[121.5273945346,25.0901136615],[121.5273566261,25.0901206684],[121.5273245478,25.0901403527],[121.5273031831,25.0901697176],[121.5272958869,25.0902080506],[121.5273102304,25.0904946391],[121.5273103807,25.090495248],[121.5273106352,25.0904996525],[121.5273684669,25.0910180916],[121.5273690207,25.0910200754],[121.5273694772,25.091024705],[121.5274717312,25.0915507059],[121.527555308,25.0920037727],[121.5276126293,25.0925273613],[121.5276127085,25.0925276463],[121.5276127642,25.0925285179],[121.5276790386,25.0930639096],[121.5276801696,25.09306787],[121.5276809783,25.0930741945],[121.5278085312,25.0935749907],[121.5279140583,25.0942530881],[121.5279183366,25.0946986394],[121.5278519591,25.0951433758],[121.5277090207,25.0955539142],[121.5277043853,25.0955815514],[121.5277120802,25.0956160727],[121.527733697,25.0956452847],[121.5277659446,25.0956647402],[121.5278039138,25.0956714772],[121.527841824,25.0956644702],[121.5278739037,25.0956447858],[121.5278952691,25.0956154209],[121.5278980321,25.0956084831],[121.5280435522,25.0951905278]]]},"properties":{"section_id":"ZV9IT40","section_name":"中山北路 中正路-小北街","travel_speed":30.0,"level_name":"車多","level_color":"#F8C920","data_time":"2025-12-29 20:48:00+08:00"}},{"type":"Feature","geometry":{"type":"Polygon","coordinates":[[[121.5253336171,25.0828883533],[121.5253332669,25.0828868868],[121.5253320906,25.0828751762],[121.5252516723,25.0824693877],[121.5252455544,25.08245055],[121.5252419434,25.082443554],[121.5248719963,25.0817999232],[121.5248702129,25.0817977222],[121.5248668367,25.0817919661],[121.5243191629,25.0810383234],[121.5241171221,25.0805383637],[121.5241159906,25.080272633],[121.5241660303,25.0798474658],[121.5241665941,25.079837494],[121.5241589013,25.0798029725],[121.5241372882,25.0797737598],[121.5241050453,25.0797543034],[121.5240670813,25.0797475653],[121.5240291758,25.0797545713],[121.5239970995,25.0797742549],[121.5239757359,25.0798036193],[121.5239689011,25.0798282224],[121.5239182756,25.0802583611],[121.5239177117,25.0802683329],[121.5239189318,25.0805549686],[121.5239250313,25.0805857997],[121.5241370926,25.0811105575],[121.5241382195,25.0811121553],[121.5241386859,25.081114248],[121.5241474564,25.0811292011],[121.5246987004,25.0818877582],[121.5250592561,25.0825150516],[121.525135684,25.0829007081],[121.5251653509,25.0837538821],[121.5251729954,25.083785897],[121.5251946094,25.0838151094],[121.5252268535,25.0838345656],[121.5252648189,25.0838413034],[121.5253027256,25.083834297],[121.5253348027,25.0838146132],[121.5253561667,25.0837852486],[121.5253635162,25.0837481671],[121.5253336171,25.0828883533]]]},"properties":{"section_id":"ZSVI940","section_name":"通河街　中山北(往南)","travel_speed":51.0,"level_name":"順暢","level_color":"#19FF1C","data_time":"2025-12-29 20:48:00+08:00"}},{"type":"Feature","geometry":{"type":"Polygon","coordinates":[[[121.5262811573,25.112224904],[121.5262817607,25.1122256734],[121.5262819358,25.1122263355],[121.5266373414,25.1128655537],[121.5266375006,25.112865753],[121.5266379891,25.1128666982],[121.5269286649,25.1133714934],[121.5274245497,25.1143279222],[121.5276872411,25.1148365144],[121.5279253376,25.1153363599],[121.5279254936,25.1153365678],[121.5279283627,25.1153421399],[121.5282119134,25.1158378439],[121.5282127791,25.1158389143],[121.5282147486,25.1158424646],[121.5285086485,25.1162900926],[121.5285117646,25.1162937177],[121.5285143601,25.1162978503],[121.5287108558,25.1165369897],[121.5287163282,25.1165427188],[121.5287171893,25.1165439433],[121.5289549082,25.1167798417],[121.5301301851,25.1181899253],[121.5301393358,25.1181994389],[121.5301715898,25.1182188937],[121.5302095661,25.11822563],[121.530247483,25.1182186223],[121.5302795682,25.1181989373],[121.5303009368,25.1181695721],[121.5303083357,25.1181349971],[121.5303006386,25.1181004761],[121.5302881679,25.1180807782],[121.5291100933,25.11666734],[121.5291049521,25.1166619948],[121.5291041681,25.1166608799],[121.528866679,25.1164252098],[121.5286762352,25.1161934359],[121.5283864622,25.1157520943],[121.5281058794,25.11526158],[121.5278685831,25.1147634159],[121.5278676557,25.1147621798],[121.5278673431,25.1147609175],[121.5276039794,25.1142510248],[121.5276039318,25.1142509634],[121.5276039172,25.1142509046],[121.5271071145,25.1132927082],[121.5271068097,25.1132923155],[121.5271052655,25.1132893271],[121.5268139542,25.1127834295],[121.5264592635,25.1121454987],[121.5261840264,25.1116279381],[121.5261646217,25.111603196],[121.52613237,25.1115837402],[121.526094396,25.1115770029],[121.5260564809,25.1115840095],[121.5260243967,25.1116036935],[121.5260030282,25.1116330582],[121.5259956284,25.111667633],[121.5260055385,25.1117066243],[121.5262811573,25.112224904]]]},"properties":{"section_id":"Z4NJD00","section_name":"中山北路 士東路-天母東路","travel_speed":55.0,"level_name":"順暢","level_color":"#19FF1C","data_time":"2025-12-29 20:48:00+08:00"}},{"type":"Feature","geometry":{"type":"Polygon","coordinates":[[[121.5250463255,25.1072103188],[121.525046776,25.1072119419],[121.5250471533,25.1072160582],[121.5252599872,25.1083969613],[121.5252600713,25.1083972282],[121.5252601091,25.1083976226],[121.5253986081,25.1091318956],[121.5255277276,25.1100949455],[121.5255279899,25.1100958465],[121.5255281557,25.1100977676],[121.5256085861,25.1105725644],[121.5256097079,25.1105761871],[121.5256102374,25.1105801436],[121.5257280072,25.1110208991],[121.5257304939,25.1110277863],[121.5257308295,25.1110295525],[121.5258340786,25.1112964288],[121.5258349715,25.1112977141],[121.5258353599,25.111299555],[121.5260102865,25.1117034114],[121.5260326881,25.1117343758],[121.5260649398,25.1117538316],[121.5261029138,25.111760569],[121.5261408291,25.1117535623],[121.5261729132,25.1117338783],[121.5261942817,25.1117045136],[121.5262016815,25.1116699388],[121.5261947683,25.1116371698],[121.5260205136,25.1112348659],[121.5259195221,25.1109738261],[121.5258039289,25.1105412191],[121.5257243838,25.1100716521],[121.5255951603,25.109107838],[121.5255947366,25.1091063823],[121.5255944602,25.1091034966],[121.5254556145,25.1083673913],[121.5252433534,25.1071896769],[121.5251652899,25.1064705647],[121.525158075,25.1064445723],[121.5251364569,25.10641536],[121.5251042068,25.106395904],[121.5250662345,25.1063891663],[121.5250283208,25.1063961727],[121.5249962379,25.1064158565],[121.52497487,25.106445221],[121.5249674702,25.1064797958],[121.5249679502,25.1064883248],[121.5250463255,25.1072103188]]]},"properties":{"section_id":"Z3AIL00","section_name":"中山北路 德行東路-士東路","travel_speed":48.0,"level_name":"順暢","level_color":"#19FF1C","data_time":"2025-12-29 20:48:00+08:00"}},{"type":"Feature","geometry":{"type":"Polygon","coordinates":[[[121.5287226841,25.1168744342],[121.5287228444,25.1168746956],[121.5297576214,25.1181892674],[121.5297683794,25.1182007651],[121.5298006333,25.1182202199],[121.5298386096,25.1182269563],[121.5298765266,25.1182199487],[121.5299086118,25.1182002638],[121.5299299805,25.1181708986],[121.5299373795,25.1181363237],[121.5299296825,25.1181018027],[121.5299188191,25.1180840888],[121.5288842604,25.1167697964],[121.5286560857,25.1164752265],[121.5286550103,25.1164740682],[121.5286544509,25.1164731776],[121.528461032,25.1162377822],[121.5281712597,25.1157964402],[121.5278892905,25.1153035004],[121.5276156334,25.1148127036],[121.5273911484,25.1143003385],[121.5273884682,25.1142966497],[121.5273874964,25.1142929782],[121.526859657,25.1133446606],[121.5268594923,25.1133444546],[121.526858991,25.1133434855],[121.5265661341,25.1128359078],[121.5262454976,25.1121925971],[121.5262447015,25.1121915548],[121.5262444488,25.1121905606],[121.5259688302,25.1116722808],[121.5259494255,25.1116475386],[121.5259171739,25.1116280828],[121.5258791999,25.1116213454],[121.5258412847,25.111628352],[121.5258092005,25.1116480359],[121.5257878319,25.1116774006],[121.5257804321,25.1117119754],[121.5257903421,25.1117509666],[121.5260654218,25.1122682345],[121.5263867293,25.1129128932],[121.5263870172,25.1129132703],[121.5263892418,25.1129175708],[121.5266830909,25.1134268695],[121.5272085941,25.1143709922],[121.5274330912,25.1148833868],[121.5274357948,25.1148871077],[121.5274367743,25.114890803],[121.5277126895,25.1153856508],[121.5277128063,25.1153857967],[121.5277131608,25.1153864852],[121.5279967106,25.1158821896],[121.5279975764,25.11588326],[121.5279995459,25.1158868103],[121.5282934451,25.1163344387],[121.5282965612,25.1163380638],[121.5282991567,25.1163421964],[121.5284948188,25.1165803221],[121.5287224085,25.1168741374],[121.5287226841,25.1168744342]]]},"properties":{"section_id":"ZZLIE40","section_name":"中山北路 天母東路-士東路","travel_speed":45.0,"level_name":"順暢","level_color":"#19FF1C","data_time":"2025-12-29 20:48:00+08:00"}},{"type":"Feature","geometry":{"type":"Polygon","coordinates":[[[121.5256121316,25.1113343341],[121.52561252,25.111336175],[121.5257874459,25.1117400317],[121.5258098474,25.1117709961],[121.5258420991,25.1117904519],[121.5258800731,25.1117971894],[121.5259179884,25.1117901828],[121.5259500726,25.1117704988],[121.5259714412,25.1117411341],[121.525978841,25.1117065593],[121.5259719279,25.1116737903],[121.5257976738,25.1112714862],[121.5256966827,25.1110104462],[121.5255810904,25.110577839],[121.5255015461,25.1101082719],[121.5253723242,25.1091444576],[121.5253719006,25.1091430019],[121.5253716242,25.1091401162],[121.5252327797,25.1084040106],[121.5250200777,25.1072238375],[121.5248821395,25.1064130732],[121.5248756126,25.1063920212],[121.5248539945,25.1063628088],[121.5248217445,25.1063433527],[121.5247837722,25.106336615],[121.5247458585,25.1063436213],[121.5247137756,25.106363305],[121.5246924076,25.1063926695],[121.5246850077,25.1064272443],[121.5246861756,25.1064407136],[121.5248241805,25.1072518779],[121.5248242753,25.1072521834],[121.5248243205,25.1072526768],[121.5250371523,25.1084335803],[121.5250372365,25.1084338473],[121.5250372742,25.1084342416],[121.5251757719,25.1091685149],[121.5253048898,25.110131565],[121.525305152,25.110132466],[121.5253053179,25.1101343871],[121.5253857474,25.110609184],[121.5253868692,25.1106128067],[121.5253873987,25.1106167632],[121.5255051677,25.111057519],[121.5255076544,25.1110644061],[121.52550799,25.1110661723],[121.5256112387,25.1113330487],[121.5256121316,25.1113343341]]]},"properties":{"section_id":"ZZYII40","section_name":"中山北路 士東路-德行東路","travel_speed":39.0,"level_name":"順暢","level_color":"#19FF1C","data_time":"2025-12-29 20:48:00+08:00"}},{"type":"Feature","geometry":{"type":"Polygon","coordinates":[[[121.5245684573,25.1048883436],[121.5245681837,25.1048898363],[121.5246505145,25.1061784213],[121.5246580426,25.1062080502],[121.5246796606,25.1062372626],[121.5247119106,25.1062567187],[121.5247498829,25.1062634565],[121.5247877965,25.1062564502],[121.5248198794,25.1062367664],[121.5248412473,25.1062074019],[121.5248484806,25.1061679347],[121.5247662525,25.1048809906],[121.5247537791,25.10435777],[121.5247528092,25.1041305147],[121.5247451145,25.1040959933],[121.5247234969,25.1040667809],[121.5246912475,25.1040473248],[121.5246532759,25.104040587],[121.524615363,25.1040475932],[121.5245832806,25.1040672769],[121.5245619129,25.1040966414],[121.5245545131,25.1041312162],[121.5245554861,25.1043592758],[121.5245556692,25.1043600971],[121.5245555087,25.1043608842],[121.5245680397,25.1048865522],[121.5245684573,25.1048883436]]]},"properties":{"section_id":"ZYBIB00","section_name":"中山北路 德行東路-忠誠路","travel_speed":51.0,"level_name":"順暢","level_color":"#19FF1C","data_time":"2025-12-29 20:48:00+08:00"}},{"type":"Feature","geometry":{"type":"Polygon","coordinates":[[[121.5182044885,25.0397265597],[121.5182044569,25.0397263446],[121.5180911508,25.0393416073],[121.5180868467,25.0393301343],[121.5180652424,25.0393009205],[121.5180330111,25.0392814625],[121.5179950599,25.0392747226],[121.5179571664,25.0392817269],[121.5179250996,25.0393014091],[121.5179037413,25.0393307727],[121.5178963432,25.0393653474],[121.5178997274,25.0393883966],[121.5180129449,25.0397728349],[121.5182724021,25.0406786206],[121.5184868007,25.0414939757],[121.5184871502,25.0414949502],[121.5184872396,25.04149558],[121.5187117293,25.04228518],[121.5188934854,25.0429560152],[121.5188940602,25.0429575993],[121.5188941932,25.0429584775],[121.5191027191,25.0436443788],[121.5191038333,25.04364731],[121.5191039993,25.0436482503],[121.5193136086,25.0442343081],[121.5194954715,25.0449688028],[121.5194966667,25.0449722116],[121.5194969609,25.0449740728],[121.5196298247,25.0453916269],[121.5196335963,25.0454013607],[121.5196552021,25.0454305742],[121.5196874353,25.0454500318],[121.5197253885,25.0454567712],[121.5197632838,25.0454497665],[121.5197953519,25.0454300839],[121.5198167107,25.04540072],[121.5198241087,25.0453661452],[121.5198201911,25.045341357],[121.5196881587,25.0449264175],[121.5195059362,25.0441904747],[121.5195038895,25.0441846379],[121.5195034894,25.0441823709],[121.5192931363,25.0435942361],[121.5190855747,25.0429115106],[121.5189040164,25.0422414096],[121.5189037931,25.0422407943],[121.5189037382,25.0422404075],[121.5186793328,25.0414511079],[121.5184649119,25.0406356727],[121.5184645256,25.0406345957],[121.5184644273,25.0406339085],[121.5182046309,25.0397269435],[121.5182044885,25.0397265597]]]},"properties":{"section_id":"ZKEHB00","section_name":"中山南路 仁愛路-忠孝東路","travel_speed":41.0,"level_name":"順暢","level_color":"#19FF1C","data_time":"2025-12-29 20:48:00+08:00"}},{"type":"Feature","geometry":{"type":"Polygon","coordinates":[[[121.516761501,25.0355992478],[121.5167626494,25.0356027955],[121.5167630816,25.0356058577],[121.516908243,25.0361195402],[121.5169091909,25.0361221095],[121.5169093733,25.0361232163],[121.5170408063,25.0365183109],[121.5172152571,25.0370501467],[121.5173555844,25.0375201281],[121.5173557555,25.0375205816],[121.5173557898,25.0375208055],[121.5175307668,25.0380893188],[121.5175310582,25.0380900815],[121.5175311108,25.0380904101],[121.5176324765,25.0384045032],[121.5176361413,25.0384139047],[121.5176577454,25.0384431186],[121.5176899764,25.0384625767],[121.5177279273,25.0384693167],[121.5177658206,25.0384623125],[121.5177978873,25.0384426303],[121.5178192454,25.0384132667],[121.5178266435,25.038378692],[121.5178226201,25.0383535714],[121.5177214298,25.0380400231],[121.5175467243,25.0374723949],[121.517406175,25.0370016726],[121.5174056051,25.0370001619],[121.5174055007,25.0369995198],[121.5172306423,25.0364664437],[121.5172305465,25.0364661997],[121.5172305314,25.036466108],[121.5170996498,25.0360726729],[121.5169559365,25.0355641176],[121.516876243,25.0351582851],[121.5168701033,25.0351393174],[121.5168485,25.0351101033],[121.5168162701,25.035090645],[121.5167783202,25.0350839048],[121.5167404279,25.0350909088],[121.5167083619,25.0351105907],[121.5166870041,25.0351399541],[121.5166796058,25.0351745288],[121.5166811538,25.0351900832],[121.516761501,25.0355992478]]]},"properties":{"section_id":"ZIVGU00","section_name":"中山南路 愛國東路-信義路","travel_speed":46.0,"level_name":"順暢","level_color":"#19FF1C","data_time":"2025-12-29 20:48:00+08:00"}},{"type":"Feature","geometry":{"type":"Polygon","coordinates":[[[121.5190656027,25.0450264544],[121.5190657127,25.0450272823],[121.5191965957,25.0455205903],[121.5192015118,25.0455342488],[121.5192231175,25.0455634624],[121.5192553506,25.0455829201],[121.5192933038,25.0455896596],[121.5193311992,25.045582655],[121.5193632674,25.0455629725],[121.5193846264,25.0455336087],[121.5193920245,25.0454990339],[121.5193892514,25.0454781703],[121.519258617,25.0449858022],[121.5190735347,25.0442164122],[121.5190713915,25.0442102352],[121.5190709564,25.0442077696],[121.5188606053,25.0436196342],[121.5186530461,25.042936908],[121.5184714901,25.0422668064],[121.5184712668,25.0422661911],[121.5184712119,25.0422658044],[121.5182468091,25.041476504],[121.518032391,25.0406610682],[121.5180320047,25.0406599912],[121.5180319065,25.040659304],[121.5177721131,25.0397523382],[121.5177719708,25.0397519544],[121.5177719392,25.0397517393],[121.5176586344,25.0393670016],[121.5176543304,25.0393555287],[121.5176327261,25.0393263148],[121.5176004949,25.0393068567],[121.5175625437,25.0393001167],[121.5175246502,25.0393071209],[121.5174925833,25.0393268029],[121.5174712249,25.0393561665],[121.5174638266,25.0393907412],[121.5174672108,25.0394137903],[121.5175804269,25.039798229],[121.5178398811,25.0407040155],[121.5180542769,25.0415193713],[121.5180546264,25.0415203458],[121.5180547158,25.0415209756],[121.5182792027,25.0423105763],[121.5184609566,25.0429814121],[121.5184615314,25.0429829961],[121.5184616643,25.0429838744],[121.5186701879,25.0436697763],[121.5186713021,25.0436727075],[121.5186714681,25.0436736478],[121.5188809814,25.0442594432],[121.5190652362,25.0450253982],[121.5190656027,25.0450264544]]]},"properties":{"section_id":"ZIVGU40","section_name":"中山南路 忠孝西路-仁愛路","travel_speed":45.0,"level_name":"順暢","level_color":"#19FF1C","data_time":"2025-12-29 20:48:00+08:00"}},{"type":"Feature","geometry":{"type":"Polygon","coordinates":[[[121.5171382751,25.0382108831],[121.5171383277,25.0382112117],[121.5172396925,25.0385253051],[121.5172433573,25.0385347067],[121.5172649613,25.0385639206],[121.5172971923,25.0385833788],[121.5173351432,25.0385901189],[121.5173730366,25.0385831147],[121.5174051033,25.0385634327],[121.5174264616,25.0385340691],[121.5174338598,25.0384994944],[121.5174298365,25.0384743738],[121.517328647,25.0381608252],[121.5171539431,25.0375931966],[121.5170133952,25.0371224739],[121.5170128253,25.0371209632],[121.5170127209,25.0371203211],[121.516837864,25.0365872445],[121.5168377682,25.0365870005],[121.5168377531,25.0365869088],[121.5167068727,25.0361934734],[121.5165631608,25.0356849177],[121.5164834685,25.035279085],[121.5164773289,25.0352601172],[121.5164557256,25.0352309031],[121.5164234957,25.0352114447],[121.5163855458,25.0352047043],[121.5163476535,25.0352117082],[121.5163155874,25.0352313901],[121.5162942294,25.0352607534],[121.5162868311,25.0352953281],[121.516288379,25.0353108825],[121.516368725,25.0357200473],[121.5163698734,25.035723595],[121.5163703056,25.0357266573],[121.5165154655,25.0362403401],[121.5165164134,25.0362429095],[121.5165165958,25.0362440162],[121.5166480277,25.0366391112],[121.5168224769,25.0371709475],[121.5169628029,25.0376409293],[121.516962974,25.0376413828],[121.5169630083,25.0376416067],[121.5171379837,25.0382101205],[121.5171382751,25.0382108831]]]},"properties":{"section_id":"ZHWGD40","section_name":"中山南路 仁愛路-愛國西路","travel_speed":38.0,"level_name":"順暢","level_color":"#19FF1C","data_time":"2025-12-29 20:48:00+08:00"}},{"type":"Feature","geometry":{"type":"Polygon","coordinates":[[[121.5174307148,25.0915456335],[121.5174314605,25.0915460239],[121.5174326996,25.0915469851],[121.5182744341,25.0921053831],[121.5182745759,25.0921054552],[121.5182747684,25.0921056038],[121.5191505425,25.0926815041],[121.5191507671,25.0926816177],[121.5191510563,25.0926818396],[121.5198532717,25.0931374255],[121.5205022128,25.0935845376],[121.5205039462,25.0935854378],[121.5205063342,25.093587229],[121.5210927141,25.093949841],[121.5210992247,25.0939530238],[121.5211022892,25.0939550701],[121.5216503377,25.0942173483],[121.5216588732,25.0942209729],[121.5216761611,25.0942257999],[121.522227477,25.0943308081],[121.5229698195,25.0945431511],[121.5229728156,25.0945435642],[121.5229798122,25.0945454969],[121.5237569517,25.0946891126],[121.524524748,25.094856218],[121.524548179,25.0948586904],[121.5245860892,25.0948516842],[121.5246181692,25.0948320005],[121.5246395352,25.094802636],[121.5246469345,25.0947680612],[121.5246392405,25.0947335398],[121.5246176247,25.0947043273],[121.5245853778,25.0946848711],[121.5245708401,25.0946806056],[121.5238013866,25.0945131395],[121.5237999227,25.094512985],[121.5237980576,25.0945124698],[121.5230243117,25.0943694812],[121.5222822527,25.0941572192],[121.5222794847,25.0941568376],[121.5222728388,25.094154982],[121.5217303165,25.0940516488],[121.5211994812,25.0937976083],[121.5206198257,25.0934391548],[121.5199717737,25.0929926556],[121.5199708612,25.0929921817],[121.5199694816,25.0929911229],[121.519266366,25.0925349532],[121.518391016,25.0919593322],[121.5175504504,25.0914017101],[121.516854274,25.0909151513],[121.5168315024,25.0909032303],[121.5167935352,25.0908964904],[121.5167556258,25.0909034946],[121.5167235455,25.0909231766],[121.5167021782,25.09095254],[121.5166947769,25.0909871145],[121.5167024684,25.0910216364],[121.5167240818,25.0910508501],[121.5167335549,25.0910583871],[121.5174307148,25.0915456335]]]},"properties":{"section_id":"ZW7HN20","section_name":"中正路 承德路-文林路","travel_speed":48.0,"level_name":"順暢","level_color":"#19FF1C","data_time":"2025-12-29 20:48:00+08:00"}},{"type":"Feature","geometry":{"type":"Polygon","coordinates":[[[121.5237389026,25.0947527072],[121.5237367256,25.0947524557],[121.5237334973,25.094751564],[121.52295975,25.0946085751],[121.5222176897,25.0943963128],[121.5222149216,25.0943959312],[121.5222082757,25.0943940756],[121.5216657524,25.0942907421],[121.5211349162,25.0940367014],[121.5205552597,25.0936782477],[121.5199072067,25.0932317482],[121.5199062942,25.0932312743],[121.5199049146,25.0932302155],[121.5192017978,25.0927740456],[121.5183264464,25.0921984243],[121.5174848778,25.0916401373],[121.5174827569,25.0916390589],[121.5174804385,25.0916373573],[121.5167967442,25.0912336674],[121.5167803965,25.0912258782],[121.5167424293,25.0912191382],[121.5167045198,25.0912261424],[121.5166724394,25.0912458244],[121.516651072,25.0912751878],[121.5166436707,25.0913097623],[121.5166513622,25.0913442842],[121.5166729756,25.0913734979],[121.5166888728,25.0913851665],[121.5173703065,25.0917875217],[121.5182098643,25.0923444751],[121.518210006,25.0923445472],[121.5182101985,25.0923446958],[121.5190859741,25.0929205964],[121.5190861986,25.09292071],[121.5190864878,25.092920932],[121.5197887044,25.0933765181],[121.5204376466,25.0938236304],[121.52043938,25.0938245306],[121.5204417679,25.0938263219],[121.5210281489,25.0941889341],[121.5210346594,25.0941921169],[121.5210377239,25.0941941632],[121.5215857734,25.0944564416],[121.5215943089,25.0944600663],[121.5216115968,25.0944648932],[121.5221629137,25.0945699016],[121.5229052576,25.094782245],[121.5229082537,25.094782658],[121.5229152503,25.0947845907],[121.5236913419,25.0949280129],[121.52446985,25.0951137155],[121.5244953573,25.0951166614],[121.5245332675,25.0951096552],[121.5245653477,25.0950899715],[121.5245867138,25.095060607],[121.524594113,25.0950260322],[121.5245864191,25.0949915108],[121.5245648032,25.0949622983],[121.5245325562,25.0949428421],[121.5245200947,25.0949390501],[121.5237389026,25.0947527072]]]},"properties":{"section_id":"ZVEGK60","section_name":"中正路 文林路-承德路","travel_speed":57.0,"level_name":"順暢","level_color":"#19FF1C","data_time":"2025-12-29 20:48:00+08:00"}},{"type":"Feature","geometry":{"type":"Polygon","coordinates":[[[121.527882762,25.0381680375],[121.5278805518,25.0381683988],[121.5278780743,25.0381679612],[121.5268807575,25.0381732216],[121.5268796145,25.038173434],[121.526878542,25.0381732559],[121.5257974144,25.0382009817],[121.5257957486,25.0382013089],[121.5257943833,25.0382011017],[121.5253767108,25.0382234842],[121.5253442522,25.0382303353],[121.5253121868,25.038250019],[121.5252908305,25.0382793837],[121.5252834345,25.0383139587],[121.5252911248,25.0383484804],[121.5253127307,25.0383776932],[121.5253449628,25.0383971496],[121.5253883483,25.0384037326],[121.5258045069,25.0383814312],[121.5268830121,25.0383537726],[121.5278768776,25.0383485304],[121.5281629942,25.03835936],[121.5282053869,25.0383524303],[121.5282374518,25.0383327459],[121.5282588074,25.0383033808],[121.5282662026,25.0382688057],[121.5282585114,25.0382342841],[121.5282369049,25.0382050718],[121.5282046724,25.038185616],[121.5281712211,25.0381789558],[121.527882762,25.0381680375]]]},"properties":{"section_id":"ZIPIZ60","section_name":"金山南路 信義路-仁愛路","travel_speed":50.0,"level_name":"順暢","level_color":"#19FF1C","data_time":"2025-12-29 20:48:00+08:00"}},{"type":"Feature","geometry":{"type":"Polygon","coordinates":[[[121.5285181656,25.0381657135],[121.5284827325,25.0381726839],[121.5284506676,25.0381923683],[121.5284293121,25.0382217334],[121.528421917,25.0382563086],[121.5284296081,25.0382908301],[121.5284512147,25.0383200424],[121.5284834473,25.0383394981],[121.5285238582,25.0383461988],[121.5325974219,25.0382395032],[121.5326328547,25.0382325318],[121.5326649189,25.0382128465],[121.5326862734,25.0381834808],[121.5326936673,25.0381489054],[121.532685975,25.0381143841],[121.5326643674,25.0380851725],[121.5326321343,25.0380657176],[121.5325917233,25.0380590181],[121.5285181656,25.0381657135]]]},"properties":{"section_id":"ZIPJA20","section_name":"仁愛路 新生南路-金山南路","travel_speed":48.0,"level_name":"順暢","level_color":"#19FF1C","data_time":"2025-12-29 20:48:00+08:00"}},{"type":"Feature","geometry":{"type":"Polygon","coordinates":[[[121.5381692609,25.0380116114],[121.5381307572,25.0380186213],[121.538098694,25.0380383078],[121.5380773407,25.0380676742],[121.5380699484,25.0381022498],[121.5380776422,25.0381367708],[121.538099251,25.0381659817],[121.5381314851,25.0381854353],[121.538168825,25.0381921705],[121.5434449874,25.038202649],[121.5434834909,25.0381956377],[121.5435155532,25.0381759501],[121.5435369052,25.0381465829],[121.543544296,25.038112007],[121.5435366006,25.0380774863],[121.5435149905,25.0380482763],[121.5434827557,25.0380288239],[121.5434454155,25.03802209],[121.5381692609,25.0380116114]]]},"properties":{"section_id":"ZINLD60","section_name":"仁愛路 復興南路-建國南路","travel_speed":53.0,"level_name":"順暢","level_color":"#19FF1C","data_time":"2025-12-29 20:48:00+08:00"}},{"type":"Feature","geometry":{"type":"Polygon","coordinates":[[[121.5479127694,25.0379654242],[121.5478961817,25.0379455807],[121.5478639462,25.0379261293],[121.5478259939,25.037919397],[121.547824842,25.0379196102],[121.5478237516,25.0379194284],[121.5461419919,25.0379603044],[121.5461415738,25.0379603863],[121.5461412061,25.0379603263],[121.5448157147,25.0380021192],[121.5438179092,25.0380149347],[121.5437810161,25.0380219373],[121.5437489539,25.038041625],[121.543727602,25.0380709922],[121.5437202112,25.0381055681],[121.5437279066,25.0381400887],[121.5437495168,25.0381692987],[121.5437817517,25.0381887511],[121.5438207023,25.0381954762],[121.5448195244,25.0381826477],[121.5448205898,25.0381824454],[121.5448215542,25.0381826026],[121.5461476693,25.03814079],[121.5477693083,25.0381013756],[121.5479802289,25.0384430775],[121.5479968167,25.038462921],[121.5480290523,25.0384823724],[121.5480670048,25.0384891046],[121.5481048962,25.0384820927],[121.5481369579,25.0384624041],[121.5481583087,25.0384330362],[121.5481656983,25.0383984602],[121.5481580016,25.0383639397],[121.5481529782,25.0383545738],[121.5479127694,25.0379654242]]]},"properties":{"section_id":"ZINM760","section_name":"仁愛路 敦化南路-復興北路","travel_speed":48.0,"level_name":"順暢","level_color":"#19FF1C","data_time":"2025-12-29 20:48:00+08:00"}},{"type":"Feature","geometry":{"type":"Polygon","coordinates":[[[121.5577425831,25.0375941574],[121.5577069556,25.0376011398],[121.5576748957,25.0376208304],[121.5576535473,25.0376501996],[121.5576461605,25.0376847761],[121.5576538598,25.037719296],[121.5576754731,25.0377485039],[121.55770771,25.0377679533],[121.5577479258,25.0377746509],[121.5634133567,25.0376353541],[121.5634489838,25.0376283704],[121.5634810428,25.0376086785],[121.5635023898,25.0375793085],[121.563509775,25.0375447318],[121.5635020741,25.0375102122],[121.5634804594,25.0374810051],[121.5634482217,25.0374615571],[121.5634080058,25.0374548609],[121.5577425831,25.0375941574]]]},"properties":{"section_id":"ZIKPW60","section_name":"仁愛路光復往西","travel_speed":45.0,"level_name":"順暢","level_color":"#19FF1C","data_time":"2025-12-29 20:48:00+08:00"}},{"type":"Feature","geometry":{"type":"Polygon","coordinates":[[[121.5681978504,25.0327251843],[121.5682338518,25.0327181909],[121.5682659087,25.032698498],[121.5682872537,25.0326691273],[121.5682946373,25.0326345503],[121.5682869354,25.032600031],[121.5682653206,25.0325708246],[121.5682330834,25.0325513776],[121.5681932448,25.0325446741],[121.5654406225,25.0326029464],[121.565404621,25.0326099392],[121.5653725637,25.0326296314],[121.565351218,25.0326590017],[121.5653438335,25.0326935786],[121.5653515346,25.032728098],[121.5653731489,25.0327573049],[121.5654053856,25.0327767525],[121.5654452242,25.0327834567],[121.5681978504,25.0327251843]]]},"properties":{"section_id":"ZHJS620","section_name":"信義路 松智路-松仁路","travel_speed":25.0,"level_name":"車多","level_color":"#F8C920","data_time":"2025-12-29 20:48:00+08:00"}},{"type":"Feature","geometry":{"type":"Polygon","coordinates":[[[121.5599360295,25.0329650324],[121.5598995905,25.0329720322],[121.5598675321,25.0329917233],[121.559846185,25.0330210928],[121.559838799,25.0330556694],[121.5598464986,25.0330901892],[121.5598681116,25.0331193968],[121.5599003476,25.0331388457],[121.559939749,25.0331455598],[121.5653140447,25.0330535526],[121.5653504834,25.0330465515],[121.5653825409,25.0330268592],[121.5654038867,25.0329974889],[121.5654112711,25.0329629121],[121.56540357,25.0329283926],[121.5653819557,25.0328991858],[121.5653497189,25.0328797381],[121.5653103174,25.0328730255],[121.5599360295,25.0329650324]]]},"properties":{"section_id":"ZHKQD60","section_name":"信義路往西 松智路-基隆路","travel_speed":42.0,"level_name":"順暢","level_color":"#19FF1C","data_time":"2025-12-29 20:48:00+08:00"}},{"type":"Feature","geometry":{"type":"Polygon","coordinates":[[[121.5654933028,25.0328603935],[121.5654573472,25.0328673853],[121.5654252898,25.0328870776],[121.5654039441,25.0329164478],[121.5653965596,25.0329510247],[121.5654042608,25.0329855442],[121.5654258751,25.033014751],[121.5654581119,25.0330341986],[121.5654979966,25.0330409018],[121.5681850845,25.032982879],[121.5682210399,25.0329758865],[121.5682530969,25.0329561936],[121.5682744419,25.032926823],[121.5682818256,25.032892246],[121.5682741236,25.0328577266],[121.5682525087,25.0328285203],[121.5682202715,25.0328090732],[121.5681803868,25.0328023707],[121.5654933028,25.0328603935]]]},"properties":{"section_id":"ZHJRJ60","section_name":"信義路往西 松仁路-松智路","travel_speed":45.0,"level_name":"順暢","level_color":"#19FF1C","data_time":"2025-12-29 20:48:00+08:00"}},{"type":"Feature","geometry":{"type":"Polygon","coordinates":[[[121.5580522738,25.0536854055],[121.5580545798,25.0536855016],[121.558055125,25.0536856166],[121.5636027282,25.0540229678],[121.5636476356,25.0540161514],[121.5636796987,25.0539964595],[121.5637010485,25.0539670895],[121.5637084345,25.0539325128],[121.5637007324,25.0538979933],[121.5636791148,25.0538687864],[121.5636468727,25.0538493385],[121.563615927,25.05384281],[121.5580697592,25.053505546],[121.5568907059,25.0534026113],[121.5568808424,25.0534022002],[121.556842947,25.0534092145],[121.5568108829,25.053428905],[121.5567895316,25.053458274],[121.5567821437,25.0534928504],[121.5567898438,25.0535273703],[121.5568114598,25.0535565782],[121.5568437007,25.0535760276],[121.5568717948,25.0535823464],[121.5580522738,25.0536854055]]]},"properties":{"section_id":"ZM9QH20","section_name":"健康路 光復北路-三民路","travel_speed":47.0,"level_name":"順暢","level_color":"#19FF1C","data_time":"2025-12-29 20:48:00+08:00"}},{"type":"Feature","geometry":{"type":"Polygon","coordinates":[[[121.5655707602,25.054099149],[121.5655710401,25.0540991052],[121.5655714118,25.0540991807],[121.5672631233,25.054176332],[121.5672638464,25.0541762167],[121.5672647564,25.0541763942],[121.5686547497,25.0542188519],[121.5686550433,25.0542188027],[121.5686553914,25.0542188696],[121.56949461,25.0542395405],[121.5695356007,25.0542325552],[121.5695676629,25.054212862],[121.5695890112,25.0541834912],[121.5695963956,25.0541489142],[121.5695886919,25.0541143951],[121.5695670728,25.0540851891],[121.5695348298,25.0540657425],[121.5694999672,25.0540590481],[121.5686610707,25.054038385],[121.5672722172,25.0539959622],[121.5655816503,25.053918863],[121.5640738232,25.0538410122],[121.5640299059,25.0538478843],[121.5639978429,25.0538675764],[121.5639764933,25.0538969464],[121.5639691073,25.0539315231],[121.5639768095,25.0539660426],[121.5639984272,25.0539952494],[121.5640306694,25.0540146973],[121.5640626052,25.0540212813],[121.5655707602,25.054099149]]]},"properties":{"section_id":"ZMCSE20","section_name":"健康路 三民路-塔悠路","travel_speed":27.0,"level_name":"車多","level_color":"#F8C920","data_time":"2025-12-29 20:48:00+08:00"}},{"type":"Feature","geometry":{"type":"Polygon","coordinates":[[[121.5567258801,25.0536580887],[121.5566804418,25.0536648694],[121.5566483776,25.0536845598],[121.5566270263,25.0537139288],[121.5566196382,25.0537485052],[121.5566273383,25.0537830251],[121.5566489543,25.0538122331],[121.5566811953,25.0538316825],[121.5567116102,25.0538381789],[121.5635247328,25.0542859814],[121.5635701709,25.0542791985],[121.5636022341,25.0542595066],[121.5636235839,25.0542301366],[121.5636309699,25.0541955599],[121.5636232678,25.0541610405],[121.5636016502,25.0541318335],[121.563569408,25.0541123856],[121.5635389928,25.0541058906],[121.5567258801,25.0536580887]]]},"properties":{"section_id":"ZM7PP60","section_name":"健康路 三民路-光復北路","travel_speed":33.0,"level_name":"車多","level_color":"#F8C920","data_time":"2025-12-29 20:48:00+08:00"}},{"type":"Feature","geometry":{"type":"Polygon","coordinates":[[[121.5686159892,25.0545053875],[121.5686173808,25.0545056547],[121.5694566014,25.0545263259],[121.5694975921,25.0545193406],[121.5695296544,25.0544996474],[121.5695510028,25.0544702766],[121.5695583872,25.0544356996],[121.5695506835,25.0544011805],[121.5695290644,25.0543719744],[121.5694968212,25.0543525278],[121.5694619586,25.0543458334],[121.5686239928,25.0543251931],[121.5672351406,25.0542589088],[121.5672343775,25.0542590298],[121.5672334078,25.0542588399],[121.5655559932,25.0542055588],[121.5640489131,25.0541277466],[121.5640049957,25.0541346187],[121.5639729326,25.0541543107],[121.5639515829,25.0541836808],[121.5639441969,25.0542182575],[121.5639518991,25.0542527769],[121.5639735169,25.0542819838],[121.5640057591,25.0543014316],[121.564037695,25.0543080157],[121.5655458535,25.0543858836],[121.5655467954,25.0543857362],[121.565548007,25.0543859734],[121.5672256347,25.0544392613],[121.568614875,25.0545055641],[121.5686159892,25.0545053875]]]},"properties":{"section_id":"ZM8PX60","section_name":"健康路 塔悠路-三民路","travel_speed":45.0,"level_name":"順暢","level_color":"#19FF1C","data_time":"2025-12-29 20:48:00+08:00"}},{"type":"Feature","geometry":{"type":"Polygon","coordinates":[[[121.5562578252,25.054057576],[121.5562560522,25.0540606066],[121.5562544055,25.054062566],[121.5559419487,25.0545534127],[121.5559359664,25.054564494],[121.5559313479,25.0545775022],[121.5557379663,25.0553067693],[121.5557375464,25.0553100391],[121.5557364781,25.0553134907],[121.5555830205,25.0561739848],[121.5553784903,25.0573208447],[121.5552376897,25.0580613935],[121.5552362368,25.05807717],[121.5552439368,25.05811169],[121.5552655532,25.0581408981],[121.5552977952,25.0581603478],[121.5553357541,25.058167078],[121.555373651,25.0581600641],[121.5554057166,25.0581403739],[121.555427069,25.0581110051],[121.5554330047,25.0580922054],[121.5555738925,25.0573511919],[121.5555739418,25.0573506561],[121.5555740638,25.0573502621],[121.5557786752,25.0562029367],[121.5559315275,25.0553458289],[121.5561206437,25.0546326425],[121.5564242587,25.0541556847],[121.5567221802,25.0537509324],[121.556731582,25.053734861],[121.55673897,25.0537002846],[121.5567312698,25.0536657648],[121.5567096539,25.0536365568],[121.5566774129,25.0536171074],[121.5566394553,25.0536103775],[121.5566015598,25.0536173917],[121.5565694957,25.0536370821],[121.5565575461,25.0536503798],[121.5562578252,25.054057576]]]},"properties":{"section_id":"ZN8PG00","section_name":"光復北路 健康路-民生東路","travel_speed":34.0,"level_name":"車多","level_color":"#F8C920","data_time":"2025-12-29 20:48:00+08:00"}},{"type":"Feature","geometry":{"type":"Polygon","coordinates":[[[121.5572923884,25.0519228131],[121.5572876424,25.0519318945],[121.5572872282,25.0519338333],[121.5572861873,25.0519353304],[121.5566768824,25.0534663624],[121.5566709495,25.0534975029],[121.5566786496,25.0535320228],[121.5567002656,25.0535612307],[121.5567325065,25.0535806801],[121.5567704641,25.05358741],[121.5568083596,25.0535803958],[121.5568404237,25.0535607053],[121.5568632301,25.0535279003],[121.5574699565,25.0520033418],[121.5576745384,25.0516622466],[121.5576792844,25.0516531652],[121.557686672,25.0516185888],[121.5576789718,25.051584069],[121.5576573559,25.0515548611],[121.5576251154,25.0515354119],[121.5575871584,25.0515286822],[121.5575492636,25.0515356966],[121.5575172001,25.0515553873],[121.5575005953,25.051575675],[121.5572923884,25.0519228131]]]},"properties":{"section_id":"ZM7PP00","section_name":"光復北路 南京東路-健康路","travel_speed":29.0,"level_name":"車多","level_color":"#F8C920","data_time":"2025-12-29 20:48:00+08:00"}},{"type":"Feature","geometry":{"type":"Polygon","coordinates":[[[121.5579986424,25.051357141],[121.5580062942,25.0513891836],[121.5580279101,25.0514183914],[121.5580601507,25.0514378406],[121.5580981076,25.0514445701],[121.5581360024,25.0514375555],[121.5581680657,25.0514178648],[121.5581894164,25.0513884955],[121.5581967553,25.0513514419],[121.5580911902,25.0483062872],[121.5580835386,25.0482742445],[121.5580619232,25.0482450368],[121.5580296835,25.0482255876],[121.5579917275,25.048218858],[121.5579538338,25.0482258725],[121.5579217712,25.0482455632],[121.557900421,25.0482749324],[121.5578930822,25.0483119861],[121.5579986424,25.051357141]]]},"properties":{"section_id":"ZL7PX00","section_name":"光復北路 八德路-南京東路","travel_speed":46.0,"level_name":"順暢","level_color":"#19FF1C","data_time":"2025-12-29 20:48:00+08:00"}},{"type":"Feature","geometry":{"type":"Polygon","coordinates":[[[121.5553115562,25.0573282864],[121.5553116056,25.0573277506],[121.5553117275,25.0573273566],[121.5555163413,25.0561800315],[121.5556691954,25.055322924],[121.5558583132,25.0546097379],[121.5561621108,25.0541324952],[121.5564799182,25.0536938362],[121.5564889192,25.0536783138],[121.5564963072,25.0536437374],[121.5564886072,25.0536092175],[121.5564669913,25.0535800095],[121.5564347504,25.0535605601],[121.5563967928,25.0535538301],[121.5563588973,25.0535608442],[121.5563268331,25.0535805346],[121.5563144827,25.0535943812],[121.555995095,25.0540352206],[121.5559935068,25.0540379593],[121.5559920762,25.0540396616],[121.5556796183,25.0545305078],[121.555673636,25.0545415891],[121.5556690175,25.0545545972],[121.5554756344,25.0552838641],[121.5554752145,25.0552871339],[121.5554741461,25.0552905855],[121.5553206868,25.0561510794],[121.5551161541,25.0572979389],[121.554975352,25.0580384875],[121.554973899,25.058054264],[121.5549815989,25.058088784],[121.5550032153,25.0581179921],[121.5550354572,25.0581374419],[121.5550734161,25.0581441722],[121.5551113131,25.0581371584],[121.5551433787,25.0581174682],[121.5551647311,25.0580880994],[121.5551706669,25.0580692997],[121.5553115562,25.0573282864]]]},"properties":{"section_id":"ZM7PP40","section_name":"光復北路 民生東路-健康路","travel_speed":23.0,"level_name":"壅塞","level_color":"#FA0300","data_time":"2025-12-29 20:48:00+08:00"}},{"type":"Feature","geometry":{"type":"Polygon","coordinates":[[[121.5569854087,25.0518752487],[121.5569843679,25.0518767459],[121.5563750595,25.0534077767],[121.5563691265,25.0534389172],[121.5563768265,25.0534734371],[121.5563984424,25.0535026451],[121.5564306833,25.0535220946],[121.5564686408,25.0535288245],[121.5565065363,25.0535218104],[121.5565386004,25.0535021199],[121.5565614069,25.053469315],[121.5571681368,25.0519447576],[121.5573727195,25.0516036629],[121.5573774655,25.0515945815],[121.5573848532,25.051560005],[121.557377153,25.0515254852],[121.5573555373,25.0514962773],[121.5573232968,25.051476828],[121.5572853398,25.0514700983],[121.557247445,25.0514771126],[121.5572153815,25.0514968032],[121.5571987766,25.0515170909],[121.556990569,25.0518642286],[121.556985823,25.05187331],[121.5569854087,25.0518752487]]]},"properties":{"section_id":"ZLNPU40","section_name":"光復北路 健康路-南京東路","travel_speed":32.0,"level_name":"車多","level_color":"#F8C920","data_time":"2025-12-29 20:48:00+08:00"}},{"type":"Feature","geometry":{"type":"Polygon","coordinates":[[[121.5577895414,25.0482835335],[121.5577818899,25.0482514909],[121.5577602747,25.048222283],[121.557728035,25.0482028338],[121.557690079,25.0481961041],[121.5576521853,25.0482031186],[121.5576201226,25.0482228092],[121.5575987724,25.0482521784],[121.5575914335,25.048289232],[121.5576969862,25.0513343873],[121.5577046379,25.0513664299],[121.5577262537,25.0513956378],[121.5577584943,25.051415087],[121.5577964512,25.0514218166],[121.557834346,25.0514148021],[121.5578664094,25.0513951114],[121.5578877601,25.0513657422],[121.5578950991,25.0513286886],[121.5577895414,25.0482835335]]]},"properties":{"section_id":"ZKWPX40","section_name":"光復北路 南京東路-八德路","travel_speed":51.0,"level_name":"順暢","level_color":"#19FF1C","data_time":"2025-12-29 20:48:00+08:00"}},{"type":"Feature","geometry":{"type":"Polygon","coordinates":[[[121.5578787654,25.0480487376],[121.5578864341,25.0480813289],[121.5579080494,25.0481105367],[121.5579402891,25.0481299859],[121.557978245,25.0481367155],[121.5580161388,25.048129701],[121.5580482013,25.0481100103],[121.5580695514,25.0480806411],[121.5580769073,25.0480441361],[121.5579987051,25.0452496873],[121.5579910366,25.045217096],[121.5579694218,25.0451878882],[121.5579371829,25.045168439],[121.5578992279,25.0451617094],[121.557861335,25.0451687238],[121.5578292732,25.0451884145],[121.5578079236,25.0452177837],[121.5578005677,25.0452542887],[121.5578787654,25.0480487376]]]},"properties":{"section_id":"ZKLPX00","section_name":"光復南路 市民大道-八德路","travel_speed":42.0,"level_name":"順暢","level_color":"#19FF1C","data_time":"2025-12-29 20:48:00+08:00"}},{"type":"Feature","geometry":{"type":"Polygon","coordinates":[[[121.5575081884,25.0331396376],[121.5575005113,25.0331066784],[121.5574788989,25.0330774704],[121.5574466632,25.033058021],[121.557408712,25.0330512912],[121.5573708228,25.0330583055],[121.557338764,25.033077996],[121.5573174163,25.0331073652],[121.5573100514,25.0331435024],[121.5574074332,25.0372874841],[121.5574151106,25.0373204433],[121.5574367238,25.0373496512],[121.5574689605,25.0373691006],[121.5575069131,25.0373758304],[121.5575448036,25.037368816],[121.5575768634,25.0373491254],[121.5575982118,25.0373197563],[121.5576055768,25.037283619],[121.5575081884,25.0331396376]]]},"properties":{"section_id":"ZHKPV40","section_name":"光復南路 仁愛路-信義路","travel_speed":20.0,"level_name":"壅塞","level_color":"#FA0300","data_time":"2025-12-29 20:48:00+08:00"}},{"type":"Feature","geometry":{"type":"Polygon","coordinates":[[[121.5577233382,25.0452387781],[121.5577156697,25.0452061867],[121.557694055,25.0451769789],[121.5576618162,25.0451575296],[121.5576238611,25.0451507999],[121.5575859683,25.0451578143],[121.5575539065,25.0451775049],[121.5575325567,25.0452068741],[121.5575252008,25.0452433791],[121.5576033922,25.0480378282],[121.5576110609,25.0480704195],[121.5576326761,25.0480996274],[121.5576649157,25.0481190767],[121.5577028716,25.0481258063],[121.5577407654,25.0481187919],[121.557772828,25.0480991012],[121.5577941781,25.048069732],[121.5578015342,25.048033227],[121.5577233382,25.0452387781]]]},"properties":{"section_id":"ZKAPX40","section_name":"光復南路 八德路-市民大道","travel_speed":32.0,"level_name":"車多","level_color":"#F8C920","data_time":"2025-12-29 20:48:00+08:00"}},{"type":"Feature","geometry":{"type":"Polygon","coordinates":[[[121.5325018474,25.0442472716],[121.5325017515,25.044247259],[121.5325014832,25.0442471732],[121.5319629432,25.0441027291],[121.5319617309,25.0441025721],[121.5319589179,25.0441017328],[121.5312270573,25.0439355757],[121.5305201984,25.0437699319],[121.5291069071,25.0434219029],[121.5290806593,25.0434187755],[121.5290427652,25.0434257827],[121.5290106991,25.0434454672],[121.5289893428,25.0434748324],[121.5289819476,25.0435094075],[121.5289896393,25.043543929],[121.5290112469,25.0435731412],[121.529043481,25.0435925968],[121.5290551863,25.0435962065],[121.5304690642,25.0439443799],[121.5304694602,25.0439444271],[121.5304702353,25.0439446613],[121.5311780429,25.0441105274],[121.5311783076,25.0441105574],[121.5311787661,25.0441106942],[121.5319089655,25.0442764742],[121.5324453229,25.0444203329],[121.532689964,25.0444868778],[121.5327187072,25.0444906509],[121.5327566014,25.0444836428],[121.5327886671,25.0444639575],[121.5328100227,25.0444345918],[121.5328174169,25.0444000164],[121.5328097241,25.0443654952],[121.5327881154,25.0443362836],[121.5327558806,25.0443168288],[121.5327466702,25.0443138659],[121.5325018474,25.0442472716]]]},"properties":{"section_id":"ZJTJ960","section_name":"八德路 松江路-忠孝東路","travel_speed":44.0,"level_name":"順暢","level_color":"#19FF1C","data_time":"2025-12-29 20:48:00+08:00"}},{"type":"Feature","geometry":{"type":"Polygon","coordinates":[[[121.5336993766,25.0443262352],[121.5336990032,25.044326015],[121.5331313972,25.044127048],[121.533095418,25.0441210263],[121.5330575239,25.0441280345],[121.5330254583,25.0441477199],[121.5330041028,25.0441770856],[121.5329967087,25.044211661],[121.5330044016,25.0442461822],[121.5330260103,25.0442753938],[121.5330602194,25.0442955627],[121.5336274005,25.0444943808],[121.5338477938,25.0445737648],[121.5340441411,25.0446745741],[121.5340486393,25.0446765586],[121.5340495906,25.0446771724],[121.5344244237,25.0448426004],[121.5347004696,25.0450066548],[121.5348747208,25.0451208623],[121.534884205,25.0451256522],[121.5348883477,25.0451283588],[121.5349791836,25.0451696525],[121.5352177452,25.0453255178],[121.5352222981,25.0453278131],[121.5352258335,25.0453302779],[121.5355248103,25.045488024],[121.5356870322,25.0456005527],[121.5356995442,25.0456070753],[121.5357045176,25.0456102597],[121.5361870424,25.0458192454],[121.5362299866,25.0458279903],[121.536267881,25.0458209813],[121.5362999465,25.0458012952],[121.5363213014,25.045771929],[121.5363286947,25.0457373535],[121.5363210008,25.0457028325],[121.5362993911,25.0456736214],[121.5362721454,25.0456561772],[121.5357989172,25.0454512179],[121.5356399177,25.0453409246],[121.5356346109,25.0453381581],[121.5356295484,25.0453346288],[121.5353293408,25.0451762333],[121.535088268,25.0450187274],[121.5350788394,25.0450139739],[121.5350747611,25.0450113095],[121.5349839918,25.044970046],[121.5348143871,25.044858884],[121.5348125821,25.0448579724],[121.5348106575,25.0448565553],[121.5345274442,25.0446882414],[121.5345189179,25.044684164],[121.534516504,25.0446826064],[121.5341387737,25.0445158998],[121.5339391971,25.0444134324],[121.5339281032,25.0444085382],[121.5339274874,25.0444084289],[121.5339269785,25.0444081258],[121.5336998527,25.0443263169],[121.5336993766,25.0443262352]]]},"properties":{"section_id":"ZK7K820","section_name":"八德路 新生南路-建國北路","travel_speed":31.0,"level_name":"車多","level_color":"#F8C920","data_time":"2025-12-29 20:48:00+08:00"}},{"type":"Feature","geometry":{"type":"Polygon","coordinates":[[[121.5475285348,25.0481821341],[121.5475278302,25.0481822596],[121.5475270987,25.0481821299],[121.5468768689,25.0481845252],[121.5461574352,25.0481169823],[121.5454579847,25.0479192115],[121.5454567582,25.0479190443],[121.5454533288,25.0479180077],[121.544902525,25.0477887514],[121.5441285806,25.047600597],[121.5441026284,25.047597545],[121.5440647339,25.0476045559],[121.5440326693,25.0476242437],[121.5440113159,25.0476536109],[121.5440039246,25.0476881868],[121.5440116208,25.0477227074],[121.5440332327,25.0477519173],[121.5440654702,25.0477713696],[121.5440774731,25.0477750506],[121.5448518334,25.0479633061],[121.5448521186,25.0479633396],[121.5448526642,25.0479635045],[121.5454015404,25.0480923085],[121.5461080933,25.0482920875],[121.546116855,25.0482932812],[121.5461273109,25.0482956696],[121.546861816,25.0483646274],[121.5468723761,25.0483651023],[121.5475271826,25.0483626901],[121.5484311415,25.0483712893],[121.5484704721,25.0483642814],[121.5485025362,25.0483445927],[121.5485238887,25.0483152248],[121.5485312787,25.0482806487],[121.5485235812,25.0482461284],[121.5485019681,25.0482169191],[121.5484697298,25.0481974679],[121.5484332105,25.04819074],[121.5475285348,25.0481821341]]]},"properties":{"section_id":"ZKRM820","section_name":"八德路 敦化北路-復興北路","travel_speed":45.0,"level_name":"順暢","level_color":"#19FF1C","data_time":"2025-12-29 20:48:00+08:00"}},{"type":"Feature","geometry":{"type":"Polygon","coordinates":[[[121.5500671783,25.0481741039],[121.5500687876,25.0481738318],[121.5500705437,25.0481741432],[121.5508814383,25.048171081],[121.5524288441,25.0481892651],[121.5524307601,25.0481889259],[121.5524326571,25.0481892431],[121.5536518227,25.0481608173],[121.5536523637,25.0481607116],[121.5536598012,25.0481603373],[121.5551896654,25.0480116261],[121.5563703753,25.0479717442],[121.5577260014,25.0481446723],[121.5577401529,25.0481455438],[121.5577780466,25.0481385293],[121.5578101092,25.0481188386],[121.5578314593,25.0480894695],[121.5578388467,25.048054893],[121.5578311466,25.0480203732],[121.5578095314,25.0479911653],[121.5577772918,25.0479717161],[121.5577534873,25.0479658579],[121.5563891941,25.0477918242],[121.5563750427,25.0477909526],[121.5563733434,25.0477912671],[121.5563717776,25.0477910138],[121.5551788914,25.047831307],[121.5551782057,25.0478314447],[121.5551720474,25.0478317547],[121.5536427505,25.0479804107],[121.5524294929,25.0480086988],[121.5508831511,25.047990527],[121.5508823244,25.0479906734],[121.5508814611,25.0479905203],[121.5500714057,25.0479935794],[121.5492994651,25.0479726012],[121.5492582132,25.0479795741],[121.5492261493,25.0479992629],[121.5492047971,25.0480286309],[121.5491974073,25.048063207],[121.5492051049,25.0480977273],[121.5492267181,25.0481269364],[121.5492589565,25.0481463875],[121.5492935543,25.04815308],[121.5500671783,25.0481741039]]]},"properties":{"section_id":"ZKWNV20","section_name":"八德路 敦化南路-光復南路","travel_speed":36.0,"level_name":"順暢","level_color":"#19FF1C","data_time":"2025-12-29 20:48:00+08:00"}},{"type":"Feature","geometry":{"type":"Polygon","coordinates":[[[121.5562983914,25.0480071445],[121.55628424,25.0480062728],[121.5562825406,25.0480065874],[121.5562809749,25.0480063341],[121.5550880865,25.0480466266],[121.5550874009,25.0480467643],[121.5550812425,25.0480470743],[121.5535519428,25.0481957294],[121.552338683,25.0482240167],[121.5507923386,25.0482058441],[121.5507915119,25.0482059905],[121.5507906485,25.0482058374],[121.5499789087,25.0482089023],[121.5499768752,25.0482092787],[121.5499750332,25.048208986],[121.5493065057,25.0482353464],[121.5492724945,25.048242275],[121.5492404304,25.0482619639],[121.5492190782,25.0482913319],[121.5492116884,25.048325908],[121.5492193861,25.0483604283],[121.5492409993,25.0483896374],[121.5492732378,25.0484090885],[121.5493150765,25.0484157366],[121.5499816682,25.0483894525],[121.5507906256,25.0483863981],[121.5523380341,25.0484045831],[121.5523399502,25.0484042439],[121.5523418471,25.0484045611],[121.5535610149,25.048376136],[121.5535615559,25.0483760303],[121.5535689934,25.048375656],[121.5550988604,25.0482269457],[121.5562795724,25.0481870645],[121.5576352008,25.0483599933],[121.5576493523,25.0483608648],[121.5576872461,25.0483538504],[121.5577193087,25.0483341597],[121.5577406589,25.0483047906],[121.5577480463,25.0482702141],[121.5577403463,25.0482356943],[121.5577187311,25.0482064864],[121.5576864914,25.0481870372],[121.5576626868,25.048181179],[121.5562983914,25.0480071445]]]},"properties":{"section_id":"ZKWN860","section_name":"八德路 光復南路-敦化北路","travel_speed":43.0,"level_name":"順暢","level_color":"#19FF1C","data_time":"2025-12-29 20:48:00+08:00"}},{"type":"Feature","geometry":{"type":"Polygon","coordinates":[[[121.5587747082,25.0482353508],[121.5587751755,25.0482353739],[121.5587753573,25.0482354157],[121.5598540203,25.0483400763],[121.5606803596,25.0484205629],[121.5606805026,25.0484205696],[121.5606805563,25.0484205819],[121.5614013942,25.0484894632],[121.5621616195,25.0485701295],[121.562162711,25.0485701851],[121.5621631201,25.0485702782],[121.5631599531,25.0486620489],[121.5639070507,25.048730824],[121.565316619,25.0488744818],[121.5653280513,25.0488750407],[121.5653659448,25.0488680243],[121.5653980063,25.048848332],[121.5654193547,25.0488189618],[121.56542674,25.048784385],[121.5654190378,25.0487498656],[121.5653974206,25.0487206589],[121.5653651796,25.0487012113],[121.5653386554,25.0486950425],[121.5639285618,25.0485513311],[121.5639277907,25.0485512934],[121.5639275064,25.0485512288],[121.5631798818,25.0484824052],[121.5621838012,25.0483907037],[121.5614237633,25.0483100573],[121.561422951,25.0483100159],[121.5614226357,25.0483099436],[121.560701333,25.0482410178],[121.5598750933,25.0481605409],[121.5598750638,25.0481605395],[121.5598750526,25.0481605369],[121.5587966753,25.048055904],[121.5580262639,25.0479764676],[121.5580147089,25.0479758956],[121.5579768152,25.0479829101],[121.5579447527,25.0480026008],[121.5579234026,25.04803197],[121.5579160153,25.0480665465],[121.5579237154,25.0481010663],[121.5579453306,25.0481302741],[121.5579775703,25.0481497233],[121.5580039713,25.0481558809],[121.5587747082,25.0482353508]]]},"properties":{"section_id":"ZKZQW20","section_name":"八德路 光復南路-東興街","travel_speed":38.0,"level_name":"順暢","level_color":"#19FF1C","data_time":"2025-12-29 20:48:00+08:00"}},{"type":"Feature","geometry":{"type":"Polygon","coordinates":[[[121.5702677212,25.0496415563],[121.5702694513,25.0496418509],[121.5702882484,25.0496466563],[121.5709555608,25.0497439483],[121.5709659875,25.0497446834],[121.5709677421,25.0497450271],[121.5718262391,25.049772508],[121.5718276892,25.0497722664],[121.5718293272,25.049772563],[121.5727042595,25.0497757128],[121.5733827345,25.0497981571],[121.5742734542,25.0498429571],[121.5742752612,25.0498426731],[121.5742774739,25.0498430848],[121.5753741621,25.0498576332],[121.5765716628,25.0498855501],[121.5765719093,25.0498855079],[121.5765721911,25.0498855611],[121.5781111641,25.0499139459],[121.5788890957,25.0500262007],[121.5795985603,25.0502355456],[121.5800784929,25.0503795471],[121.5807478352,25.0506175566],[121.5814547537,25.0509369459],[121.5814570358,25.0509374284],[121.5814595209,25.0509389581],[121.5822483851,25.0512490651],[121.5822880788,25.051256453],[121.5823259719,25.0512494323],[121.5823580313,25.0512297364],[121.582379376,25.0512003638],[121.5823867567,25.0511657862],[121.5823790495,25.0511312678],[121.582357428,25.0511020636],[121.5823269194,25.0510832843],[121.5815404688,25.0507741262],[121.5808319844,25.0504540295],[121.5808280025,25.0504531876],[121.5808239864,25.0504508082],[121.5801480755,25.050210463],[121.5801450897,25.050209957],[121.5801430422,25.0502088144],[121.5796603368,25.050063981],[121.5796600455,25.050063939],[121.5796598719,25.0500638426],[121.578942799,25.0498522527],[121.5789379346,25.0498515626],[121.5789277641,25.0498489709],[121.5781354663,25.0497346431],[121.5781232413,25.0497337905],[121.5781219663,25.0497335498],[121.5765764686,25.0497050447],[121.5753786872,25.0496771212],[121.5753781737,25.0496772091],[121.5753775941,25.0496771012],[121.5742823721,25.0496625723],[121.5733927289,25.0496178263],[121.5733919116,25.0496179548],[121.5733908613,25.0496177484],[121.5727098508,25.0495952203],[121.5727083481,25.0495954699],[121.5727066454,25.0495951615],[121.5718316556,25.0495920115],[121.5709808307,25.0495647761],[121.570330139,25.0494699074],[121.5696284957,25.0492191895],[121.5695918886,25.0492129556],[121.5695539952,25.0492199731],[121.5695219343,25.0492396662],[121.5695005868,25.0492690371],[121.5694932026,25.0493036141],[121.569500906,25.0493381332],[121.5695225242,25.0493673393],[121.5695561157,25.0493872786],[121.5702677212,25.0496415563]]]},"properties":{"section_id":"ZLDTB20","section_name":"八德路 基隆路-東新街","travel_speed":38.0,"level_name":"順暢","level_color":"#19FF1C","data_time":"2025-12-29 20:48:00+08:00"}},{"type":"Feature","geometry":{"type":"Polygon","coordinates":[[[121.5639296,25.0487782505],[121.5639288288,25.0487782128],[121.5639285445,25.0487781481],[121.5631809186,25.0487093246],[121.5621848362,25.0486176231],[121.5614247968,25.0485369768],[121.5614239845,25.0485369354],[121.5614236692,25.0485368631],[121.5607023652,25.0484679373],[121.5598761239,25.0483874604],[121.5598760945,25.0483874591],[121.5598760833,25.0483874565],[121.5587977039,25.0482828236],[121.5580272911,25.0482033873],[121.5580157361,25.0482028152],[121.5579778424,25.0482098297],[121.5579457798,25.0482295205],[121.5579244297,25.0482588897],[121.5579170423,25.0482934661],[121.5579247424,25.048327986],[121.5579463577,25.0483571938],[121.5579785975,25.048376643],[121.5580049985,25.0483828005],[121.5587757369,25.0484622704],[121.5587762041,25.0484622935],[121.5587763859,25.0484623353],[121.5598550509,25.0485669958],[121.5598550712,25.0485669978],[121.5606813917,25.0486474824],[121.5606815348,25.0486474891],[121.5606815884,25.0486475014],[121.5614024277,25.0487163827],[121.5621626544,25.048797049],[121.5621637459,25.0487971046],[121.562164155,25.0487971976],[121.5631609899,25.0488889683],[121.5639080888,25.0489577434],[121.5653176597,25.0491014011],[121.565329092,25.04910196],[121.5653669856,25.0490949437],[121.5653990471,25.0490752513],[121.5654203956,25.0490458811],[121.5654277809,25.0490113043],[121.5654200786,25.0489767849],[121.5653984615,25.0489475782],[121.5653662204,25.0489281307],[121.5653396962,25.0489219619],[121.5639296,25.0487782505]]]},"properties":{"section_id":"ZKWPX60","section_name":"八德路 東興街?-光復北路","travel_speed":49.0,"level_name":"順暢","level_color":"#19FF1C","data_time":"2025-12-29 20:48:00+08:00"}},{"type":"Feature","geometry":{"type":"Polygon","coordinates":[[[121.5685628399,25.0492625569],[121.5685616117,25.0492624802],[121.568561001,25.049262335],[121.5678395361,25.0491814915],[121.5678387208,25.0491814475],[121.5678383785,25.0491813681],[121.5673149071,25.049128393],[121.5667833551,25.0490521916],[121.5667797373,25.0490519408],[121.5667781149,25.0490515703],[121.5660739238,25.0489854143],[121.5660717175,25.0489853151],[121.5660711243,25.0489851878],[121.5655655837,25.0489508567],[121.5655578018,25.0489506077],[121.5655199083,25.0489576241],[121.5654878468,25.0489773164],[121.5654664983,25.0490066867],[121.565459113,25.0490412635],[121.5654668153,25.0490757829],[121.5654884325,25.0491049896],[121.5655206736,25.0491244371],[121.5655508483,25.0491309157],[121.5660549881,25.0491651516],[121.5667551531,25.0492309294],[121.5672863198,25.0493070756],[121.5672893338,25.0493072845],[121.5672907835,25.0493076211],[121.5678159152,25.0493607641],[121.5685358821,25.0494414397],[121.5690728276,25.0495109211],[121.569087182,25.0495118176],[121.5691250755,25.0495048003],[121.5691571365,25.0494851072],[121.5691784842,25.0494557364],[121.5691858684,25.0494211594],[121.5691781651,25.0493866402],[121.569156547,25.0493574341],[121.5691243053,25.0493379874],[121.5691007029,25.0493321571],[121.5685628399,25.0492625569]]]},"properties":{"section_id":"ZL6RM20","section_name":"八德路 基隆路-東興街","travel_speed":44.0,"level_name":"順暢","level_color":"#19FF1C","data_time":"2025-12-29 20:48:00+08:00"}},{"type":"Feature","geometry":{"type":"Polygon","coordinates":[[[121.5815420727,25.051388024],[121.5815440775,25.0513892693],[121.5820346528,25.0515865913],[121.5820751105,25.051594283],[121.5821130037,25.0515872623],[121.5821450632,25.0515675665],[121.582166408,25.0515381939],[121.5821737888,25.0515036163],[121.5821660817,25.0514690979],[121.5821444602,25.0514398937],[121.5821147153,25.0514214182],[121.5816260728,25.0512248736],[121.5813384219,25.0510955627],[121.5813329779,25.0510944169],[121.581327893,25.0510914996],[121.5810768955,25.0510098509],[121.5807574613,25.0508656713],[121.5807528802,25.0508647035],[121.580748393,25.0508620797],[121.5804638186,25.0507644408],[121.5801988034,25.050648528],[121.5801971407,25.0506481867],[121.580195393,25.0506471081],[121.5798718511,25.0505190804],[121.579871328,25.0505189824],[121.5798708468,25.0505186889],[121.579537125,25.0503905964],[121.5795366186,25.0503905042],[121.5795361765,25.0503902376],[121.5795281394,25.0503876039],[121.579173662,25.0502869348],[121.5791719749,25.0502867042],[121.5791674402,25.0502853684],[121.5787511389,25.0501937441],[121.5787496278,25.0501935832],[121.5787476545,25.0501930375],[121.578401607,25.0501287938],[121.5783947644,25.0501281786],[121.578391222,25.0501273829],[121.5780784882,25.0501002226],[121.5777564241,25.0500548562],[121.5777518803,25.050054547],[121.5777501148,25.0500541554],[121.5773026403,25.0500176681],[121.5772976733,25.0500174756],[121.5772970667,25.0500173575],[121.5766958278,25.0499993177],[121.5759430191,25.0499722754],[121.5759423305,25.0499723887],[121.5759415061,25.0499722315],[121.5723335228,25.0498928262],[121.570920102,25.0498143089],[121.5702664398,25.0497467467],[121.569713782,25.0495501585],[121.5696773165,25.0495439752],[121.5696394231,25.0495509927],[121.5696073621,25.0495706859],[121.5695860145,25.0496000567],[121.5695786304,25.0496346337],[121.5695863338,25.0496691528],[121.5696079521,25.0496983589],[121.5696416855,25.0497183488],[121.57020638,25.0499192186],[121.5702094431,25.049919738],[121.5702312546,25.0499248269],[121.5709003206,25.0499939813],[121.5709044943,25.0499941883],[121.5709054605,25.0499943895],[121.5723232761,25.0500731509],[121.5723248765,25.0500729036],[121.572326913,25.0500732919],[121.5759359648,25.0501527206],[121.5766883394,25.0501797474],[121.5766886285,25.0501796998],[121.5766889814,25.0501797685],[121.5772877506,25.0501977342],[121.5777292768,25.0502337364],[121.5780510579,25.0502790629],[121.5780551213,25.0502793395],[121.5780567966,25.0502797158],[121.578367177,25.0503066717],[121.5787063245,25.0503696343],[121.5791177521,25.050460186],[121.5794645748,25.0505586812],[121.5797933803,25.0506848868],[121.5801147015,25.0508120358],[121.580381934,25.0509289184],[121.5803860347,25.0509297602],[121.5803898978,25.0509320192],[121.5806738963,25.0510294605],[121.5809940979,25.0511739865],[121.5809996017,25.0511751491],[121.5810047688,25.0511781136],[121.5812558415,25.0512597868],[121.5815402512,25.0513876406],[121.5815420727,25.051388024]]]},"properties":{"section_id":"ZLDTB60","section_name":"八德路 東新街-基隆路","travel_speed":20.0,"level_name":"壅塞","level_color":"#FA0300","data_time":"2025-12-29 20:48:00+08:00"}},{"type":"Feature","geometry":{"type":"Polygon","coordinates":[[[121.5386617756,25.0776888232],[121.5386577891,25.0776895536],[121.5386544549,25.0776890723],[121.5380938496,25.0777270796],[121.5376411786,25.0777164195],[121.537636374,25.0777172402],[121.5376319851,25.0777165916],[121.5331721255,25.0779888388],[121.5327387125,25.0779973772],[121.5327365721,25.0779977909],[121.532734803,25.0779975246],[121.532178362,25.0780285269],[121.5314298636,25.07805609],[121.5314292892,25.0780562061],[121.5314244506,25.0780564246],[121.530999155,25.0780933896],[121.5303173643,25.0780223884],[121.5303155918,25.0780222996],[121.5303150016,25.0780221685],[121.5300624434,25.0780014352],[121.5297657869,25.077976825],[121.5294691135,25.0779280627],[121.5294691019,25.0779280608],[121.5291266375,25.0778717331],[121.5289573972,25.0778400237],[121.5287537987,25.0777970882],[121.5285910893,25.07774156],[121.5284494026,25.0776699079],[121.5282739462,25.0775754107],[121.5281357841,25.0774656875],[121.5281350899,25.0774652973],[121.5281324094,25.0774631251],[121.5279538247,25.0773335264],[121.5277982865,25.0772091296],[121.5276759677,25.0771030735],[121.5276752863,25.0771026715],[121.5276748834,25.0771021474],[121.5275380725,25.0769870377],[121.5273526136,25.0768278953],[121.5273519298,25.0768274942],[121.5273455126,25.0768223539],[121.5271206941,25.0766630255],[121.526936174,25.0765296565],[121.526820428,25.0763555272],[121.5268054493,25.0763381956],[121.5267732069,25.0763187398],[121.5267352438,25.0763120024],[121.5266973395,25.076319009],[121.5266652646,25.0763386931],[121.5266439021,25.0763680579],[121.5266365044,25.0764026329],[121.5266441977,25.0764371543],[121.526650832,25.076449035],[121.5267758024,25.0766370419],[121.5267907811,25.0766543735],[121.5267989791,25.0766610038],[121.5269978227,25.0768047259],[121.5269980603,25.0768048526],[121.526998568,25.0768052593],[121.5272200665,25.0769622349],[121.5274024726,25.0771187578],[121.527402922,25.0771190214],[121.527403184,25.0771193622],[121.5275398063,25.0772343134],[121.5276630302,25.0773411543],[121.5276649156,25.0773422666],[121.527665971,25.0773436033],[121.5278247878,25.0774706224],[121.5278255024,25.0774710257],[121.527828423,25.0774733924],[121.5280071431,25.0776030895],[121.5281505075,25.0777169442],[121.5281552508,25.0777196104],[121.5281651982,25.0777266091],[121.528349646,25.0778259491],[121.528351283,25.0778266904],[121.528351982,25.0778271685],[121.5285012863,25.0779026729],[121.5285118319,25.0779072867],[121.5285133901,25.0779075632],[121.5285146248,25.077908284],[121.5286903204,25.077968244],[121.5286918014,25.0779684856],[121.528702742,25.0779716572],[121.5289138644,25.0780161794],[121.5289149328,25.0780162887],[121.5289162509,25.0780166546],[121.5290878639,25.0780488086],[121.5290890743,25.0780489186],[121.5290902213,25.0780492232],[121.5294338793,25.0781057472],[121.5294338856,25.0781057477],[121.5294338909,25.0781057491],[121.5297348572,25.078155217],[121.5297408377,25.0781556938],[121.5297434701,25.07815628],[121.5300445056,25.0781812535],[121.5300445766,25.0781812563],[121.5300445985,25.0781812611],[121.5302960207,25.0782019011],[121.5309869616,25.0782738552],[121.5309986123,25.0782744389],[121.5310076402,25.0782740313],[121.5314405843,25.0782364015],[121.5321873966,25.0782089005],[121.5321885389,25.0782086695],[121.5321894442,25.0782088058],[121.5327449561,25.0781778552],[121.5331786575,25.0781693111],[121.5331811309,25.078168833],[121.5331831413,25.0781691302],[121.5376406547,25.0778970262],[121.5380936917,25.0779076949],[121.5380989302,25.0779068],[121.5381036125,25.077907476],[121.5386655177,25.0778693805],[121.5387220198,25.0778693606],[121.5387602805,25.0778623502],[121.5387923539,25.0778426635],[121.5388137136,25.077813297],[121.5388211079,25.0777787215],[121.5388134112,25.0777442007],[121.5387917951,25.0777149903],[121.5387595505,25.0776955371],[121.538721943,25.077688802],[121.5386617756,25.0776888232]]]},"properties":{"section_id":"ZSBID60","section_name":"北安路 明水路-中山北路","travel_speed":48.0,"level_name":"順暢","level_color":"#19FF1C","data_time":"2025-12-29 20:48:00+08:00"}},{"type":"Feature","geometry":{"type":"Polygon","coordinates":[[[121.5092886761,25.0535296315],[121.5092823038,25.0535300547],[121.5088105499,25.0535913886],[121.508786282,25.0535974856],[121.5087542099,25.0536171658],[121.508732847,25.0536465281],[121.5087254455,25.0536811023],[121.5087331323,25.0537156249],[121.508754737,25.05374484],[121.5087869706,25.0537643],[121.5088249259,25.0537710422],[121.5088385564,25.0537701371],[121.5093064212,25.0537093088],[121.5097464217,25.0536842169],[121.5101953086,25.05367318],[121.510584618,25.0537048231],[121.5110559355,25.0537508864],[121.5110576224,25.0537509657],[121.5110581382,25.0537510791],[121.5121781521,25.0538375446],[121.5127180501,25.0538832246],[121.5132491729,25.0539407035],[121.5132521547,25.0539408591],[121.5132530457,25.0539410525],[121.5136425274,25.0539691309],[121.5136445301,25.0539691995],[121.5136449022,25.053969276],[121.5140907813,25.05399162],[121.5141345,25.0539847523],[121.5141665712,25.0539650709],[121.5141879328,25.0539357078],[121.5141953328,25.0539011333],[121.5141876446,25.0538666111],[121.5141660385,25.0538373967],[121.514133804,25.053817938],[121.5141016689,25.0538113328],[121.5136569789,25.0537890483],[121.5132706244,25.0537611954],[121.5127401734,25.0537037892],[121.5127382982,25.0537036913],[121.5127376467,25.0537035456],[121.512196086,25.0536577249],[121.5121954686,25.0536576999],[121.5121952889,25.0536576604],[121.5110759803,25.0535712493],[121.5106048821,25.0535252074],[121.5106035461,25.0535251446],[121.5106031174,25.0535250495],[121.5102071944,25.0534928688],[121.5101980122,25.0534925122],[121.5101968294,25.0534927307],[121.5101957117,25.0534925444],[121.5097393131,25.0535037661],[121.5097373717,25.0535041462],[121.5097357945,25.0535039096],[121.5092901151,25.0535293253],[121.5092886761,25.0535296315]]]},"properties":{"section_id":"ZM7FI60","section_name":"南京西路 西寧北路-重慶北路","travel_speed":21.0,"level_name":"壅塞","level_color":"#FA0300","data_time":"2025-12-29 20:48:00+08:00"}},{"type":"Feature","geometry":{"type":"Polygon","coordinates":[[[121.5837638826,25.0517373847],[121.5837617558,25.0517360571],[121.582698661,25.0513031495],[121.5826577882,25.05129529],[121.5826198951,25.0513023108],[121.5825878358,25.0513220067],[121.582566491,25.0513513794],[121.5825591105,25.051385957],[121.5825668176,25.0514204753],[121.5825884393,25.0514496795],[121.582617769,25.0514679869],[121.5836788432,25.0519000718],[121.5843977337,25.0522286561],[121.5844007819,25.0522293073],[121.5844040637,25.0522313],[121.5854763494,25.0526382662],[121.5854781426,25.0526385892],[121.585479593,25.0526394366],[121.5859621828,25.0528046842],[121.5859626051,25.0528047533],[121.5859669651,25.0528061959],[121.5862458668,25.052887151],[121.5862615772,25.0528893442],[121.5862713845,25.0528913162],[121.5867001076,25.0529093489],[121.5867041759,25.052908692],[121.5867084423,25.0529093799],[121.5871614566,25.0528936972],[121.5871621383,25.05289356],[121.5871681519,25.0528932582],[121.5875467068,25.0528566612],[121.5880088747,25.0528715742],[121.5880091088,25.0528715352],[121.58800939,25.0528715896],[121.5882976986,25.0528795242],[121.5888846831,25.0529982522],[121.5893717142,25.0531129584],[121.5899775322,25.0533246223],[121.5909737009,25.0536949092],[121.5909757008,25.0536952625],[121.5909772477,25.0536961559],[121.591771898,25.0539596215],[121.5917727754,25.0539597606],[121.5917787714,25.0539616451],[121.5926273294,25.0541807047],[121.5926322704,25.0541813201],[121.5926390808,25.0541830472],[121.593602241,25.0543198683],[121.5936087278,25.0543203132],[121.5936107129,25.0543207337],[121.5941484374,25.0543544133],[121.5941935643,25.0543476014],[121.5942256225,25.0543279029],[121.5942469649,25.0542985287],[121.5942543424,25.0542639506],[121.5942466317,25.0542294329],[121.5942250069,25.0542002305],[121.59419276,25.0541807894],[121.5941620339,25.0541742809],[121.5936285666,25.0541408679],[121.5926755771,25.0540054915],[121.5918362949,25.0537888265],[121.5910468281,25.0535270795],[121.5900514484,25.0531570859],[121.590050367,25.0531568949],[121.5900494952,25.0531563818],[121.5894374524,25.052942543],[121.5894365772,25.0529423971],[121.5894267691,25.0529394297],[121.5889326442,25.0528230527],[121.5889313559,25.052822906],[121.5889293184,25.0528223249],[121.5883315288,25.0527014114],[121.5883161247,25.0526999031],[121.5883130384,25.052699306],[121.5880156336,25.052691121],[121.5875467226,25.0526759904],[121.5875448548,25.0526763015],[121.5875427836,25.0526759347],[121.5875327545,25.052676438],[121.5871505731,25.0527133856],[121.5867050833,25.0527288079],[121.5862935879,25.0527114997],[121.5860295561,25.0526348609],[121.5855509699,25.0524709842],[121.5844835119,25.0520658503],[121.5837657568,25.0517377851],[121.5837638826,25.0517373847]]]},"properties":{"section_id":"ZMBWS20","section_name":"南港路 東新街-向陽路","travel_speed":40.0,"level_name":"順暢","level_color":"#19FF1C","data_time":"2025-12-29 20:48:00+08:00"}},{"type":"Feature","geometry":{"type":"Polygon","coordinates":[[[121.5933183857,25.0545480405],[121.5933210481,25.0545486345],[121.5941342783,25.0546170431],[121.5941438267,25.0546174247],[121.5941817202,25.054610401],[121.5942137784,25.0545907025],[121.5942351209,25.0545613283],[121.5942424983,25.0545267502],[121.5942347877,25.0544922325],[121.5942131628,25.0544630301],[121.5941809159,25.054443589],[121.5941525046,25.0544372503],[121.5933435851,25.0543692043],[121.5926492239,25.0542545189],[121.5918087604,25.0540375492],[121.5910192921,25.0537758022],[121.5900239104,25.0534058084],[121.590022829,25.0534056174],[121.5900219572,25.0534051043],[121.5894099132,25.0531912654],[121.589409038,25.0531911196],[121.5893992298,25.0531881521],[121.588905104,25.053071775],[121.5889038157,25.0530716284],[121.5889017782,25.0530710473],[121.5883039874,25.0529501336],[121.5882885833,25.0529486253],[121.588285497,25.0529480282],[121.5879880916,25.0529398433],[121.5875191796,25.0529247126],[121.5875173118,25.0529250236],[121.5875152406,25.0529246568],[121.5875052115,25.0529251602],[121.5871230293,25.0529621077],[121.5866775386,25.0529775299],[121.5862660423,25.0529602217],[121.5860020101,25.0528835828],[121.5855234229,25.0527197061],[121.5844559628,25.052314572],[121.5837382063,25.0519865067],[121.5837370716,25.0519862642],[121.5837357409,25.0519854184],[121.5830042478,25.0516738177],[121.5829618393,25.0516653186],[121.5829239461,25.0516723395],[121.5828918867,25.0516920355],[121.582870542,25.0517214082],[121.5828631615,25.0517559858],[121.5828708688,25.0517905042],[121.5828924905,25.0518197082],[121.5829202848,25.0518373759],[121.5836505377,25.0521484483],[121.5843701844,25.0524773778],[121.5843732326,25.052478029],[121.5843765145,25.0524800217],[121.5854488023,25.052886988],[121.5854505955,25.052887311],[121.5854520458,25.0528881585],[121.5859346366,25.0530534061],[121.5859350589,25.0530534751],[121.5859394189,25.0530549178],[121.5862183211,25.0531358729],[121.5862340316,25.0531380661],[121.5862438389,25.0531400381],[121.5866725629,25.0531580709],[121.5866766311,25.053157414],[121.5866808976,25.0531581019],[121.5871339128,25.0531424193],[121.5871345945,25.053142282],[121.5871406081,25.0531419802],[121.5875191638,25.0531053833],[121.5879813326,25.0531202964],[121.5879815668,25.0531202574],[121.5879818479,25.0531203118],[121.5882701571,25.0531282464],[121.5888571428,25.0532469745],[121.5893441748,25.0533616808],[121.589949994,25.0535733448],[121.5909461646,25.0539436319],[121.5909481645,25.0539439851],[121.5909497114,25.0539448785],[121.5917443634,25.0542083442],[121.5917452407,25.0542084833],[121.5917512368,25.0542103678],[121.5925997965,25.0544294276],[121.5926034085,25.0544298774],[121.592609137,25.0544313997],[121.5933124802,25.0545475687],[121.5933183857,25.0545480405]]]},"properties":{"section_id":"ZLNUW60","section_name":"南港路 向陽路-東新街","travel_speed":28.0,"level_name":"車多","level_color":"#F8C920","data_time":"2025-12-29 20:48:00+08:00"}},{"type":"Feature","geometry":{"type":"Polygon","coordinates":[[[121.5303599955,25.0548652816],[121.5303600797,25.054864864],[121.5302826523,25.0521062224],[121.5302749913,25.0520736546],[121.5302533818,25.0520444426],[121.5302211453,25.0520249874],[121.5301831895,25.0520182507],[121.5301452929,25.0520252581],[121.5301132248,25.0520449429],[121.5300918673,25.0520743082],[121.5300845035,25.052110837],[121.5301619142,25.0548690437],[121.5302140877,25.0578542633],[121.5302217689,25.0578877014],[121.5302433795,25.0579169133],[121.5302756175,25.0579363685],[121.5303135751,25.0579431051],[121.5303514736,25.0579360976],[121.5303835432,25.0579164127],[121.5304049016,25.0578870474],[121.5304122854,25.0578513889],[121.5303600995,25.0548657343],[121.5303599955,25.0548652816]]]},"properties":{"section_id":"ZMEJE00","section_name":"吉林路 南京東路-民生東路","travel_speed":40.0,"level_name":"順暢","level_color":"#19FF1C","data_time":"2025-12-29 20:48:00+08:00"}},{"type":"Feature","geometry":{"type":"Polygon","coordinates":[[[121.5302287643,25.0487729943],[121.5302289061,25.0487722452],[121.5302146139,25.0484975985],[121.530207032,25.0484669983],[121.5301854231,25.0484377863],[121.5301531876,25.048418331],[121.530115233,25.0484115943],[121.5300773374,25.0484186017],[121.5300452702,25.0484382865],[121.5300239133,25.0484676518],[121.5300166285,25.0485061482],[121.5300308776,25.0487799769],[121.530061069,25.0497206827],[121.5300510665,25.0504354261],[121.5300513929,25.0504369564],[121.5300510806,25.0504384868],[121.5300832605,25.0518238032],[121.5300909316,25.0518567683],[121.530112541,25.0518859803],[121.5301447775,25.0519054355],[121.5301827332,25.0519121722],[121.5302206298,25.0519051648],[121.5302526979,25.05188548],[121.5302740553,25.0518561146],[121.5302814292,25.0518199832],[121.5302492827,25.0504361971],[121.5302592892,25.0497210894],[121.5302588808,25.0497191751],[121.5302592549,25.0497173002],[121.5302289749,25.0487738816],[121.5302287643,25.0487729943]]]},"properties":{"section_id":"ZLRJE00","section_name":"吉林路 長安東路-南京東路","travel_speed":41.0,"level_name":"順暢","level_color":"#19FF1C","data_time":"2025-12-29 20:48:00+08:00"}},{"type":"Feature","geometry":{"type":"Polygon","coordinates":[[[121.5300716526,25.0548667641],[121.5300715486,25.0548663114],[121.5300716328,25.0548658938],[121.5299942119,25.0521072519],[121.5299865509,25.0520746841],[121.5299649415,25.0520454721],[121.5299327051,25.0520260168],[121.5298947493,25.05201928],[121.5298568526,25.0520262874],[121.5298247845,25.0520459721],[121.5298034269,25.0520753374],[121.529796063,25.0521118662],[121.5298734673,25.0548700731],[121.5299256338,25.0578552929],[121.529933315,25.057888731],[121.5299549255,25.0579179429],[121.5299871635,25.0579373982],[121.5300251211,25.0579441349],[121.5300630195,25.0579371275],[121.5300950892,25.0579174427],[121.5301164476,25.0578880774],[121.5301238316,25.0578524189],[121.5300716526,25.0548667641]]]},"properties":{"section_id":"ZLRJE40","section_name":"吉林路 民生東路-南京東路","travel_speed":37.0,"level_name":"順暢","level_color":"#19FF1C","data_time":"2025-12-29 20:48:00+08:00"}},{"type":"Feature","geometry":{"type":"Polygon","coordinates":[[[121.5297629051,25.0504260423],[121.5297625927,25.0504275726],[121.5297947694,25.0518128891],[121.5298024404,25.0518458543],[121.5298240498,25.0518750663],[121.5298562862,25.0518945216],[121.5298942419,25.0519012584],[121.5299321385,25.051894251],[121.5299642066,25.0518745662],[121.5299855641,25.051845201],[121.5299929381,25.0518090695],[121.5299607948,25.0504252833],[121.529970803,25.0497101756],[121.5299703947,25.0497082614],[121.5299707687,25.0497063864],[121.5299404941,25.0487630662],[121.5299296353,25.048397391],[121.5299219785,25.0483649573],[121.5299003697,25.0483357453],[121.5298681343,25.0483162899],[121.5298301797,25.0483095531],[121.5297922842,25.0483165605],[121.5297602169,25.0483362452],[121.52973886,25.0483656105],[121.5297315001,25.0484022734],[121.5297423613,25.0487680471],[121.5297423859,25.0487681513],[121.5297423674,25.0487682441],[121.5297725829,25.0497097686],[121.5297625786,25.0504245119],[121.5297629051,25.0504260423]]]},"properties":{"section_id":"ZLAJE40","section_name":"吉林路 南京東路-長安東路","travel_speed":36.0,"level_name":"順暢","level_color":"#19FF1C","data_time":"2025-12-29 20:48:00+08:00"}},{"type":"Feature","geometry":{"type":"Polygon","coordinates":[[[121.5945271642,25.0552653847],[121.594527405,25.0552650775],[121.594696351,25.0549538757],[121.5947066192,25.0549134603],[121.5946989084,25.0548789426],[121.5946772833,25.0548497404],[121.5946450362,25.0548302993],[121.5946070764,25.0548235791],[121.5945691829,25.054830603],[121.5945371246,25.0548503015],[121.594518673,25.0548738385],[121.5943502044,25.0551841601],[121.5939862722,25.0558193774],[121.5939858586,25.0558201891],[121.5939857045,25.0558203837],[121.5933881372,25.0568960323],[121.5933881318,25.0568960429],[121.5933881299,25.0568960454],[121.592803178,25.0579493902],[121.5928029792,25.0579497867],[121.592802913,25.057949871],[121.5922130037,25.0590280249],[121.5917262944,25.0598007266],[121.5917205332,25.0598114637],[121.5917205315,25.0598114661],[121.5917205292,25.0598114712],[121.5913443076,25.0606489942],[121.591344307,25.060648997],[121.5913443053,25.0606489994],[121.5913405211,25.060659087],[121.5911492634,25.0612881212],[121.5911488262,25.0612910999],[121.5911473421,25.0612956937],[121.5909573722,25.0622251469],[121.5909556989,25.0622420647],[121.5909634091,25.0622765826],[121.5909850347,25.0623057853],[121.5910172832,25.0623252272],[121.5910552452,25.0623319482],[121.5910931412,25.0623249252],[121.5911252019,25.0623052274],[121.5911465464,25.0622758536],[121.5911522519,25.0622581935],[121.5913414388,25.061332564],[121.5915299906,25.0607124265],[121.5919015021,25.0598853862],[121.5923863818,25.0591155873],[121.592388368,25.0591118856],[121.5923891197,25.0591109298],[121.5929801902,25.0580306508],[121.5935630004,25.0569775584],[121.593565004,25.0569775519],[121.5941622861,25.0559024139],[121.5945264288,25.0552668275],[121.5945271642,25.0552653847]]]},"properties":{"section_id":"ZMLXB00","section_name":"向陽路 重陽路-新明路","travel_speed":50.0,"level_name":"順暢","level_color":"#19FF1C","data_time":"2025-12-29 20:48:00+08:00"}},{"type":"Feature","geometry":{"type":"Polygon","coordinates":[[[121.5908596826,25.0611365799],[121.5908583157,25.0611407376],[121.5906414388,25.0621483882],[121.5906395882,25.0621661506],[121.5906472984,25.0622006685],[121.5906689239,25.0622298713],[121.5907011723,25.0622493132],[121.5907391342,25.0622560343],[121.5907770302,25.0622490114],[121.590809091,25.0622293136],[121.5908304356,25.0621999399],[121.5908359639,25.0621831244],[121.5910521088,25.0611788679],[121.5912407879,25.0605583157],[121.5916123009,25.059731276],[121.5920971819,25.0589614781],[121.5920991681,25.0589577764],[121.5920999199,25.0589568206],[121.5926909922,25.0578765427],[121.5932758041,25.0568234514],[121.5932758114,25.0568234383],[121.5938730917,25.055748308],[121.5942372355,25.0551127223],[121.5942379708,25.0551112795],[121.5942382117,25.0551109723],[121.5944071582,25.0547997708],[121.5944174265,25.0547593554],[121.5944097158,25.0547248377],[121.5943880908,25.0546956354],[121.5943558438,25.0546761943],[121.594317884,25.054669474],[121.5942799906,25.0546764978],[121.5942479323,25.0546961963],[121.5942294807,25.0547197332],[121.5940610115,25.0550300546],[121.5936970783,25.0556652712],[121.5936966646,25.0556660828],[121.5936965105,25.0556662775],[121.5930989413,25.0567419249],[121.593098936,25.0567419356],[121.5930989341,25.056741938],[121.5925139804,25.0577952817],[121.5925137816,25.0577956783],[121.5925137154,25.0577957625],[121.5919238043,25.0588739153],[121.5914370937,25.0596466161],[121.5914313325,25.0596573532],[121.5914313308,25.0596573556],[121.5914313285,25.0596573608],[121.5910551053,25.0604948831],[121.5910551047,25.0604948859],[121.591055103,25.0604948882],[121.5910513189,25.0605049759],[121.5908600598,25.0611340097],[121.5908596826,25.0611365799]]]},"properties":{"section_id":"ZMGXG40","section_name":"向陽路 南京東路-重陽路","travel_speed":47.0,"level_name":"順暢","level_color":"#19FF1C","data_time":"2025-12-29 20:48:00+08:00"}},{"type":"Feature","geometry":{"type":"Polygon","coordinates":[[[121.524026412,25.0268514485],[121.5240267145,25.0268513814],[121.5240279149,25.0268513264],[121.5253375738,25.0267357665],[121.5260667133,25.0266851685],[121.5260670538,25.0266850938],[121.5260672893,25.026685127],[121.5271634586,25.0266031912],[121.5271637998,25.0266031154],[121.5271651347,25.0266030529],[121.5284239305,25.0264893102],[121.528452427,25.0264827434],[121.5284844888,25.026463059],[121.5285058424,25.0264336938],[121.5285132368,25.0263991186],[121.5285055464,25.026364597],[121.528483942,25.0263353846],[121.5284517126,25.0263159288],[121.5284137648,25.0263091915],[121.5284043724,25.0263096316],[121.5271464158,25.0264232984],[121.5260513748,25.0265051498],[121.5253215101,25.0265557981],[121.5253211246,25.0265558827],[121.5253194831,25.0265559579],[121.5240095643,25.0266715407],[121.5227284263,25.0267666565],[121.5226982015,25.0267733645],[121.5226661386,25.0267930476],[121.5226447836,25.0268224119],[121.5226373874,25.0268569869],[121.5226450762,25.0268915088],[121.5226666794,25.026920722],[121.5226989081,25.0269401791],[121.5227445203,25.0269466204],[121.524026412,25.0268514485]]]},"properties":{"section_id":"ZFZK620","section_name":"和平東路 羅斯福路-師大路","travel_speed":54.0,"level_name":"順暢","level_color":"#19FF1C","data_time":"2025-12-29 20:48:00+08:00"}},{"type":"Feature","geometry":{"type":"Polygon","coordinates":[[[121.5271903661,25.0268059564],[121.527191701,25.0268058939],[121.5284504989,25.026692151],[121.5284789954,25.0266855841],[121.5285110572,25.0266658997],[121.5285324109,25.0266365346],[121.5285398053,25.0266019594],[121.5285321149,25.0265674378],[121.5285105104,25.0265382254],[121.5284782809,25.0265187696],[121.5284403331,25.0265120323],[121.5284309406,25.0265124724],[121.527172982,25.0266261395],[121.5260779392,25.026707991],[121.5253480734,25.0267586395],[121.5253476878,25.0267587241],[121.5253460464,25.0267587993],[121.5240353746,25.0268744486],[121.5240352191,25.0268744842],[121.524034714,25.0268745089],[121.522521726,25.0270173247],[121.5224936645,25.0270238502],[121.5224616016,25.0270435333],[121.5224402465,25.0270728976],[121.5224328503,25.0271074725],[121.522440539,25.0271419945],[121.5224621422,25.0271712077],[121.5224943709,25.0271906648],[121.5225323187,25.0271974037],[121.5225421466,25.0271969237],[121.5240548065,25.0270541389],[121.5253641372,25.0269386079],[121.5260932778,25.0268880097],[121.5260936183,25.026887935],[121.5260938539,25.0268879682],[121.5271900249,25.0268060323],[121.5271903661,25.0268059564]]]},"properties":{"section_id":"ZG9HT60","section_name":"和平東路 師大路-羅斯福路","travel_speed":42.0,"level_name":"順暢","level_color":"#19FF1C","data_time":"2025-12-29 20:48:00+08:00"}},{"type":"Feature","geometry":{"type":"Polygon","coordinates":[[[121.5426610596,25.0250963174],[121.5426621248,25.0250962332],[121.543212294,25.0250106198],[121.5432338976,25.025004897],[121.5432659567,25.0249852095],[121.5432873064,25.0249558423],[121.5432946966,25.0249212664],[121.5432870022,25.0248867456],[121.5432653946,25.0248575355],[121.5432331633,25.0248380829],[121.5431952153,25.0248313493],[121.5431789314,25.0248326372],[121.5426296282,25.0249181158],[121.5421182219,25.0249892236],[121.5412028179,25.02511426],[121.5412024626,25.0251143505],[121.5412018588,25.0251143954],[121.5401935179,25.0252613343],[121.5388708984,25.0254452168],[121.5372465937,25.0256660565],[121.5372455311,25.025666327],[121.5372438522,25.0256664651],[121.5363410067,25.0258128894],[121.5350581816,25.0259965251],[121.5350352802,25.0260024405],[121.5350032196,25.0260221262],[121.5349818677,25.0260514923],[121.534974475,25.0260860678],[121.5349821672,25.026120589],[121.5350037732,25.0261498004],[121.5350360035,25.0261692548],[121.5350739516,25.0261759904],[121.5350889386,25.0261748971],[121.5363727594,25.0259911189],[121.5363735528,25.0259909139],[121.536374744,25.0259908159],[121.5372772138,25.0258444526],[121.5389003077,25.0256237774],[121.5389004243,25.0256237477],[121.5389006294,25.0256237332],[121.5402237623,25.0254397792],[121.540224025,25.0254397119],[121.5402244636,25.0254396794],[121.5412326772,25.025292759],[121.5421477312,25.0251677704],[121.5421478247,25.0251677465],[121.5421479885,25.0251677349],[121.5426603918,25.0250964885],[121.5426610596,25.0250963174]]]},"properties":{"section_id":"ZFTLH60","section_name":"和平東路 復興南路-新生南路","travel_speed":42.0,"level_name":"順暢","level_color":"#19FF1C","data_time":"2025-12-29 20:48:00+08:00"}},{"type":"Feature","geometry":{"type":"Polygon","coordinates":[[[121.5515353889,25.0245258814],[121.5515370067,25.02452611],[121.5520480564,25.0244883828],[121.5520783451,25.024481664],[121.5521104025,25.0244619746],[121.5521317501,25.0244326062],[121.5521391378,25.0243980298],[121.5521314409,25.0243635096],[121.5521098313,25.0243343007],[121.5520775988,25.0243148501],[121.5520320523,25.024308413],[121.5515228963,25.0243460004],[121.5508432879,25.0243723407],[121.5508431755,25.0243723636],[121.5508430825,25.0243723488],[121.5498732549,25.0244117698],[121.5498716947,25.0244120887],[121.5498705082,25.0244119163],[121.5492568583,25.0244524364],[121.5483791628,25.0244889535],[121.5483787696,25.0244890341],[121.548378454,25.0244889853],[121.5467665039,25.0245665833],[121.5467664931,25.0245665838],[121.5455928798,25.024622952],[121.5444344483,25.0246706599],[121.5444324239,25.0246710742],[121.5444309254,25.0246708623],[121.5435791696,25.0247336965],[121.5435488804,25.0247404136],[121.5435168215,25.0247601012],[121.5434954718,25.0247894684],[121.5434880816,25.0248240443],[121.5434957761,25.0248585651],[121.5435173838,25.0248877752],[121.5435496151,25.0249072277],[121.5435951614,25.0249136674],[121.5444451589,25.0248509629],[121.5456021993,25.0248033123],[121.5456026101,25.0248032282],[121.5456029403,25.0248032792],[121.5467769365,25.0247468926],[121.5467769426,25.0247468913],[121.5467769474,25.0247468921],[121.5483885563,25.0246693105],[121.5492672204,25.024632753],[121.5492687224,25.0246324453],[121.549269862,25.0246326109],[121.5498834604,25.0245920942],[121.5508518122,25.0245527332],[121.5515332163,25.0245263233],[121.5515353889,25.0245258814]]]},"properties":{"section_id":"ZFQM660","section_name":"和平東路 基隆路-復興南路","travel_speed":43.0,"level_name":"順暢","level_color":"#19FF1C","data_time":"2025-12-29 20:48:00+08:00"}},{"type":"Feature","geometry":{"type":"Polygon","coordinates":[[[121.5442198187,25.0246727015],[121.5442205616,25.0246725492],[121.5442211473,25.024672638],[121.546794069,25.0245339334],[121.5467944713,25.0245338483],[121.5467947734,25.0245338931],[121.5483776628,25.024438224],[121.5489330212,25.0244102701],[121.5506402785,25.0243358054],[121.5506410144,25.0243356538],[121.5506415888,25.0243357403],[121.5515077709,25.0242874699],[121.5515081651,25.0242873862],[121.5515103521,25.0242872952],[121.5519820771,25.0242497141],[121.5520117369,25.0242430436],[121.5520437942,25.0242233542],[121.5520651418,25.0241939858],[121.5520725295,25.0241594095],[121.5520648326,25.0241248892],[121.5520432231,25.0240956804],[121.5520109907,25.0240762297],[121.5519730424,25.0240694984],[121.5519648154,25.0240698408],[121.5514943805,25.0241073192],[121.5506301464,25.0241554809],[121.5489231826,25.0242299328],[121.5489227764,25.0242300165],[121.5489224541,25.0242299671],[121.5483661854,25.0242579668],[121.548365563,25.0242580971],[121.5483650918,25.0242580273],[121.5467820102,25.024353708],[121.5442101087,25.0244923576],[121.5435816963,25.0245185185],[121.5435479334,25.0245254359],[121.5435158746,25.0245451235],[121.5434945249,25.0245744907],[121.5434871348,25.0246090666],[121.5434948293,25.0246435874],[121.5435164369,25.0246727975],[121.5435486682,25.02469225],[121.5435907408,25.0246988901],[121.5442198187,25.0246727015]]]},"properties":{"section_id":"ZFPMQ20","section_name":"和平東路 復興南路-基隆路","travel_speed":48.0,"level_name":"順暢","level_color":"#19FF1C","data_time":"2025-12-29 20:48:00+08:00"}},{"type":"Feature","geometry":{"type":"Polygon","coordinates":[[[121.5533363555,25.0231309888],[121.5533361054,25.023131141],[121.5526076752,25.0237886409],[121.5525857124,25.0238185698],[121.5525783249,25.0238531461],[121.5525860218,25.0238876664],[121.5526076314,25.0239168752],[121.5526398639,25.0239363257],[121.5526778121,25.0239430568],[121.5527156988,25.0239360437],[121.5527471405,25.0239169146],[121.5534753671,25.0232595978],[121.5545281825,25.022320213],[121.5545289746,25.0223191404],[121.5545301486,25.0223184086],[121.555515573,25.0213881755],[121.5555156953,25.0213880048],[121.5555158656,25.0213878981],[121.5563059806,25.0206356306],[121.5589976525,25.0182024429],[121.5589993462,25.0182001327],[121.5590015685,25.0181986938],[121.5593905006,25.0178042977],[121.5593915633,25.0178027543],[121.5593975518,25.0177962716],[121.5596696604,25.0174475529],[121.5596706434,25.0174459263],[121.5596720971,25.0174442808],[121.5598889538,25.0171388797],[121.5598905614,25.0171360757],[121.5598918711,25.0171345039],[121.5599788826,25.0169952414],[121.5599844727,25.0169847785],[121.5599845757,25.0169842961],[121.5599848633,25.0169838958],[121.5601461748,25.0166137642],[121.560146245,25.0166134262],[121.5601494737,25.0166048732],[121.5602189369,25.0163796926],[121.5602927903,25.0161913732],[121.5603322645,25.016127509],[121.5603376289,25.0161174092],[121.5603450138,25.0160828325],[121.5603373152,25.0160483127],[121.5603157052,25.016019105],[121.5602834736,25.0159996561],[121.5602455275,25.0159929269],[121.5602076437,25.0159999418],[121.5601755898,25.016019633],[121.56015961,25.0160389027],[121.5601159998,25.0161094583],[121.5601106354,25.0161195581],[121.5601101723,25.0161217263],[121.5601090277,25.0161233817],[121.5600311841,25.0163218751],[121.5600310212,25.0163227419],[121.5600291023,25.0163278253],[121.5599601063,25.0165514901],[121.559803253,25.0169113909],[121.5597210573,25.0170429454],[121.5595069061,25.0173445358],[121.5592393293,25.0176874461],[121.5588560729,25.0180760863],[121.5561655053,25.0205082732],[121.5561647688,25.0205092776],[121.5561637037,25.0205099445],[121.5553728458,25.0212629186],[121.554388537,25.0221920975],[121.5533365137,25.0231307745],[121.5533363555,25.0231309888]]]},"properties":{"section_id":"ZEZPT20","section_name":"和平東路 基隆路-臥龍街","travel_speed":33.0,"level_name":"車多","level_color":"#F8C920","data_time":"2025-12-29 20:48:00+08:00"}},{"type":"Feature","geometry":{"type":"Polygon","coordinates":[[[121.5602435794,25.0165285317],[121.5602433001,25.0165298812],[121.5602425941,25.0165308957],[121.5601001034,25.0168877532],[121.5599642585,25.0171368331],[121.5599640724,25.0171375619],[121.5599634182,25.0171384121],[121.5598658177,25.0173264525],[121.5597501838,25.0174802587],[121.5595856618,25.0176724325],[121.5593547666,25.0179264178],[121.5588184792,25.0184930434],[121.5575489541,25.0196324201],[121.5575483629,25.0196332233],[121.5575474803,25.019633771],[121.5564131226,25.0206956956],[121.5564127334,25.0206962366],[121.5564121957,25.0206965751],[121.555423095,25.0216478714],[121.554629088,25.0224032071],[121.5541078564,25.0228932328],[121.5535741079,25.0233797647],[121.5528835046,25.0240021981],[121.5528614896,25.0240321742],[121.5528541022,25.0240667505],[121.5528617992,25.0241012708],[121.5528834089,25.0241304795],[121.5529156415,25.02414993],[121.5529535898,25.024156661],[121.5529914765,25.0241496479],[121.553022866,25.0241305658],[121.5537136681,25.0235079525],[121.553713824,25.0235077402],[121.5537140648,25.023507593],[121.5542485516,25.0230203875],[121.5542489872,25.0230197906],[121.5542496243,25.0230193944],[121.5547715912,25.022528677],[121.55477176,25.0225284418],[121.5547719962,25.0225282939],[121.5555663923,25.0217725873],[121.5555665503,25.0217723657],[121.5555667657,25.0217722302],[121.5565555921,25.0208211966],[121.5576887538,25.0197603904],[121.5589604057,25.0186191038],[121.5589628693,25.0186157567],[121.5589659095,25.0186137454],[121.5595054714,25.0180436593],[121.5595056645,25.0180433724],[121.5595067413,25.0180422904],[121.5597391903,25.0177865955],[121.55973956,25.0177860338],[121.55974101,25.017784533],[121.5599083105,25.0175891135],[121.5599094186,25.0175873724],[121.5599119281,25.0175846071],[121.560033751,25.0174225686],[121.5600395211,25.0174128195],[121.5600415792,25.0174101449],[121.5601421393,25.0172164019],[121.560280033,25.0169635649],[121.5602812481,25.0169588045],[121.560284414,25.0169542551],[121.5604283332,25.0165938186],[121.5605632185,25.0162833571],[121.5605701739,25.0162497523],[121.5605624753,25.0162152325],[121.5605408652,25.0161860248],[121.5605086335,25.016166576],[121.5604706873,25.0161598468],[121.5604328035,25.0161668618],[121.5604007496,25.016186553],[121.560378976,25.0162168946],[121.5602435794,25.0165285317]]]},"properties":{"section_id":"ZEUPN60","section_name":"和平東路 臥龍街-基隆路","travel_speed":44.0,"level_name":"順暢","level_color":"#19FF1C","data_time":"2025-12-29 20:48:00+08:00"}},{"type":"Feature","geometry":{"type":"Polygon","coordinates":[[[121.5170792325,25.0268574631],[121.5170811339,25.0268568595],[121.5170818366,25.0268567611],[121.5180633789,25.0265787631],[121.5188911454,25.0263517146],[121.519179778,25.0263287843],[121.5204615049,25.0266000567],[121.5204637135,25.0266002835],[121.520466158,25.0266009349],[121.521647637,25.0267971228],[121.5221994528,25.0268890744],[121.5222176609,25.0268905467],[121.5222555503,25.0268835413],[121.5222876132,25.0268638582],[121.5223089684,25.026834494],[121.5223163646,25.026799919],[121.5223086759,25.0267653971],[121.5222870728,25.0267361838],[121.5222548442,25.0267167266],[121.5222351047,25.0267114601],[121.5216832592,25.0266195036],[121.5216832264,25.0266195009],[121.5216831983,25.0266194935],[121.5205040287,25.026423689],[121.5192092793,25.0261496603],[121.5191864792,25.0261473195],[121.5191782519,25.0261476601],[121.5188637557,25.0261726451],[121.5188549852,25.0261746155],[121.5188437992,25.0261761363],[121.5180058273,25.0264059841],[121.5180051961,25.0264061904],[121.518004977,25.0264062212],[121.5170243081,25.0266839716],[121.5161744783,25.0269015768],[121.5161630187,25.0269052143],[121.5161309548,25.0269248961],[121.5161095981,25.0269542595],[121.5161022002,25.0269888342],[121.5161098872,25.0270233565],[121.5161314888,25.0270525707],[121.5161637166,25.0270720292],[121.5162016639,25.0270787696],[121.5162280942,25.0270754033],[121.5170792325,25.0268574631]]]},"properties":{"section_id":"ZG8IK60","section_name":"和平西路 重慶南路-羅斯福路","travel_speed":52.0,"level_name":"順暢","level_color":"#19FF1C","data_time":"2025-12-29 20:48:00+08:00"}},{"type":"Feature","geometry":{"type":"Polygon","coordinates":[[[121.5632009865,25.0764419414],[121.5632013897,25.0764440159],[121.5632008796,25.0764463945],[121.5632026471,25.0770197267],[121.5632027536,25.0770202057],[121.5632026555,25.0770206764],[121.5632061456,25.0772591575],[121.5632064232,25.0772603731],[121.5632091974,25.077280215],[121.5632625259,25.0774711052],[121.5632671697,25.0774837401],[121.5632801015,25.0775039829],[121.5636229131,25.0779087532],[121.5641371349,25.0785159071],[121.564145825,25.078524871],[121.5641780737,25.0785443186],[121.5642160394,25.0785510464],[121.5642539421,25.0785440302],[121.5642860114,25.0785243381],[121.5643073651,25.078494968],[121.5643147523,25.0784603914],[121.5643070483,25.0784258721],[121.5642941163,25.0784056294],[121.5637798942,25.077798476],[121.563449603,25.0774084898],[121.5634042246,25.0772460577],[121.5634008976,25.0770187448],[121.5633991376,25.0764481151],[121.5634124769,25.0761872267],[121.5634048798,25.0761481316],[121.5633832582,25.0761189248],[121.5633510102,25.076099477],[121.5633130454,25.0760927489],[121.5632751434,25.0760997649],[121.5632430745,25.0761194568],[121.563221721,25.0761488267],[121.56321444,25.0761788276],[121.5632009865,25.0764419414]]]},"properties":{"section_id":"ZSPRA00","section_name":"基湖路 樂群一路-堤頂大道","travel_speed":42.0,"level_name":"順暢","level_color":"#19FF1C","data_time":"2025-12-29 20:48:00+08:00"}},{"type":"Feature","geometry":{"type":"Polygon","coordinates":[[[121.5652536508,25.0818862176],[121.5652523783,25.0818823261],[121.5652519277,25.0818792508],[121.5650712726,25.0812635163],[121.5650707538,25.0812621326],[121.5650706525,25.0812614973],[121.5647089572,25.0801343324],[121.564592868,25.0797275005],[121.564591387,25.0797235049],[121.5645911476,25.0797221548],[121.5643254783,25.0789820474],[121.5643226806,25.0789752037],[121.5643010582,25.0789459971],[121.5642688094,25.0789265495],[121.5642308436,25.0789198217],[121.5641929409,25.078926838],[121.5641608714,25.0789465301],[121.5641395176,25.0789759001],[121.5641321303,25.0790104767],[121.5641370365,25.0790381523],[121.564401754,25.0797756113],[121.5645174479,25.0801810601],[121.5645181072,25.0801828389],[121.5645182409,25.0801836769],[121.5648800298,25.081311139],[121.5650593741,25.0819224086],[121.5651322648,25.0822831543],[121.5651383332,25.0823017127],[121.5651599563,25.0823309192],[121.5651922062,25.0823503666],[121.5652301731,25.0823570941],[121.5652680768,25.0823500776],[121.565300147,25.0823303853],[121.5653215011,25.0823010151],[121.5653288882,25.0822664384],[121.5653272521,25.0822504776],[121.5652536508,25.0818862176]]]},"properties":{"section_id":"ZSPRA40","section_name":"基湖路 內湖路-堤頂大道","travel_speed":44.0,"level_name":"順暢","level_color":"#19FF1C","data_time":"2025-12-29 20:48:00+08:00"}},{"type":"Feature","geometry":{"type":"Polygon","coordinates":[[[121.5637450202,25.0785068329],[121.5637454883,25.0785075413],[121.5639168413,25.0786979829],[121.5639237134,25.0787048644],[121.5639559621,25.0787243121],[121.5639939278,25.07873104],[121.5640318306,25.0787240238],[121.5640639,25.0787043317],[121.5640852538,25.0786749617],[121.564092641,25.078640385],[121.5640849371,25.0786058657],[121.564070187,25.0785835406],[121.563899836,25.0783942129],[121.5634393062,25.0778477167],[121.5634392008,25.0778476078],[121.5634391596,25.0778475431],[121.5631088693,25.0774575561],[121.5630634913,25.0772951239],[121.5630601649,25.077067811],[121.5630584034,25.0764961953],[121.5630669706,25.0761803681],[121.5630592965,25.0761432431],[121.563037675,25.0761140362],[121.5630054271,25.0760945883],[121.5629674623,25.0760878602],[121.5629295603,25.0760948761],[121.5628974914,25.0761145679],[121.5628761377,25.0761439378],[121.5628687796,25.0761759087],[121.5628601783,25.0764929771],[121.562860425,25.0764941705],[121.5628601484,25.0764954602],[121.5628619143,25.0770687925],[121.5628620208,25.0770692715],[121.5628619227,25.0770697422],[121.5628654121,25.0773082233],[121.5628656898,25.0773094388],[121.562868464,25.0773292807],[121.5629217919,25.0775201711],[121.5629264356,25.077532806],[121.5629393674,25.0775530489],[121.5632821047,25.0779577333],[121.5637435236,25.0785052854],[121.5637450202,25.0785068329]]]},"properties":{"section_id":"ZRKQZ40","section_name":"基湖路 堤頂大道-樂群一路","travel_speed":43.0,"level_name":"順暢","level_color":"#19FF1C","data_time":"2025-12-29 20:48:00+08:00"}},{"type":"Feature","geometry":{"type":"Polygon","coordinates":[[[121.5656819642,25.0432551448],[121.5656997069,25.0432769049],[121.5657319465,25.0432963524],[121.5657699014,25.0433030801],[121.5658077931,25.0432960636],[121.5658398531,25.0432763712],[121.5658612005,25.0432470009],[121.5658685854,25.043212424],[121.5658608834,25.0431779047],[121.5658570099,25.0431704581],[121.5646413279,25.0410849986],[121.5646235858,25.0410632383],[121.5645913469,25.0410437905],[121.5645533928,25.0410370625],[121.5645155017,25.0410440787],[121.564483442,25.0410637708],[121.5644620947,25.0410931409],[121.5644547095,25.0411277177],[121.564462411,25.0411622372],[121.5644662843,25.0411696838],[121.5656819642,25.0432551448]]]},"properties":{"section_id":"ZJVRL10","section_name":"基隆路地下道 忠孝東路-松隆路","travel_speed":59.0,"level_name":"順暢","level_color":"#19FF1C","data_time":"2025-12-29 20:48:00+08:00"}},{"type":"Feature","geometry":{"type":"Polygon","coordinates":[[[121.5620894261,25.0372269675],[121.5621062619,25.0372472101],[121.5621384994,25.0372666585],[121.5621764522,25.0372733871],[121.5622143423,25.0372663715],[121.5622464013,25.0372466799],[121.5622677486,25.0372173101],[121.5622751341,25.0371827334],[121.5622674336,25.0371482138],[121.5622626551,25.0371392491],[121.5606350436,25.0344713333],[121.5606182084,25.0344510905],[121.5605859719,25.0344316418],[121.56054802,25.0344249128],[121.5605101307,25.0344319279],[121.5604780721,25.0344516191],[121.5604567248,25.0344809887],[121.5604493389,25.0345155653],[121.5604570388,25.0345500851],[121.560461817,25.0345590498],[121.5620894261,25.0372269675]]]},"properties":{"section_id":"ZJVRL11","section_name":"基隆路地下道 莊敬路-仁愛路","travel_speed":59.0,"level_name":"順暢","level_color":"#19FF1C","data_time":"2025-12-29 20:48:00+08:00"}},{"type":"Feature","geometry":{"type":"Polygon","coordinates":[[[121.56317404,25.0391091362],[121.5631563461,25.0390874577],[121.563124108,25.0390680095],[121.5630861546,25.0390612812],[121.563048264,25.039068297],[121.5630162046,25.0390879888],[121.5629948572,25.0391173587],[121.5629874718,25.0391519354],[121.5629951727,25.039186455],[121.5629990937,25.0391939836],[121.564029718,25.0409576901],[121.5640474123,25.0409793685],[121.564079651,25.0409988164],[121.5641176051,25.0410055444],[121.5641554962,25.0409985284],[121.5641875559,25.0409788364],[121.5642089033,25.0409494663],[121.5642162885,25.0409148895],[121.5642085872,25.04088037],[121.564204666,25.0408728415],[121.56317404,25.0391091362]]]},"properties":{"section_id":"ZIKQU50","section_name":"基隆路 忠孝東路-松高路","travel_speed":47.0,"level_name":"順暢","level_color":"#19FF1C","data_time":"2025-12-29 20:48:00+08:00"}},{"type":"Feature","geometry":{"type":"Polygon","coordinates":[[[121.5636519395,25.039490151],[121.5636596307,25.0395237166],[121.5636638136,25.0395316901],[121.5645188358,25.0409753503],[121.5645362683,25.0409965837],[121.5645685072,25.0410160314],[121.5646064612,25.0410227594],[121.5646443524,25.0410157432],[121.564676412,25.0409960511],[121.5646977593,25.0409666809],[121.5647051443,25.0409321041],[121.5646974428,25.0408975847],[121.5646932599,25.0408896112],[121.5638497531,25.0394653978],[121.563844924,25.0391668019],[121.5638372328,25.0391332363],[121.5638156178,25.0391040293],[121.5637833795,25.0390845813],[121.5637454261,25.0390778532],[121.5637075355,25.0390848691],[121.5636754762,25.039104561],[121.563654129,25.039133931],[121.5636467536,25.0391694618],[121.5636519395,25.039490151]]]},"properties":{"section_id":"ZJERC00","section_name":"基隆路 松高路-忠孝東路","travel_speed":33.0,"level_name":"車多","level_color":"#F8C920","data_time":"2025-12-29 20:48:00+08:00"}},{"type":"Feature","geometry":{"type":"Polygon","coordinates":[[[121.5614112547,25.0358330308],[121.5614283168,25.035853647],[121.5614605538,25.0358730955],[121.5614985061,25.0358798243],[121.5615363959,25.0358728089],[121.5615684547,25.0358531174],[121.5615898019,25.0358237477],[121.5615971875,25.035789171],[121.5615894872,25.0357546514],[121.5615849355,25.0357460602],[121.5599602599,25.0330529918],[121.5599431984,25.0330323754],[121.5599109624,25.0330129266],[121.5598730111,25.0330061974],[121.5598351221,25.0330132123],[121.5598030637,25.0330329034],[121.5597817166,25.0330622729],[121.5597743306,25.0330968495],[121.5597820301,25.0331313693],[121.5597865816,25.0331399605],[121.5614112547,25.0358330308]]]},"properties":{"section_id":"ZI9QP10","section_name":"基隆路 信義路-松壽路","travel_speed":49.0,"level_name":"順暢","level_color":"#19FF1C","data_time":"2025-12-29 20:48:00+08:00"}},{"type":"Feature","geometry":{"type":"Polygon","coordinates":[[[121.5644448172,25.0412381127],[121.5644277364,25.0412174679],[121.5643954975,25.0411980201],[121.5643575434,25.0411912921],[121.5643196522,25.0411983082],[121.5642875925,25.0412180003],[121.564266245,25.0412473704],[121.5642588599,25.0412819472],[121.5642665612,25.0413164667],[121.5642710959,25.0413250288],[121.5668345726,25.0455772517],[121.5668516545,25.0455978961],[121.5668838949,25.0456173434],[121.5669218505,25.0456240707],[121.5669597429,25.0456170539],[121.5669918033,25.0455973613],[121.5670131508,25.0455679908],[121.5670205355,25.0455334139],[121.567012833,25.0454988946],[121.567008298,25.0454903325],[121.5644448172,25.0412381127]]]},"properties":{"section_id":"ZJERC40","section_name":"基隆路 松隆路-忠孝東路","travel_speed":38.0,"level_name":"順暢","level_color":"#19FF1C","data_time":"2025-12-29 20:48:00+08:00"}},{"type":"Feature","geometry":{"type":"Polygon","coordinates":[[[121.5458518086,25.0185555505],[121.5458496425,25.0185542338],[121.5458482799,25.0185524737],[121.5439270416,25.0169580258],[121.5425624233,25.0158128665],[121.5425328525,25.0157957287],[121.5424949073,25.015788995],[121.5424570225,25.0157960054],[121.5424249657,25.0158156928],[121.5424036173,25.0158450598],[121.5423962273,25.0158796357],[121.5424039209,25.0159141566],[121.5424281847,25.015945682],[121.5437930043,25.0170910113],[121.543793263,25.0170911613],[121.5437934073,25.0170913477],[121.5457130421,25.0186844662],[121.546082504,25.0190228955],[121.5461152018,25.0190427729],[121.5461531482,25.0190495057],[121.5461910337,25.0190424943],[121.5462230907,25.0190228062],[121.5462444388,25.0189934386],[121.5462518278,25.0189588625],[121.546244133,25.0189243419],[121.5462229933,25.0188955575],[121.5458518086,25.0185555505]]]},"properties":{"section_id":"ZDZMB40","section_name":"基隆路 辛亥路-台科大","travel_speed":36.0,"level_name":"順暢","level_color":"#19FF1C","data_time":"2025-12-29 20:48:00+08:00"}},{"type":"Feature","geometry":{"type":"Polygon","coordinates":[[[121.5417726196,25.015138557],[121.5417725391,25.0151385097],[121.541772491,25.0151384463],[121.5407451691,25.014255609],[121.5407450544,25.0142555416],[121.5407449863,25.0142554523],[121.540104648,25.0137079478],[121.5388444359,25.0126227849],[121.5388440762,25.0126225735],[121.538843864,25.0126222964],[121.5381523591,25.0120362002],[121.5373632341,25.0113584831],[121.5373328331,25.0113406379],[121.5372948895,25.0113339027],[121.5372570057,25.0113409118],[121.5372249492,25.0113605981],[121.5372036003,25.0113899644],[121.5371962091,25.0114245401],[121.5372039009,25.0114590613],[121.5372273305,25.0114898812],[121.5380166925,25.0121678026],[121.538016992,25.0121679783],[121.5380171679,25.0121682082],[121.5387086244,25.0127542638],[121.5399686786,25.0138392916],[121.5399688378,25.0138393852],[121.5399689325,25.0138395095],[121.5406093067,25.0143870452],[121.5416364731,25.0152697497],[121.5423385183,25.0158752087],[121.5423690751,25.0158931852],[121.5424070203,25.015899919],[121.5424449051,25.0158929086],[121.5424769619,25.0158732213],[121.5424983104,25.0158438542],[121.5425057003,25.0158092783],[121.5424980067,25.0157747574],[121.5424747289,25.0157440708],[121.5417726196,25.015138557]]]},"properties":{"section_id":"ZCPKT40","section_name":"羅斯福路 新生南路-舟山路","travel_speed":45.0,"level_name":"順暢","level_color":"#19FF1C","data_time":"2025-12-29 20:48:00+08:00"}},{"type":"Feature","geometry":{"type":"Polygon","coordinates":[[[121.568857052,25.0601087339],[121.5688570358,25.0601089587],[121.5688570015,25.0601090759],[121.5687641747,25.0607469882],[121.568691791,25.0611582946],[121.5686917495,25.0611587818],[121.5686916535,25.0611590986],[121.5685972791,25.0617281285],[121.5685972694,25.0617282495],[121.5685972469,25.0617283241],[121.5684726362,25.0624909645],[121.5684725944,25.0624914947],[121.5684725042,25.0624917992],[121.568385612,25.063059995],[121.5683129875,25.0635132852],[121.5683119495,25.0635267012],[121.5683196536,25.0635612203],[121.568341274,25.0635904265],[121.5683735194,25.0636098733],[121.5684114807,25.0636166001],[121.5684493785,25.0636095829],[121.5684814433,25.0635898899],[121.5685027935,25.0635605192],[121.5685091407,25.0635393583],[121.5685818111,25.0630857774],[121.5685818398,25.0630854065],[121.5685819021,25.0630851959],[121.5686687741,25.0625171268],[121.5687932994,25.0617550012],[121.56888759,25.0611864712],[121.5689601155,25.0607743556],[121.5689602466,25.0607728148],[121.5689605055,25.0607719289],[121.5690534834,25.0601329717],[121.5691768835,25.0593091238],[121.5691777924,25.0592965398],[121.5691700884,25.0592620206],[121.5691484685,25.0592328146],[121.5691162241,25.0592133679],[121.5690782642,25.0592066413],[121.5690403678,25.0592136586],[121.5690083042,25.0592333517],[121.5689869549,25.0592627225],[121.568980479,25.0592847153],[121.568857052,25.0601087339]]]},"properties":{"section_id":"ZPDS600","section_name":"塔悠路 民生東路-民權東路","travel_speed":47.0,"level_name":"順暢","level_color":"#19FF1C","data_time":"2025-12-29 20:48:00+08:00"}},{"type":"Feature","geometry":{"type":"Polygon","coordinates":[[[121.5704589999,25.052258621],[121.5704591449,25.0522581396],[121.5705738804,25.051553043],[121.5705749507,25.0515394249],[121.5705672469,25.0515049058],[121.5705456281,25.0514756999],[121.5705133855,25.0514562535],[121.570475428,25.0514495271],[121.570437534,25.0514565448],[121.5704054726,25.0514762382],[121.570384125,25.0515056092],[121.5703778112,25.051526568],[121.5702631747,25.0522310494],[121.5702122112,25.0525170227],[121.5700203997,25.0535565792],[121.5700203293,25.0535573669],[121.5700201666,25.0535579024],[121.5697924099,25.0549152112],[121.5696355999,25.0557441678],[121.5694419528,25.0566983509],[121.5694417554,25.0567003593],[121.5694413337,25.0567017664],[121.5692709346,25.0577687812],[121.5691644262,25.0584083695],[121.5690108033,25.0591236688],[121.5690089604,25.0591413812],[121.5690166643,25.0591759003],[121.5690382841,25.0592051064],[121.5690705285,25.0592245531],[121.5691084884,25.0592312797],[121.5691463848,25.0592242623],[121.5691784484,25.0592045692],[121.5691997977,25.0591751985],[121.5692053396,25.0591583339],[121.5693593672,25.0584411448],[121.5693595905,25.0584389989],[121.56936009,25.0584373516],[121.5694669597,25.0577955881],[121.5694669869,25.0577952496],[121.5694670483,25.0577950448],[121.5696372155,25.0567294711],[121.5698306253,25.0557764503],[121.5698306836,25.0557758566],[121.5698308372,25.0557753694],[121.5699879078,25.0549450283],[121.5699879992,25.0549440303],[121.5699882093,25.054943339],[121.5702159946,25.0535858464],[121.5704077284,25.0525467019],[121.5704077543,25.0525464124],[121.5704078187,25.0525462043],[121.5704589355,25.0522593683],[121.5704589999,25.052258621]]]},"properties":{"section_id":"ZNES900","section_name":"塔悠路 南京東路-民生東路","travel_speed":48.0,"level_name":"順暢","level_color":"#19FF1C","data_time":"2025-12-29 20:48:00+08:00"}},{"type":"Feature","geometry":{"type":"Polygon","coordinates":[[[121.5682407886,25.0630631963],[121.5682408173,25.0630628254],[121.5682408796,25.0630626148],[121.5683277531,25.0624945459],[121.5684522805,25.0617324205],[121.5685465728,25.0611638907],[121.5686190994,25.0607517752],[121.5686192305,25.0607502345],[121.5686194894,25.0607493485],[121.568712469,25.0601103915],[121.5688358714,25.0592865439],[121.5688367803,25.0592739598],[121.5688290764,25.0592394407],[121.5688074566,25.0592102346],[121.5687752123,25.0591907879],[121.5687372524,25.0591840611],[121.568699356,25.0591910784],[121.5686672923,25.0592107714],[121.5686459429,25.0592401421],[121.568639467,25.0592621349],[121.5685160377,25.0600861533],[121.5685160215,25.060086378],[121.5685159872,25.0600864953],[121.5684231586,25.0607244074],[121.5683507738,25.0611357136],[121.5683507323,25.0611362009],[121.5683506364,25.0611365176],[121.5682562603,25.0617055474],[121.5682562506,25.0617056684],[121.5682562281,25.061705743],[121.5681316154,25.0624683831],[121.5681315736,25.0624689134],[121.5681314834,25.0624692179],[121.5680445896,25.0630374134],[121.5679719639,25.0634907035],[121.5679709258,25.0635041195],[121.5679786298,25.0635386387],[121.5680002502,25.0635678449],[121.5680324955,25.0635872917],[121.5680704567,25.0635940187],[121.5681083546,25.0635870015],[121.5681404194,25.0635673086],[121.5681617697,25.063537938],[121.568168117,25.0635167771],[121.5682407886,25.0630631963]]]},"properties":{"section_id":"ZNES640","section_name":"塔悠路 民權東路-民生東路","travel_speed":51.0,"level_name":"順暢","level_color":"#19FF1C","data_time":"2025-12-29 20:48:00+08:00"}},{"type":"Feature","geometry":{"type":"Polygon","coordinates":[[[121.4995333114,25.1209506919],[121.4995649737,25.120943893],[121.4995970646,25.1209242146],[121.4996184411,25.1208948537],[121.4996258489,25.1208602801],[121.4996181601,25.1208257574],[121.4995965454,25.1207965414],[121.4995642954,25.1207770798],[121.4995200625,25.1207705367],[121.4860542567,25.121590734],[121.4860225934,25.12159753],[121.4859905002,25.1216172054],[121.4859691202,25.1216465645],[121.4859617086,25.1216811374],[121.4859693936,25.1217156609],[121.4859910052,25.121744879],[121.4860232534,25.1217643435],[121.486067486,25.1217708906],[121.4995333114,25.1209506919]]]},"properties":{"section_id":"Z4ZD520","section_name":"大度路 立德路-大業路","travel_speed":54.0,"level_name":"順暢","level_color":"#19FF1C","data_time":"2025-12-29 20:48:00+08:00"}},{"type":"Feature","geometry":{"type":"Polygon","coordinates":[[[121.4813627193,25.1219146795],[121.4769297886,25.1222156488],[121.4768988898,25.1222223937],[121.4768667948,25.1222420672],[121.4768454126,25.1222714249],[121.4768379983,25.1223059975],[121.4768456808,25.1223405214],[121.4768672904,25.1223697409],[121.4768995373,25.1223892074],[121.4769445348,25.122395708],[121.4813774719,25.1220947381],[121.485810385,25.121793636],[121.4858412832,25.1217868893],[121.4858733765,25.1217672139],[121.4858947565,25.1217378549],[121.4859021682,25.1217032819],[121.4858944832,25.1216687585],[121.4858728716,25.1216395404],[121.4858406235,25.1216200758],[121.4857956259,25.1216135779],[121.4813627193,25.1219146795]]]},"properties":{"section_id":"Z56BU20","section_name":"大度路 模構溪-貴子坑溪","travel_speed":54.0,"level_name":"順暢","level_color":"#19FF1C","data_time":"2025-12-29 20:48:00+08:00"}},{"type":"Feature","geometry":{"type":"Polygon","coordinates":[[[121.4861267211,25.1219516267],[121.4860950662,25.1219584222],[121.4860629728,25.1219780977],[121.4860415928,25.1220074568],[121.4860341812,25.1220420297],[121.4860418662,25.1220765532],[121.4860634779,25.1221057712],[121.4860957262,25.1221252357],[121.4861399674,25.1221317823],[121.4994700842,25.1213188082],[121.4995017382,25.1213120098],[121.4995338292,25.1212923315],[121.4995552057,25.1212629705],[121.4995626135,25.121228397],[121.4995549248,25.1211938743],[121.49953331,25.1211646582],[121.49950106,25.1211451967],[121.4994568185,25.1211386541],[121.4861267211,25.1219516267]]]},"properties":{"section_id":"Z5AAF60","section_name":"大度路 大業路-貴子坑溪","travel_speed":52.0,"level_name":"順暢","level_color":"#19FF1C","data_time":"2025-12-29 20:48:00+08:00"}},{"type":"Feature","geometry":{"type":"Polygon","coordinates":[[[121.4814837772,25.1224407491],[121.4859167024,25.1221396436],[121.4859476007,25.1221328969],[121.4859796941,25.1221132214],[121.4860010741,25.1220838624],[121.4860084858,25.1220492894],[121.4860008008,25.122014766],[121.4859791891,25.1219855479],[121.4859469409,25.1219660834],[121.4859019431,25.1219595855],[121.4814690244,25.1222606904],[121.4770360816,25.1225616631],[121.4770051826,25.122568408],[121.4769730876,25.1225880815],[121.4769517054,25.1226174393],[121.4769442911,25.1226520118],[121.4769519736,25.1226865358],[121.4769735833,25.1227157552],[121.4770058303,25.1227352217],[121.477050828,25.1227417223],[121.4814837772,25.1224407491]]]},"properties":{"section_id":"Z5B2R60","section_name":"大度路 貴子坑溪-模構溪","travel_speed":52.0,"level_name":"順暢","level_color":"#19FF1C","data_time":"2025-12-29 20:48:00+08:00"}},{"type":"Feature","geometry":{"type":"Polygon","coordinates":[[[121.4714565842,25.1229253582],[121.4714252084,25.1229321332],[121.4713931124,25.1229518055],[121.4713717287,25.1229811625],[121.4713643129,25.1230157348],[121.4713719939,25.123050259],[121.4713936023,25.1230794793],[121.4714258486,25.123098947],[121.4714703697,25.1231054806],[121.4768143101,25.1227663997],[121.4768456856,25.1227596236],[121.4768777806,25.1227399501],[121.4768991629,25.1227105923],[121.4769065772,25.1226760198],[121.4768988947,25.1226414958],[121.476877285,25.1226122764],[121.4768450381,25.1225928099],[121.4768005169,25.1225862779],[121.4714565842,25.1229253582]]]},"properties":{"section_id":"Z58AH60","section_name":"大度路 模構溪-立德路","travel_speed":45.0,"level_name":"順暢","level_color":"#19FF1C","data_time":"2025-12-29 20:48:00+08:00"}},{"type":"Feature","geometry":{"type":"Polygon","coordinates":[[[121.4965975713,25.1350382995],[121.4965974596,25.1350381613],[121.4965971717,25.1350376084],[121.4961426246,25.1342597813],[121.496142617,25.1342597683],[121.4959284405,25.1338931183],[121.4958564807,25.1337437325],[121.4958564383,25.1337436761],[121.495856424,25.1337436149],[121.4957333147,25.133489029],[121.4957054232,25.133394403],[121.4956632145,25.1332162753],[121.4956396916,25.1330587591],[121.4956279781,25.1328693609],[121.4956300054,25.1327499641],[121.4956496389,25.1326005871],[121.4956808401,25.1324321421],[121.4957213067,25.1323004231],[121.4957817688,25.13214762],[121.4962156265,25.1312041227],[121.4967273029,25.1301139657],[121.4972193912,25.1290804749],[121.4972194737,25.1290801095],[121.4972197211,25.1290797739],[121.4975063747,25.1284635168],[121.4975073517,25.1284590936],[121.4975094786,25.1284559081],[121.4980922743,25.126803158],[121.4980923188,25.126802896],[121.4980926923,25.1268019432],[121.4981306993,25.1266886949],[121.498130727,25.1266885235],[121.4981309263,25.1266880088],[121.4984499519,25.1257096853],[121.4987577004,25.124790436],[121.4987578648,25.1247894184],[121.4987588459,25.1247867333],[121.4989190679,25.1242230652],[121.4989192554,25.1242217041],[121.4989199713,25.1242196078],[121.4995917347,25.1214035359],[121.4995939929,25.1213840423],[121.4995863041,25.1213495196],[121.4995646893,25.1213203035],[121.4995324392,25.121300842],[121.4994944635,25.1212940978],[121.4994565437,25.1213010977],[121.4994244527,25.1213207761],[121.4994030761,25.121350137],[121.4993979264,25.121365217],[121.4987265731,25.1241795514],[121.4985673686,25.1247396363],[121.49826013,25.1256573583],[121.4982601046,25.1256575159],[121.4982599227,25.1256579857],[121.4979409052,25.1266362794],[121.4979032175,25.1267485763],[121.4973219971,25.1283968516],[121.4970372462,25.1290090165],[121.4965452203,25.1300423729],[121.4965451696,25.1300425976],[121.4965450158,25.1300428054],[121.4960330932,25.1311334836],[121.4960330213,25.1311338061],[121.4960328089,25.1311340955],[121.495597838,25.1320800105],[121.495597315,25.1320824037],[121.4955960146,25.1320842763],[121.4955334721,25.1322423364],[121.4955333045,25.1322432197],[121.4955312684,25.1322486158],[121.4954884134,25.1323881084],[121.4954878426,25.132391948],[121.4954861291,25.1323974128],[121.4954536602,25.1325727004],[121.4954534096,25.1325754872],[121.495452982,25.1325769861],[121.4954324547,25.132733162],[121.4954319012,25.1327418838],[121.4954317642,25.1327424921],[121.4954296022,25.1328698075],[121.4954303176,25.1328731854],[121.4954297471,25.1328762774],[121.4954418802,25.133072465],[121.4954421753,25.1330736317],[121.4954426273,25.1330795514],[121.4954671939,25.1332440582],[121.4954680361,25.133246875],[121.4954685197,25.1332509331],[121.4955120568,25.1334346682],[121.4955129586,25.1334372812],[121.4955132152,25.1334390284],[121.4955437092,25.1335424842],[121.4955480102,25.1335539426],[121.4955485387,25.133554657],[121.4955487261,25.1335554607],[121.4956748598,25.1338163017],[121.4957482947,25.1339687503],[121.4957485208,25.1339690504],[121.4957515563,25.1339748814],[121.495967498,25.1343445542],[121.4959675003,25.134344557],[121.4959675056,25.1343445672],[121.4964218581,25.1351220631],[121.4968907593,25.1359414595],[121.4969088471,25.1359638223],[121.4969411008,25.1359832843],[121.4969790809,25.1359900291],[121.4970170054,25.1359830297],[121.4970491005,25.1359633519],[121.4970704802,25.1359339913],[121.4970778895,25.1358994179],[121.4970702005,25.1358648951],[121.4970666715,25.1358580416],[121.4965975713,25.1350382995]]]},"properties":{"section_id":"Z7JCE40","section_name":"大業路 中央北路-承德路","travel_speed":49.0,"level_name":"順暢","level_color":"#19FF1C","data_time":"2025-12-29 20:48:00+08:00"}},{"type":"Feature","geometry":{"type":"Polygon","coordinates":[[[121.5516983182,25.0366423288],[121.551696155,25.0366447178],[121.5511204737,25.0374142831],[121.5511106546,25.0374309172],[121.5511032659,25.0374654934],[121.5511109633,25.0375000136],[121.5511325751,25.0375292226],[121.5511648109,25.0375486733],[121.5512027633,25.0375554047],[121.5512406542,25.037548392],[121.5512727151,25.0375287027],[121.5512842459,25.0375159685],[121.5518583888,25.0367484585],[121.5524327785,25.0360648021],[121.5524457951,25.0360441365],[121.5524531833,25.0360095602],[121.5524530494,25.0360089599],[121.5524531695,25.0360083777],[121.5524013871,25.0332626128],[121.5523937034,25.0332292752],[121.5523720921,25.0332000664],[121.5523398572,25.0331806159],[121.5523019062,25.0331738847],[121.5522640167,25.0331808977],[121.552231957,25.0332005872],[121.552210608,25.0332299556],[121.5522032337,25.0332657145],[121.5522544186,25.0359800311],[121.5516993528,25.0366406864],[121.5516983182,25.0366423288]]]},"properties":{"section_id":"ZHLNV40","section_name":"安和路 仁愛路-信義路","travel_speed":23.0,"level_name":"壅塞","level_color":"#FA0300","data_time":"2025-12-29 20:48:00+08:00"}},{"type":"Feature","geometry":{"type":"Polygon","coordinates":[[[121.5519756928,25.036627669],[121.5519746582,25.0366293115],[121.551972495,25.0366317005],[121.5513968155,25.0374012668],[121.5513869964,25.0374179009],[121.5513796078,25.0374524771],[121.5513873053,25.0374869974],[121.5514089172,25.0375162062],[121.551441153,25.0375356569],[121.5514791054,25.0375423883],[121.5515169963,25.0375353754],[121.5515490572,25.0375156861],[121.551560588,25.0375029519],[121.552134729,25.0367354408],[121.5527091171,25.0360517834],[121.5527221336,25.0360311178],[121.5527295218,25.0359965415],[121.5527293879,25.0359959412],[121.552729508,25.035995359],[121.5526777195,25.0332495943],[121.5526700356,25.0332162566],[121.5526484243,25.0331870479],[121.5526161894,25.0331675975],[121.5525782383,25.0331608664],[121.5525403488,25.0331678795],[121.5525082893,25.033187569],[121.5524869403,25.0332169375],[121.552479566,25.0332526963],[121.5525307571,25.0359670128],[121.5519756928,25.036627669]]]},"properties":{"section_id":"ZIMNN00","section_name":"安和路 信義路-仁愛路","travel_speed":33.0,"level_name":"車多","level_color":"#F8C920","data_time":"2025-12-29 20:48:00+08:00"}},{"type":"Feature","geometry":{"type":"Polygon","coordinates":[[[121.5524599744,25.030124648],[121.5524598044,25.0301244161],[121.5510105134,25.0287929287],[121.550977703,25.0287729521],[121.5509397534,25.0287662206],[121.5509018651,25.0287732332],[121.5508698064,25.0287929224],[121.5508484578,25.0288222906],[121.5508410695,25.0288568669],[121.5508487663,25.0288913872],[121.5508697995,25.0289200705],[121.5523153584,25.0302481306],[121.5524047171,25.0303499767],[121.5524278491,25.030523031],[121.5524304564,25.0311052922],[121.5524305918,25.0311058993],[121.5524304705,25.0311064878],[121.5524649013,25.0329170136],[121.5524725848,25.0329503382],[121.5524941961,25.0329795469],[121.5525264309,25.0329989974],[121.5525643819,25.0330057285],[121.5526022714,25.0329987154],[121.5526343309,25.0329790259],[121.5526556798,25.0329496574],[121.5526630537,25.0329138855],[121.5526286313,25.0311039576],[121.552626002,25.030517002],[121.552625276,25.0305064562],[121.5525980411,25.030302709],[121.5525910696,25.0302787346],[121.5525770774,25.0302572521],[121.552466846,25.0301316167],[121.5524599744,25.030124648]]]},"properties":{"section_id":"ZHLNV00","section_name":"安和路 樂利街-信義路","travel_speed":43.0,"level_name":"順暢","level_color":"#19FF1C","data_time":"2025-12-29 20:48:00+08:00"}},{"type":"Feature","geometry":{"type":"Polygon","coordinates":[[[121.5523851317,25.031295866],[121.552385103,25.031295741],[121.5523851273,25.0312956232],[121.5523721016,25.0306311611],[121.552371465,25.0306284034],[121.5523718529,25.0306261815],[121.5523614906,25.0304972229],[121.5523580733,25.0304842148],[121.5523560424,25.0304736039],[121.5523126444,25.030362258],[121.5523112581,25.0303602671],[121.552310659,25.0303575802],[121.5522912793,25.0303315754],[121.5522890482,25.0303283714],[121.5522887635,25.0303281996],[121.5522885749,25.0303279465],[121.5508372158,25.0290338152],[121.5508054556,25.0290147893],[121.5507675059,25.0290080577],[121.5507296175,25.0290150703],[121.5506975587,25.0290347594],[121.5506762101,25.0290641276],[121.5506688217,25.0290987039],[121.5506765185,25.0291332242],[121.550698602,25.0291628581],[121.5521335675,25.0304423732],[121.5521648171,25.0305225505],[121.5521740036,25.0306368782],[121.552186977,25.031298726],[121.5522138872,25.0329150966],[121.552221574,25.0329486158],[121.5522431852,25.0329778246],[121.5522754201,25.0329972752],[121.552313371,25.0330040063],[121.5523512605,25.0329969933],[121.5523833201,25.0329773038],[121.552404669,25.0329479353],[121.5524120465,25.032912358],[121.5523851317,25.031295866]]]},"properties":{"section_id":"ZGNNK40","section_name":"安和路 信義路-樂利街","travel_speed":37.0,"level_name":"順暢","level_color":"#19FF1C","data_time":"2025-12-29 20:48:00+08:00"}},{"type":"Feature","geometry":{"type":"Polygon","coordinates":[[[121.5141127034,25.0488354055],[121.514111947,25.0488354986],[121.5131662873,25.0490690183],[121.5131539434,25.0490728775],[121.5131218733,25.0490925586],[121.5131005122,25.0491219216],[121.5130931122,25.049156496],[121.5131007998,25.0491910184],[121.5131224048,25.0492202329],[121.5131546379,25.0492396919],[121.513192592,25.049246433],[121.5132181449,25.049243289],[121.5141627735,25.0490100238],[121.5153422733,25.0487435028],[121.5163830606,25.0486005788],[121.5163839809,25.048600344],[121.5163854328,25.0486002262],[121.5174571141,25.0484287419],[121.5183509377,25.0483125238],[121.5183512992,25.048312433],[121.5183519603,25.0483123859],[121.5192137462,25.0481919597],[121.51921449,25.0481917689],[121.5192156549,25.0481916756],[121.519762757,25.0481052343],[121.5197634775,25.0481050426],[121.5197644021,25.0481049613],[121.5205637867,25.047965961],[121.5205834823,25.0479605564],[121.520615551,25.0479408737],[121.52063691,25.0479115097],[121.5206443079,25.0478769349],[121.5206366182,25.047842413],[121.5206150117,25.0478131996],[121.5205827779,25.0477937422],[121.5205448239,25.047787003],[121.5205266235,25.0477886034],[121.5197280613,25.0479274607],[121.5191827366,25.0480136211],[121.5183224186,25.0481338422],[121.5174275325,25.0482501984],[121.5174263534,25.0482504947],[121.5174243897,25.0482506541],[121.5163523262,25.0484221995],[121.5153081427,25.0485655898],[121.5153037818,25.0485667024],[121.515299055,25.0485672368],[121.5141140172,25.0488350091],[121.5141127034,25.0488354055]]]},"properties":{"section_id":"ZKVHI20","section_name":"市民大道 重慶北路-中山北路","travel_speed":36.0,"level_name":"順暢","level_color":"#19FF1C","data_time":"2025-12-29 20:48:00+08:00"}},{"type":"Feature","geometry":{"type":"Polygon","coordinates":[[[121.5199945842,25.0482311567],[121.519992207,25.04823182],[121.519990251,25.0482320408],[121.519573667,25.0483260158],[121.5191575012,25.0484021527],[121.5185304359,25.0484781314],[121.5185291488,25.0484784488],[121.5185268015,25.0484786344],[121.5180628999,25.0485508818],[121.518062174,25.048551074],[121.5180612198,25.048551157],[121.5175018453,25.0486473329],[121.5169451463,25.0487278103],[121.5163602971,25.0488031542],[121.5163578802,25.0488037599],[121.5163543273,25.0488040936],[121.5157386285,25.0489187361],[121.5150205799,25.0490486378],[121.5144873203,25.0491325361],[121.5144871737,25.0491325751],[121.514486972,25.0491325915],[121.5140205935,25.0492075277],[121.5140163712,25.0492086569],[121.5140127661,25.049209085],[121.5134793718,25.0493359793],[121.5134713104,25.0493384616],[121.5134699366,25.0493386888],[121.5130626104,25.0494763715],[121.513026744,25.0494974174],[121.5130053828,25.0495267804],[121.5129979827,25.0495613548],[121.5130056704,25.0495958772],[121.5130272754,25.0496250917],[121.5130595086,25.0496445507],[121.5130974628,25.0496512918],[121.5131315635,25.0496456535],[121.5135342469,25.0495095401],[121.5140589708,25.0493847085],[121.5145212275,25.0493104345],[121.5150555351,25.0492263713],[121.5150566223,25.0492260824],[121.5150579724,25.0492259591],[121.5157775089,25.0490957882],[121.5157777725,25.0490957149],[121.5157780505,25.0490956888],[121.5163910516,25.0489815486],[121.5169737296,25.0489064845],[121.5169743194,25.0489063366],[121.5169753847,25.0489062582],[121.5175343383,25.0488254549],[121.5175355179,25.0488251494],[121.5175371857,25.0488250044],[121.5180971423,25.0487287284],[121.518558391,25.0486568941],[121.5191868758,25.0485807435],[121.5191893641,25.0485801298],[121.5191933223,25.0485797643],[121.5196148591,25.0485026448],[121.5196172239,25.0485019846],[121.5196191673,25.0485017652],[121.5200357393,25.0484077929],[121.520594175,25.0483057606],[121.5206129631,25.0483005179],[121.5206450319,25.0482808351],[121.520666391,25.0482514711],[121.5206737888,25.0482168963],[121.5206660991,25.0481823744],[121.5206444926,25.048153161],[121.5206122586,25.0481337036],[121.5205743045,25.0481269645],[121.5205551966,25.0481287267],[121.5199945842,25.0482311567]]]},"properties":{"section_id":"ZL5GL60","section_name":"市民大道 中山北路-重慶北路","travel_speed":40.0,"level_name":"順暢","level_color":"#19FF1C","data_time":"2025-12-29 20:48:00+08:00"}},{"type":"Feature","geometry":{"type":"Polygon","coordinates":[[[121.5312252669,25.0454569275],[121.531224617,25.0454570156],[121.5307551563,25.0455853691],[121.5307453601,25.045588567],[121.5307132937,25.045608252],[121.5306919375,25.0456376174],[121.5306845426,25.0456721926],[121.5306922349,25.045706714],[121.5307138434,25.0457359259],[121.5307460783,25.0457553811],[121.5307840321,25.0457621177],[121.5308121306,25.0457583081],[121.5312804909,25.0456302554],[121.5322881727,25.0453777996],[121.532289814,25.0453772833],[121.5322904905,25.0453771912],[121.5330418623,25.045170899],[121.533635951,25.0450115729],[121.5343854314,25.044846322],[121.5350540596,25.0447456995],[121.5357227009,25.0446719923],[121.5361992457,25.0446534496],[121.5362333032,25.0446465222],[121.5362653684,25.0446268361],[121.5362867232,25.04459747],[121.5362941164,25.0445628944],[121.5362864226,25.0445283734],[121.5362648131,25.0444991623],[121.5362325777,25.0444797083],[121.5361907874,25.0444730547],[121.5357103929,25.0444917471],[121.5357094649,25.0444919359],[121.5357027167,25.0444923187],[121.53502812,25.0445666823],[121.535026731,25.0445670169],[121.5350238723,25.0445672358],[121.5343495205,25.0446687196],[121.5343459916,25.0446696447],[121.5343423597,25.044670046],[121.533586974,25.0448365989],[121.5335838427,25.0448375349],[121.5335822991,25.0448377404],[121.5329855836,25.0449977709],[121.5329851437,25.0449979134],[121.5329849733,25.0449979366],[121.5322344523,25.0452039952],[121.5312268264,25.0454564369],[121.5312252669,25.0454569275]]]},"properties":{"section_id":"ZKJJP20","section_name":"市民大道 金山北路-建國北路","travel_speed":46.0,"level_name":"順暢","level_color":"#19FF1C","data_time":"2025-12-29 20:48:00+08:00"}},{"type":"Feature","geometry":{"type":"Polygon","coordinates":[[[121.5373951716,25.0443734844],[121.5373922333,25.0443736158],[121.5369311463,25.0444132686],[121.5369021729,25.0444198789],[121.5368701078,25.0444395651],[121.5368487532,25.0444689314],[121.5368413601,25.0445035069],[121.5368490541,25.0445380279],[121.5368706638,25.0445672389],[121.5369028993,25.0445866928],[121.5369408531,25.0445934278],[121.5369497736,25.0445930289],[121.5374091324,25.0445535247],[121.5382227304,25.0445096811],[121.5382235368,25.0445095107],[121.5382241296,25.0445095966],[121.5391698215,25.0444463853],[121.5400278783,25.044419086],[121.5407540222,25.0444276359],[121.5415297901,25.0444631741],[121.5421932424,25.0445252313],[121.5421950185,25.0445253109],[121.5421955228,25.0445254203],[121.5427984632,25.0445690174],[121.5434684122,25.0446462272],[121.5436281828,25.0446802332],[121.5436511273,25.0446826],[121.5436890209,25.0446755891],[121.5437210849,25.0446559014],[121.5437424378,25.0446265342],[121.543749829,25.0445919584],[121.5437421331,25.0445574377],[121.5437205218,25.0445282278],[121.5436882853,25.0445087754],[121.5436732757,25.0445044089],[121.5435084979,25.0444693372],[121.5435028641,25.0444687561],[121.543498389,25.0444676835],[121.5428210463,25.0443896216],[121.5428175353,25.0443894266],[121.5428164492,25.0443891908],[121.5422123469,25.0443455096],[121.541547467,25.0442833189],[121.5415431275,25.0442831244],[121.5415423216,25.0442829607],[121.5407621296,25.0442472197],[121.5407604501,25.0442474875],[121.5407584327,25.0442471133],[121.5400280697,25.0442385138],[121.5400256584,25.0442389405],[121.5400233295,25.0442385612],[121.5391610056,25.0442659963],[121.5391588677,25.0442664233],[121.5391572121,25.0442661834],[121.5382103261,25.0443294745],[121.5373956956,25.0443733737],[121.5373951716,25.0443734844]]]},"properties":{"section_id":"ZK8LT20","section_name":"市民大道 建國北路-復興北路","travel_speed":41.0,"level_name":"順暢","level_color":"#19FF1C","data_time":"2025-12-29 20:48:00+08:00"}},{"type":"Feature","geometry":{"type":"Polygon","coordinates":[[[121.5358731342,25.0448063025],[121.5358725957,25.0448064154],[121.53586937,25.044806559],[121.5352985803,25.0448554246],[121.5352968342,25.0448558225],[121.5352921049,25.0448561756],[121.5346317337,25.0449529985],[121.5346289109,25.0449537327],[121.534625642,25.0449540709],[121.5340020872,25.0450824044],[121.533998771,25.0450833702],[121.5339968708,25.0450836145],[121.5334622326,25.0452218283],[121.5334618215,25.0452219593],[121.5334616409,25.0452219831],[121.5328954645,25.045371816],[121.5328907777,25.0453733247],[121.5328898245,25.0453734767],[121.5322369841,25.0455855495],[121.5315021669,25.0457818367],[121.5314996656,25.0457826451],[121.5314989434,25.0457827523],[121.5305150112,25.046079092],[121.5304757691,25.0461012221],[121.5304544127,25.0461305874],[121.5304470177,25.0461651627],[121.53045471,25.0461996841],[121.5304763185,25.046228896],[121.5305085535,25.0462483512],[121.5305465075,25.0462550879],[121.5305772267,25.0462505256],[121.531559557,25.0459546684],[121.53229548,25.0457580858],[121.5322999738,25.0457566334],[121.53230088,25.0457564889],[121.5329536033,25.0455444541],[121.5335166375,25.0453954527],[121.5340483901,25.0452579849],[121.5346662919,25.0451308147],[121.5353203756,25.0450349137],[121.5358860354,25.0449864873],[121.5362920736,25.0449658955],[121.536324852,25.0449590254],[121.5363569172,25.0449393393],[121.536378272,25.0449099731],[121.5363856653,25.0448753976],[121.5363779714,25.0448408765],[121.5363563618,25.0448116654],[121.5363241263,25.0447922115],[121.5362810567,25.0447856152],[121.5358731342,25.0448063025]]]},"properties":{"section_id":"ZK9KC60","section_name":"市民大道 建國北路-金山北路","travel_speed":43.0,"level_name":"順暢","level_color":"#19FF1C","data_time":"2025-12-29 20:48:00+08:00"}},{"type":"Feature","geometry":{"type":"Polygon","coordinates":[[[121.5478223891,25.0450354027],[121.5478211991,25.0450356709],[121.5478174588,25.045035914],[121.5470513237,25.0451331159],[121.5463604592,25.0451333676],[121.5457141194,25.0451229606],[121.5449954052,25.0450792929],[121.5443007579,25.0450034717],[121.5435266996,25.0449082239],[121.542845585,25.0447586519],[121.5428328541,25.0447572974],[121.5428279139,25.0447562797],[121.5422015863,25.0447242578],[121.5416166722,25.0446803764],[121.5410926629,25.0446038475],[121.5410772083,25.0446027544],[121.5410769562,25.0446027092],[121.5404402144,25.0446028224],[121.5404400271,25.0446028567],[121.5404398378,25.0446028231],[121.5404290329,25.0446034008],[121.5397946489,25.0446691383],[121.5391671569,25.0446707875],[121.5391651861,25.0446711511],[121.5391633851,25.0446708629],[121.5382404289,25.0447053135],[121.5374403532,25.0447156432],[121.537437627,25.0447161607],[121.5374353572,25.0447158226],[121.5368961863,25.0447476088],[121.5368642988,25.0447544302],[121.5368322336,25.0447741165],[121.536810879,25.0448034827],[121.5368034858,25.0448380583],[121.5368111798,25.0448725793],[121.5368327896,25.0449017903],[121.5368650252,25.0449212441],[121.5369089856,25.0449277914],[121.5374456618,25.0448961522],[121.5382445648,25.0448858376],[121.5382459683,25.0448855712],[121.5382472169,25.044885771],[121.5391696149,25.0448513412],[121.5398006957,25.0448496826],[121.5398007502,25.0448496725],[121.5398008049,25.0448496822],[121.5398116097,25.0448491045],[121.5404458614,25.0447833808],[121.5410690921,25.04478327],[121.5415890575,25.0448592082],[121.5415945846,25.0448595991],[121.5415966104,25.0448600419],[121.5421866084,25.0449043047],[121.542188773,25.0449043818],[121.5421891886,25.0449044674],[121.542807855,25.0449360977],[121.5434851839,25.0450848383],[121.543490469,25.0450854006],[121.5434951416,25.0450865396],[121.5442749646,25.0451824968],[121.5442759676,25.0451825564],[121.5442764399,25.0451826681],[121.5449744173,25.0452588528],[121.5449785511,25.0452590699],[121.5449796115,25.0452592937],[121.5457033492,25.0453032666],[121.545705479,25.0453029434],[121.5457081923,25.0453034526],[121.5463578522,25.0453139131],[121.5463587187,25.0453137617],[121.5463596427,25.0453139272],[121.547058251,25.0453136726],[121.5470584304,25.0453136397],[121.5470586117,25.0453136719],[121.5470718807,25.0453128097],[121.5478423409,25.045215059],[121.5486583834,25.0451492387],[121.5486879381,25.0451425776],[121.5487200014,25.0451228889],[121.5487413533,25.045093521],[121.548748743,25.0450589449],[121.5487410457,25.0450244245],[121.5487194332,25.0449952153],[121.5486871957,25.0449757641],[121.5486492412,25.0449690321],[121.5486409026,25.0449693831],[121.5478223891,25.0450354027]]]},"properties":{"section_id":"ZK6L860","section_name":"市民大道 敦化北路-建國北路","travel_speed":32.0,"level_name":"車多","level_color":"#F8C920","data_time":"2025-12-29 20:48:00+08:00"}},{"type":"Feature","geometry":{"type":"Polygon","coordinates":[[[121.5572697978,25.0450766013],[121.5572694047,25.0450765585],[121.5572687991,25.0450763817],[121.5567887346,25.0449732277],[121.5562851452,25.0448595662],[121.5562833679,25.044859372],[121.5562809737,25.0448587113],[121.555778936,25.0447661346],[121.5552521619,25.0446420346],[121.5552469502,25.0446414406],[121.5552414567,25.0446400786],[121.5545273823,25.0445465265],[121.5545252782,25.0445463933],[121.5545243141,25.0445461689],[121.5538111255,25.0444733431],[121.5538001846,25.0444728067],[121.5538000424,25.0444727812],[121.5532035099,25.04447302],[121.55320346,25.0444730292],[121.5532034092,25.0444730201],[121.552513508,25.0444739318],[121.552513378,25.0444739557],[121.5525132469,25.0444739325],[121.552503342,25.0444744216],[121.5519507286,25.0445270779],[121.5519498371,25.0445272857],[121.5519474652,25.0445274388],[121.5512033033,25.0446211659],[121.5512026224,25.0446213356],[121.55120136,25.0446214286],[121.5504843881,25.0447249614],[121.5498993961,25.0447775088],[121.5498968789,25.0447780882],[121.549891037,25.0447785888],[121.5491302637,25.044907211],[121.549110051,25.0449127084],[121.5490779879,25.0449323972],[121.5490566361,25.0449617652],[121.5490492464,25.0449963413],[121.5490569438,25.0450308616],[121.5490785565,25.0450600707],[121.549110794,25.0450795219],[121.5491487486,25.0450862538],[121.5491664293,25.0450847389],[121.5499230493,25.0449568188],[121.5505067434,25.044904388],[121.5505083478,25.0449040186],[121.5505125334,25.0449037105],[121.5512314202,25.0447999012],[121.5519729817,25.0447065016],[121.5525188918,25.044654484],[121.5532036469,25.0446535791],[121.5537945711,25.0446533425],[121.5545006993,25.0447254473],[121.5552078319,25.04481809],[121.5557318725,25.0449415459],[121.5557339753,25.0449417856],[121.5557370225,25.0449426266],[121.5562395559,25.0450352947],[121.5567416103,25.0451486097],[121.5567420344,25.0451486561],[121.5567426915,25.0451488479],[121.557222798,25.0452520109],[121.5576081409,25.0453386618],[121.5576322983,25.0453412918],[121.5576701912,25.0453342774],[121.5577022531,25.0453145867],[121.5577236028,25.0452852175],[121.5577309901,25.0452506411],[121.5577232902,25.0452161212],[121.5577016755,25.0451869133],[121.5576694367,25.0451674641],[121.557655639,25.0451633643],[121.5572697978,25.0450766013]]]},"properties":{"section_id":"ZK6NY60","section_name":"市民大道 敦化北路-復興北路","travel_speed":41.0,"level_name":"順暢","level_color":"#19FF1C","data_time":"2025-12-29 20:48:00+08:00"}},{"type":"Feature","geometry":{"type":"Polygon","coordinates":[[[121.5005862686,25.0332538348],[121.5005921331,25.0332714714],[121.5005922704,25.0332716572],[121.5005923193,25.033271874],[121.5006881418,25.0334776522],[121.500688392,25.0334779888],[121.5006970517,25.0334926584],[121.5007972111,25.0336287999],[121.5009619196,25.0338555315],[121.5009974547,25.0339873198],[121.5010318206,25.0341577749],[121.5011224246,25.0346877784],[121.5011224641,25.0346879057],[121.5011224826,25.0346881134],[121.5012446443,25.0353854732],[121.5017331973,25.0382033535],[121.5017396681,25.0382241255],[121.5017612685,25.0382533418],[121.5017934969,25.0382728034],[121.501831447,25.0382795474],[121.5018693412,25.0382725472],[121.5019014104,25.0382528685],[121.5019227724,25.0382235071],[121.501930175,25.0381889331],[121.501928962,25.038175182],[121.5014403923,25.0353572308],[121.5014403752,25.035357176],[121.5014403673,25.0353570877],[121.5013182214,25.034659824],[121.5012274381,25.0341287769],[121.5012271348,25.0341277993],[121.501226988,25.0341263602],[121.5011918485,25.0339520691],[121.5011909529,25.0339493251],[121.5011906178,25.0339468413],[121.5011502783,25.0337972358],[121.5011454555,25.0337839165],[121.5011366802,25.0337689467],[121.5009623177,25.0335289261],[121.5009621382,25.0335287267],[121.5009619968,25.0335284872],[121.5008669128,25.0333992446],[121.5007788285,25.033210085],[121.5007273599,25.032968762],[121.5007214955,25.0329511254],[121.5006998963,25.0329219089],[121.5006676695,25.0329024471],[121.5006297211,25.0328957027],[121.5005918284,25.0329027026],[121.5005597604,25.032922381],[121.500538399,25.0329517422],[121.5005309963,25.0329863162],[121.500532815,25.0330032027],[121.5005862686,25.0332538348]]]},"properties":{"section_id":"ZIDDL00","section_name":"康定路 艋舺大道-桂林路","travel_speed":39.0,"level_name":"順暢","level_color":"#19FF1C","data_time":"2025-12-29 20:48:00+08:00"}},{"type":"Feature","geometry":{"type":"Polygon","coordinates":[[[121.5011650019,25.035334273],[121.5011649848,25.0353342182],[121.5011649769,25.0353341298],[121.5010428326,25.0346368659],[121.5009520505,25.0341058187],[121.5009517472,25.034104841],[121.5009516004,25.0341034019],[121.5009164613,25.0339291107],[121.5009155657,25.0339263667],[121.5009152306,25.033923883],[121.5008748914,25.0337742774],[121.5008700687,25.0337609581],[121.5008612935,25.0337459882],[121.5006869315,25.0335059673],[121.500686752,25.0335057679],[121.5006866106,25.0335055284],[121.5005915269,25.0333762857],[121.500503443,25.0331871258],[121.500451975,25.0329458028],[121.5004461106,25.0329281662],[121.5004245115,25.0328989497],[121.5003922847,25.0328794877],[121.5003543363,25.0328727433],[121.5003164437,25.0328797431],[121.5002843756,25.0328994215],[121.5002630141,25.0329287826],[121.5002556114,25.0329633566],[121.50025743,25.0329802431],[121.5003108831,25.0332308753],[121.5003167475,25.0332485119],[121.5003168848,25.0332486977],[121.5003169337,25.0332489145],[121.5004127557,25.0334546929],[121.5004130059,25.0334550295],[121.5004216656,25.0334696991],[121.5005218247,25.0336058408],[121.5006865326,25.0338325727],[121.5007220674,25.0339643611],[121.5007564329,25.0341348162],[121.5008470358,25.03466482],[121.5008470752,25.0346649472],[121.5008470937,25.034665155],[121.5009692538,25.035362515],[121.5014578005,25.0381803963],[121.5014642713,25.0382011683],[121.5014858715,25.0382303847],[121.5015181,25.0382498463],[121.50155605,25.0382565904],[121.5015939442,25.0382495903],[121.5016260135,25.0382299116],[121.5016473755,25.0382005503],[121.5016547782,25.0381659763],[121.5016535653,25.0381522252],[121.5011650019,25.035334273]]]},"properties":{"section_id":"ZHHDF40","section_name":"康定路 桂林路-艋舺大道","travel_speed":38.0,"level_name":"順暢","level_color":"#19FF1C","data_time":"2025-12-29 20:48:00+08:00"}},{"type":"Feature","geometry":{"type":"Polygon","coordinates":[[[121.4974183926,25.0936960615],[121.4974180608,25.0936965236],[121.4974133423,25.0937073811],[121.4974063871,25.0937409337],[121.4974140734,25.0937754566],[121.4974356827,25.0938046732],[121.4974679252,25.0938241354],[121.4975058922,25.0938308802],[121.4975438037,25.0938238809],[121.4975758879,25.093804203],[121.4975903277,25.093784101],[121.4996604993,25.0918102797],[121.499661434,25.0918089683],[121.4996625989,25.0918082142],[121.5010678461,25.0903818283],[121.501085784,25.0903557797],[121.5010931897,25.090321206],[121.5010855026,25.0902866832],[121.5010638931,25.0902574672],[121.501031651,25.0902380058],[121.5009936848,25.0902312618],[121.5009557747,25.090238262],[121.5009202589,25.0902612533],[121.4995160435,25.0916865902],[121.4974385513,25.093667389],[121.4974185124,25.0936955025],[121.4974183926,25.0936960615]]]},"properties":{"section_id":"Z8250E2","section_name":"洲美往南　通河社中","travel_speed":49.0,"level_name":"順暢","level_color":"#19FF1C","data_time":"2025-12-29 20:48:00+08:00"}},{"type":"Feature","geometry":{"type":"Polygon","coordinates":[[[121.504527945,25.0877068463],[121.5045379467,25.0876956834],[121.5059372922,25.0857804065],[121.5059464869,25.0857646329],[121.505953891,25.0857300589],[121.5059462029,25.0856955363],[121.505924593,25.085666321],[121.5058923514,25.0856468606],[121.5058543864,25.0856401179],[121.5058164779,25.0856471193],[121.5057843972,25.0856667989],[121.5057722229,25.0856803871],[121.5043777012,25.0875890583],[121.5038823791,25.0880613844],[121.5038623425,25.0880894987],[121.5038549378,25.0881240726],[121.5038626255,25.0881585953],[121.5038842353,25.0881878109],[121.5039164773,25.0882072717],[121.503954443,25.0882140149],[121.5039923523,25.088207014],[121.5040257674,25.0881860875],[121.5045271055,25.0877080243],[121.504527945,25.0877068463]]]},"properties":{"section_id":"Z8001H0","section_name":"洲美往北　中正社中","travel_speed":36.0,"level_name":"順暢","level_color":"#19FF1C","data_time":"2025-12-29 20:48:00+08:00"}},{"type":"Feature","geometry":{"type":"Polygon","coordinates":[[[121.5013411394,25.090415943],[121.5013199545,25.0904451332],[121.5013125489,25.090479707],[121.501320236,25.0905142297],[121.5013418457,25.0905434457],[121.5013740879,25.090562907],[121.5014120542,25.0905696509],[121.5014499644,25.0905626506],[121.5014822331,25.0905428008],[121.503988164,25.0882314247],[121.5040093479,25.0882022342],[121.5040167526,25.0881676603],[121.5040090649,25.0881331377],[121.5039874551,25.0881039221],[121.5039552131,25.0880844613],[121.5039172474,25.0880777181],[121.5038793381,25.088084719],[121.5038470704,25.0881045693],[121.5013411394,25.090415943]]]},"properties":{"section_id":"Z8001H1","section_name":"洲美往北 中正社中1","travel_speed":36.0,"level_name":"順暢","level_color":"#19FF1C","data_time":"2025-12-29 20:48:00+08:00"}},{"type":"Feature","geometry":{"type":"Polygon","coordinates":[[[121.5365997258,25.0520775616],[121.5365920528,25.0520445935],[121.5365704418,25.0520153825],[121.5365382044,25.0519959287],[121.5365002483,25.0519891936],[121.5364623521,25.0519962026],[121.536430285,25.0520158888],[121.536408929,25.052045255],[121.5364015568,25.0520813834],[121.5365306231,25.0576345789],[121.5365382965,25.057667547],[121.5365599084,25.057696758],[121.5365921474,25.0577162118],[121.5366301052,25.0577229468],[121.5366680032,25.0577159377],[121.5367000717,25.0576962515],[121.5367214286,25.0576668852],[121.536728801,25.0576307568],[121.5365997258,25.0520775616]]]},"properties":{"section_id":"ZMEKQ40","section_name":"建國北路 民生東路-南京東路","travel_speed":37.0,"level_name":"順暢","level_color":"#19FF1C","data_time":"2025-12-29 20:48:00+08:00"}},{"type":"Feature","geometry":{"type":"Polygon","coordinates":[[[121.5349705707,25.0664441797],[121.5349707491,25.0664440313],[121.5349708158,25.0664439944],[121.5361026542,25.0655854176],[121.5361095868,25.0655796298],[121.536121448,25.0655664582],[121.5364365028,25.0651401385],[121.5364398242,25.0651344747],[121.5364419559,25.0651318302],[121.5366141372,25.0648343626],[121.5366181812,25.0648264764],[121.5366215631,25.0648176883],[121.5368026885,25.0642556964],[121.536806347,25.0642321831],[121.5368067011,25.0642305585],[121.5368125788,25.0625704124],[121.5368048833,25.062535242],[121.5367832704,25.0625060311],[121.5367510302,25.0624865773],[121.5367130708,25.0624798424],[121.5366751714,25.0624868515],[121.5366431017,25.0625065377],[121.536621744,25.0625359039],[121.5366143496,25.0625698299],[121.5366085147,25.0642171475],[121.5364341518,25.064758154],[121.5362690815,25.0650433355],[121.5359649074,25.0654549311],[121.5348440761,25.0663051576],[121.5334587816,25.0673491206],[121.5334516036,25.0673550935],[121.5334302443,25.0673844593],[121.533422849,25.0674190346],[121.5334305436,25.0674535557],[121.5334521566,25.067482767],[121.5334843977,25.0675022215],[121.5335223584,25.0675089572],[121.5335602596,25.0675019488],[121.5335851531,25.0674882363],[121.5349705707,25.0664441797]]]},"properties":{"section_id":"ZP5KR40","section_name":"建國北路 民權東路-民生東路","travel_speed":46.0,"level_name":"順暢","level_color":"#19FF1C","data_time":"2025-12-29 20:48:00+08:00"}},{"type":"Feature","geometry":{"type":"Polygon","coordinates":[[[121.5379940113,25.034496927],[121.5379942544,25.0344979825],[121.5379940726,25.0344989202],[121.5380232602,25.0351795877],[121.5380235117,25.0351806229],[121.5380241175,25.0351884221],[121.5381717883,25.0361619507],[121.5381880865,25.0369382135],[121.5381259273,25.037382241],[121.5380366706,25.0377732412],[121.5380345955,25.0377919823],[121.5380422893,25.0378265033],[121.5380638981,25.0378557142],[121.538096132,25.0378751678],[121.5381340838,25.0378819026],[121.5381719756,25.0378748931],[121.5382040388,25.0378552067],[121.5382253919,25.0378258402],[121.5382307091,25.0378100057],[121.5383207545,25.0374155478],[121.5383212098,25.0374114356],[121.5383220342,25.0374085871],[121.5383855997,25.0369545082],[121.5383863951,25.0369427278],[121.53838624,25.0369420317],[121.5383863778,25.0369413601],[121.5383698277,25.0361531567],[121.5383696939,25.0361525789],[121.5383689129,25.0361425244],[121.538221105,25.0351681025],[121.5381921493,25.0344928678],[121.5381750464,25.0335742857],[121.5381673663,25.0335409371],[121.5381457583,25.0335117262],[121.5381135255,25.0334922725],[121.5380755751,25.0334855378],[121.5380376846,25.0334925471],[121.5380056226,25.0335122336],[121.5379842701,25.0335416],[121.5379768914,25.033577348],[121.5379940113,25.034496927]]]},"properties":{"section_id":"ZINKW00","section_name":"建國南路 信義路-仁愛路","travel_speed":39.0,"level_name":"順暢","level_color":"#19FF1C","data_time":"2025-12-29 20:48:00+08:00"}},{"type":"Feature","geometry":{"type":"Polygon","coordinates":[[[121.5362743838,25.043467612],[121.5362739947,25.0434692444],[121.5362383009,25.0443054096],[121.5362459206,25.0443437965],[121.5362675301,25.0443730076],[121.5362997655,25.0443924616],[121.5363377192,25.0443991968],[121.5363756131,25.0443921878],[121.5364076782,25.0443725016],[121.5364290329,25.0443431355],[121.536436352,25.0443124258],[121.5364718166,25.0434816011],[121.5366358607,25.0425383379],[121.5371680846,25.0411021786],[121.5371732903,25.0410729425],[121.5371655964,25.0410384215],[121.5371439873,25.0410092105],[121.5371117527,25.0409897567],[121.5370738,25.0409830217],[121.5370359072,25.0409900309],[121.537003843,25.0410097171],[121.5369803019,25.0410444228],[121.5364453995,25.0424878037],[121.5364446462,25.0424920342],[121.5364414137,25.0425025547],[121.5362751407,25.0434586253],[121.5362743838,25.043467612]]]},"properties":{"section_id":"Z1260E0","section_name":"建國快往南 忠孝仁愛","travel_speed":36.0,"level_name":"順暢","level_color":"#19FF1C","data_time":"2025-12-29 20:48:00+08:00"}},{"type":"Feature","geometry":{"type":"Polygon","coordinates":[[[121.5374612459,25.040411433],[121.5374614909,25.0404099652],[121.5374629773,25.0404058076],[121.5376292503,25.0397895009],[121.5376294074,25.0397882988],[121.537629969,25.0397866366],[121.537781993,25.0391318997],[121.5377841376,25.0391128573],[121.5377839582,25.0391120525],[121.5377841156,25.0391112805],[121.5377595659,25.0380682955],[121.5377433305,25.0365080111],[121.5377356405,25.0364739872],[121.537714032,25.0364447763],[121.5376817985,25.0364253226],[121.5376438472,25.0364185877],[121.5376059558,25.036425597],[121.5375738929,25.0364452834],[121.5375525399,25.0364746497],[121.5375451511,25.0365097225],[121.5375613897,25.0380705469],[121.537561515,25.0380711015],[121.537561408,25.0380716265],[121.5375857234,25.0391047302],[121.5374364,25.0397478315],[121.5372712767,25.0403598731],[121.5370497592,25.0409992498],[121.5370451644,25.0410267817],[121.5370528581,25.0410613028],[121.5370744672,25.0410905138],[121.5371067019,25.0411099676],[121.5371446546,25.0411167026],[121.5371825475,25.0411096934],[121.5372146117,25.0410900071],[121.5372359656,25.0410606408],[121.5372387636,25.0410535971],[121.5374612459,25.040411433]]]},"properties":{"section_id":"Z1270E0","section_name":"建國快往南 仁愛信義","travel_speed":36.0,"level_name":"順暢","level_color":"#19FF1C","data_time":"2025-12-29 20:48:00+08:00"}},{"type":"Feature","geometry":{"type":"Polygon","coordinates":[[[121.5439323465,25.0721926092],[121.5439397954,25.0722338969],[121.5439614117,25.0722631066],[121.5439936557,25.0722825587],[121.5440316184,25.0722892918],[121.5440695204,25.0722822807],[121.5441015914,25.0722625929],[121.5441229489,25.0722332256],[121.5441300926,25.0722054171],[121.5445784823,25.0664624014],[121.5445710336,25.0664211137],[121.5445494181,25.066391904],[121.5445171756,25.066372452],[121.5444792147,25.0663657191],[121.5444413146,25.0663727302],[121.5444092451,25.0663924181],[121.5443878886,25.0664217854],[121.5443807454,25.066449594],[121.5439323465,25.0721926092]]]},"properties":{"section_id":"ZM010A0","section_name":"復北地下道往北","travel_speed":53.0,"level_name":"順暢","level_color":"#19FF1C","data_time":"2025-12-29 20:48:00+08:00"}},{"type":"Feature","geometry":{"type":"Polygon","coordinates":[[[121.5442241613,25.0666087345],[121.5442166932,25.066567702],[121.5441950778,25.0665384923],[121.5441628353,25.0665190402],[121.5441248744,25.0665123071],[121.5440869742,25.0665193182],[121.5440549046,25.066539006],[121.544033548,25.0665683732],[121.5440263851,25.066596437],[121.5436082952,25.0721743815],[121.5436157636,25.0722154141],[121.5436373798,25.0722446238],[121.5436696237,25.072264076],[121.5437075864,25.0722708091],[121.5437454885,25.0722637981],[121.5437775595,25.0722441104],[121.5437989171,25.0722147432],[121.5438060804,25.0721866795],[121.5442241613,25.0666087345]]]},"properties":{"section_id":"ZM210E0","section_name":"復北地下道往南","travel_speed":59.0,"level_name":"順暢","level_color":"#19FF1C","data_time":"2025-12-29 20:48:00+08:00"}},{"type":"Feature","geometry":{"type":"Polygon","coordinates":[[[121.5442694345,25.0498019242],[121.5442694924,25.0498016378],[121.544213214,25.0477203691],[121.544205547,25.0476877085],[121.544183935,25.0476584987],[121.5441516976,25.0476390464],[121.5441137424,25.0476323133],[121.544075848,25.0476393243],[121.5440437833,25.047659012],[121.5440224299,25.0476883793],[121.5440150679,25.0477248152],[121.5440713349,25.0498057852],[121.544110802,25.0518022124],[121.5441109398,25.0518028091],[121.5441108323,25.05180335],[121.5441990512,25.0544277121],[121.5442582886,25.0574292105],[121.5442659703,25.0574624715],[121.5442875841,25.0574916813],[121.5443198241,25.0575111334],[121.5443577823,25.0575178665],[121.5443956798,25.0575108554],[121.5444277469,25.0574911675],[121.5444491019,25.0574618002],[121.5444564783,25.0574259648],[121.5443972249,25.0544238963],[121.5443970867,25.054423298],[121.5443971945,25.0544227558],[121.5443089713,25.0517983923],[121.5442695064,25.0498022353],[121.5442694345,25.0498019242]]]},"properties":{"section_id":"ZMQMV00","section_name":"復興北路 長安東路-民生東路","travel_speed":39.0,"level_name":"順暢","level_color":"#19FF1C","data_time":"2025-12-29 20:48:00+08:00"}},{"type":"Feature","geometry":{"type":"Polygon","coordinates":[[[121.5435580863,25.0446701681],[121.5435580099,25.0446705488],[121.5436336606,25.0472354573],[121.5436413217,25.0472679157],[121.5436629335,25.0472971257],[121.5436951707,25.047316578],[121.5437331257,25.0473233113],[121.5437710201,25.0473163004],[121.5438030848,25.0472966127],[121.5438244381,25.0472672455],[121.5438317945,25.0472306074],[121.5437561514,25.0446660974],[121.5436937244,25.0415130962],[121.543693682,25.0415129126],[121.5436937167,25.0415127426],[121.5436145266,25.0382267735],[121.5436068543,25.0381938718],[121.5435852442,25.0381646618],[121.5435530093,25.0381452094],[121.5435150572,25.038138476],[121.5434771656,25.0381454868],[121.5434451033,25.0381651744],[121.5434237513,25.0381945416],[121.5434163835,25.0382307365],[121.543495564,25.041516529],[121.5435579903,25.044669752],[121.5435580863,25.0446701681]]]},"properties":{"section_id":"ZJHM700","section_name":"復興南路 八德路-仁愛路","travel_speed":52.0,"level_name":"順暢","level_color":"#19FF1C","data_time":"2025-12-29 20:48:00+08:00"}},{"type":"Feature","geometry":{"type":"Polygon","coordinates":[[[121.5435572191,25.0359785067],[121.5435571431,25.0359781779],[121.543557204,25.0359778759],[121.5435104812,25.0342949426],[121.5435055279,25.0334049511],[121.5434978334,25.0333705257],[121.5434762241,25.0333413156],[121.5434439906,25.0333218631],[121.5434060399,25.0333151297],[121.5433681498,25.0333221405],[121.5433360887,25.033341828],[121.5433147375,25.0333711952],[121.5433073473,25.0334058664],[121.5433123042,25.0342967706],[121.5433125136,25.0342977077],[121.5433123346,25.0342985956],[121.5433590713,25.035982126],[121.5433926502,25.0376537608],[121.5434003298,25.037686992],[121.5434219397,25.037716202],[121.5434541745,25.0377356545],[121.5434921265,25.0377423878],[121.5435300179,25.037735377],[121.5435620802,25.0377156894],[121.543583432,25.0376863222],[121.543590807,25.0376504568],[121.5435572191,25.0359785067]]]},"properties":{"section_id":"ZIAM700","section_name":"復興南路 仁愛路-信義路","travel_speed":35.0,"level_name":"順暢","level_color":"#19FF1C","data_time":"2025-12-29 20:48:00+08:00"}},{"type":"Feature","geometry":{"type":"Polygon","coordinates":[[[121.5431383649,25.0237902262],[121.5431381558,25.0237912793],[121.5431646749,25.0245777057],[121.5431723233,25.024609816],[121.5431939309,25.0246390262],[121.5432261621,25.0246584788],[121.5432641101,25.0246652123],[121.5433019975,25.0246582016],[121.5433340565,25.024638514],[121.5433554062,25.0246091469],[121.5433627504,25.0245721605],[121.5433362668,25.023786826],[121.5433280606,25.0226396409],[121.5433277348,25.0226381885],[121.5433279936,25.0226368598],[121.5432986337,25.0219206134],[121.5432836421,25.0214909561],[121.5432759972,25.021458942],[121.5432543901,25.0214297318],[121.5432221597,25.0214102792],[121.5431842128,25.0214035456],[121.5431463263,25.0214105563],[121.5431142682,25.0214302438],[121.543092919,25.0214596109],[121.5430855781,25.0214966935],[121.5431005778,25.0219266012],[121.543100642,25.02192687],[121.5431005968,25.021927102],[121.5431299088,25.0226422087],[121.5431381111,25.0237890951],[121.5431383649,25.0237902262]]]},"properties":{"section_id":"ZEWM500","section_name":"復興南路 和平東路-辛亥路","travel_speed":23.0,"level_name":"壅塞","level_color":"#FA0300","data_time":"2025-12-29 20:48:00+08:00"}},{"type":"Feature","geometry":{"type":"Polygon","coordinates":[[[121.5340190214,25.1096285667],[121.5340197456,25.1096286887],[121.5340294864,25.1096316655],[121.5342483291,25.1096844401],[121.5342519724,25.1096848653],[121.5342567515,25.1096861181],[121.535842747,25.1099368618],[121.5397688451,25.1106154033],[121.5397877311,25.1106169861],[121.5398256452,25.1106099759],[121.5398577267,25.1105902889],[121.5398790918,25.1105609223],[121.5398864876,25.1105263469],[121.5398787883,25.1104918264],[121.539857166,25.1104626163],[121.5398249126,25.1104431636],[121.5398058242,25.1104380125],[121.5358789678,25.1097593398],[121.5358781383,25.1097592703],[121.535877438,25.1097590867],[121.53429493,25.1095088944],[121.5340855858,25.1094584104],[121.5306697052,25.1082521981],[121.5306334624,25.10824609],[121.5305955485,25.1082530978],[121.530563466,25.1082727828],[121.5305420991,25.1083021481],[121.5305347008,25.1083367231],[121.5305423973,25.1083712441],[121.530564017,25.1084004556],[121.5305979989,25.1084205385],[121.5340190214,25.1096285667]]]},"properties":{"section_id":"ZZLKH60","section_name":"德行東路 忠誠路-東山路","travel_speed":38.0,"level_name":"順暢","level_color":"#19FF1C","data_time":"2025-12-29 20:48:00+08:00"}},{"type":"Feature","geometry":{"type":"Polygon","coordinates":[[[121.5218504729,25.0454068743],[121.521851493,25.0454067489],[121.5232266479,25.0450674969],[121.5232390213,25.0450636295],[121.5232710888,25.0450439461],[121.5232924467,25.0450145818],[121.5232998437,25.0449800069],[121.5232921534,25.0449454851],[121.5232705469,25.0449162721],[121.5232383134,25.0448968152],[121.5232003601,25.0448900767],[121.5231748386,25.0448932149],[121.5218010485,25.0452321301],[121.5203616085,25.0455474115],[121.5203604993,25.0455477421],[121.5203597918,25.045547826],[121.5193381984,25.0457902688],[121.5193367589,25.0457907117],[121.5193360433,25.0457908039],[121.5175162694,25.0462627936],[121.5152117983,25.0468319971],[121.5151994583,25.0468358555],[121.5151673891,25.0468555371],[121.5151460288,25.0468849003],[121.5151386295,25.0469194749],[121.5151463176,25.0469539971],[121.5151679226,25.0469832113],[121.5152001554,25.0470026699],[121.5152381089,25.0470094105],[121.5152636649,25.0470062653],[121.517568741,25.0464369123],[121.5175695535,25.0464366582],[121.5175699428,25.046436608],[121.5193892446,25.0459647407],[121.5204088523,25.0457227691],[121.5218487567,25.045407386],[121.5218504729,25.0454068743]]]},"properties":{"section_id":"ZKAHN20","section_name":"忠孝東路 林森北路-館前路","travel_speed":45.0,"level_name":"順暢","level_color":"#19FF1C","data_time":"2025-12-29 20:48:00+08:00"}},{"type":"Feature","geometry":{"type":"Polygon","coordinates":[[[121.5272777493,25.0437484356],[121.5272821649,25.0437470277],[121.5272832158,25.0437468641],[121.5278659805,25.043562285],[121.5284366478,25.0434154657],[121.5290130008,25.0432737031],[121.5290140077,25.0432733887],[121.5290144848,25.0432733268],[121.5293839018,25.043176825],[121.5296151173,25.0431222217],[121.5296285315,25.0431181023],[121.5296605974,25.0430984177],[121.5296819535,25.0430690524],[121.5296893485,25.0430344772],[121.5296816567,25.0429999557],[121.529660049,25.0429707437],[121.529627815,25.0429512882],[121.529589862,25.0429445513],[121.5295653823,25.0429474392],[121.5293329385,25.0430023326],[121.5293312974,25.0430028365],[121.5293304901,25.0430029414],[121.528960594,25.0430995683],[121.5283844332,25.0432412836],[121.5283836934,25.0432415146],[121.5283833308,25.043241561],[121.5278092825,25.0433892501],[121.5278047551,25.0433906901],[121.5278036719,25.0433908588],[121.5272208372,25.04357546],[121.5269202072,25.0436532494],[121.5269090038,25.0436568215],[121.5268769373,25.0436765056],[121.5268555804,25.0437058705],[121.5268481846,25.0437404456],[121.5268558757,25.0437749672],[121.5268774829,25.0438041797],[121.5269097167,25.0438236357],[121.5269476698,25.0438303733],[121.5269743607,25.0438269388],[121.5272777493,25.0437484356]]]},"properties":{"section_id":"ZJTJ820","section_name":"忠孝東路 杭州北路-中山北路","travel_speed":51.0,"level_name":"順暢","level_color":"#19FF1C","data_time":"2025-12-29 20:48:00+08:00"}},{"type":"Feature","geometry":{"type":"Polygon","coordinates":[[[121.5269753358,25.0441155845],[121.5269753713,25.0441155799],[121.5290686852,25.0435735876],[121.5290798735,25.0435700192],[121.5291119396,25.0435503346],[121.5291332959,25.0435209695],[121.5291406912,25.0434863943],[121.5291329994,25.0434518728],[121.5291113917,25.0434226606],[121.5290791577,25.0434032051],[121.5290412047,25.043396468],[121.5290144989,25.0433999068],[121.5269212437,25.0439418838],[121.5250971137,25.0444120441],[121.5234639749,25.0447963837],[121.5234504834,25.0448005207],[121.5234184161,25.044820204],[121.5233970582,25.0448495684],[121.5233896613,25.0448841433],[121.5233973515,25.0449186651],[121.5234189581,25.0449478781],[121.5234511917,25.0449673349],[121.5234891449,25.0449740734],[121.5235135483,25.0449712046],[121.5251477881,25.0445866059],[121.5251492406,25.0445861604],[121.525149979,25.0445860658],[121.5269752593,25.0441156088],[121.5269753358,25.0441155845]]]},"properties":{"section_id":"ZK5IE20","section_name":"忠孝東路 八德路-林森北路","travel_speed":39.0,"level_name":"順暢","level_color":"#19FF1C","data_time":"2025-12-29 20:48:00+08:00"}},{"type":"Feature","geometry":{"type":"Polygon","coordinates":[[[121.5358674526,25.0420652888],[121.5358686205,25.0420652064],[121.5365091816,25.0419766392],[121.5365325974,25.0419706516],[121.5365646618,25.0419509655],[121.5365860161,25.0419215992],[121.5365934091,25.0418870237],[121.5365857154,25.0418525026],[121.5365641063,25.0418232916],[121.5365318715,25.0418038377],[121.5364939186,25.0417971025],[121.5364794412,25.041798124],[121.5358397601,25.0418865695],[121.5353160722,25.0419502394],[121.53531508,25.0419504844],[121.535313214,25.0419506256],[121.5347430475,25.0420354247],[121.5342109803,25.0421062076],[121.5342103842,25.0421063583],[121.5342093582,25.0421064359],[121.5337306579,25.0421775129],[121.5337276083,25.0421783091],[121.5337242309,25.042178667],[121.532680809,25.0423989028],[121.5326800742,25.0423991188],[121.53267954,25.0423991787],[121.5320128506,25.0425483446],[121.5320126939,25.0425483917],[121.5320125879,25.0425484037],[121.5313220706,25.0427047203],[121.5313190257,25.0427056398],[121.5313176135,25.0427058303],[121.5305373956,25.0429180782],[121.5305371578,25.0429181557],[121.5305370677,25.042918168],[121.5299554311,25.0430783874],[121.5299458314,25.0430815314],[121.5299137656,25.0431012161],[121.5298924095,25.0431305814],[121.5298850146,25.0431651567],[121.5298927065,25.0431996781],[121.5299143143,25.0432288901],[121.5299465484,25.0432483455],[121.5299845015,25.0432550823],[121.5300127958,25.043251219],[121.5305942693,25.0430910445],[121.5313721098,25.0428794433],[121.5320602539,25.042723664],[121.5327261792,25.042574669],[121.5337657743,25.0423552409],[121.5342404308,25.0422847643],[121.5347725114,25.0422139796],[121.5347731171,25.0422138263],[121.5347741585,25.0422137475],[121.5353437223,25.0421290381],[121.53586686,25.0420654351],[121.5358674526,25.0420652888]]]},"properties":{"section_id":"ZJQJI20","section_name":"忠孝東路 建國南路-中山北路","travel_speed":42.0,"level_name":"順暢","level_color":"#19FF1C","data_time":"2025-12-29 20:48:00+08:00"}},{"type":"Feature","geometry":{"type":"Polygon","coordinates":[[[121.5429758344,25.0415863335],[121.5429745299,25.0415865636],[121.5429731914,25.0415863316],[121.5423568485,25.0415933652],[121.5423567482,25.0415933841],[121.5423566523,25.0415933676],[121.5418311153,25.0416003112],[121.5411487361,25.0415931097],[121.5411481772,25.041593209],[121.5411475898,25.0415931036],[121.5404308085,25.0415930895],[121.5404295128,25.0415933268],[121.540428271,25.0415931191],[121.5397999763,25.0416077656],[121.5397996033,25.0416078384],[121.5397992728,25.0416077842],[121.5390583284,25.0416298512],[121.5383250157,25.0416371875],[121.5383247642,25.0416372348],[121.5383245237,25.0416371935],[121.5374097953,25.0416504783],[121.5373730881,25.0416574768],[121.5373410238,25.0416771632],[121.5373196698,25.0417065295],[121.537312277,25.0417411051],[121.5373199709,25.0417756261],[121.5373415802,25.041804837],[121.5373738151,25.0418242908],[121.5374129539,25.0418310149],[121.5383274376,25.0418177336],[121.5390615802,25.041810389],[121.5390627017,25.0418101778],[121.5390637294,25.0418103462],[121.5398053975,25.0417882577],[121.5404320728,25.041773649],[121.5411470129,25.0417736631],[121.5418301122,25.0417808722],[121.5418313953,25.0417806443],[121.5418326968,25.0417808687],[121.5423594287,25.0417739093],[121.5429743529,25.0417668919],[121.5435267457,25.0417740088],[121.5435664374,25.0417670063],[121.5435985007,25.0417473186],[121.5436198532,25.0417179514],[121.5436272442,25.0416833755],[121.5436195486,25.0416488549],[121.5435979378,25.0416196449],[121.5435657021,25.0416001925],[121.5435295479,25.0415934674],[121.5429758344,25.0415863335]]]},"properties":{"section_id":"ZJHKR20","section_name":"忠孝東路 復興北路-建國南路","travel_speed":40.0,"level_name":"順暢","level_color":"#19FF1C","data_time":"2025-12-29 20:48:00+08:00"}},{"type":"Feature","geometry":{"type":"Polygon","coordinates":[[[121.5481826428,25.0414932231],[121.5481804661,25.0414935861],[121.5481781003,25.0414931744],[121.5478427265,25.0414965769],[121.5474073887,25.0414910046],[121.5474051718,25.0414913958],[121.5474029975,25.041491037],[121.5467821305,25.0415081599],[121.546781142,25.0415083551],[121.5467803118,25.0415082252],[121.5461766428,25.041534988],[121.5461431671,25.0415418935],[121.5461111043,25.0415615817],[121.5460897524,25.0415909493],[121.5460823621,25.0416255253],[121.5460900584,25.0416600458],[121.5461116697,25.0416892554],[121.5461439059,25.0417087072],[121.546186276,25.0417153339],[121.5467890369,25.0416886114],[121.5474068,25.0416715742],[121.5478411901,25.0416771343],[121.5478424196,25.0416769173],[121.5478436855,25.0416771376],[121.5481780357,25.0416737455],[121.5484721252,25.0416830481],[121.5485138578,25.0416760897],[121.5485459202,25.041656401],[121.5485672715,25.0416270331],[121.5485746611,25.041592457],[121.5485669641,25.0415579366],[121.5485453522,25.0415287274],[121.5485131157,25.0415092761],[121.5484790025,25.0415025976],[121.5481826428,25.0414932231]]]},"properties":{"section_id":"ZJHML60","section_name":"忠孝東路 敦化南路-大安路","travel_speed":51.0,"level_name":"順暢","level_color":"#19FF1C","data_time":"2025-12-29 20:48:00+08:00"}},{"type":"Feature","geometry":{"type":"Polygon","coordinates":[[[121.5718537655,25.0408565176],[121.5718896425,25.040849526],[121.5719217008,25.0408298324],[121.5719430464,25.0408004612],[121.5719504294,25.0407658841],[121.5719427259,25.040731365],[121.5719211087,25.0407021592],[121.5718888688,25.040682713],[121.5718489008,25.0406760134],[121.5686242087,25.0407481066],[121.5685883315,25.0407550974],[121.5685562726,25.0407747904],[121.5685349263,25.0408041611],[121.5685275423,25.040838738],[121.5685352448,25.0408732573],[121.5685568613,25.0409024636],[121.5685891007,25.0409219105],[121.5686290686,25.040928611],[121.5718537655,25.0408565176]]]},"properties":{"section_id":"ZJDST20","section_name":"忠孝東路 松仁路-松信路","travel_speed":34.0,"level_name":"車多","level_color":"#F8C920","data_time":"2025-12-29 20:48:00+08:00"}},{"type":"Feature","geometry":{"type":"Polygon","coordinates":[[[121.5740289919,25.0406080916],[121.5740286381,25.0406080332],[121.5719706508,25.0406637434],[121.571935284,25.0406707225],[121.5719032257,25.0406904162],[121.5718818802,25.0407197873],[121.5718744972,25.0407543644],[121.5718822006,25.0407888835],[121.5719038178,25.0408180893],[121.5719360578,25.0408375354],[121.5719765359,25.0408442225],[121.5740341529,25.0407885222],[121.5769570019,25.0407294335],[121.5769585285,25.0407291377],[121.5769598284,25.0407293395],[121.5775234299,25.0407032632],[121.5775251594,25.0407029044],[121.5775264253,25.0407030831],[121.5776967943,25.0406904774],[121.5777270854,25.0406837534],[121.5777591428,25.0406640585],[121.5777804869,25.0406346865],[121.5777878682,25.0406001091],[121.5777801631,25.0405655904],[121.5777585446,25.0405363855],[121.5777263039,25.0405169406],[121.5776807503,25.0405105115],[121.5775118777,25.0405230064],[121.5769511888,25.040548948],[121.5740293847,25.0406080155],[121.5740289919,25.0406080916]]]},"properties":{"section_id":"ZJCTT20","section_name":"忠孝東路 松信路-松山路","travel_speed":45.0,"level_name":"順暢","level_color":"#19FF1C","data_time":"2025-12-29 20:48:00+08:00"}},{"type":"Feature","geometry":{"type":"Polygon","coordinates":[[[121.5753404495,25.040853777],[121.5753397999,25.0408539061],[121.5753392516,25.0408538195],[121.5740554804,25.0409065307],[121.5720113486,25.0409621705],[121.5719759979,25.0409691491],[121.5719439395,25.0409888428],[121.5719225939,25.0410182139],[121.5719152109,25.0410527911],[121.5719229144,25.0410873101],[121.5719445317,25.0411165159],[121.5719767716,25.0411359621],[121.5720172661,25.0411426487],[121.5740621516,25.0410869883],[121.5740629631,25.0410868281],[121.5740636527,25.0410869371],[121.5753475774,25.0410342196],[121.5775332415,25.0409685757],[121.5775682887,25.0409616045],[121.5776003461,25.0409419096],[121.5776216903,25.0409125377],[121.5776290717,25.0408779603],[121.5776213666,25.0408434415],[121.5775997481,25.0408142366],[121.5775675073,25.0407947917],[121.5775267095,25.0407881153],[121.5753404495,25.040853777]]]},"properties":{"section_id":"ZJCTT60","section_name":"忠孝東路 松山路-松信路","travel_speed":47.0,"level_name":"順暢","level_color":"#19FF1C","data_time":"2025-12-29 20:48:00+08:00"}},{"type":"Feature","geometry":{"type":"Polygon","coordinates":[[[121.5935293605,25.0504789976],[121.5935296205,25.0504790729],[121.5953363728,25.0508586472],[121.5953590797,25.0508609554],[121.5953969719,25.0508539313],[121.595429029,25.0508342326],[121.5954503705,25.0508048582],[121.5954577474,25.05077028],[121.5954500367,25.0507357624],[121.5954284122,25.0507065602],[121.5953961661,25.0506871193],[121.5953809143,25.0506827074],[121.5935743868,25.0503031803],[121.5929610004,25.0501715977],[121.5921473397,25.0499499944],[121.5921458281,25.049949796],[121.5921422452,25.0499487405],[121.5902456552,25.0495309321],[121.5897501853,25.049419123],[121.5897500971,25.0494191134],[121.5897499551,25.0494190713],[121.5886441612,25.0491720836],[121.5881313406,25.0490052751],[121.5881305484,25.0490051518],[121.5881257504,25.0490036253],[121.5874941386,25.0488358909],[121.5874931105,25.0488357592],[121.587490738,25.0488350472],[121.5869116811,25.0487014214],[121.586260081,25.0485122836],[121.585884161,25.0483915014],[121.5854331146,25.048182686],[121.5851488467,25.0480272456],[121.5851353715,25.0480210949],[121.5850974143,25.0480143723],[121.5850595223,25.0480213937],[121.5850274642,25.0480410902],[121.5850061206,25.0480704631],[121.5849987409,25.0481050408],[121.5850064486,25.0481395591],[121.5850280702,25.0481687629],[121.5850468388,25.0481820554],[121.5853340996,25.0483391325],[121.5853387624,25.0483412608],[121.585340204,25.0483422095],[121.5858001625,25.0485551509],[121.5858075334,25.0485582245],[121.5858101329,25.0485586849],[121.585812098,25.0485598074],[121.5861955844,25.0486830207],[121.5861959937,25.0486830837],[121.5861984601,25.0486838998],[121.5868543569,25.0488742847],[121.5868557844,25.048874484],[121.5868601079,25.0488757815],[121.5874403574,25.0490096825],[121.588067456,25.0491762184],[121.5885822968,25.049343684],[121.5885838678,25.0493439286],[121.5885920222,25.0493463442],[121.5897026402,25.0495944094],[121.5901982627,25.049706253],[121.5901984691,25.0497062755],[121.590198797,25.0497063721],[121.5920930913,25.0501236747],[121.5929070374,25.0503453557],[121.5929087486,25.0503455803],[121.5929127087,25.050346735],[121.5935291761,25.0504789785],[121.5935293605,25.0504789976]]]},"properties":{"section_id":"ZLEWS60","section_name":"忠孝東路 向陽路-東新街","travel_speed":48.0,"level_name":"順暢","level_color":"#19FF1C","data_time":"2025-12-29 20:48:00+08:00"}},{"type":"Feature","geometry":{"type":"Polygon","coordinates":[[[121.601142876,25.0512906853],[121.6011429191,25.0512906877],[121.6011429409,25.051290693],[121.6061017705,25.051879647],[121.6061023263,25.0518796787],[121.6061025889,25.051879741],[121.6111537397,25.0524405747],[121.611154275,25.0524406032],[121.6111545052,25.0524406569],[121.6119727182,25.0525256103],[121.6127141576,25.0526090253],[121.6127147642,25.052609058],[121.6127150279,25.0526091197],[121.6134770399,25.0526886201],[121.6134777923,25.0526886577],[121.613478081,25.0526887236],[121.6141512167,25.0527523915],[121.6147697204,25.0528459574],[121.6147711124,25.052846059],[121.614771993,25.0528462765],[121.6152618515,25.0529097788],[121.6152674698,25.0529101295],[121.615269085,25.0529104709],[121.6156661229,25.0529350852],[121.6160044092,25.0529592553],[121.6160126099,25.0529595308],[121.6160505015,25.0529525015],[121.6160825557,25.0529327984],[121.6161038926,25.0529034211],[121.6161112638,25.052868842],[121.6161035472,25.0528343255],[121.6160819174,25.0528051265],[121.6160496676,25.0527856901],[121.6160199081,25.0527792509],[121.6156811122,25.0527550444],[121.6156802817,25.0527550165],[121.6156800916,25.0527549763],[121.6152861745,25.0527305555],[121.6148010579,25.0526676679],[121.6141807012,25.0525738217],[121.6141766208,25.0525735237],[121.6141746999,25.0525730847],[121.6134990731,25.0525091812],[121.6127380177,25.0524297805],[121.611996552,25.0523463625],[121.6119959065,25.0523463277],[121.6119956271,25.0523462625],[121.6111773354,25.052261301],[121.6061269839,25.0517005559],[121.6011686351,25.0511116588],[121.6011686028,25.051111655],[121.6011685707,25.0511116512],[121.5957506965,25.050464665],[121.5957373767,25.0504638998],[121.5956994846,25.0504709239],[121.5956674276,25.0504906227],[121.5956460862,25.0505199971],[121.5956387094,25.0505545753],[121.5956464201,25.050589093],[121.5956680447,25.0506182951],[121.5957002908,25.050637736],[121.5957249295,25.0506436907],[121.601142876,25.0512906853]]]},"properties":{"section_id":"ZM64J20","section_name":"忠孝東路 向陽路-研究院路","travel_speed":44.0,"level_name":"順暢","level_color":"#19FF1C","data_time":"2025-12-29 20:48:00+08:00"}},{"type":"Feature","geometry":{"type":"Polygon","coordinates":[[[121.6156824844,25.0530297336],[121.615681654,25.0530297057],[121.6156814639,25.0530296655],[121.6152875459,25.0530052447],[121.6148024282,25.0529423571],[121.6141820701,25.052848511],[121.6141779897,25.0528482129],[121.6141760689,25.0528477739],[121.6135004405,25.0527838705],[121.6127393834,25.0527044698],[121.6119979161,25.0526210519],[121.6119972705,25.0526210171],[121.6119969912,25.0526209519],[121.6111802527,25.0525361518],[121.6103706587,25.0524225387],[121.6103688176,25.052422414],[121.6103678398,25.0524221807],[121.5957777591,25.0507630661],[121.5957650411,25.050762371],[121.5957271489,25.0507693951],[121.5956950919,25.0507890939],[121.5956737504,25.0508184684],[121.5956663736,25.0508530465],[121.5956740844,25.0508875642],[121.595695709,25.0509167663],[121.5957279552,25.0509362072],[121.5957531958,25.050942232],[121.6103418852,25.0526011882],[121.6111520016,25.0527148746],[121.6111545996,25.0527150505],[121.6111558673,25.0527153464],[121.6119740822,25.0528002997],[121.6127155233,25.0528837146],[121.6127161299,25.0528837474],[121.6127163935,25.052883809],[121.6134784073,25.0529633094],[121.6134791597,25.0529633469],[121.6134794483,25.0529634129],[121.6141525856,25.0530270807],[121.6147710906,25.0531206466],[121.6147724827,25.0531207482],[121.6147733633,25.0531209657],[121.6152632229,25.053184468],[121.6152688411,25.0531848186],[121.6152704564,25.0531851601],[121.6156674951,25.0532097744],[121.6160057822,25.0532339444],[121.6160139829,25.0532342199],[121.6160518746,25.0532271906],[121.6160839289,25.0532074875],[121.6161052658,25.0531781102],[121.616112637,25.0531435311],[121.6161049204,25.0531090147],[121.6160832906,25.0530798156],[121.6160510407,25.0530603792],[121.6160212811,25.0530539401],[121.6156824844,25.0530297336]]]},"properties":{"section_id":"ZM64J60","section_name":"忠孝東路 研究院路-向陽路","travel_speed":43.0,"level_name":"順暢","level_color":"#19FF1C","data_time":"2025-12-29 20:48:00+08:00"}},{"type":"Feature","geometry":{"type":"Polygon","coordinates":[[[121.5104264189,25.0478030711],[121.5104288979,25.0478023506],[121.510430478,25.0478021571],[121.5111813089,25.0476177044],[121.5123259877,25.0473676234],[121.5123278133,25.0473670798],[121.5123288904,25.0473669469],[121.513494543,25.0470780639],[121.5142026928,25.0469078867],[121.5142029862,25.046907796],[121.5142031482,25.0469077762],[121.5149007025,25.0467369053],[121.5149132411,25.046732998],[121.5149453104,25.0467133165],[121.5149666706,25.0466839533],[121.51497407,25.0466493787],[121.514966382,25.0466148565],[121.5149447771,25.0465856422],[121.5149125444,25.0465661836],[121.5148745911,25.0465594429],[121.5148492337,25.0465625392],[121.5141519079,25.0467333542],[121.5134436176,25.0469035651],[121.5134431385,25.0469037132],[121.5134428799,25.0469037451],[121.512278306,25.0471923607],[121.5111337346,25.0474424181],[121.5111320518,25.0474429192],[121.5111310421,25.0474430428],[121.5103808898,25.0476273288],[121.5096345947,25.0477802198],[121.5096180689,25.0477850229],[121.5095859985,25.0478047033],[121.5095646367,25.0478340657],[121.5095572358,25.04786864],[121.5095649224,25.0479031626],[121.5095865263,25.0479323776],[121.5096187585,25.0479518374],[121.509656712,25.0479585794],[121.5096780828,25.0479563802],[121.5104264189,25.0478030711]]]},"properties":{"section_id":"ZKLGD20","section_name":"忠孝西路 中華路-館前路","travel_speed":45.0,"level_name":"順暢","level_color":"#19FF1C","data_time":"2025-12-29 20:48:00+08:00"}},{"type":"Feature","geometry":{"type":"Polygon","coordinates":[[[121.529651427,25.1058699885],[121.5296498492,25.1058675097],[121.529341999,25.1055017599],[121.5293331366,25.1054925892],[121.5293008861,25.1054731341],[121.5292629138,25.1054663975],[121.5292250007,25.105473405],[121.5291929187,25.1054930897],[121.529171552,25.1055224548],[121.5291641534,25.1055570298],[121.5291718494,25.1055915509],[121.5291846059,25.105611592],[121.5294902124,25.1059746766],[121.5297054406,25.106274089],[121.5299114193,25.1066531079],[121.5301073074,25.1071231156],[121.5302915962,25.1076784583],[121.5304509404,25.1082726835],[121.5304558082,25.1082861457],[121.5304774278,25.1083153573],[121.5305096793,25.1083348121],[121.5305476525,25.1083415483],[121.5305855664,25.1083345406],[121.5306176489,25.1083148556],[121.5306390158,25.1082854902],[121.5306464141,25.1082509152],[121.5306435853,25.1082298565],[121.5304836056,25.1076332648],[121.5304824395,25.1076300398],[121.530482197,25.1076285659],[121.5302961399,25.1070678971],[121.5302940593,25.1070626261],[121.5302939274,25.1070619785],[121.5300951158,25.1065849579],[121.5300923533,25.106581085],[121.5300912817,25.1065769497],[121.5298805298,25.1061891488],[121.5298789213,25.1061871163],[121.5298746241,25.1061797467],[121.5296541126,25.1058729852],[121.529651427,25.1058699885]]]},"properties":{"section_id":"ZZAJE00","section_name":"忠誠路 忠義街-德行東路","travel_speed":54.0,"level_name":"順暢","level_color":"#19FF1C","data_time":"2025-12-29 20:48:00+08:00"}},{"type":"Feature","geometry":{"type":"Polygon","coordinates":[[[121.5286705611,25.1052498893],[121.5286692932,25.1052490978],[121.5286683594,25.105247836],[121.5286618422,25.1052424493],[121.528224939,25.10491232],[121.5282221707,25.1049108065],[121.5282165797,25.1049066518],[121.5277341661,25.1046141228],[121.5277233351,25.1046088859],[121.5277209545,25.1046073772],[121.5272059361,25.1043896916],[121.5272005877,25.1043886264],[121.5271961327,25.1043861127],[121.5267190665,25.1042382802],[121.5267167915,25.1042379415],[121.526708719,25.1042356341],[121.5261310825,25.1041182515],[121.5261213457,25.1041172917],[121.526116904,25.1041163369],[121.5256183247,25.1040822749],[121.5256158572,25.1040821951],[121.525615472,25.1040821176],[121.525090711,25.10406009],[121.5250478464,25.1040670012],[121.525015764,25.104086685],[121.5249943965,25.1041160496],[121.5249869968,25.1041506244],[121.5249946915,25.1041851457],[121.5250163092,25.1042143581],[121.5250485587,25.1042338141],[121.5250815787,25.1042404567],[121.5256049128,25.1042624245],[121.5260949023,25.1042958996],[121.526660274,25.1044107897],[121.5271272394,25.1045554922],[121.5276305719,25.1047682384],[121.5281023203,25.1050543003],[121.5285306017,25.1053779151],[121.528745147,25.1055844707],[121.5287795992,25.1056059792],[121.5288175714,25.105612716],[121.5288554846,25.1056057086],[121.5288875667,25.105586024],[121.5289089335,25.105556659],[121.5289163322,25.105522084],[121.5289086363,25.1054875629],[121.5288892192,25.1054604044],[121.5286705611,25.1052498893]]]},"properties":{"section_id":"ZYBIB60","section_name":"忠誠路 忠義街-中山北路","travel_speed":59.0,"level_name":"順暢","level_color":"#19FF1C","data_time":"2025-12-29 20:48:00+08:00"}},{"type":"Feature","geometry":{"type":"Polygon","coordinates":[[[121.5308811585,25.1103770098],[121.5308811384,25.1103767016],[121.5306469997,25.1085275648],[121.5306399548,25.1085030285],[121.5306183351,25.108473817],[121.5305860836,25.1084543622],[121.5305481103,25.108447626],[121.5305101964,25.1084546338],[121.5304781138,25.1084743187],[121.5304567469,25.108503684],[121.5304493485,25.108538259],[121.5304500001,25.1085482438],[121.5306841092,25.1103971704],[121.5308111548,25.1114436644],[121.5308124848,25.1114483411],[121.5308134333,25.1114553416],[121.530883963,25.1117159972],[121.5308860116,25.1117216431],[121.5308863286,25.111723373],[121.5310362542,25.1121262398],[121.5310385845,25.1121296391],[121.5310396425,25.1121341111],[121.5312804206,25.1126245217],[121.531280898,25.1126251505],[121.5312850616,25.1126328016],[121.5314342937,25.1128682536],[121.5314363521,25.1128706866],[121.531438692,25.112874573],[121.5337762262,25.1159437977],[121.5343521107,25.1168294671],[121.534518716,25.1171871991],[121.5346479848,25.1176501652],[121.5346750265,25.1179766397],[121.5346824449,25.1180047293],[121.5347040673,25.1180339401],[121.534736322,25.1180533939],[121.5347742985,25.118060129],[121.5348122151,25.1180531201],[121.5348442994,25.1180334342],[121.5348656669,25.1180040683],[121.5348727846,25.117963062],[121.5348450931,25.1176287506],[121.5348437817,25.1176237849],[121.5348423172,25.1176132967],[121.5347090594,25.117136047],[121.534704417,25.1171234112],[121.5347042926,25.1171232432],[121.5347042483,25.1171230468],[121.5345321058,25.1167534265],[121.5345319802,25.1167532575],[121.5345261423,25.1167426787],[121.5339450668,25.1158490279],[121.533943181,25.1158468245],[121.5339412238,25.1158435741],[121.5316040017,25.1127747645],[121.5314593797,25.1125465865],[121.5312225839,25.1120642884],[121.5310755047,25.1116690717],[121.5310075464,25.1114179202],[121.5308811906,25.1103771227],[121.5308811585,25.1103770098]]]},"properties":{"section_id":"Z4FKA00","section_name":"忠誠路 德行東路-天母東路","travel_speed":33.0,"level_name":"車多","level_color":"#F8C920","data_time":"2025-12-29 20:48:00+08:00"}},{"type":"Feature","geometry":{"type":"Polygon","coordinates":[[[121.5345568402,25.1176684439],[121.5345553005,25.1176621839],[121.5345526404,25.1176461257],[121.534393148,25.1171689703],[121.5343897445,25.1171603757],[121.5343896201,25.1171602076],[121.5343895758,25.1171600113],[121.5342174342,25.1167903905],[121.5342173085,25.1167902216],[121.5342114707,25.1167796428],[121.5336303973,25.1158859907],[121.5336285115,25.1158837873],[121.5336265543,25.1158805369],[121.5312893393,25.1128117222],[121.5311447177,25.1125835439],[121.5309079231,25.1121012453],[121.5307608449,25.1117060283],[121.5306928872,25.1114548766],[121.530566534,25.1104140788],[121.5305664839,25.1104139026],[121.5305664521,25.1104134261],[121.530305363,25.1083971792],[121.5302983478,25.1083728745],[121.5302767281,25.1083436629],[121.5302444767,25.1083242081],[121.5302065035,25.1083174717],[121.5301685896,25.1083244794],[121.530136507,25.1083441643],[121.53011514,25.1083735296],[121.5301077415,25.1084081046],[121.5301084228,25.1084183209],[121.5303694665,25.110434242],[121.5304964955,25.1114806204],[121.5304978255,25.1114852971],[121.530498774,25.1114922975],[121.530569303,25.1117529534],[121.5305713516,25.1117585992],[121.5305716686,25.1117603292],[121.5307215932,25.1121631963],[121.5307239235,25.1121665956],[121.5307249815,25.1121710676],[121.5309657584,25.1126614787],[121.5309662358,25.1126621075],[121.5309703994,25.1126697587],[121.5311196309,25.112905211],[121.5311216893,25.112907644],[121.5311240293,25.1129115303],[121.5334615564,25.1159807602],[121.5340374389,25.1168664308],[121.5342049466,25.1172261028],[121.5343592631,25.1176877756],[121.5343731289,25.1179749044],[121.5343807323,25.1180058172],[121.5344023546,25.118035028],[121.5344346093,25.1180544819],[121.5344725857,25.1180612171],[121.5345105023,25.1180542083],[121.5345425867,25.1180345224],[121.5345639543,25.1180051566],[121.5345712571,25.1179669734],[121.5345568402,25.1176684439]]]},"properties":{"section_id":"Z37JI40","section_name":"忠誠路 天母東路-德行東路","travel_speed":48.0,"level_name":"順暢","level_color":"#19FF1C","data_time":"2025-12-29 20:48:00+08:00"}},{"type":"Feature","geometry":{"type":"Polygon","coordinates":[[[121.5304734317,25.0133910991],[121.5304717714,25.0133898644],[121.5300887552,25.0131574502],[121.5300713969,25.0131490512],[121.5300334532,25.0131423143],[121.5299955684,25.0131493215],[121.5299635102,25.0131690062],[121.5299421592,25.0131983715],[121.5299347659,25.0132329469],[121.5299424558,25.0132674685],[121.5299640583,25.0132966807],[121.5299789261,25.0133077373],[121.5303603577,25.0135391901],[121.5305336985,25.0136533697],[121.5311293862,25.0141197381],[121.5311369498,25.0141239569],[121.5311471813,25.0141308486],[121.5314136557,25.0142608759],[121.5322004618,25.0150041755],[121.5322342169,25.0150250427],[121.5322721613,25.0150317791],[121.5323100465,25.0150247713],[121.5323421048,25.0150050861],[121.5323634555,25.0149757204],[121.5323708482,25.014941145],[121.5323631575,25.0149066235],[121.5323430823,25.0148788239],[121.5315454652,25.0141253117],[121.5315445741,25.0141247608],[121.5315439371,25.0141238995],[121.531520926,25.0141083997],[121.5312502887,25.0139763413],[121.5306596771,25.0135139472],[121.5306580259,25.0135130262],[121.5306531531,25.0135092581],[121.5304748993,25.0133918425],[121.5304734317,25.0133910991]]]},"properties":{"section_id":"ZDKJT00","section_name":"思源街 永福橋-汀州路","travel_speed":40.0,"level_name":"順暢","level_color":"#19FF1C","data_time":"2025-12-29 20:48:00+08:00"}},{"type":"Feature","geometry":{"type":"Polygon","coordinates":[[[121.5313364746,25.0142932667],[121.5313355835,25.0142927158],[121.5313349465,25.0142918545],[121.5313119354,25.0142763546],[121.531041298,25.0141442958],[121.5304506862,25.013681901],[121.5304490351,25.01368098],[121.5304441623,25.0136772119],[121.5302659084,25.013559796],[121.5302644409,25.0135590526],[121.5302627805,25.0135578179],[121.5298797642,25.0133254031],[121.5298624059,25.0133170041],[121.5298244621,25.0133102671],[121.5297865773,25.0133172743],[121.529754519,25.013336959],[121.529733168,25.0133663243],[121.5297257746,25.0134008996],[121.5297334644,25.0134354212],[121.5297550668,25.0134646335],[121.5297699347,25.0134756901],[121.5301513664,25.0137071435],[121.5303247073,25.0138213232],[121.5309203951,25.0142876925],[121.5309279587,25.0142919113],[121.5309381901,25.014298803],[121.5312046647,25.0144288306],[121.5319914706,25.0151721313],[121.5320252257,25.0151929987],[121.5320631702,25.0151997351],[121.5321010555,25.0151927273],[121.5321331138,25.0151730422],[121.5321544646,25.0151436765],[121.5321618574,25.0151091011],[121.5321541667,25.0150745796],[121.5321340916,25.01504678],[121.5313364746,25.0142932667]]]},"properties":{"section_id":"ZD9JF40","section_name":"思源街 汀州路-永福橋","travel_speed":41.0,"level_name":"順暢","level_color":"#19FF1C","data_time":"2025-12-29 20:48:00+08:00"}},{"type":"Feature","geometry":{"type":"Polygon","coordinates":[[[121.5909346623,25.0637300445],[121.5909347854,25.0637296288],[121.5911404954,25.0623855608],[121.5911414437,25.0623727014],[121.5911337334,25.0623381835],[121.5911121078,25.0623089808],[121.5910798593,25.062289539],[121.5910418973,25.062282818],[121.5910040013,25.0622898409],[121.5909719406,25.0623095387],[121.590950596,25.0623389125],[121.5909441656,25.062360631],[121.5907385399,25.0637041345],[121.5905497298,25.064833331],[121.5905486009,25.064847318],[121.5905541553,25.0660057931],[121.5905547398,25.0660151972],[121.5908438453,25.0684270154],[121.5908509713,25.0684521292],[121.590872598,25.0684813319],[121.5909048481,25.0685007737],[121.5909052828,25.0685008507],[121.5909056451,25.068501067],[121.591051263,25.0685539884],[121.5910884299,25.0685604161],[121.5911263279,25.0685533931],[121.5911583902,25.0685336952],[121.5911797357,25.0685043214],[121.5911871148,25.0684697435],[121.591179404,25.0684352257],[121.5911577773,25.068406023],[121.5911247302,25.068386288],[121.591034446,25.0683534764],[121.590752365,25.0660002885],[121.5907468651,25.0648535629],[121.5909346049,25.0637307564],[121.5909346623,25.0637300445]]]},"properties":{"section_id":"ZQKWL00","section_name":"成功路 南京東路-民權東路","travel_speed":45.0,"level_name":"順暢","level_color":"#19FF1C","data_time":"2025-12-29 20:48:00+08:00"}},{"type":"Feature","geometry":{"type":"Polygon","coordinates":[[[121.5906835388,25.0692127094],[121.5906903056,25.0691795283],[121.5906825949,25.0691450104],[121.5906645716,25.0691192368],[121.5905837911,25.069038201],[121.5905479375,25.06901533],[121.5905099735,25.0690086089],[121.5904720754,25.0690156318],[121.5904400128,25.0690353295],[121.590418667,25.0690647032],[121.5904112877,25.0690992811],[121.5904189983,25.0691337989],[121.5904370216,25.0691595726],[121.5904765447,25.0691992206],[121.5895248975,25.0714228589],[121.5895181303,25.0714560401],[121.5895258408,25.071490558],[121.5895474677,25.0715197609],[121.5895797184,25.0715392029],[121.5896176831,25.0715459243],[121.5896555821,25.0715389016],[121.5896876454,25.0715192041],[121.5897096043,25.0714884338],[121.5906835388,25.0692127094]]]},"properties":{"section_id":"ZQKWL40","section_name":"成功路 民權東路-陽光街","travel_speed":54.0,"level_name":"順暢","level_color":"#19FF1C","data_time":"2025-12-29 20:48:00+08:00"}},{"type":"Feature","geometry":{"type":"Polygon","coordinates":[[[121.5906806292,25.0685679297],[121.5906822902,25.068565792],[121.5906851191,25.0685640541],[121.5907064647,25.0685346803],[121.5907138439,25.0685001025],[121.5907132459,25.0684905866],[121.5904114457,25.0660015883],[121.5904059492,25.064854919],[121.5905936921,25.0637321128],[121.5905937443,25.0637314667],[121.5905938572,25.0637310864],[121.590812339,25.0623153083],[121.590813303,25.0623023478],[121.5908055927,25.0622678299],[121.5907839672,25.0622386271],[121.5907517188,25.0622191852],[121.5907137569,25.0622124641],[121.5906758609,25.062219487],[121.5906438001,25.0622391847],[121.5906224555,25.0622685585],[121.5906160405,25.0622901758],[121.5903976356,25.06370544],[121.590208814,25.0648346866],[121.590207685,25.0648486736],[121.5902132362,25.0660071488],[121.5902138342,25.0660166647],[121.5905105863,25.0684640642],[121.5904731912,25.0684943826],[121.5904473555,25.068527632],[121.5904399763,25.0685622098],[121.5904476868,25.0685967277],[121.5904693134,25.0686259305],[121.5905015635,25.0686453723],[121.5905395274,25.0686520935],[121.5905774254,25.0686450706],[121.5906049979,25.0686292485],[121.5906806292,25.0685679297]]]},"properties":{"section_id":"ZQ6WK40","section_name":"成功路 民權東路-南京東路","travel_speed":47.0,"level_name":"順暢","level_color":"#19FF1C","data_time":"2025-12-29 20:48:00+08:00"}},{"type":"Feature","geometry":{"type":"Polygon","coordinates":[[[121.5067612373,25.0426357742],[121.5067612491,25.0426357726],[121.5072331418,25.042513497],[121.5072442966,25.042509939],[121.507276366,25.0424902591],[121.5072977274,25.042460897],[121.5073051287,25.0424263228],[121.5072974431,25.0423918001],[121.5072758408,25.0423625847],[121.5072436104,25.0423431243],[121.5072056587,25.0423363817],[121.5071789185,25.0423398253],[121.5067070641,25.042462091],[121.5067070265,25.0424621008],[121.5061649108,25.0426023593],[121.5055063541,25.042751391],[121.505506004,25.0427514967],[121.5055057794,25.0427515227],[121.5049184542,25.0428878341],[121.5043538897,25.043014773],[121.5043526821,25.0430151365],[121.5043519696,25.0430152233],[121.5034972136,25.043224018],[121.503078202,25.0433209575],[121.5030731438,25.0433224976],[121.5030714837,25.0433227441],[121.5026761571,25.0434418242],[121.5026369334,25.0434639401],[121.5026155707,25.0434933016],[121.5026081681,25.0435278756],[121.5026158524,25.0435623986],[121.5026374539,25.0435916147],[121.5026696839,25.043611076],[121.5027076357,25.0436178198],[121.5027383782,25.0436132564],[121.5031303809,25.0434951776],[121.5035466367,25.0433988756],[121.503547445,25.0433986295],[121.5035479095,25.0433985729],[121.5044023442,25.0431898566],[121.5049663067,25.0430630531],[121.5049667435,25.0430629216],[121.5049670255,25.0430628889],[121.5055544233,25.0429265607],[121.5062142913,25.0427772321],[121.5062163822,25.042776601],[121.5062174734,25.0427764607],[121.5067612115,25.0426357824],[121.5067612373,25.0426357742]]]},"properties":{"section_id":"ZJPEI60","section_name":"成都路 中華路-康定路","travel_speed":36.0,"level_name":"順暢","level_color":"#19FF1C","data_time":"2025-12-29 20:48:00+08:00"}},{"type":"Feature","geometry":{"type":"Polygon","coordinates":[[[121.5168424632,25.0491328938],[121.5168423127,25.0491319414],[121.5167360257,25.0487978962],[121.5167322542,25.0487881624],[121.5167106484,25.0487589485],[121.5166784149,25.0487394902],[121.5166404608,25.04873275],[121.5166025643,25.048739754],[121.5165704948,25.0487594359],[121.5165491346,25.0487887994],[121.5165417356,25.048823374],[121.5165456526,25.0488481623],[121.5166514795,25.0491807629],[121.5168374263,25.0498474866],[121.5168375699,25.049847878],[121.5168376036,25.0498481132],[121.5169868012,25.0503674394],[121.5169870766,25.0503681811],[121.5169871359,25.0503685742],[121.517122436,25.05081568],[121.5172673905,25.0513126811],[121.5173957096,25.0517785981],[121.5175021441,25.0522305523],[121.5175027957,25.0522324448],[121.5175029911,25.0522338469],[121.5176355266,25.0527090363],[121.5177152264,25.0530649534],[121.5177209167,25.053081777],[121.5177425234,25.0531109908],[121.5177747583,25.0531304488],[121.5178127138,25.0531371886],[121.5178506115,25.0531301843],[121.5178826819,25.0531105021],[121.5179040425,25.0530811385],[121.5179114414,25.0530465639],[121.5179094424,25.0530288654],[121.5178292707,25.0526708434],[121.5178284739,25.0526684876],[121.5178282186,25.0526666563],[121.5176955591,25.0521910249],[121.5175891551,25.051739203],[121.5175885605,25.0517374759],[121.5175883806,25.0517361703],[121.5174594776,25.0512681358],[121.5174591993,25.0512673738],[121.5174591337,25.0512669229],[121.5173138836,25.0507689109],[121.5173136847,25.0507683786],[121.5173136428,25.0507681004],[121.517178391,25.0503211565],[121.5170294459,25.0498027119],[121.516843179,25.0491348441],[121.5168424632,25.0491328938]]]},"properties":{"section_id":"ZLYGU00","section_name":"承德路 市民大道-南京西路","travel_speed":38.0,"level_name":"順暢","level_color":"#19FF1C","data_time":"2025-09-26 14:26:00+08:00"}},{"type":"Feature","geometry":{"type":"Polygon","coordinates":[[[121.5183648855,25.0545341203],[121.5183645837,25.0545320798],[121.5179876788,25.0532619415],[121.5179834224,25.0532506317],[121.5179618156,25.0532214179],[121.5179295807,25.05320196],[121.5178916252,25.0531952202],[121.5178537274,25.0532022245],[121.517821657,25.0532219067],[121.5178002963,25.0532512702],[121.5177928974,25.0532858449],[121.5177963303,25.0533090571],[121.5181724901,25.0545766911],[121.5182458757,25.0548957433],[121.5182752947,25.0554769109],[121.5182373107,25.0560252421],[121.5182375158,25.0560263521],[121.5182371734,25.0560278033],[121.5182253679,25.0563383724],[121.5182254631,25.056338846],[121.5182253352,25.0563394032],[121.5182140908,25.0567810113],[121.5182024472,25.0571270738],[121.5182100911,25.0571647073],[121.5182316987,25.057193921],[121.5182639347,25.0572133788],[121.5183018915,25.0572201185],[121.5183397904,25.0572131141],[121.5183718618,25.0571934318],[121.518393223,25.0571640681],[121.5184005762,25.0571326049],[121.5184122305,25.0567862062],[121.5184121674,25.0567858956],[121.5184122503,25.056785534],[121.5184234895,25.0563441052],[121.5184352261,25.056035333],[121.5184734613,25.0554833618],[121.5184725842,25.0554786153],[121.5184735528,25.055473518],[121.5184435166,25.0548801755],[121.5184428809,25.0548776018],[121.5184415155,25.0548658204],[121.5183659112,25.0545371244],[121.5183648855,25.0545341203]]]},"properties":{"section_id":"ZMWGW00","section_name":"承德路 南京西路-民生西路","travel_speed":39.0,"level_name":"順暢","level_color":"#19FF1C","data_time":"2025-12-29 20:48:00+08:00"}},{"type":"Feature","geometry":{"type":"Polygon","coordinates":[[[121.5180844944,25.0567992933],[121.5180844313,25.0567989827],[121.5180845143,25.0567986211],[121.5180957546,25.0563571923],[121.5181074921,25.0560484201],[121.5181457288,25.055496449],[121.5181448517,25.0554917025],[121.5181458203,25.0554866052],[121.5181157856,25.0548932626],[121.5181151499,25.0548906889],[121.5181137845,25.0548789075],[121.5180381811,25.0545502113],[121.5180370913,25.0545470194],[121.5180367745,25.0545449015],[121.5176732348,25.0533344327],[121.5176690576,25.053323388],[121.5176474509,25.0532941742],[121.517615216,25.0532747162],[121.5175772605,25.0532679763],[121.5175393626,25.0532749806],[121.5175072921,25.0532946627],[121.5174859314,25.0533240262],[121.5174785324,25.0533586009],[121.5174820444,25.0533820783],[121.5178447908,25.0545899122],[121.5179181446,25.0549088299],[121.5179475621,25.0554899976],[121.5179095767,25.0560383288],[121.5179097818,25.0560394388],[121.5179094393,25.05604089],[121.517897633,25.0563514591],[121.5178977282,25.0563519327],[121.5178976003,25.0563524898],[121.5178863547,25.0567940979],[121.5178747103,25.0571401605],[121.517882354,25.0571777939],[121.5179039615,25.0572070077],[121.5179361975,25.0572264656],[121.5179741542,25.0572332054],[121.5180120532,25.057226201],[121.5180441247,25.0572065188],[121.5180654859,25.0571771552],[121.5180728392,25.057145692],[121.5180844944,25.0567992933]]]},"properties":{"section_id":"ZMQGX40","section_name":"承德路 民生西路-南京西路","travel_speed":35.0,"level_name":"順暢","level_color":"#19FF1C","data_time":"2025-12-29 20:48:00+08:00"}},{"type":"Feature","geometry":{"type":"Polygon","coordinates":[[[121.518638748,25.0692037051],[121.5186388378,25.069203279],[121.5186325485,25.0686176669],[121.518624862,25.0685836818],[121.5186032523,25.0685544682],[121.5185710132,25.0685350105],[121.5185330529,25.068528271],[121.5184951505,25.0685352755],[121.5184630762,25.0685549579],[121.5184417131,25.0685843215],[121.5184343175,25.0686194329],[121.5184406013,25.069204618],[121.5184409496,25.070195079],[121.5184412928,25.0701966334],[121.5184410058,25.0701980897],[121.5184706006,25.0709981912],[121.5184711682,25.0710005573],[121.5184729238,25.0710148134],[121.5186655274,25.0718009411],[121.5186704065,25.0718149078],[121.5186705267,25.0718154589],[121.5190329302,25.0726223799],[121.5190337748,25.0726235319],[121.5190340824,25.0726248407],[121.519277407,25.0731238828],[121.5192777481,25.0731243334],[121.5192812217,25.0731308746],[121.5197363686,25.0738817506],[121.5200695529,25.0747812934],[121.5200695976,25.0747813588],[121.5200696175,25.0747814674],[121.5203732484,25.0755957369],[121.5207074417,25.0766825286],[121.520708685,25.0766857833],[121.5207088558,25.0766867307],[121.5211879718,25.0779957623],[121.521188823,25.0779970112],[121.5211892158,25.0779989595],[121.5215258905,25.0788152203],[121.5215268603,25.0788165853],[121.5215272521,25.0788183434],[121.5215307099,25.0788250725],[121.521943201,25.0795486458],[121.5225070866,25.0806456394],[121.5225072008,25.080645787],[121.5225072359,25.0806459285],[121.5228905791,25.0813848564],[121.5232050408,25.0819990958],[121.5235717618,25.0830697444],[121.523652942,25.0838721044],[121.5236602175,25.0838986923],[121.5236818312,25.083927905],[121.5237140751,25.0839473615],[121.5237520405,25.0839540996],[121.5237899473,25.0839470937],[121.5238220247,25.0839274102],[121.523843389,25.0838980458],[121.5238507879,25.083863471],[121.5238503705,25.0838555374],[121.5237682283,25.083043681],[121.5237657931,25.0830347818],[121.523764149,25.0830250803],[121.5233923286,25.0819395491],[121.5233891324,25.0819315618],[121.5233879545,25.0819299696],[121.5233875403,25.0819282835],[121.5230701621,25.0813083492],[121.5230699981,25.0813081367],[121.5230699473,25.0813079322],[121.5226865702,25.080568941],[121.522121895,25.0794704145],[121.5221216187,25.0794700571],[121.5221200948,25.0794670915],[121.5217093987,25.0787466689],[121.5213754639,25.0779370539],[121.5208976984,25.0766317176],[121.5205634282,25.075544681],[121.5205620181,25.0755409894],[121.5205618358,25.0755399963],[121.5202573702,25.0747234915],[121.5199213723,25.073816356],[121.5199196636,25.0738138588],[121.5199188806,25.0738103443],[121.5199142265,25.0738015801],[121.5194568511,25.0730470296],[121.5192158633,25.0725527816],[121.5188571885,25.0717541656],[121.5186684214,25.0709837019],[121.518639192,25.0701935152],[121.5186388425,25.0692041331],[121.518638748,25.0692037051]]]},"properties":{"section_id":"ZRTHD00","section_name":"承德路 民族東路-劍潭路","travel_speed":52.0,"level_name":"順暢","level_color":"#19FF1C","data_time":"2025-12-29 20:48:00+08:00"}},{"type":"Feature","geometry":{"type":"Polygon","coordinates":[[[121.5183774611,25.0634338841],[121.5183776462,25.0634347515],[121.5183774557,25.0634356493],[121.5183836966,25.0642504258],[121.5183838031,25.0642509],[121.518383709,25.064251356],[121.5184049979,25.0653733082],[121.5184053633,25.0653748939],[121.5184051069,25.0653762591],[121.5184478914,25.0661551794],[121.5184592888,25.0671966369],[121.5184604682,25.0679458749],[121.5184607149,25.0679469894],[121.5184605005,25.0679480529],[121.5184726777,25.0683818564],[121.5184803365,25.068414417],[121.5185019462,25.0684436306],[121.5185341852,25.0684630883],[121.5185721455,25.0684698279],[121.5186100479,25.0684628233],[121.5186421221,25.0684431409],[121.5186634851,25.0684137772],[121.518670853,25.0683772413],[121.5186587056,25.0679445267],[121.5186575262,25.0671959926],[121.5186574406,25.067195606],[121.5186575214,25.0671952222],[121.5186460982,25.0661515729],[121.5186456626,25.0661496478],[121.5186459793,25.0661479617],[121.5186031755,25.0653687116],[121.5185819217,25.0642487008],[121.5185756897,25.0634352721],[121.5185824343,25.0629467625],[121.5185747513,25.0629107592],[121.5185531426,25.0628815456],[121.518520905,25.0628620878],[121.5184829465,25.0628553482],[121.5184450458,25.0628623527],[121.518412973,25.062882035],[121.5183916108,25.0629113987],[121.5183842187,25.0629444919],[121.5183774611,25.0634338841]]]},"properties":{"section_id":"ZQFGY00","section_name":"承德路 民權西路-民族西路","travel_speed":44.0,"level_name":"順暢","level_color":"#19FF1C","data_time":"2025-12-29 20:48:00+08:00"}},{"type":"Feature","geometry":{"type":"Polygon","coordinates":[[[121.5180542734,25.0679603516],[121.5180540589,25.0679614151],[121.5180662347,25.0683952186],[121.5180738934,25.0684277793],[121.518095503,25.0684569929],[121.518127742,25.0684764507],[121.5181657022,25.0684831904],[121.5182036047,25.068476186],[121.518235679,25.0684565037],[121.5182570421,25.0684271401],[121.5182644101,25.0683906041],[121.5182522641,25.0679578895],[121.5182510871,25.0672093554],[121.5182510015,25.0672089687],[121.5182510823,25.0672085849],[121.5182396626,25.0661649356],[121.518239227,25.0661630105],[121.5182395438,25.0661613243],[121.5181967425,25.0653820741],[121.5181754923,25.0642620632],[121.5181692631,25.0634486344],[121.5181760092,25.0629601248],[121.5181683264,25.0629241214],[121.5181467178,25.0628949078],[121.5181144803,25.0628754499],[121.5180765217,25.0628687102],[121.518038621,25.0628757146],[121.5180065481,25.0628953969],[121.5179851859,25.0629247605],[121.5179777936,25.0629578537],[121.5179710344,25.0634472458],[121.5179712195,25.0634481132],[121.517971029,25.063449011],[121.5179772673,25.0642637876],[121.5179773738,25.0642642618],[121.5179772797,25.0642647178],[121.5179985648,25.0653866701],[121.5179989303,25.0653882558],[121.5179986738,25.0653896211],[121.5180414557,25.0661685415],[121.5180528498,25.067209999],[121.5180540266,25.0679592371],[121.5180542734,25.0679603516]]]},"properties":{"section_id":"ZP8GX40","section_name":"承德路 民族西路-民權西路","travel_speed":44.0,"level_name":"順暢","level_color":"#19FF1C","data_time":"2025-12-29 20:48:00+08:00"}},{"type":"Feature","geometry":{"type":"Polygon","coordinates":[[[121.513913709,25.0959804376],[121.513913935,25.0959793357],[121.5139145077,25.0959785146],[121.5144471006,25.0946506922],[121.5149587872,25.0934800352],[121.5149591668,25.0934782131],[121.5149600975,25.0934768655],[121.51542455,25.0922860808],[121.5158230982,25.0914130731],[121.5160314751,25.0911182612],[121.5162042541,25.0909638648],[121.5162265538,25.0909336573],[121.5162339552,25.0908990829],[121.5162262639,25.0908645609],[121.5162046507,25.0908353472],[121.5161724061,25.0908158891],[121.516134439,25.090809149],[121.5160965296,25.0908161531],[121.5160653814,25.0908349907],[121.5158846819,25.0909964647],[121.5158843146,25.0909969623],[121.5158837497,25.0909973089],[121.5158707554,25.0910120399],[121.5156515864,25.0913221199],[121.515643639,25.091336008],[121.5156434064,25.091336326],[121.5152404594,25.092218966],[121.5152399148,25.0922214756],[121.5152385815,25.0922234061],[121.5147738753,25.0934148369],[121.5142623504,25.0945851197],[121.5142620641,25.0945864938],[121.5142613392,25.0945875331],[121.5137286453,25.0959156025],[121.5130411096,25.0975156264],[121.5130342939,25.097548866],[121.5130419848,25.0975833881],[121.5130635985,25.0976126023],[121.5130958444,25.097632061],[121.5131338134,25.0976388018],[121.5131717251,25.0976317985],[121.5132038077,25.0976121172],[121.513225764,25.0975814197],[121.513913709,25.0959804376]]]},"properties":{"section_id":"ZVVGB40","section_name":"承德路 基河路-中正路","travel_speed":57.0,"level_name":"順暢","level_color":"#19FF1C","data_time":"2025-12-29 20:48:00+08:00"}},{"type":"Feature","geometry":{"type":"Polygon","coordinates":[[[121.5161737033,25.0911628556],[121.5161734186,25.0911632424],[121.5161729833,25.0911635095],[121.5161599891,25.0911782405],[121.5159408206,25.0914883208],[121.5159328732,25.0915022089],[121.5159326405,25.0915025269],[121.5155296952,25.0923851677],[121.5155291506,25.0923876773],[121.5155278172,25.0923896079],[121.5150631132,25.0935810394],[121.5145515905,25.0947513232],[121.5145510167,25.0947540772],[121.5145497013,25.09475602],[121.5140617918,25.0960816414],[121.5134337788,25.0976615588],[121.5134278605,25.0976926288],[121.5134355515,25.0977271508],[121.5134571653,25.0977563649],[121.5134894113,25.0977758236],[121.5135273804,25.0977825643],[121.5135652921,25.0977755608],[121.5135973747,25.0977558795],[121.5136202281,25.0977230123],[121.5142486421,25.09614208],[121.5142488768,25.0961408479],[121.5142494216,25.0961400432],[121.5147368326,25.0948157709],[121.5152480256,25.0936462374],[121.5152484052,25.0936444153],[121.5152493359,25.0936430677],[121.5157137861,25.0924522822],[121.5161123328,25.0915792738],[121.5163207909,25.0912843459],[121.5165459604,25.0910819191],[121.5165680476,25.0910519019],[121.516575449,25.0910173275],[121.5165677575,25.0909828056],[121.5165461442,25.0909535918],[121.5165138995,25.0909341338],[121.5164759324,25.0909273939],[121.516438023,25.090934398],[121.5164066625,25.0909534261],[121.5161737033,25.0911628556]]]},"properties":{"section_id":"ZWVFW00","section_name":"承德路 中正路-洲美路","travel_speed":51.0,"level_name":"順暢","level_color":"#19FF1C","data_time":"2025-12-29 20:48:00+08:00"}},{"type":"Feature","geometry":{"type":"Polygon","coordinates":[[[121.4998834026,25.1207413205],[121.4998903887,25.1207356108],[121.4998908196,25.1207353509],[121.500372127,25.1203071489],[121.5003725387,25.1203065926],[121.5003731748,25.1203062026],[121.5009470465,25.1197802159],[121.5014236726,25.119382532],[121.5014256815,25.1193799094],[121.5014287566,25.119377973],[121.5020048051,25.1188228288],[121.5023938964,25.1184709363],[121.5023944165,25.1184702273],[121.5023951816,25.1184697523],[121.5030023492,25.1178999951],[121.5034671576,25.1174929939],[121.5034686524,25.1174909914],[121.5034708018,25.1174896314],[121.5037712783,25.1171974757],[121.5037906495,25.1171700064],[121.5037980558,25.1171354326],[121.5037903662,25.1171009101],[121.5037687512,25.1170716947],[121.5037365015,25.1170522341],[121.503698527,25.1170454909],[121.5036606087,25.1170524919],[121.5036265158,25.1170740634],[121.503327813,25.1173644942],[121.5028636383,25.1177709401],[121.502862672,25.1177722346],[121.5028612067,25.1177731443],[121.5022534807,25.1183434249],[121.5018639211,25.1186957405],[121.5018630104,25.1186969819],[121.5018617229,25.1186977927],[121.5012870449,25.1192516155],[121.5008113356,25.1196485341],[121.5008100683,25.1196501885],[121.5008079803,25.1196514684],[121.5002329888,25.120178481],[121.4997557539,25.1206030594],[121.4995995407,25.1207166597],[121.4995910512,25.120723598],[121.4995696747,25.120752959],[121.4995622669,25.1207875326],[121.4995699556,25.1208220553],[121.4995915703,25.1208512713],[121.4996238203,25.1208707328],[121.4996617959,25.120877477],[121.4996997156,25.120870477],[121.4997233169,25.1208577369],[121.4998834026,25.1207413205]]]},"properties":{"section_id":"ZVCGQ40","section_name":"承德路 大業路-吉利街","travel_speed":49.0,"level_name":"順暢","level_color":"#19FF1C","data_time":"2025-12-29 20:48:00+08:00"}},{"type":"Feature","geometry":{"type":"Polygon","coordinates":[[[121.5112366466,25.1110471992],[121.5112396537,25.1110453096],[121.5116758121,25.1106267202],[121.5116956285,25.110598817],[121.5117030323,25.1105642429],[121.5116953409,25.1105297208],[121.5116737252,25.1105005065],[121.5116414761,25.1104810476],[121.5116035031,25.1104743064],[121.5115655874,25.1104813094],[121.5115319458,25.1105024498],[121.5110981806,25.1109187419],[121.5107337916,25.1112226546],[121.5107331654,25.1112234721],[121.5107320638,25.1112241306],[121.5077155479,25.1138633298],[121.507053576,25.1144366574],[121.5070528411,25.1144376362],[121.5070516706,25.1144383526],[121.506343653,25.1150854165],[121.5063429644,25.1150863606],[121.5063419923,25.1150869711],[121.5055612391,25.1158356313],[121.5049773624,25.1163705175],[121.503912859,25.1172918467],[121.5038894262,25.1173230419],[121.5038820198,25.1173576157],[121.5038897095,25.1173921382],[121.5039113246,25.1174213536],[121.5039435744,25.1174408142],[121.5039815491,25.1174475572],[121.5040194674,25.1174405562],[121.5040494987,25.1174227105],[121.5051150222,25.1165004975],[121.5051157997,25.1164994624],[121.5051170344,25.1164987057],[121.5057027005,25.1159621798],[121.5057033549,25.1159612815],[121.5057042766,25.1159607026],[121.5064849884,25.1152120812],[121.5071912252,25.1145666441],[121.5078524131,25.113993995],[121.5078525474,25.1139938161],[121.5078527746,25.1139936803],[121.5108686168,25.111355068],[121.5112346964,25.111049745],[121.5112366466,25.1110471992]]]},"properties":{"section_id":"Z3MER00","section_name":"承德路 文林北路-吉利街","travel_speed":46.0,"level_name":"順暢","level_color":"#19FF1C","data_time":"2025-12-29 20:48:00+08:00"}},{"type":"Feature","geometry":{"type":"Polygon","coordinates":[[[121.572603306,24.9879250259],[121.5726073961,24.9879257656],[121.5726103894,24.9879274397],[121.5731077639,24.9880774693],[121.5731393054,24.9880820405],[121.573142823,24.9880813887],[121.5731457822,24.9880818223],[121.5734183896,24.9880644842],[121.5734333254,24.9880612494],[121.573445088,24.9880593526],[121.5737764093,24.9879504878],[121.5742278893,24.9878529999],[121.5746772346,24.9877576913],[121.5751979597,24.9876583256],[121.5758323416,24.9875522119],[121.5758352674,24.9875514184],[121.5758379591,24.9875511179],[121.5763299507,24.9874416164],[121.5768643808,24.9873290072],[121.5768667265,24.9873283175],[121.5768681573,24.9873281399],[121.5774881967,24.9871738544],[121.5779019091,24.9870888471],[121.577902949,24.9870885442],[121.5779037288,24.9870884567],[121.5781872086,24.9870250615],[121.5782019003,24.9870206421],[121.5782143093,24.9870149372],[121.5784889363,24.9868657859],[121.5784994205,24.9868583157],[121.5785042475,24.9868555377],[121.5787427235,24.9866612339],[121.5790149817,24.9864592733],[121.5790164423,24.9864580665],[121.5790169189,24.9864577985],[121.5792470171,24.9862780369],[121.5795611834,24.9860510703],[121.5795699938,24.9860438847],[121.5795829344,24.9860291981],[121.5797290157,24.9858224342],[121.5797374096,24.9858077485],[121.5797447875,24.9857731708],[121.5797370856,24.9857386519],[121.5797154765,24.9857094469],[121.5796832499,24.985690002],[121.5796453122,24.9856832776],[121.5796074389,24.9856902973],[121.5795753959,24.9857099925],[121.5795624554,24.9857246791],[121.5794252609,24.9859188641],[121.5791224681,24.9861376138],[121.5791202775,24.9861394004],[121.5791195336,24.9861398187],[121.5788889497,24.9863199596],[121.5786158911,24.9865225138],[121.5786130786,24.9865248376],[121.5786124012,24.9865252274],[121.5783793287,24.9867151284],[121.5781256193,24.9868529192],[121.5778574282,24.9869128954],[121.5774424641,24.9869981599],[121.5774398147,24.9869989317],[121.5774381597,24.9869991371],[121.5768178597,24.9871534874],[121.5762847334,24.9872658218],[121.57628405,24.9872660228],[121.5762835462,24.987266079],[121.5757937538,24.987375091],[121.5751609866,24.9874809345],[121.5751598432,24.9874812446],[121.5751585681,24.9874813675],[121.574635558,24.9875811693],[121.5746344041,24.9875814965],[121.5746334044,24.9875816031],[121.5741827935,24.9876771801],[121.574182576,24.9876772442],[121.5741824097,24.9876772622],[121.5737252683,24.9877759726],[121.5737165308,24.9877785655],[121.5737145094,24.9877788915],[121.5733908577,24.9878852362],[121.5731514712,24.9879004615],[121.5726762279,24.9877571076],[121.5717964552,24.9874218859],[121.5717578306,24.9874149005],[121.5717199563,24.9874219182],[121.5716879115,24.9874416118],[121.5716665749,24.9874709829],[121.5716591947,24.9875055602],[121.5716668945,24.9875400796],[121.571688502,24.9875692858],[121.5717200411,24.9875884735],[121.572603306,24.9879250259]]]},"properties":{"section_id":"Z1IUI20","section_name":"指南路 木新路-三段","travel_speed":47.0,"level_name":"順暢","level_color":"#19FF1C","data_time":"2025-12-29 20:48:00+08:00"}},{"type":"Feature","geometry":{"type":"Polygon","coordinates":[[[121.5795935834,24.9862499877],[121.5796027393,24.9862402823],[121.5798389253,24.9859506894],[121.5798511038,24.9859310224],[121.5798584817,24.9858964448],[121.5798507797,24.9858619258],[121.5798291706,24.9858327209],[121.579796944,24.985813276],[121.5797590062,24.9858065516],[121.5797211329,24.9858135714],[121.5796890899,24.9858332666],[121.579679934,24.985842972],[121.5794515133,24.9861230433],[121.579146057,24.9863437169],[121.5791438664,24.9863455035],[121.5791431225,24.9863459218],[121.5789125383,24.9865260628],[121.5786394792,24.986728617],[121.5786366667,24.9867309408],[121.5786359893,24.9867313306],[121.5784029165,24.9869212316],[121.5781492066,24.9870590225],[121.5778810152,24.9871189987],[121.5774660503,24.9872042633],[121.5774634009,24.987205035],[121.5774617459,24.9872052405],[121.5768414449,24.9873595909],[121.5763083178,24.9874719254],[121.5763076344,24.9874721264],[121.5763071306,24.9874721826],[121.5758173374,24.9875811946],[121.5751845692,24.9876870383],[121.5751834258,24.9876873484],[121.5751821507,24.9876874713],[121.5746591397,24.9877872732],[121.5746579858,24.9877876004],[121.5746569861,24.987787707],[121.5742063745,24.9878832841],[121.574206157,24.9878833482],[121.5742059907,24.9878833662],[121.5737488485,24.9879820766],[121.5737401111,24.9879846695],[121.5737380897,24.9879849955],[121.5734144374,24.9880913403],[121.5731750505,24.9881065657],[121.5727003517,24.9879633764],[121.5717190451,24.9875772424],[121.5716793649,24.9875698482],[121.5716414905,24.987576866],[121.5716094458,24.9875965595],[121.5715881091,24.9876259306],[121.5715807288,24.9876605079],[121.5715884286,24.9876950273],[121.5716100362,24.9877242335],[121.5716405197,24.9877430125],[121.5726258288,24.9881307215],[121.5726304661,24.9881315855],[121.5726339678,24.988133544],[121.5731313432,24.9882835735],[121.5731628847,24.9882881447],[121.5731664023,24.9882874929],[121.5731693616,24.9882879265],[121.5734419694,24.9882705883],[121.5734569052,24.9882673535],[121.5734686678,24.9882654567],[121.5737999897,24.9881565918],[121.5742514704,24.9880591039],[121.5747008164,24.9879637952],[121.5752215423,24.9878644294],[121.5758559253,24.9877583155],[121.5758588511,24.987757522],[121.5758615428,24.9877572216],[121.5763535352,24.98764772],[121.5768879662,24.9875351107],[121.5768903119,24.987534421],[121.5768917426,24.9875342434],[121.5775117831,24.9873799578],[121.5779254961,24.9872949504],[121.5779265361,24.9872946475],[121.5779273159,24.98729456],[121.5782107961,24.9872311647],[121.5782254878,24.9872267453],[121.5782378969,24.9872210404],[121.5785125242,24.9870718891],[121.5785230085,24.9870644188],[121.5785278354,24.9870616409],[121.5787663118,24.986867337],[121.5790385705,24.9866653764],[121.5790400311,24.9866641696],[121.5790405076,24.9866639016],[121.5792706062,24.98648414],[121.579584773,24.9862571733],[121.5795935834,24.9862499877]]]},"properties":{"section_id":"Z1TT960","section_name":"新光路 秀明路-指南路","travel_speed":57.0,"level_name":"順暢","level_color":"#19FF1C","data_time":"2025-12-29 20:48:00+08:00"}},{"type":"Feature","geometry":{"type":"Polygon","coordinates":[[[121.5492993901,25.0582714257],[121.5493042562,25.0582854582],[121.5493044109,25.0582861705],[121.5495043752,25.0587339079],[121.5495054954,25.0587354388],[121.5495059054,25.0587371511],[121.5502626451,25.0602582729],[121.550761075,25.0613043637],[121.5507821972,25.0613325179],[121.5508144393,25.0613519685],[121.550852399,25.0613586999],[121.5508902972,25.0613516871],[121.5509223643,25.0613319979],[121.5509437183,25.0613026297],[121.5509511083,25.0612680535],[121.5509429155,25.0612324788],[121.5504441686,25.0601857257],[121.5504436884,25.0601850857],[121.5504435254,25.0601844048],[121.5496872564,25.0586642337],[121.5494912268,25.0582253079],[121.5494128823,25.0578987597],[121.5494074683,25.0578831474],[121.5493858532,25.0578539383],[121.5493536123,25.0578344873],[121.5493156538,25.0578277556],[121.5492777565,25.0578347679],[121.5492456901,25.0578544568],[121.5492243362,25.0578838248],[121.5492169459,25.0579184008],[121.5492192302,25.0579373087],[121.5492993901,25.0582714257]]]},"properties":{"section_id":"ZNUNJ00","section_name":"敦化北路 民生東路-民權東路","travel_speed":43.0,"level_name":"順暢","level_color":"#19FF1C","data_time":"2025-12-29 20:48:00+08:00"}},{"type":"Feature","geometry":{"type":"Polygon","coordinates":[[[121.5490953344,25.0532532618],[121.5490955219,25.0532540974],[121.549095362,25.0532548882],[121.5491218979,25.0542414842],[121.5491417068,25.0557456566],[121.5491626418,25.057501199],[121.5491703351,25.0575351051],[121.54919195,25.0575643142],[121.5492241908,25.0575837652],[121.5492621493,25.057590497],[121.5493000464,25.0575834847],[121.5493321128,25.0575637958],[121.5493534666,25.0575344278],[121.5493608519,25.0574992376],[121.5493399134,25.0557436442],[121.5493399016,25.0557435921],[121.5493399121,25.0557435418],[121.5493200927,25.054238754],[121.5493199599,25.0542381706],[121.5493200701,25.0542376257],[121.5492935393,25.0532512788],[121.5492826438,25.0517193448],[121.5492749471,25.0516850429],[121.5492533333,25.0516558338],[121.549221094,25.0516363827],[121.5491831374,25.0516296509],[121.549145242,25.0516366632],[121.5491131771,25.051656352],[121.5490918243,25.05168572],[121.5490844355,25.0517205144],[121.5490953344,25.0532532618]]]},"properties":{"section_id":"ZLPN800","section_name":"敦化北路 南京東路-民生東路","travel_speed":51.0,"level_name":"順暢","level_color":"#19FF1C","data_time":"2025-12-29 20:48:00+08:00"}},{"type":"Feature","geometry":{"type":"Polygon","coordinates":[[[121.5494928423,25.0595946163],[121.5494930633,25.0595955382],[121.550329577,25.0612752944],[121.5503500402,25.0613020963],[121.5503822823,25.0613215471],[121.5504202419,25.0613282785],[121.5504581401,25.0613212659],[121.5504902073,25.0613015767],[121.5505115614,25.0612722086],[121.5505189516,25.0612376325],[121.5505101,25.0612007054],[121.5496740255,25.059521836],[121.5491505511,25.0584074343],[121.5489600752,25.0578304724],[121.5489565748,25.0578215841],[121.5489349599,25.057792375],[121.548902719,25.0577729239],[121.5488647605,25.0577661921],[121.5488268633,25.0577732043],[121.5487947968,25.0577928931],[121.5487734428,25.057822261],[121.5487660523,25.057856837],[121.5487702501,25.057882469],[121.5489623278,25.0584642858],[121.5489658283,25.058473174],[121.5489660432,25.0584734645],[121.5489661197,25.058473801],[121.5494922021,25.0595937582],[121.5494928423,25.0595946163]]]},"properties":{"section_id":"ZMYN840","section_name":"敦化北路　民生往南","travel_speed":44.0,"level_name":"順暢","level_color":"#19FF1C","data_time":"2025-12-29 20:48:00+08:00"}},{"type":"Feature","geometry":{"type":"Polygon","coordinates":[[[121.5488186539,25.0517508975],[121.5488109561,25.0517163772],[121.5487893424,25.051687168],[121.5487571031,25.0516677168],[121.5487191466,25.0516609849],[121.5486812512,25.051667997],[121.5486491862,25.0516876858],[121.5486278332,25.0517170537],[121.5486204431,25.0517516297],[121.5486458006,25.0574473551],[121.5486534988,25.0574818754],[121.5486751135,25.0575110846],[121.5487073543,25.0575305357],[121.5487453127,25.0575372676],[121.5487832099,25.0575302554],[121.5488152763,25.0575105666],[121.5488366302,25.0574811987],[121.5488440207,25.0574466227],[121.5488186539,25.0517508975]]]},"properties":{"section_id":"ZLPN840","section_name":"敦化北路　南京往南","travel_speed":41.0,"level_name":"順暢","level_color":"#19FF1C","data_time":"2025-12-29 20:48:00+08:00"}},{"type":"Feature","geometry":{"type":"Polygon","coordinates":[[[121.5491036155,25.0470204067],[121.5491036835,25.047020707],[121.5491036241,25.0470209945],[121.5491209905,25.0479763987],[121.5491210059,25.0479764655],[121.549120993,25.0479765284],[121.5491887067,25.0514040197],[121.5491963894,25.0514372819],[121.5492180032,25.051466491],[121.5492502425,25.0514859421],[121.549288199,25.0514926739],[121.5493260943,25.0514856616],[121.5493581591,25.0514659727],[121.5493795119,25.0514366047],[121.5493868866,25.0514007705],[121.5493191686,25.0479733442],[121.5493018071,25.0470182989],[121.5492798133,25.0450241336],[121.5492721201,25.0449901539],[121.5492505074,25.0449609447],[121.5492182699,25.0449414936],[121.5491803153,25.0449347617],[121.5491424221,25.044941774],[121.5491103589,25.0449614628],[121.5490890071,25.0449908308],[121.5490816217,25.0450259475],[121.5491036155,25.0470204067]]]},"properties":{"section_id":"ZKWN800","section_name":"敦化南路 市民大道-南京東路","travel_speed":51.0,"level_name":"順暢","level_color":"#19FF1C","data_time":"2025-12-29 20:48:00+08:00"}},{"type":"Feature","geometry":{"type":"Polygon","coordinates":[[[121.54914246,25.0434265216],[121.549142577,25.0434259552],[121.5491080065,25.0415509751],[121.5491003225,25.0415176047],[121.5490787105,25.0414883955],[121.5490464739,25.0414689443],[121.5490085204,25.0414622124],[121.5489706282,25.0414692246],[121.5489385659,25.0414889133],[121.5489172147,25.0415182813],[121.5489098383,25.0415540073],[121.5489443952,25.0434284126],[121.5489496039,25.0445982676],[121.5489573013,25.0446327879],[121.5489789138,25.0446619971],[121.5490111512,25.0446814483],[121.5490491056,25.0446881802],[121.5490869989,25.044681168],[121.549119062,25.0446614791],[121.5491404136,25.0446321112],[121.5491478033,25.0445975351],[121.5491425901,25.0434271051],[121.54914246,25.0434265216]]]},"properties":{"section_id":"ZJGPQ00","section_name":"敦化南路 忠孝東路-市民大道","travel_speed":50.0,"level_name":"順暢","level_color":"#19FF1C","data_time":"2025-12-29 20:48:00+08:00"}},{"type":"Feature","geometry":{"type":"Polygon","coordinates":[[[121.5489607879,25.0386033287],[121.548951972,25.0386105125],[121.5489306213,25.0386398805],[121.5489232341,25.0386733945],[121.5489146433,25.0396886125],[121.5489148764,25.0396896904],[121.5489146533,25.039690769],[121.5489425672,25.0412624661],[121.5489502522,25.0412958921],[121.5489718641,25.0413251013],[121.5490041007,25.0413445525],[121.5490420541,25.0413512844],[121.5490799463,25.0413442722],[121.5491120085,25.0413245834],[121.5491333596,25.0412952154],[121.5491407369,25.0412595449],[121.5491128396,25.039688926],[121.549121054,25.0387180095],[121.5494497603,25.0384807455],[121.5494585761,25.0384735617],[121.5494799266,25.0384441936],[121.5494873158,25.0384096175],[121.5494796188,25.0383750972],[121.5494580073,25.038345888],[121.5494257715,25.0383264369],[121.549387819,25.038319705],[121.5493499277,25.0383267173],[121.5493266821,25.0383392223],[121.5489607879,25.0386033287]]]},"properties":{"section_id":"ZJGN700","section_name":"敦化南路 仁愛路-忠孝東路","travel_speed":53.0,"level_name":"順暢","level_color":"#19FF1C","data_time":"2025-12-29 20:48:00+08:00"}},{"type":"Feature","geometry":{"type":"Polygon","coordinates":[[[121.5489046419,25.0368795321],[121.5489123337,25.0369134446],[121.5489339448,25.0369426538],[121.5489432101,25.0369500447],[121.5494166337,25.0372827094],[121.5494396039,25.0372947696],[121.5494775561,25.0373015015],[121.5495154471,25.0372944892],[121.5495475082,25.0372748003],[121.5495688585,25.0372454322],[121.5495762476,25.0372108561],[121.5495685506,25.0371763357],[121.5495469393,25.0371471266],[121.549537674,25.0371397357],[121.5491023004,25.0368338083],[121.54906081,25.0333305572],[121.5490531183,25.0332966447],[121.5490315078,25.0332674355],[121.5489992734,25.0332479842],[121.5489613225,25.0332412522],[121.5489234328,25.0332482644],[121.5488913726,25.0332679531],[121.5488700228,25.0332973211],[121.5488626386,25.0333325051],[121.5489046419,25.0368795321]]]},"properties":{"section_id":"ZI6NV00","section_name":"敦化南路 信義路-仁愛路","travel_speed":27.0,"level_name":"車多","level_color":"#F8C920","data_time":"2025-12-29 20:48:00+08:00"}},{"type":"Feature","geometry":{"type":"Polygon","coordinates":[[[121.5487715671,25.0486565477],[121.5487714264,25.0486559301],[121.5487715418,25.0486553563],[121.5487249472,25.0470200068],[121.5487029675,25.0450262654],[121.5486952743,25.0449922856],[121.5486736618,25.0449630764],[121.5486414244,25.0449436251],[121.5486034699,25.0449368931],[121.5485655765,25.0449439052],[121.5485335133,25.0449635939],[121.5485121614,25.0449929618],[121.5485047758,25.0450280784],[121.5485267602,25.0470225379],[121.5485269282,25.04702328],[121.5485267886,25.0470239737],[121.5485733841,25.0486594455],[121.548611823,25.0514056785],[121.5486195135,25.0514394138],[121.5486411272,25.051468623],[121.5486733663,25.0514880742],[121.5487113229,25.0514948062],[121.5487492182,25.051487794],[121.5487812831,25.0514681052],[121.548802636,25.0514387373],[121.5488100188,25.0514033763],[121.5487715671,25.0486565477]]]},"properties":{"section_id":"ZJGPQ40","section_name":"敦化南路 南京東路-市民大道","travel_speed":67.0,"level_name":"順暢","level_color":"#19FF1C","data_time":"2025-12-29 20:48:00+08:00"}},{"type":"Feature","geometry":{"type":"Polygon","coordinates":[[[121.5486970108,25.0434645815],[121.5486968807,25.043463998],[121.5486969977,25.0434634316],[121.5486624339,25.0415884513],[121.54865475,25.0415550809],[121.5486331381,25.0415258716],[121.5486009016,25.0415064203],[121.5485629482,25.0414996883],[121.5485250559,25.0415067004],[121.5484929935,25.0415263891],[121.5484716422,25.0415557569],[121.5484642657,25.0415914829],[121.5484988158,25.0434658884],[121.5485040203,25.0446357435],[121.5485117175,25.0446702639],[121.54853333,25.0446994731],[121.5485655673,25.0447189244],[121.5486035217,25.0447256564],[121.548641415,25.0447186443],[121.5486734782,25.0446989556],[121.54869483,25.0446695877],[121.5487022197,25.0446350116],[121.5486970108,25.0434645815]]]},"properties":{"section_id":"ZJGN740","section_name":"敦化南路 市民大道-忠孝東路","travel_speed":60.0,"level_name":"順暢","level_color":"#19FF1C","data_time":"2025-12-29 20:48:00+08:00"}},{"type":"Feature","geometry":{"type":"Polygon","coordinates":[[[121.5484296992,25.0396676771],[121.5484294931,25.0396686739],[121.5484574008,25.0412403712],[121.5484650857,25.0412737971],[121.5484866975,25.0413030064],[121.5485189339,25.0413224577],[121.5485568873,25.0413291898],[121.5485947795,25.0413221777],[121.5486268418,25.041302489],[121.5486481931,25.0412731211],[121.5486555705,25.0412374506],[121.548627678,25.0396667519],[121.5486335195,25.0387718271],[121.5486334227,25.0387713816],[121.5486335205,25.0387709243],[121.5486258236,25.0387364039],[121.5486042122,25.0387071946],[121.5485961641,25.0387006729],[121.548246858,25.038447205],[121.5482226705,25.0384342754],[121.548184718,25.0384275433],[121.5481468267,25.0384345553],[121.548114765,25.0384542439],[121.5480934141,25.0384836117],[121.5480860245,25.0385181878],[121.5480937212,25.0385527082],[121.5481153325,25.0385819175],[121.5481233806,25.0385884393],[121.5484350452,25.0388145935],[121.5484294819,25.0396666767],[121.5484296992,25.0396676771]]]},"properties":{"section_id":"ZIMN840","section_name":"敦化南路 忠孝東路-仁愛路","travel_speed":50.0,"level_name":"順暢","level_color":"#19FF1C","data_time":"2025-12-29 20:48:00+08:00"}},{"type":"Feature","geometry":{"type":"Polygon","coordinates":[[[121.5485767174,25.0369774861],[121.5485891473,25.0369678139],[121.5486104978,25.036938446],[121.5486178872,25.0369038699],[121.5486178194,25.0369035658],[121.5486178823,25.0369032661],[121.548575781,25.0333323525],[121.5485680895,25.0332984359],[121.5485464791,25.0332692266],[121.5485142448,25.0332497753],[121.5484762939,25.0332430431],[121.5484384041,25.0332500552],[121.5484063438,25.0332697438],[121.5483849939,25.0332991117],[121.5483776096,25.0333342917],[121.5484191529,25.036858366],[121.5480948722,25.0370712033],[121.5480824422,25.0370808754],[121.5480610916,25.0371102433],[121.548053702,25.0371448193],[121.5480613986,25.0371793398],[121.5480830096,25.0372085491],[121.5481152449,25.0372280006],[121.548153197,25.0372347328],[121.548191088,25.0372277208],[121.5482107193,25.0372177043],[121.5485767174,25.0369774861]]]},"properties":{"section_id":"ZHLN740","section_name":"敦化南路 仁愛路-信義路","travel_speed":52.0,"level_name":"順暢","level_color":"#19FF1C","data_time":"2025-12-29 20:48:00+08:00"}},{"type":"Feature","geometry":{"type":"Polygon","coordinates":[[[121.5490798576,25.0258663903],[121.5490800197,25.025865612],[121.5490613848,25.0246235683],[121.5490536972,25.0245899158],[121.5490320883,25.0245607065],[121.5489998562,25.0245412552],[121.548961908,25.0245345232],[121.5489240209,25.0245415353],[121.548891963,25.024561224],[121.5488706146,25.024590592],[121.5488632344,25.0246260362],[121.5488818556,25.0258673003],[121.5488718532,25.0283965334],[121.5488481434,25.0330206352],[121.5488558396,25.0330559433],[121.5488774501,25.0330851526],[121.5489096844,25.0331046039],[121.5489476353,25.0331113359],[121.548985525,25.0331043237],[121.5490175851,25.033084635],[121.5490389348,25.033055267],[121.5490463236,25.0330214785],[121.5490700263,25.0283973286],[121.549070016,25.0283972814],[121.5490700267,25.0283972321],[121.5490800283,25.0258671712],[121.5490798576,25.0258663903]]]},"properties":{"section_id":"ZHLN700","section_name":"敦化南路 和平東路-信義路","travel_speed":47.0,"level_name":"順暢","level_color":"#19FF1C","data_time":"2025-12-29 20:48:00+08:00"}},{"type":"Feature","geometry":{"type":"Polygon","coordinates":[[[121.5486373955,25.028387224],[121.548637081,25.0283857709],[121.5486373684,25.0283843485],[121.5485687912,25.0258353616],[121.5485465038,25.02459923],[121.5485388205,25.0245658267],[121.5485172117,25.0245366173],[121.5484849797,25.0245171659],[121.5484470315,25.0245104337],[121.5484091444,25.0245174457],[121.5483770864,25.0245371343],[121.5483557379,25.0245665022],[121.5483483617,25.0246021956],[121.5483706536,25.025838692],[121.5483707408,25.025839071],[121.54837067,25.0258394214],[121.5484392143,25.0283873356],[121.5484022314,25.0329742668],[121.5484099259,25.033009816],[121.5484315363,25.0330390254],[121.5484637705,25.0330584768],[121.5485017213,25.0330652089],[121.548539611,25.0330581969],[121.5485716712,25.0330385082],[121.5485930211,25.0330091403],[121.5486004084,25.032975593],[121.5486373955,25.028387224]]]},"properties":{"section_id":"ZGHN840","section_name":"敦化南路 信義路-和平東路","travel_speed":35.0,"level_name":"順暢","level_color":"#19FF1C","data_time":"2025-12-29 20:48:00+08:00"}},{"type":"Feature","geometry":{"type":"Polygon","coordinates":[[[121.5125074274,25.1091422754],[121.512505649,25.1091434229],[121.5118683359,25.109786331],[121.5118501924,25.1098125883],[121.5118427887,25.1098471624],[121.5118504801,25.1098816845],[121.5118720957,25.1099108988],[121.5119043447,25.1099303577],[121.5119423175,25.1099370987],[121.511980233,25.1099300957],[121.5120155472,25.1099073093],[121.5126513245,25.1092659498],[121.5142592272,25.1077873844],[121.5155335085,25.1067862184],[121.5155335107,25.1067862167],[121.5168388809,25.1057606587],[121.5181670696,25.1047808747],[121.518173497,25.1047755835],[121.5181739052,25.1047753374],[121.5188611825,25.1041645953],[121.5188616253,25.1041639973],[121.5188623097,25.1041635775],[121.5188740456,25.1041505837],[121.5192783514,25.1036065842],[121.5192879844,25.1035902143],[121.5192953857,25.1035556398],[121.5192876926,25.1035211181],[121.5192660764,25.1034919049],[121.519233828,25.1034724476],[121.5191958569,25.1034657084],[121.5191579438,25.1034727132],[121.5191258606,25.1034923958],[121.5191141248,25.1035053896],[121.5187154679,25.1040417874],[121.5180386817,25.1046432061],[121.5167128573,25.1056212452],[121.5167110607,25.1056227242],[121.516710499,25.1056230407],[121.5154039631,25.1066495136],[121.5154039624,25.1066495145],[121.5154039608,25.1066495154],[121.5141267323,25.107652996],[121.5141246718,25.1076556026],[121.5141210499,25.107657827],[121.5125087973,25.1091403908],[121.5125074274,25.1091422754]]]},"properties":{"section_id":"ZY9H840","section_name":"文林北路 承德路-德行西路","travel_speed":58.0,"level_name":"順暢","level_color":"#19FF1C","data_time":"2025-12-29 20:48:00+08:00"}},{"type":"Feature","geometry":{"type":"Polygon","coordinates":[[[121.5194510887,25.1039889534],[121.5194560057,25.1039828143],[121.5197424478,25.103480192],[121.5197461892,25.103472837],[121.5197535903,25.1034382625],[121.5197458971,25.1034037408],[121.5197242808,25.1033745276],[121.5196920324,25.1033550704],[121.5196540612,25.1033483313],[121.5196161482,25.1033553363],[121.5195840651,25.103375019],[121.5195664377,25.1033970277],[121.5192843462,25.1038920147],[121.5189290744,25.1043014614],[121.518249654,25.1049052216],[121.5169238285,25.1058832626],[121.5169220319,25.1058847416],[121.5169214702,25.1058850581],[121.5156149334,25.1069115329],[121.5156149326,25.1069115338],[121.5156149311,25.1069115346],[121.5143377017,25.1079150171],[121.5143356412,25.1079176236],[121.5143320193,25.1079198481],[121.5127197659,25.1094024141],[121.5127183959,25.1094042987],[121.5127166176,25.1094054462],[121.5120793042,25.1100483551],[121.5120611607,25.1100746125],[121.5120537571,25.1101091867],[121.5120614486,25.1101437087],[121.5120830643,25.110172923],[121.5121153134,25.1101923818],[121.5121532862,25.1101991228],[121.5121912018,25.1101921197],[121.512226516,25.1101693333],[121.5128622936,25.1095279729],[121.5144701971,25.1080494052],[121.5157444793,25.1070482375],[121.5157444804,25.1070482366],[121.5170498526,25.1060226759],[121.5183780424,25.10504289],[121.5183844698,25.1050375988],[121.518384878,25.1050373528],[121.5190721557,25.1044266097],[121.5190725985,25.1044260117],[121.5190732829,25.1044255918],[121.5190807029,25.1044179675],[121.5194457981,25.1039971987],[121.5194510887,25.1039889534]]]},"properties":{"section_id":"ZYRGM00","section_name":"文林北路 德行西路-承德路","travel_speed":57.0,"level_name":"順暢","level_color":"#19FF1C","data_time":"2025-12-29 20:48:00+08:00"}},{"type":"Feature","geometry":{"type":"Polygon","coordinates":[[[121.5737505767,24.9925452966],[121.5737508048,24.9925461997],[121.5737506879,24.9925468697],[121.5738188103,24.9933949997],[121.5738188968,24.9933953291],[121.5738189764,24.9933968157],[121.5738778504,24.9939705013],[121.5739159757,24.9944103977],[121.5739168697,24.994413758],[121.5739178836,24.9944222756],[121.5739548081,24.9945787074],[121.5739561405,24.9945825724],[121.5739564927,24.9945848035],[121.5739849236,24.9946743918],[121.5739884973,24.9946836213],[121.5739885354,24.9946837944],[121.5740315901,24.9947787274],[121.5740317295,24.9947789168],[121.57403178,24.9947791432],[121.5740413861,24.994795225],[121.5741118861,24.9948891207],[121.5741201995,24.9948982101],[121.5741214366,24.9948999478],[121.574215964,24.9949916601],[121.5742173695,24.9949925413],[121.574218417,24.9949939569],[121.5742263515,24.9950003959],[121.5743601673,24.9950977837],[121.5743636075,24.9950996257],[121.5743687866,24.9951033961],[121.5744972225,24.9951779069],[121.5746713997,24.9952838554],[121.5746714061,24.9952838592],[121.5751770371,24.9955914733],[121.5751774967,24.995591696],[121.5751778958,24.9955919899],[121.5761106909,24.996146796],[121.5761108314,24.9961468632],[121.576110945,24.9961469467],[121.5766023532,24.9964372709],[121.5772430089,24.9968258975],[121.5780253721,24.9973047282],[121.578025592,24.9973048351],[121.5780257934,24.9973049847],[121.5792217637,24.9980288798],[121.5792390519,24.9980372299],[121.5792769934,24.9980439544],[121.5793148705,24.9980369347],[121.5793469167,24.9980172395],[121.5793682533,24.9979878673],[121.5793756319,24.9979532897],[121.5793679292,24.9979187708],[121.579346318,24.9978895658],[121.5793313766,24.9978784711],[121.5781356182,24.9971547045],[121.5773532965,24.9966758994],[121.5773531198,24.9966758135],[121.5773529572,24.9966756926],[121.5767116323,24.9962866603],[121.5767110896,24.9962863978],[121.5767106287,24.9962860595],[121.5762188443,24.995995513],[121.5752866075,24.9954410392],[121.5747813983,24.9951336819],[121.574781395,24.9951336803],[121.574781392,24.9951336781],[121.5746063159,24.9950271829],[121.5746053278,24.9950267043],[121.5746045178,24.9950261147],[121.5744796512,24.9949536745],[121.5743555168,24.9948633326],[121.5742710739,24.9947814046],[121.574210734,24.9947010409],[121.5741737226,24.9946194335],[121.5741477713,24.9945376589],[121.5741129605,24.994390183],[121.574075298,24.993955634],[121.5740752312,24.9939553828],[121.5740751751,24.9939543357],[121.5740163267,24.9933809087],[121.5739483391,24.9925344736],[121.5738944256,24.9916518386],[121.5738868772,24.9916219554],[121.5738652684,24.9915927495],[121.5738330412,24.9915733034],[121.573795102,24.9915665775],[121.5737572265,24.9915735958],[121.5737251811,24.9915932898],[121.5737038442,24.9916226612],[121.5736966166,24.9916618746],[121.5737505767,24.9925452966]]]},"properties":{"section_id":"Z2RTQ20","section_name":"新光路 秀明路-動物園","travel_speed":45.0,"level_name":"順暢","level_color":"#19FF1C","data_time":"2025-12-29 20:48:00+08:00"}},{"type":"Feature","geometry":{"type":"Polygon","coordinates":[[[121.5328470863,25.0378989357],[121.5328547631,25.0379321748],[121.5328763707,25.0379613865],[121.5329086039,25.0379808412],[121.5329465554,25.0379875773],[121.5329844476,25.0379805692],[121.5330165116,25.0379608838],[121.533037866,25.0379315181],[121.5330452443,25.0378956605],[121.5329615308,25.0336918863],[121.5329538542,25.0336586472],[121.5329322474,25.0336294356],[121.5329000154,25.0336099808],[121.5328620652,25.0336032446],[121.5328241743,25.0336102527],[121.5327921114,25.033629938],[121.5327707576,25.0336593037],[121.5327633795,25.0336951614],[121.5328470863,25.0378989357]]]},"properties":{"section_id":"ZINJW00","section_name":"新生南路 信義路-仁愛路","travel_speed":50.0,"level_name":"順暢","level_color":"#19FF1C","data_time":"2025-12-29 20:48:00+08:00"}},{"type":"Feature","geometry":{"type":"Polygon","coordinates":[[[121.5325945829,25.0337170887],[121.5325869064,25.0336838496],[121.5325652997,25.0336546378],[121.5325330677,25.033635183],[121.5324951175,25.0336284468],[121.5324572267,25.0336354547],[121.5324251637,25.03365514],[121.5324038098,25.0336845056],[121.5323964316,25.0337203632],[121.5324801259,25.037924138],[121.5324878026,25.0379573771],[121.5325094101,25.0379865888],[121.5325416432,25.0380060437],[121.5325795948,25.0380127798],[121.532617487,25.0380057718],[121.5326495511,25.0379860865],[121.5326709056,25.0379567208],[121.532678284,25.0379208632],[121.5325945829,25.0337170887]]]},"properties":{"section_id":"ZHNJV40","section_name":"新生南路 仁愛路-信義路","travel_speed":52.0,"level_name":"順暢","level_color":"#19FF1C","data_time":"2025-12-29 20:48:00+08:00"}},{"type":"Feature","geometry":{"type":"Polygon","coordinates":[[[121.5349194005,25.0238246841],[121.5349193791,25.0238243435],[121.5347804435,25.0226832085],[121.534773355,25.0226582848],[121.5347517497,25.0226290734],[121.5347195203,25.0226096189],[121.5346815734,25.0226028832],[121.5346436861,25.0226098917],[121.5346116262,25.0226295774],[121.5345902748,25.0226589434],[121.5345828822,25.0226935189],[121.5345834855,25.0227031165],[121.5347223914,25.0238440227],[121.5348622853,25.0250491129],[121.5349114729,25.0257347062],[121.5349189548,25.0257636951],[121.5349405607,25.0257929065],[121.5349727909,25.0258123609],[121.5350107388,25.0258190965],[121.5350486272,25.0258120879],[121.5350806877,25.0257924021],[121.5351020396,25.0257630361],[121.5351092219,25.0257229282],[121.5350599036,25.0250355283],[121.5350597446,25.0250349123],[121.535059565,25.0250319212],[121.5349194336,25.0238248016],[121.5349194005,25.0238246841]]]},"properties":{"section_id":"ZFYKD00","section_name":"新生南路 和平東路-信義路","travel_speed":36.0,"level_name":"順暢","level_color":"#19FF1C","data_time":"2025-12-29 20:48:00+08:00"}},{"type":"Feature","geometry":{"type":"Polygon","coordinates":[[[121.5334906871,25.0167905092],[121.5334905599,25.0167899379],[121.5334791064,25.0167714708],[121.533103555,25.0163042326],[121.5330934047,25.016293488],[121.5330611772,25.0162740331],[121.5330232323,25.016267297],[121.5329853468,25.016274305],[121.5329532883,25.0162939903],[121.5329319375,25.0163233561],[121.5329245449,25.0163579315],[121.5329322358,25.016392453],[121.5329436892,25.0164109201],[121.5333119443,25.0168690815],[121.5333767388,25.0170151323],[121.5334148252,25.0171851691],[121.5337484749,25.0188385265],[121.5337485888,25.0188388753],[121.5337486337,25.0188392948],[121.5340779818,25.0203954074],[121.5340779903,25.0203954329],[121.5340779934,25.0203954621],[121.5344454852,25.0221260003],[121.5344513734,25.0221437273],[121.5344729785,25.0221729388],[121.5345052078,25.0221923933],[121.5345431545,25.0221991291],[121.5345810418,25.0221921206],[121.5346131015,25.0221724349],[121.5346344529,25.022143069],[121.5346418454,25.0221084935],[121.5346400418,25.0220916991],[121.534272559,25.020361216],[121.5342725532,25.0203611888],[121.5339432898,25.0188054879],[121.5336095406,25.0171516503],[121.5336092769,25.0171508429],[121.5336091729,25.0171499232],[121.533569077,25.0169709158],[121.5335640644,25.0169560972],[121.5335638567,25.0169551342],[121.5334910302,25.0167909793],[121.5334906871,25.0167905092]]]},"properties":{"section_id":"ZF9KB00","section_name":"新生南路 羅斯福路-辛亥路","travel_speed":33.0,"level_name":"車多","level_color":"#F8C920","data_time":"2025-12-29 20:48:00+08:00"}},{"type":"Feature","geometry":{"type":"Polygon","coordinates":[[[121.5346667659,25.0250608298],[121.5346666069,25.0250602137],[121.5346664273,25.0250572226],[121.5345262997,25.0238501026],[121.5345262666,25.0238499851],[121.5345262452,25.0238496445],[121.5343873132,25.0227085091],[121.5343802248,25.0226835854],[121.5343586196,25.0226543739],[121.5343263903,25.0226349193],[121.5342884434,25.0226281835],[121.534250556,25.0226351919],[121.5342184961,25.0226548775],[121.5341971445,25.0226842434],[121.5341897519,25.0227188189],[121.5341903551,25.0227284165],[121.5343292574,25.0238693232],[121.5344691475,25.0250744139],[121.5345183329,25.0257600073],[121.5345258147,25.0257889962],[121.5345474205,25.0258182077],[121.5345796507,25.0258376621],[121.5346175986,25.0258443979],[121.534655487,25.0258373894],[121.5346875476,25.0258177037],[121.5347088996,25.0257883377],[121.534716082,25.0257482298],[121.5346667659,25.0250608298]]]},"properties":{"section_id":"ZF9KB40","section_name":"新生南路 和平東路-辛亥路","travel_speed":37.0,"level_name":"順暢","level_color":"#19FF1C","data_time":"2025-12-29 20:48:00+08:00"}},{"type":"Feature","geometry":{"type":"Polygon","coordinates":[[[121.5520698994,25.085656952],[121.5520710091,25.0856576213],[121.5520976107,25.0856637994],[121.5524387474,25.0856983596],[121.552450113,25.0856989123],[121.5524880186,25.085691899],[121.5525200917,25.0856722094],[121.5525414495,25.085642841],[121.5525488404,25.0856082649],[121.5525411392,25.085573745],[121.5525195185,25.0855445366],[121.5524872697,25.0855250865],[121.5524606681,25.0855189084],[121.5521345914,25.085485874],[121.5516852583,25.085306005],[121.5513126769,25.0850593049],[121.5509994037,25.0846520371],[121.5508202676,25.0842261418],[121.5507175415,25.0838583115],[121.5507041553,25.083601997],[121.5507698551,25.0832216803],[121.5509360571,25.0827171612],[121.5514216952,25.0813801413],[121.5518579468,25.0802942908],[121.5518579573,25.0802942362],[121.5518579842,25.0802941976],[121.552122459,25.0796336488],[121.5521233015,25.0796292525],[121.5521276214,25.0796144206],[121.5521803346,25.0792470873],[121.5521811696,25.0792350192],[121.5521806467,25.0792326751],[121.5521810314,25.0792306072],[121.5521627579,25.0789167825],[121.5521624001,25.0789153582],[121.5521617778,25.0789080356],[121.5520869623,25.0784584465],[121.5520803801,25.0784370854],[121.552075844,25.0784285216],[121.5518868061,25.0781149827],[121.5518819269,25.0781090863],[121.5518773845,25.07810211],[121.5516269408,25.0778164018],[121.5516192791,25.0778086298],[121.5513691041,25.0775826366],[121.5513565841,25.0775730569],[121.5510803967,25.0773949331],[121.5510606702,25.0773850624],[121.551050692,25.0773818957],[121.5506042963,25.0772641194],[121.5505763099,25.0772605548],[121.5505384068,25.0772675675],[121.5505063356,25.0772872567],[121.5504849787,25.0773166248],[121.5504775877,25.0773512009],[121.5504852877,25.077385721],[121.5505069065,25.0774149297],[121.5505391528,25.0774343803],[121.550549131,25.077437547],[121.5509794676,25.0775510863],[121.5512353149,25.077716092],[121.5514755872,25.0779331398],[121.5517171287,25.0782086927],[121.5518935847,25.0785013638],[121.5519650359,25.0789307392],[121.5519825714,25.0792318996],[121.5519324529,25.0795811486],[121.5516717413,25.0802322956],[121.5512349739,25.081319426],[121.5512346634,25.081321041],[121.5512339534,25.0813220947],[121.5507473903,25.0826616555],[121.5507473072,25.0826621314],[121.5507465556,25.0826640661],[121.5505780223,25.0831756596],[121.5505772951,25.0831802362],[121.5505750457,25.0831875715],[121.550506727,25.0835830449],[121.5505055233,25.0835974432],[121.5505059847,25.0835995118],[121.5505056344,25.0836013643],[121.5505199774,25.0838760069],[121.5505209776,25.0838800395],[121.550522924,25.0838939705],[121.5506295481,25.0842757603],[121.550632809,25.0842846348],[121.5506330485,25.0842858006],[121.5508186267,25.0847270137],[121.5508194453,25.0847281575],[121.5508197691,25.0847296087],[121.5508300069,25.0847465173],[121.5511597915,25.0851752513],[121.5511711739,25.0851875512],[121.5511826879,25.0851964731],[121.5515772978,25.0854577592],[121.5515931862,25.0854658269],[121.5515957031,25.0854673874],[121.5520686799,25.085656721],[121.5520698994,25.085656952]]]},"properties":{"section_id":"ZT9NN00","section_name":"明水路 北安路-樂群一路","travel_speed":49.0,"level_name":"順暢","level_color":"#19FF1C","data_time":"2025-12-29 20:48:00+08:00"}},{"type":"Feature","geometry":{"type":"Polygon","coordinates":[[[121.5476535312,25.0772793463],[121.5476529091,25.0772794641],[121.5476523312,25.0772793675],[121.5443849016,25.0773550742],[121.5443491187,25.0773620569],[121.5443170464,25.0773817448],[121.5442956881,25.077411112],[121.5442882953,25.0774456878],[121.5442959936,25.0774802082],[121.544317611,25.0775094179],[121.5443498564,25.0775288698],[121.5443899414,25.0775355743],[121.5476567758,25.0774598814],[121.5504801803,25.0774255519],[121.5505171629,25.0774185465],[121.5505492342,25.0773988573],[121.550570591,25.0773694891],[121.550577982,25.0773349131],[121.550570282,25.077300393],[121.5505486632,25.0772711843],[121.5505164169,25.0772517337],[121.5504775317,25.0772450097],[121.5476535312,25.0772793463]]]},"properties":{"section_id":"ZSEMV60","section_name":"明水路 樂群一路-大直橋","travel_speed":51.0,"level_name":"順暢","level_color":"#19FF1C","data_time":"2025-12-29 20:48:00+08:00"}},{"type":"Feature","geometry":{"type":"Polygon","coordinates":[[[121.5390879374,25.0776764051],[121.5390562321,25.0776832157],[121.5390241589,25.0777029024],[121.5390027992,25.077732269],[121.5389954049,25.0777668445],[121.5390031017,25.0778013652],[121.5390247179,25.0778305756],[121.5390569626,25.0778500288],[121.5391011254,25.0778565638],[121.5441223838,25.0775516001],[121.5441540887,25.0775447885],[121.5441861611,25.0775251006],[121.5442075195,25.0774957334],[121.5442149123,25.0774611576],[121.544207214,25.0774266372],[121.5441855967,25.0773974275],[121.5441533514,25.0773779755],[121.5441091885,25.077371442],[121.5390879374,25.0776764051]]]},"properties":{"section_id":"ZSGLN60","section_name":"明水路 大直橋-北安路","travel_speed":47.0,"level_name":"順暢","level_color":"#19FF1C","data_time":"2025-12-29 20:48:00+08:00"}},{"type":"Feature","geometry":{"type":"Polygon","coordinates":[[[121.5651870676,24.9824524591],[121.5651770303,24.9824494885],[121.5627140278,24.9819015152],[121.5626901282,24.9818989408],[121.562652255,24.9819059562],[121.5626202102,24.9819256478],[121.5625988723,24.9819550177],[121.5625914898,24.9819895946],[121.5625991867,24.9820241145],[121.5626207911,24.9820533221],[121.5626530141,24.9820727707],[121.5626670502,24.9820769251],[121.5651242996,24.9826236185],[121.5663494927,24.9830425469],[121.5663500566,24.983042639],[121.5663504615,24.9830428729],[121.5674349647,24.983401974],[121.568640828,24.9838313368],[121.5686410742,24.9838313786],[121.5686412658,24.9838314916],[121.5694709986,24.9841227959],[121.569808288,24.9843296632],[121.5700445142,24.9845431678],[121.5702883508,24.9847867383],[121.5705925662,24.985524638],[121.5706405938,24.9858441374],[121.5706617515,24.9863660408],[121.570627735,24.987494274],[121.5706280088,24.9874956095],[121.5706276982,24.9874970616],[121.570633157,24.9889566269],[121.5706331651,24.9889566629],[121.5706331573,24.988956699],[121.5706340093,24.9889681401],[121.5707634812,24.9898615866],[121.5707642083,24.9898640368],[121.5707646474,24.9898679],[121.5708992359,24.9904661167],[121.5709049176,24.9904828816],[121.5709265255,24.9905120879],[121.570958752,24.9905315347],[121.5709966908,24.9905382613],[121.5710345661,24.9905312437],[121.5710666117,24.9905115503],[121.571087949,24.9904821793],[121.5710953295,24.990447602],[121.5710933114,24.9904298475],[121.5709594279,24.9898347688],[121.5708312453,24.9889502298],[121.570825811,24.9874978401],[121.5708598713,24.9863680933],[121.570859275,24.9863651848],[121.5708598411,24.9863622799],[121.5708383831,24.9858329905],[121.5708381465,24.9858320119],[121.5708375339,24.9858240694],[121.5707873309,24.9854901016],[121.5707828012,24.9854749807],[121.5707819176,24.9854706003],[121.5704670909,24.9847069647],[121.5704661155,24.9847055914],[121.5704657207,24.9847038213],[121.5704475392,24.9846778693],[121.5701891873,24.9844197997],[121.5701872632,24.9844185745],[121.570185762,24.9844165453],[121.5699411164,24.9841954312],[121.5699266699,24.9841846356],[121.5695723271,24.9839673091],[121.569554549,24.9839586577],[121.56955349,24.9839584699],[121.5695526318,24.9839579636],[121.5687126932,24.9836630763],[121.5675059443,24.9832333982],[121.5675046693,24.9832331818],[121.5675037227,24.983232635],[121.5664185903,24.9828733257],[121.5651883343,24.9824526661],[121.5651870676,24.9824524591]]]},"properties":{"section_id":"Z27SN20","section_name":"木新路 興隆路-木柵路","travel_speed":41.0,"level_name":"順暢","level_color":"#19FF1C","data_time":"2025-12-29 20:48:00+08:00"}},{"type":"Feature","geometry":{"type":"Polygon","coordinates":[[[121.5705063825,24.9898554963],[121.570506901,24.989859532],[121.5706274799,24.9903311809],[121.5706325963,24.9903455934],[121.5706542041,24.9903747997],[121.5706864305,24.9903942466],[121.5707243693,24.9904009732],[121.5707622446,24.9903939558],[121.5707942902,24.9903742624],[121.5708156275,24.9903448914],[121.5708230081,24.9903103141],[121.5708204248,24.9902902072],[121.5707007764,24.9898222012],[121.5705879801,24.9891235911],[121.570582551,24.9876718722],[121.5706166136,24.9865421255],[121.5706160173,24.986539217],[121.5706165834,24.9865363121],[121.5705951264,24.9860070226],[121.5705948898,24.986006044],[121.5705942772,24.9859981015],[121.5705440748,24.9856641336],[121.5705395452,24.9856490127],[121.5705386616,24.9856446323],[121.5702238358,24.9848809962],[121.5702228604,24.9848796229],[121.5702224656,24.9848778528],[121.5702042842,24.9848519008],[121.5699459324,24.9845938308],[121.5699440083,24.9845926055],[121.5699425072,24.9845905763],[121.5696978616,24.9843694619],[121.5696834151,24.9843586662],[121.5693290722,24.9841413391],[121.5693112941,24.9841326877],[121.5693102351,24.9841324999],[121.5693093769,24.9841319936],[121.5684694376,24.9838371049],[121.5672626878,24.9834074249],[121.5672614129,24.9834072085],[121.5672604662,24.9834066617],[121.5661753329,24.9830473506],[121.564945076,24.9826266891],[121.564943905,24.9826264977],[121.5649343917,24.9826236513],[121.5626038649,24.9820906189],[121.5625793455,24.9820879047],[121.5625414722,24.98209492],[121.5625094274,24.9821146116],[121.5624880894,24.9821439815],[121.5624807069,24.9821785584],[121.5624884038,24.9822130784],[121.5625100082,24.982242286],[121.5625422312,24.9822617346],[121.5625556476,24.9822657492],[121.564880741,24.9827975388],[121.566106235,24.9832165718],[121.5661067988,24.9832166639],[121.5661072037,24.9832168978],[121.5671917078,24.9835760006],[121.568397572,24.9840053653],[121.5683978183,24.9840054071],[121.5683980098,24.9840055201],[121.5692277433,24.9842968257],[121.5695650328,24.9845036937],[121.5698012588,24.9847171986],[121.5700450953,24.9849607695],[121.5703493098,24.9856986697],[121.5703973368,24.9860181691],[121.5704184935,24.9865400726],[121.5703844748,24.9876683057],[121.5703847486,24.9876696413],[121.570384438,24.9876710934],[121.570389894,24.9891306587],[121.570389902,24.9891306947],[121.5703898943,24.9891307308],[121.5703909488,24.9891434944],[121.5705053722,24.9898521887],[121.5705063825,24.9898554963]]]},"properties":{"section_id":"Z1CRT60","section_name":"木新路 木柵路-興隆路","travel_speed":47.0,"level_name":"順暢","level_color":"#19FF1C","data_time":"2025-12-29 20:48:00+08:00"}},{"type":"Feature","geometry":{"type":"Polygon","coordinates":[[[121.5588095995,24.9888751538],[121.559910348,24.9888710159],[121.5599482235,24.9888640011],[121.5599802705,24.9888443101],[121.5600016102,24.9888149406],[121.5600089937,24.9887803638],[121.5600012971,24.9887458437],[121.5599796921,24.9887166358],[121.5599474678,24.9886971867],[121.5599095301,24.9886904572],[121.5588087832,24.988694595],[121.5578870629,24.9886980536],[121.5576753588,24.9886648215],[121.5552645423,24.9881608334],[121.5552622918,24.9881606054],[121.5552598737,24.9881599646],[121.5538304583,24.9879264227],[121.553829802,24.9879263708],[121.553829293,24.9879262389],[121.552373728,24.9877047238],[121.5523732734,24.9877046902],[121.552372955,24.987704609],[121.5511671367,24.9875300105],[121.5478629401,24.9870165935],[121.5468900807,24.9868383259],[121.5468876622,24.986838111],[121.5468857204,24.9868376189],[121.5459330133,24.9867030995],[121.5459279563,24.986702754],[121.545926115,24.9867023502],[121.545310511,24.9866553605],[121.5453018458,24.9866550462],[121.54526397,24.9866620573],[121.5452319212,24.9866817452],[121.5452105783,24.9867111126],[121.5452031907,24.9867456888],[121.5452108831,24.9867802097],[121.5452324843,24.9868094198],[121.5452647059,24.9868288722],[121.545293977,24.9868352912],[121.5459061183,24.9868820166],[121.5468532033,24.9870157421],[121.5478253264,24.9871938747],[121.5478268574,24.9871940108],[121.5478282019,24.9871943615],[121.5511343961,24.9877080888],[121.551135041,24.9877081374],[121.5511354997,24.9877082545],[121.5523414853,24.9878828772],[121.5537960828,24.988104245],[121.5552225724,24.9883373088],[121.5576337205,24.9888413661],[121.5576363399,24.9888416314],[121.5576390521,24.988842341],[121.5578619843,24.9888773357],[121.5578792048,24.9888786449],[121.5588095995,24.9888751538]]]},"properties":{"section_id":"Z1NMM20","section_name":"木柵路 興隆路-和興路","travel_speed":38.0,"level_name":"順暢","level_color":"#19FF1C","data_time":"2025-12-29 20:48:00+08:00"}},{"type":"Feature","geometry":{"type":"Polygon","coordinates":[[[121.5715132792,24.9940387179],[121.5715129293,24.9940375965],[121.5715127619,24.9940360114],[121.5713470168,24.993240667],[121.5712053036,24.9924709177],[121.5712052978,24.9924708862],[121.5710700358,24.9917345721],[121.5710636948,24.9917145798],[121.5710420866,24.9916853736],[121.5710098598,24.9916659269],[121.5709719207,24.9916592003],[121.570934045,24.9916662178],[121.5709019991,24.9916859112],[121.5708806616,24.9917152822],[121.5708732809,24.9917498595],[121.5708746398,24.9917643867],[121.5710099065,24.9925007326],[121.5710099105,24.9925007453],[121.5710099123,24.9925007641],[121.5711518059,24.9932714999],[121.5711520648,24.9932723155],[121.57115218,24.993273406],[121.5713178408,24.9940683523],[121.5714449795,24.9947990837],[121.5714514583,24.9948198447],[121.5714730671,24.9948490508],[121.5715052948,24.9948684974],[121.5715432349,24.9948752239],[121.5715811115,24.9948682062],[121.5716131582,24.9948485126],[121.571634496,24.9948191415],[121.5716418767,24.9947845642],[121.5716406552,24.9947708059],[121.5715132792,24.9940387179]]]},"properties":{"section_id":"Z2ASP40","section_name":"木柵路 萬芳路-秀明路","travel_speed":40.0,"level_name":"順暢","level_color":"#19FF1C","data_time":"2025-12-29 20:48:00+08:00"}},{"type":"Feature","geometry":{"type":"Polygon","coordinates":[[[121.5780732199,25.000186473],[121.5780654105,25.0001839032],[121.5769300716,24.9998586213],[121.576899939,24.9998544662],[121.5768620612,24.9998614853],[121.5768300142,24.9998811799],[121.5768086767,24.9999105518],[121.5768012973,24.9999451293],[121.5768089993,24.9999796483],[121.5768306103,25.0000088536],[121.5768628402,25.000028299],[121.5768706496,25.0000308689],[121.5779974065,25.000353692],[121.5786560218,25.0006705664],[121.5786568582,25.0006709225],[121.5786570749,25.0006710657],[121.5795309429,25.0010793687],[121.5803887843,25.0015479067],[121.580389943,25.0015484353],[121.5803905056,25.0015488255],[121.5809634248,25.001847618],[121.5809675043,25.0018494327],[121.5809685363,25.0018501058],[121.5812827962,25.0019924541],[121.5812863243,25.0019932018],[121.5812899719,25.0019953868],[121.581642816,25.0021245175],[121.5816444722,25.0021248058],[121.5816457382,25.0021255383],[121.5822325338,25.0023209075],[121.5822336396,25.0023210836],[121.5822343829,25.0023215043],[121.5826251399,25.0024436658],[121.5826255421,25.0024437262],[121.5826257956,25.0024438685],[121.5830846095,25.0025840464],[121.5835552053,25.0027487027],[121.5835911402,25.0027547004],[121.5836290185,25.0027476796],[121.5836610652,25.0027279835],[121.5836824015,25.0026986107],[121.5836897791,25.0026640329],[121.583682075,25.0026295143],[121.5836604619,25.00260031],[121.5836262221,25.0025801404],[121.583153633,25.0024147867],[121.5831512498,25.0024143889],[121.5831496143,25.0024134704],[121.5826891043,25.0022727743],[121.5822996031,25.0021510054],[121.5817151994,25.0019564327],[121.5813674596,25.00182917],[121.5810593197,25.0016895938],[121.5804897825,25.0013925652],[121.5796299847,25.0009229588],[121.5796256465,25.0009209795],[121.579624254,25.0009200592],[121.5787479971,25.0005106402],[121.5780819507,25.0001901905],[121.5780732199,25.000186473]]]},"properties":{"section_id":"ZAWVC20","section_name":"木柵路 北二高-新光路","travel_speed":47.0,"level_name":"順暢","level_color":"#19FF1C","data_time":"2025-12-29 20:48:00+08:00"}},{"type":"Feature","geometry":{"type":"Polygon","coordinates":[[[121.5268026939,25.0436689143],[121.5268071067,25.0436807559],[121.5268287139,25.0437099684],[121.5268609477,25.0437294245],[121.5268989007,25.0437361621],[121.526936795,25.0437291555],[121.5269688615,25.0437094714],[121.5269902184,25.0436801065],[121.5269976142,25.0436455314],[121.5269943359,25.0436228515],[121.5254774483,25.0383850744],[121.5254730358,25.0383732327],[121.5254514299,25.03834402],[121.5254191978,25.0383245636],[121.5253812465,25.0383178256],[121.5253433537,25.0383248318],[121.5253112883,25.0383445155],[121.525289932,25.0383738801],[121.525282536,25.0384084552],[121.5252858138,25.0384311352],[121.5268026939,25.0436689143]]]},"properties":{"section_id":"ZJGIK00","section_name":"杭州南路 仁愛路-忠孝東路","travel_speed":47.0,"level_name":"順暢","level_color":"#19FF1C","data_time":"2025-12-29 20:48:00+08:00"}},{"type":"Feature","geometry":{"type":"Polygon","coordinates":[[[121.5242032909,25.0351633419],[121.5242208206,25.0351847578],[121.5242530517,25.0352042145],[121.524291002,25.0352109528],[121.5243288939,25.0352039469],[121.5243609586,25.0351842634],[121.5243823146,25.0351548989],[121.5243897107,25.0351203238],[121.5243820209,25.0350858021],[121.5243779456,25.0350780051],[121.5227783996,25.0323606486],[121.5227608705,25.0323392324],[121.5227286403,25.0323197754],[121.522690691,25.0323130367],[121.5226528,25.0323200421],[121.5226207357,25.0323397253],[121.5225993797,25.0323690896],[121.5225919833,25.0324036645],[121.5225996724,25.0324381864],[121.5226037475,25.0324459835],[121.5242032909,25.0351633419]]]},"properties":{"section_id":"ZI6I900","section_name":"杭州南路 愛國東路-信義路","travel_speed":44.0,"level_name":"順暢","level_color":"#19FF1C","data_time":"2025-12-29 20:48:00+08:00"}},{"type":"Feature","geometry":{"type":"Polygon","coordinates":[[[121.5684257289,25.0358124721],[121.5684334106,25.0358454994],[121.5684550261,25.0358747057],[121.5684872642,25.0358941527],[121.5685252169,25.0359008797],[121.5685631062,25.0358938625],[121.5685951639,25.0358741696],[121.5686165094,25.0358447989],[121.5686238726,25.0358087299],[121.5685581135,25.0329186909],[121.5685504319,25.0328856636],[121.5685288169,25.0328564573],[121.5684965797,25.0328370103],[121.5684586279,25.0328302833],[121.5684207395,25.0328373004],[121.5683886826,25.0328569933],[121.5683673376,25.032886364],[121.5683599744,25.0329224329],[121.5684257289,25.0358124721]]]},"properties":{"section_id":"ZI9S600","section_name":"松仁路住北 信義路-松壽路","travel_speed":32.0,"level_name":"車多","level_color":"#F8C920","data_time":"2025-12-29 20:48:00+08:00"}},{"type":"Feature","geometry":{"type":"Polygon","coordinates":[[[121.5682975132,25.0304135661],[121.5682898107,25.0303785561],[121.5682681962,25.0303493497],[121.5682359596,25.0303299026],[121.5681980087,25.0303231756],[121.568160121,25.0303301926],[121.5681280647,25.0303498854],[121.5681067201,25.0303792561],[121.5680993357,25.0304133424],[121.5680963471,25.0326109311],[121.5681040497,25.0326459411],[121.5681256646,25.0326751475],[121.5681579017,25.0326945945],[121.5681958534,25.0327013216],[121.5682337418,25.0326943046],[121.5682657987,25.0326746117],[121.5682871437,25.032645241],[121.5682945281,25.0326111547],[121.5682975132,25.0304135661]]]},"properties":{"section_id":"ZGYS640","section_name":"松仁路往南 信義路-松平路","travel_speed":45.0,"level_name":"順暢","level_color":"#19FF1C","data_time":"2025-12-29 20:48:00+08:00"}},{"type":"Feature","geometry":{"type":"Polygon","coordinates":[[[121.565366048,25.0358003249],[121.5654024014,25.0357933253],[121.5654344595,25.035773633],[121.5654558058,25.0357442627],[121.5654631903,25.0357096859],[121.565455489,25.0356751664],[121.5654338742,25.0356459596],[121.5654016367,25.035626512],[121.5653621482,25.0356198009],[121.5636711835,25.0356501116],[121.56363483,25.0356571108],[121.5636027716,25.0356768027],[121.5635814249,25.0357061727],[121.5635740398,25.0357407495],[121.5635817407,25.035775269],[121.563603355,25.0358044761],[121.5636355923,25.0358239241],[121.5636750808,25.0358306357],[121.565366048,25.0358003249]]]},"properties":{"section_id":"ZI9RI20","section_name":"松壽路往東 市府路-松智路","travel_speed":44.0,"level_name":"順暢","level_color":"#19FF1C","data_time":"2025-12-29 20:48:00+08:00"}},{"type":"Feature","geometry":{"type":"Polygon","coordinates":[[[121.5682113948,25.0357587501],[121.568247827,25.0357517484],[121.5682798847,25.0357320555],[121.5683012303,25.0357026848],[121.568308614,25.0356681078],[121.5683009119,25.0356335885],[121.5682792965,25.0356043822],[121.5682470585,25.0355849352],[121.5682076489,25.0355782234],[121.5655335588,25.0356242547],[121.5654971264,25.0356312557],[121.5654650683,25.035650948],[121.5654437221,25.0356803183],[121.5654363376,25.0357148952],[121.5654440389,25.0357494146],[121.5654656537,25.0357786214],[121.5654978913,25.035798069],[121.5655373008,25.0358047815],[121.5682113948,25.0357587501]]]},"properties":{"section_id":"ZI9RW20","section_name":"松壽路 松智路-松仁路","travel_speed":27.0,"level_name":"車多","level_color":"#F8C920","data_time":"2025-12-29 20:48:00+08:00"}},{"type":"Feature","geometry":{"type":"Polygon","coordinates":[[[121.5636743424,25.0358104595],[121.5636364528,25.0358174754],[121.5636043944,25.0358371673],[121.5635830477,25.0358665373],[121.5635756626,25.035901114],[121.5635833634,25.0359356336],[121.5636049778,25.0359648407],[121.5636372152,25.0359842887],[121.5636751676,25.0359910169],[121.5653531373,25.0359846423],[121.5653910269,25.0359776259],[121.5654230851,25.0359579337],[121.5654444313,25.0359285634],[121.5654518159,25.0358939865],[121.5654441146,25.0358594671],[121.5654224998,25.0358302603],[121.5653902622,25.0358108127],[121.5653523097,25.0358040849],[121.5636743424,25.0358104595]]]},"properties":{"section_id":"ZI9R760","section_name":"松壽路 松智路-市府路","travel_speed":12.0,"level_name":"壅塞","level_color":"#FA0300","data_time":"2025-12-29 20:48:00+08:00"}},{"type":"Feature","geometry":{"type":"Polygon","coordinates":[[[121.5655158296,25.0389475603],[121.5655235123,25.0389806526],[121.5655451277,25.0390098593],[121.5655773661,25.0390293069],[121.5656153196,25.0390360346],[121.5656532101,25.0390290182],[121.565685269,25.0390093259],[121.5657066157,25.0389799556],[121.5657139815,25.0389439516],[121.5656476848,25.0359225368],[121.5656400023,25.0358894445],[121.5656183875,25.0358602377],[121.5655861499,25.0358407901],[121.5655481973,25.0358340624],[121.5655103078,25.0358410788],[121.5654782497,25.0358607711],[121.5654569034,25.0358901414],[121.5654495378,25.0359261453],[121.5655158296,25.0389475603]]]},"properties":{"section_id":"ZIWRJ00","section_name":"松智路往北 松高路-松壽路","travel_speed":18.0,"level_name":"壅塞","level_color":"#FA0300","data_time":"2025-12-29 20:48:00+08:00"}},{"type":"Feature","geometry":{"type":"Polygon","coordinates":[[[121.565439007,25.0359638829],[121.565431334,25.0359311758],[121.5654097191,25.035901969],[121.5653774815,25.0358825214],[121.565339529,25.0358757936],[121.5653016395,25.0358828099],[121.5652695813,25.0359025022],[121.565248235,25.0359318724],[121.5652408786,25.0359682617],[121.5653200559,25.0389418543],[121.5653277291,25.0389745614],[121.5653493444,25.0390037682],[121.5653815829,25.0390232158],[121.5654195364,25.0390299436],[121.5654574268,25.0390229272],[121.5654894858,25.0390032349],[121.5655108326,25.0389738646],[121.565518189,25.0389374754],[121.565439007,25.0359638829]]]},"properties":{"section_id":"ZI9RI40","section_name":"松智路往南 松高路-松壽路","travel_speed":33.0,"level_name":"車多","level_color":"#F8C920","data_time":"2025-12-29 20:48:00+08:00"}},{"type":"Feature","geometry":{"type":"Polygon","coordinates":[[[121.5331708133,25.0549114704],[121.5331708163,25.0549114835],[121.5331708138,25.0549114958],[121.5332232285,25.0577193127],[121.5332309088,25.0577526547],[121.53325252,25.0577818662],[121.5332847585,25.0578013207],[121.5333227162,25.0578080566],[121.5333606144,25.0578010483],[121.5333926834,25.0577813628],[121.5334140411,25.0577519971],[121.5334214223,25.0577162426],[121.5333690036,25.0549084512],[121.5333690034,25.0549084385],[121.5333167996,25.0520650362],[121.5333091192,25.0520316688],[121.533287509,25.0520024573],[121.5332552721,25.0519830027],[121.5332173162,25.0519762668],[121.5331794198,25.051983275],[121.5331473521,25.0520029605],[121.5331259954,25.0520323262],[121.5331186139,25.0520680553],[121.5331708133,25.0549114704]]]},"properties":{"section_id":"ZN5JX00","section_name":"松江路 南京東路-民生東路","travel_speed":47.0,"level_name":"順暢","level_color":"#19FF1C","data_time":"2025-12-29 20:48:00+08:00"}},{"type":"Feature","geometry":{"type":"Polygon","coordinates":[[[121.5330152073,25.0549574948],[121.5330152069,25.0549574695],[121.5329630115,25.0521140796],[121.5329553312,25.0520807122],[121.532933721,25.0520515006],[121.5329014841,25.052032046],[121.5328635282,25.05202531],[121.5328256318,25.0520323181],[121.5327935641,25.0520520035],[121.5327722072,25.0520813692],[121.5327648257,25.0521170982],[121.5328170169,25.0549605136],[121.5328170199,25.0549605266],[121.5328170174,25.0549605389],[121.5328694241,25.0577683561],[121.5328771043,25.0578016982],[121.5328987154,25.0578309097],[121.5329309538,25.0578503643],[121.5329689116,25.0578571003],[121.5330068098,25.0578500921],[121.5330388789,25.0578304066],[121.5330602367,25.0578010409],[121.533067618,25.0577652865],[121.5330152073,25.0549574948]]]},"properties":{"section_id":"ZMEJW40","section_name":"松江路 民生東路-南京東路","travel_speed":40.0,"level_name":"順暢","level_color":"#19FF1C","data_time":"2025-12-29 20:48:00+08:00"}},{"type":"Feature","geometry":{"type":"Polygon","coordinates":[[[121.5637533015,25.0390587609],[121.5637168469,25.0390657619],[121.5636847876,25.0390854538],[121.5636634404,25.0391148238],[121.5636560551,25.0391494006],[121.5636637562,25.0391839201],[121.5636853712,25.0392131271],[121.5637176094,25.0392325751],[121.5637569989,25.0392392884],[121.5682794941,25.0391623433],[121.5683159485,25.0391553411],[121.568348007,25.0391356482],[121.5683693531,25.0391062776],[121.568376737,25.0390717006],[121.5683690346,25.0390371813],[121.5683474186,25.039007975],[121.5683151797,25.038988528],[121.5682757901,25.038981816],[121.5637533015,25.0390587609]]]},"properties":{"section_id":"ZIWR760","section_name":"松高路往西 松仁路-市府路","travel_speed":30.0,"level_name":"車多","level_color":"#F8C920","data_time":"2025-12-29 20:48:00+08:00"}},{"type":"Feature","geometry":{"type":"Polygon","coordinates":[[[121.5255703867,25.0578716561],[121.5255780284,25.0579036391],[121.5255996379,25.0579328517],[121.5256318752,25.057952308],[121.5256698326,25.0579590458],[121.5257077313,25.0579520394],[121.5257398017,25.0579323556],[121.5257611612,25.0579029909],[121.5257685081,25.0578658773],[121.5256697213,25.0550557588],[121.5256620797,25.0550237757],[121.5256404708,25.0549945631],[121.5256082342,25.0549751069],[121.5255702778,25.054968369],[121.52553238,25.0549753753],[121.5255003103,25.0549950592],[121.5254789512,25.0550244238],[121.5254716044,25.0550615374],[121.5255703867,25.0578716561]]]},"properties":{"section_id":"ZN5IG00","section_name":"林森北路 長春路-民生東路","travel_speed":41.0,"level_name":"順暢","level_color":"#19FF1C","data_time":"2025-12-29 20:48:00+08:00"}},{"type":"Feature","geometry":{"type":"Polygon","coordinates":[[[121.524546105,25.0489111724],[121.5245507737,25.0489239164],[121.5245723813,25.0489531292],[121.5246046161,25.0489725857],[121.5246425706,25.0489793238],[121.5246804667,25.0489723178],[121.5247125349,25.0489526341],[121.5247338932,25.0489232696],[121.5247412899,25.0488886946],[121.5247382677,25.0488669169],[121.5236333663,25.0448855218],[121.5236286979,25.0448727778],[121.5236070913,25.0448435648],[121.5235748577,25.0448241081],[121.5235369045,25.0448173696],[121.5234990097,25.0448243754],[121.5234669423,25.0448440587],[121.5234455844,25.0448734231],[121.5234381875,25.044907998],[121.5234412094,25.0449297758],[121.524546105,25.0489111724]]]},"properties":{"section_id":"ZKII640","section_name":"林森北路 忠孝東路-長安東路","travel_speed":33.0,"level_name":"車多","level_color":"#F8C920","data_time":"2025-12-29 20:48:00+08:00"}},{"type":"Feature","geometry":{"type":"Polygon","coordinates":[[[121.5233046048,25.0445334083],[121.5233089319,25.0445449571],[121.5233305385,25.0445741701],[121.5233627719,25.0445936269],[121.523400725,25.0446003654],[121.5234386198,25.0445933597],[121.5234706871,25.0445736763],[121.523492045,25.044544312],[121.5234994418,25.044509737],[121.5234960787,25.044486764],[121.5218480697,25.038872168],[121.5218437429,25.0388606191],[121.5218221378,25.0388314059],[121.5217899061,25.0388119487],[121.5217519548,25.0388052097],[121.5217140617,25.038812215],[121.5216819956,25.038831898],[121.5216606383,25.0388612621],[121.5216532412,25.038895837],[121.5216566039,25.0389188101],[121.5233046048,25.0445334083]]]},"properties":{"section_id":"ZJMHU00","section_name":"林森南路 仁愛路-忠孝東路","travel_speed":49.0,"level_name":"順暢","level_color":"#19FF1C","data_time":"2025-12-29 20:48:00+08:00"}},{"type":"Feature","geometry":{"type":"Polygon","coordinates":[[[121.5215414627,25.0389553763],[121.5215371416,25.0389438463],[121.5215155365,25.038914633],[121.5214833048,25.0388951757],[121.5214453535,25.0388884367],[121.5214074604,25.0388954419],[121.5213753942,25.0389151248],[121.5213540368,25.0389444889],[121.5213466396,25.0389790638],[121.5213500077,25.0390020557],[121.5229955788,25.0446035663],[121.5229999004,25.0446150962],[121.5230215068,25.0446443093],[121.5230537403,25.0446637661],[121.5230916934,25.0446705047],[121.5231295882,25.0446634991],[121.5231616556,25.0446438158],[121.5231830135,25.0446144514],[121.5231904104,25.0445798765],[121.5231870418,25.0445568846],[121.5215414627,25.0389553763]]]},"properties":{"section_id":"ZJCHS40","section_name":"林森南路 忠孝東路-仁愛路","travel_speed":35.0,"level_name":"順暢","level_color":"#19FF1C","data_time":"2025-12-29 20:48:00+08:00"}},{"type":"Feature","geometry":{"type":"Polygon","coordinates":[[[121.5038078128,25.0379336748],[121.503807993,25.0379336242],[121.503808175,25.0379336069],[121.5051570394,25.0376782867],[121.506361841,25.0374592729],[121.5063807142,25.0374540162],[121.5064127825,25.0374343365],[121.5064341432,25.0374049745],[121.5064415445,25.0373704003],[121.5064338595,25.0373358775],[121.5064122582,25.0373066619],[121.5063800293,25.0372872014],[121.5063420793,25.0372804585],[121.5063230589,25.0372822032],[121.5051178744,25.0375012866],[121.505117496,25.037501392],[121.5051171058,25.0375014292],[121.5037680402,25.0377567874],[121.5018687593,25.0381095409],[121.5018502922,25.0381147223],[121.501818223,25.038134401],[121.501796861,25.0381637624],[121.5017894584,25.0381983364],[121.5017971422,25.0382328594],[121.5018187425,25.0382620757],[121.501850971,25.0382815372],[121.5018889211,25.0382882813],[121.5019083482,25.0382864625],[121.5038078128,25.0379336748]]]},"properties":{"section_id":"ZIME520","section_name":"桂林路 康定路-中華路","travel_speed":44.0,"level_name":"順暢","level_color":"#19FF1C","data_time":"2025-12-29 20:48:00+08:00"}},{"type":"Feature","geometry":{"type":"Polygon","coordinates":[[[121.5052235188,25.0377278813],[121.5052231678,25.0377279793],[121.5052228107,25.0377280135],[121.5042732723,25.0379086796],[121.5038550836,25.0379855621],[121.5029515097,25.0381489226],[121.5018967382,25.0383362224],[121.5018774347,25.0383415557],[121.5018453654,25.0383612345],[121.5018240034,25.0383905958],[121.5018166008,25.0384251698],[121.5018242846,25.0384596928],[121.501845885,25.0384889091],[121.5018781135,25.0385083707],[121.5019160637,25.0385151147],[121.5019346544,25.0385134478],[121.5029895924,25.0383261185],[121.5029897493,25.0383260751],[121.5029899225,25.0383260593],[121.503893819,25.0381626404],[121.5038939702,25.0381625984],[121.5038941316,25.0381625834],[121.5043128052,25.0380856117],[121.5043131309,25.0380855207],[121.5043134612,25.038085489],[121.5052629749,25.0379048277],[121.5062582048,25.0377223525],[121.5062769175,25.0377171252],[121.5063089858,25.0376974455],[121.5063303466,25.0376680835],[121.5063377479,25.0376335093],[121.506330063,25.0375989866],[121.5063084617,25.037569771],[121.5062762327,25.0375503104],[121.5062382826,25.0375435674],[121.5062191016,25.0375453414],[121.5052235188,25.0377278813]]]},"properties":{"section_id":"ZIME560","section_name":"桂林路 中華路-康定路","travel_speed":47.0,"level_name":"順暢","level_color":"#19FF1C","data_time":"2025-12-29 20:48:00+08:00"}},{"type":"Feature","geometry":{"type":"Polygon","coordinates":[[[121.5567042164,25.0769773743],[121.5567042178,25.076977374],[121.556704219,25.0769773742],[121.5572037275,25.0769649949],[121.5572041655,25.076964909],[121.5572100664,25.0769646525],[121.5578367381,25.0769124098],[121.5578415396,25.0769113209],[121.557850702,25.076910322],[121.558736894,25.0767177972],[121.5598691048,25.0764851764],[121.5598718196,25.0764843861],[121.5598734983,25.0764841771],[121.5608801304,25.0762328417],[121.5615340637,25.0761014789],[121.5623419036,25.0759842394],[121.563129999,25.075947683],[121.5638136407,25.0759602687],[121.5638146196,25.0759600988],[121.5638156716,25.0759602872],[121.5643871641,25.0759601398],[121.564896245,25.0760427792],[121.5657641461,25.0763327567],[121.5663712022,25.076552087],[121.5663720198,25.0765522277],[121.5663726554,25.0765526],[121.5668329599,25.0767113239],[121.5668352641,25.0767117033],[121.5668368144,25.0767125709],[121.567482944,25.0769080145],[121.5674833456,25.0769080729],[121.5674850474,25.0769086272],[121.5682143483,25.0771129128],[121.5682439052,25.077116901],[121.5682818071,25.0771098837],[121.5683138754,25.0770901908],[121.5683352279,25.0770608201],[121.5683426139,25.0770262433],[121.5683349089,25.0769917242],[121.568313286,25.0769625182],[121.5682810371,25.0769430715],[121.5682726286,25.0769403329],[121.5675443841,25.0767363432],[121.5669012447,25.076541804],[121.5664435827,25.0763839913],[121.5658360511,25.0761644893],[121.5658346786,25.0761642531],[121.5658336379,25.0761636504],[121.5649563507,25.0758705368],[121.5649534454,25.0758700724],[121.5649396042,25.075866414],[121.5644133089,25.0757809802],[121.5643961964,25.0757796349],[121.5643958867,25.0757795795],[121.5638166314,25.0757797289],[121.5631304813,25.0757670969],[121.5631268555,25.0757677263],[121.5631234354,25.0757671954],[121.5623265118,25.0758041612],[121.5623248127,25.0758045136],[121.5623159546,25.0758051692],[121.5614999746,25.07592359],[121.5614973681,25.0759242661],[121.5614942222,25.0759245843],[121.5608349856,25.0760570124],[121.5608320084,25.0760578719],[121.5608301276,25.0760581061],[121.5598232672,25.0763094986],[121.5586926729,25.0765417872],[121.5586920057,25.0765419814],[121.5586914858,25.076542038],[121.5578116022,25.0767331923],[121.5571951588,25.0767845822],[121.5566988292,25.0767968827],[121.5566988279,25.0767968828],[121.556198598,25.0768092663],[121.5561629807,25.0768162479],[121.5561309105,25.0768359383],[121.5561095551,25.0768653072],[121.5561021657,25.0768998835],[121.5561098672,25.0769344033],[121.5561314872,25.0769636112],[121.5561637343,25.0769830606],[121.5562039845,25.0769897579],[121.5567042164,25.0769773743]]]},"properties":{"section_id":"ZRKQZ20","section_name":"樂群一路 敬業三路-堤頂大道","travel_speed":63.0,"level_name":"順暢","level_color":"#19FF1C","data_time":"2025-12-29 20:48:00+08:00"}},{"type":"Feature","geometry":{"type":"Polygon","coordinates":[[[121.5674219458,25.0769970492],[121.5674218534,25.0769970357],[121.5674217967,25.076997004],[121.5667776081,25.0768021473],[121.5663199454,25.0766443342],[121.5657124127,25.0764248318],[121.5657110402,25.0764245956],[121.5657099994,25.0764239928],[121.5648327107,25.0761308785],[121.5648298054,25.0761304142],[121.5648159641,25.0761267558],[121.5642896678,25.0760413215],[121.5642725552,25.0760399762],[121.5642722456,25.0760399208],[121.563692989,25.0760400697],[121.5630068375,25.0760274372],[121.5630032117,25.0760280666],[121.5629997916,25.0760275357],[121.5622028662,25.0760645009],[121.5622011671,25.0760648532],[121.562192309,25.0760655089],[121.5613763271,25.076183929],[121.5613737206,25.0761846051],[121.5613705748,25.0761849233],[121.5607113366,25.0763173509],[121.5607083594,25.0763182104],[121.5607064786,25.0763184446],[121.5596996158,25.0765698362],[121.5585690188,25.0768021239],[121.5585683517,25.0768023181],[121.5585678317,25.0768023748],[121.5576879461,25.0769935284],[121.5570715014,25.0770449178],[121.5565753712,25.0770572129],[121.5563110461,25.0770627748],[121.5562750249,25.0770697657],[121.5562429546,25.0770894561],[121.5562215992,25.0771188251],[121.5562142098,25.0771534014],[121.5562219114,25.0771879211],[121.5562435315,25.077217129],[121.5562757787,25.0772365783],[121.5563156251,25.0772432849],[121.5565801539,25.0772377187],[121.5565803673,25.0772376773],[121.5565805603,25.0772377094],[121.5570800699,25.0772253305],[121.5570805079,25.0772252446],[121.5570864088,25.077224988],[121.5577130819,25.0771727459],[121.5577178834,25.077171657],[121.5577270459,25.077170658],[121.5586132399,25.076978134],[121.5597454533,25.0767455141],[121.5597481682,25.0767447238],[121.5597498469,25.0767445148],[121.5607564813,25.0764931802],[121.5614104161,25.0763618179],[121.5622182579,25.0762445791],[121.563006355,25.0762080233],[121.5636899981,25.0762206096],[121.5636909771,25.0762204396],[121.563692029,25.076220628],[121.5642635228,25.0762204811],[121.5647726047,25.0763031209],[121.5656405073,25.0765930991],[121.5662475645,25.0768124298],[121.5662483821,25.0768125705],[121.5662490178,25.0768129429],[121.5667093231,25.0769716672],[121.5667116273,25.0769720466],[121.5667131776,25.0769729141],[121.5673592338,25.0771683357],[121.5679210097,25.0773391624],[121.5679528192,25.0773438085],[121.5679907212,25.0773367913],[121.5680227896,25.0773170984],[121.5680441422,25.0772877278],[121.5680515283,25.077253151],[121.5680438234,25.0772186319],[121.5680222005,25.0771894258],[121.5679837956,25.0771678983],[121.5674219458,25.0769970492]]]},"properties":{"section_id":"ZSDPM60","section_name":"樂群一路 堤頂大道-敬業三路","travel_speed":61.0,"level_name":"順暢","level_color":"#19FF1C","data_time":"2025-12-29 20:48:00+08:00"}},{"type":"Feature","geometry":{"type":"Polygon","coordinates":[[[121.5247820579,25.0681770119],[121.52478158,25.0681769325],[121.5231426508,25.068218547],[121.5231071268,25.0682255183],[121.5230750534,25.0682452016],[121.5230536914,25.0682745659],[121.5230462932,25.0683091408],[121.5230539849,25.0683436625],[121.5230755956,25.0683728753],[121.5231078353,25.0683923321],[121.5231481739,25.0683990361],[121.5247866048,25.0683574342],[121.525730165,25.0683421588],[121.5257305308,25.0683420887],[121.5257308674,25.0683421451],[121.5276058246,25.0682996634],[121.5276416475,25.0682926838],[121.5276737202,25.0682729995],[121.527695081,25.0682436345],[121.527702478,25.0682090595],[121.527694785,25.0681745381],[121.5276731732,25.0681453259],[121.5276409328,25.0681258702],[121.5276008933,25.0681191601],[121.52572629,25.0681616338],[121.5247825816,25.0681769116],[121.5247820579,25.0681770119]]]},"properties":{"section_id":"ZQEIH20","section_name":"民族東路 中山北路-新生北路","travel_speed":47.0,"level_name":"順暢","level_color":"#19FF1C","data_time":"2025-12-29 20:48:00+08:00"}},{"type":"Feature","geometry":{"type":"Polygon","coordinates":[[[121.5344042298,25.068116556],[121.5344056736,25.068116289],[121.5344070207,25.0681165101],[121.5362674096,25.068062064],[121.5383378062,25.0680545707],[121.5395703912,25.068050096],[121.5395709173,25.0680499987],[121.5395714309,25.0680500872],[121.540859414,25.0680330927],[121.5408597366,25.0680330314],[121.5408687373,25.0680325687],[121.5416128398,25.0679585603],[121.5416275021,25.0679551113],[121.5416353107,25.0679538689],[121.5421197931,25.0677968372],[121.542121952,25.0677955888],[121.5421248599,25.0677950509],[121.5421436535,25.0677855823],[121.5430981851,25.0671729836],[121.5431020032,25.0671700448],[121.5431040118,25.0671689427],[121.5441626418,25.0663768064],[121.5441700914,25.0663706285],[121.5441914479,25.0663412612],[121.5441988401,25.0663066854],[121.5441911426,25.0662721649],[121.5441695273,25.0662429552],[121.5441372849,25.0662235031],[121.5440993241,25.06621677],[121.5440614239,25.0662237811],[121.5440368041,25.066237291],[121.5429810058,25.0670273078],[121.5420405551,25.0676308693],[121.5415797827,25.067780216],[121.5408518663,25.0678526146],[121.5395690802,25.0678695405],[121.538337017,25.0678740133],[121.5362652277,25.0678815115],[121.5362637839,25.0678817785],[121.5362624368,25.0678815574],[121.5344020506,25.0679360035],[121.5337740414,25.0679382628],[121.5337361401,25.0679452712],[121.5337040685,25.0679649568],[121.5336827091,25.0679943226],[121.5336753139,25.0680288979],[121.5336830086,25.068063419],[121.5337046217,25.0680926303],[121.533736863,25.0681120847],[121.5337748239,25.0681188203],[121.5344042298,25.068116556]]]},"properties":{"section_id":"ZQDLJ20","section_name":"民族東路 松江路-復興北路","travel_speed":57.0,"level_name":"順暢","level_color":"#19FF1C","data_time":"2025-12-29 20:48:00+08:00"}},{"type":"Feature","geometry":{"type":"Polygon","coordinates":[[[121.5257444593,25.068533133],[121.5257447958,25.0685331894],[121.5276197559,25.0684907075],[121.5276555789,25.0684837278],[121.5276876516,25.0684640435],[121.5277090125,25.0684346786],[121.5277164094,25.0684001035],[121.5277087164,25.0683655821],[121.5276871046,25.0683363699],[121.5276548642,25.0683169142],[121.5276148246,25.0683102042],[121.5257402184,25.0683526781],[121.5247965085,25.068367956],[121.5247959849,25.0683680563],[121.5247955069,25.0683679769],[121.5231565752,25.0684095916],[121.5231210511,25.0684165629],[121.5230889777,25.0684362462],[121.5230676157,25.0684656106],[121.5230602174,25.0685001854],[121.5230679092,25.0685347071],[121.5230895199,25.0685639199],[121.5231217597,25.0685833766],[121.5231620983,25.0685900807],[121.5248005317,25.0685484786],[121.5257440934,25.068533203],[121.5257444593,25.068533133]]]},"properties":{"section_id":"ZQFHV60","section_name":"民族東路 新生北路-中山北路","travel_speed":47.0,"level_name":"順暢","level_color":"#19FF1C","data_time":"2025-12-29 20:48:00+08:00"}},{"type":"Feature","geometry":{"type":"Polygon","coordinates":[[[121.5108448277,25.0686247489],[121.5108456422,25.0686245922],[121.510846367,25.0686247101],[121.5137166703,25.0685319884],[121.5158852399,25.0684889836],[121.5182104449,25.0684572211],[121.51824724,25.0684502261],[121.5182793143,25.0684305438],[121.5183006774,25.0684011802],[121.518308077,25.0683666056],[121.5183003866,25.0683320836],[121.518278777,25.06830287],[121.518246538,25.0682834122],[121.5182074704,25.0682766821],[121.5158819324,25.0683084491],[121.5158815843,25.0683085152],[121.5158812595,25.0683084603],[121.5137116778,25.0683514851],[121.513710958,25.0683516242],[121.5137103202,25.0683515205],[121.510840112,25.0684442391],[121.5092299198,25.0684734274],[121.5091936153,25.0684804124],[121.5091615395,25.0685000927],[121.5091401742,25.0685294551],[121.509132772,25.0685640293],[121.5091404598,25.0685985517],[121.5091620674,25.0686277667],[121.509194305,25.0686472265],[121.5092338633,25.0686539512],[121.5108448277,25.0686247489]]]},"properties":{"section_id":"ZQGGJ20","section_name":"民族西路 環河北路-承德路","travel_speed":42.0,"level_name":"順暢","level_color":"#19FF1C","data_time":"2025-12-29 20:48:00+08:00"}},{"type":"Feature","geometry":{"type":"Polygon","coordinates":[[[121.5158828246,25.0685214544],[121.5158824765,25.0685215205],[121.5158821518,25.0685214656],[121.5137125663,25.0685644905],[121.5137118465,25.0685646296],[121.5137112087,25.0685645259],[121.5108409955,25.0686572446],[121.5092308006,25.0686864329],[121.509194496,25.0686934179],[121.5091624201,25.0687130982],[121.5091410548,25.0687424606],[121.5091336526,25.0687770348],[121.5091413404,25.0688115572],[121.509162948,25.0688407722],[121.5091951857,25.068860232],[121.5092347441,25.0688669567],[121.5108457112,25.0688377544],[121.5108465257,25.0688375976],[121.5108472506,25.0688377155],[121.5137175588,25.0687449937],[121.5158861322,25.0687019889],[121.5182113412,25.0686702263],[121.5182481363,25.0686632313],[121.5182802107,25.068643549],[121.5183015738,25.0686141854],[121.5183089734,25.0685796108],[121.518301283,25.0685450888],[121.5182796734,25.0685158752],[121.5182474344,25.0684964175],[121.5182083667,25.0684896873],[121.5158828246,25.0685214544]]]},"properties":{"section_id":"ZQGFY60","section_name":"民族西路 承德路-環河北路","travel_speed":45.0,"level_name":"順暢","level_color":"#19FF1C","data_time":"2025-12-29 20:48:00+08:00"}},{"type":"Feature","geometry":{"type":"Polygon","coordinates":[[[121.5185814812,25.0684853434],[121.5185449759,25.0684923341],[121.5185129017,25.0685120165],[121.5184915386,25.0685413802],[121.518484139,25.0685759548],[121.5184918295,25.0686104767],[121.5185134392,25.0686396903],[121.5185456783,25.068659148],[121.5185850358,25.0686658737],[121.5225852658,25.0686004785],[121.5226217708,25.0685934867],[121.5226538444,25.0685738035],[121.5226752065,25.0685444393],[121.5226826049,25.0685098645],[121.5226749133,25.0684753428],[121.5226533026,25.0684461298],[121.5226210629,25.068426673],[121.5225817053,25.0684199483],[121.5185814812,25.0684853434]]]},"properties":{"section_id":"ZQFHC20","section_name":"民族西路 中山北路-承德路","travel_speed":48.0,"level_name":"順暢","level_color":"#19FF1C","data_time":"2025-12-29 20:48:00+08:00"}},{"type":"Feature","geometry":{"type":"Polygon","coordinates":[[[121.5330548539,25.0623691966],[121.5330901286,25.0623622295],[121.5331221988,25.062342544],[121.5331435573,25.0623131783],[121.5331509524,25.062278603],[121.5331432583,25.0622440819],[121.5331216463,25.0622148705],[121.5330894067,25.0621954159],[121.5330488227,25.0621887211],[121.5279612004,25.0623296919],[121.5279259254,25.0623366578],[121.5278938543,25.0623563422],[121.5278724945,25.0623857071],[121.5278650979,25.0624202822],[121.5278727906,25.0624548037],[121.5278944014,25.0624840159],[121.5279266403,25.0625034716],[121.5279672242,25.0625101678],[121.5330548539,25.0623691966]]]},"properties":{"section_id":"ZP6JY20","section_name":"民權東路 新生北路-松江路","travel_speed":43.0,"level_name":"順暢","level_color":"#19FF1C","data_time":"2025-12-29 20:48:00+08:00"}},{"type":"Feature","geometry":{"type":"Polygon","coordinates":[[[121.5366654994,25.0622829771],[121.536700792,25.0622760086],[121.5367328616,25.0622563224],[121.5367542192,25.0622269561],[121.5367616133,25.0621923807],[121.5367539182,25.0621578597],[121.5367323054,25.0621286488],[121.5367000652,25.0621091951],[121.5366594992,25.0621025008],[121.5333695633,25.0621932105],[121.5333342705,25.0622001782],[121.5333022003,25.0622198637],[121.5332808419,25.0622492295],[121.5332734468,25.0622838048],[121.533281141,25.0623183259],[121.5333027531,25.0623475373],[121.5333349928,25.0623669918],[121.5333755587,25.062373687],[121.5366654994,25.0622829771]]]},"properties":{"section_id":"ZP5KR20","section_name":"民權東路 松江路-建國北路","travel_speed":30.0,"level_name":"車多","level_color":"#F8C920","data_time":"2025-12-29 20:48:00+08:00"}},{"type":"Feature","geometry":{"type":"Polygon","coordinates":[[[121.5279754386,25.0625923951],[121.5279401635,25.0625993611],[121.5279080923,25.0626190454],[121.5278867325,25.0626484104],[121.5278793359,25.0626829855],[121.5278870286,25.0627175069],[121.5279086394,25.0627467191],[121.5279408784,25.0627661748],[121.5279814623,25.062772871],[121.5330691029,25.0626318992],[121.5331043776,25.0626249321],[121.533136448,25.0626052466],[121.5331578065,25.0625758809],[121.5331652016,25.0625413056],[121.5331575075,25.0625067844],[121.5331358954,25.062477573],[121.5331036557,25.0624581185],[121.5330630717,25.0624514237],[121.5279754386,25.0625923951]]]},"properties":{"section_id":"ZP6IV60","section_name":"民權東路 松江路-新生北路","travel_speed":46.0,"level_name":"順暢","level_color":"#19FF1C","data_time":"2025-12-29 20:48:00+08:00"}},{"type":"Feature","geometry":{"type":"Polygon","coordinates":[[[121.5334389867,25.0624518874],[121.5334025095,25.0624588813],[121.5333704393,25.0624785668],[121.5333490808,25.0625079326],[121.5333416857,25.0625425079],[121.53334938,25.062577029],[121.5333709921,25.0626062404],[121.5334032318,25.0626256949],[121.5334426136,25.0626324163],[121.5366794428,25.0625784292],[121.5367159197,25.0625714345],[121.5367479895,25.0625517483],[121.5367693471,25.0625223821],[121.5367767412,25.0624878066],[121.5367690461,25.0624532856],[121.5367474332,25.0624240748],[121.536715193,25.062404621],[121.5366758111,25.0623979005],[121.5334389867,25.0624518874]]]},"properties":{"section_id":"ZP6JY60","section_name":"民權東路 建國北路-松江路","travel_speed":42.0,"level_name":"順暢","level_color":"#19FF1C","data_time":"2025-12-29 20:48:00+08:00"}},{"type":"Feature","geometry":{"type":"Polygon","coordinates":[[[121.5405730472,25.0620184272],[121.5405721229,25.0620182673],[121.5373500644,25.0620571161],[121.5373130821,25.0620641182],[121.5372810126,25.0620838046],[121.5372596551,25.0621131708],[121.5372522612,25.0621477463],[121.5372599564,25.0621822673],[121.5372815694,25.0622114781],[121.5373138097,25.0622309317],[121.5373526858,25.0622376593],[121.5405738256,25.0621988215],[121.5440132755,25.0622156541],[121.5440521043,25.0622086436],[121.5440841727,25.0621889558],[121.5441055286,25.0621595886],[121.5441129206,25.0621250128],[121.5441052234,25.0620904922],[121.5440836089,25.0620612824],[121.5440513676,25.0620418303],[121.544014338,25.0620350978],[121.5405739697,25.0620182607],[121.5405730472,25.0620184272]]]},"properties":{"section_id":"ZNZM920","section_name":"民權東路 建國北路-復興北路","travel_speed":72.0,"level_name":"順暢","level_color":"#19FF1C","data_time":"2025-12-29 20:48:00+08:00"}},{"type":"Feature","geometry":{"type":"Polygon","coordinates":[[[121.5445978988,25.0619902058],[121.5446004793,25.0619898217],[121.5446037943,25.0619904367],[121.5449112201,25.0619941328],[121.5449163296,25.0619932292],[121.5449206485,25.0619938372],[121.5454894846,25.0619512426],[121.5459470412,25.0619345952],[121.5463799057,25.0619287844],[121.5468841337,25.0619368633],[121.5468871023,25.0619363444],[121.5468899566,25.0619368007],[121.5472929842,25.0619216762],[121.5476453393,25.0619214989],[121.5476455117,25.0619214673],[121.5476456858,25.0619214982],[121.5476548024,25.0619210817],[121.5480008025,25.0618906763],[121.5480029594,25.061890182],[121.5480083336,25.0618897478],[121.5484888322,25.0618133221],[121.548539014,25.0618056737],[121.5485405799,25.0618052616],[121.5485425321,25.0618050779],[121.5491996424,25.0616825629],[121.5496441961,25.0616000552],[121.5500241692,25.0615362882],[121.5500294363,25.0615348592],[121.5500331507,25.0615343835],[121.5503989451,25.0614402752],[121.5504103061,25.0614366609],[121.5504423733,25.0614169717],[121.5504637274,25.0613876036],[121.5504711176,25.0613530275],[121.5504634187,25.0613185073],[121.5504418028,25.0612892985],[121.5504095608,25.0612698477],[121.5503716012,25.0612631163],[121.5503450639,25.0612665146],[121.549983712,25.06135948],[121.549607362,25.0614226389],[121.5496065069,25.0614228709],[121.5496055317,25.0614229623],[121.5491600215,25.0615056476],[121.5491599785,25.0615056596],[121.5491599342,25.0615056638],[121.5485045344,25.0616278599],[121.5484557713,25.061635292],[121.5484554869,25.0616353669],[121.548455079,25.0616353998],[121.5479779811,25.0617112846],[121.5476404871,25.0617409425],[121.5472908613,25.0617411185],[121.5472887634,25.0617415032],[121.5472868358,25.061741195],[121.5468847073,25.0617562857],[121.5463817905,25.0617482278],[121.5463802118,25.0617485037],[121.5463785864,25.0617482237],[121.5459428721,25.0617540727],[121.5459415525,25.0617543236],[121.5459403765,25.0617541349],[121.545479488,25.0617709035],[121.5454771024,25.0617713856],[121.5454753228,25.0617711351],[121.5449091142,25.0618135329],[121.5446093623,25.0618099291],[121.5444417984,25.0617988065],[121.5443962968,25.0618055795],[121.5443642285,25.0618252674],[121.5443428728,25.0618546347],[121.5443354809,25.0618892105],[121.5443431781,25.061923731],[121.5443647927,25.0619529408],[121.544397034,25.0619723928],[121.5444273907,25.0619788878],[121.5445978988,25.0619902058]]]},"properties":{"section_id":"ZNUNJ20","section_name":"民權東路 復興北路-敦化北路","travel_speed":42.0,"level_name":"順暢","level_color":"#19FF1C","data_time":"2025-12-29 20:48:00+08:00"}},{"type":"Feature","geometry":{"type":"Polygon","coordinates":[[[121.5405884968,25.062340678],[121.540587882,25.062340789],[121.5405872567,25.062340679],[121.5372902237,25.0623620418],[121.5372526344,25.0623690496],[121.5372205648,25.0623887359],[121.5371992073,25.0624181022],[121.5371918133,25.0624526777],[121.5371995086,25.0624871986],[121.5372211216,25.0625164094],[121.537253362,25.062535863],[121.5372916314,25.0625425963],[121.5405880492,25.0625212374],[121.5440278115,25.0625380709],[121.5440666405,25.0625310604],[121.544098709,25.0625113727],[121.5441200649,25.0624820054],[121.5441274569,25.0624474296],[121.5441197597,25.0624129091],[121.5440981451,25.0623836993],[121.5440659037,25.0623642472],[121.544028874,25.0623575146],[121.5405884968,25.062340678]]]},"properties":{"section_id":"ZP5KR60","section_name":"民權東路 松江路-建國北路","travel_speed":47.0,"level_name":"順暢","level_color":"#19FF1C","data_time":"2025-12-29 20:48:00+08:00"}},{"type":"Feature","geometry":{"type":"Polygon","coordinates":[[[121.5500402718,25.0618463258],[121.5500419593,25.0618461559],[121.5505733817,25.0617398997],[121.5505904323,25.0617349859],[121.5506224996,25.0617152967],[121.5506438538,25.0616859285],[121.5506512439,25.0616513524],[121.5506435449,25.0616168323],[121.5506219289,25.0615876235],[121.5505896868,25.0615681728],[121.5505517271,25.0615614414],[121.5505308794,25.0615635402],[121.5500010981,25.0616694682],[121.5496218593,25.0617331119],[121.5496210041,25.0617333439],[121.549620029,25.0617334353],[121.5491745176,25.0618161206],[121.5491744746,25.0618161326],[121.5491744304,25.0618161368],[121.5485190289,25.061938333],[121.5484702657,25.0619457651],[121.5484699813,25.06194584],[121.5484695734,25.0619458729],[121.5479924743,25.0620217578],[121.5476549794,25.0620514157],[121.5473053528,25.0620515917],[121.5473032549,25.0620519764],[121.5473013273,25.0620516683],[121.5468991977,25.062066759],[121.5463962796,25.0620587012],[121.546394701,25.0620589771],[121.5463930755,25.0620586971],[121.5459573602,25.0620645462],[121.5459560406,25.062064797],[121.5459548646,25.0620646083],[121.5454939749,25.062081377],[121.5454915893,25.0620818591],[121.5454898098,25.0620816086],[121.5449235997,25.0621240065],[121.5446208955,25.0621203672],[121.5446200607,25.0621205149],[121.5446191881,25.0621203601],[121.5445824067,25.0621269521],[121.544386044,25.0621993322],[121.5443528581,25.0622194392],[121.5443315023,25.0622488065],[121.5443241104,25.0622833823],[121.5443318077,25.0623179028],[121.5443534223,25.0623471126],[121.5443856637,25.0623665646],[121.5444236234,25.0623732976],[121.5444604049,25.0623667056],[121.5446382519,25.0623011505],[121.5449257056,25.0623046064],[121.5449308151,25.0623037028],[121.5449351341,25.0623043108],[121.5455039716,25.0622617161],[121.5459615293,25.0622450687],[121.546394395,25.0622392578],[121.5468986242,25.0622473366],[121.5469015928,25.0622468177],[121.5469044471,25.062247274],[121.5473074757,25.0622321495],[121.5476598317,25.0622319721],[121.5476600041,25.0622319405],[121.5476601782,25.0622319714],[121.5476692948,25.0622315549],[121.5480152958,25.0622011494],[121.5480174527,25.0622006552],[121.5480228269,25.062200221],[121.5485033267,25.0621237952],[121.5485535086,25.0621161468],[121.5485550745,25.0621157347],[121.5485570268,25.062115551],[121.5492141387,25.0619930359],[121.5496586935,25.0619105281],[121.5500386675,25.061846761],[121.5500402718,25.0618463258]]]},"properties":{"section_id":"ZNZM960","section_name":"民權東路 光復北路-敦化北路","travel_speed":45.0,"level_name":"順暢","level_color":"#19FF1C","data_time":"2025-12-29 20:48:00+08:00"}},{"type":"Feature","geometry":{"type":"Polygon","coordinates":[[[121.5514267886,25.0614454322],[121.5514301506,25.0614456579],[121.551431616,25.0614459921],[121.5518352328,25.0614836617],[121.551835593,25.0614836778],[121.5518357171,25.0614837058],[121.552421839,25.0615357588],[121.5530147427,25.0616177677],[121.5530165478,25.0616178885],[121.5530174833,25.0616181112],[121.5534883681,25.0616710418],[121.5534884086,25.061671044],[121.5534884274,25.0616710485],[121.5538917213,25.0617161555],[121.5544198567,25.0617986535],[121.5544370156,25.0617999516],[121.5544749138,25.0617929379],[121.5545069804,25.0617732479],[121.5545283336,25.0617438792],[121.5545357227,25.061709303],[121.5545280226,25.061674783],[121.5545064057,25.0616455748],[121.554474163,25.0616261249],[121.5544533619,25.0616206927],[121.5539228987,25.0615378311],[121.5539199051,25.0615376046],[121.5539182252,25.0615372051],[121.5535126166,25.0614918392],[121.553043135,25.0614390663],[121.5524489773,25.0613568839],[121.5524452584,25.0613566351],[121.5524437147,25.0613562867],[121.5518551957,25.0613040208],[121.5514542429,25.0612665998],[121.5510768758,25.0612142231],[121.5510615414,25.0612131936],[121.5510236433,25.0612202064],[121.5509915762,25.0612398957],[121.5509702222,25.0612692639],[121.5509628322,25.06130384],[121.5509705312,25.0613383602],[121.5509921473,25.0613675689],[121.5510243894,25.0613870196],[121.5510470147,25.0613927214],[121.5514267886,25.0614454322]]]},"properties":{"section_id":"ZNXPC20","section_name":"民權東路 敦化北路-光復北路","travel_speed":45.0,"level_name":"順暢","level_color":"#19FF1C","data_time":"2025-12-29 20:48:00+08:00"}},{"type":"Feature","geometry":{"type":"Polygon","coordinates":[[[121.555615288,25.0616633909],[121.5556144396,25.0616632195],[121.5547227501,25.061624286],[121.5546796995,25.061631197],[121.554647633,25.061650887],[121.5546262798,25.0616802557],[121.5546188908,25.061714832],[121.5546265909,25.061749352],[121.5546482078,25.0617785602],[121.5546804506,25.06179801],[121.5547132582,25.0618046375],[121.5556021544,25.061843449],[121.5563097577,25.0619109404],[121.5563176112,25.0619112992],[121.5563182302,25.0619114156],[121.5568942806,25.061921207],[121.557552342,25.0619975543],[121.5575527395,25.0619975765],[121.5575529237,25.0619976202],[121.5583319389,25.0620837355],[121.5591327979,25.0622083794],[121.5591363973,25.0622086507],[121.5591382749,25.0622090892],[121.5598777911,25.0622858077],[121.5607452555,25.0624205516],[121.5607481284,25.0624207677],[121.5607497463,25.0624211531],[121.5615958864,25.0625165102],[121.5621978039,25.062621746],[121.5622024917,25.0626221432],[121.5622052052,25.0626227777],[121.5628499957,25.0626900659],[121.5633416102,25.0627786819],[121.5633429785,25.0627788014],[121.5633441646,25.0627791108],[121.5645104912,25.0629605516],[121.5645118611,25.0629606547],[121.564512769,25.0629608811],[121.565327536,25.0630699191],[121.5653330962,25.0630702785],[121.5653348057,25.0630706436],[121.5658578584,25.0631050421],[121.5659033085,25.0630982591],[121.5659353735,25.0630785667],[121.5659567242,25.0630491964],[121.5659641101,25.0630146196],[121.5659564068,25.0629801003],[121.565934787,25.0629508938],[121.5659025421,25.0629314465],[121.5658721334,25.0629249526],[121.5653527309,25.0628907941],[121.5645427263,25.0627823934],[121.5633788184,25.0626013289],[121.562884524,25.0625122297],[121.5628795371,25.0625117941],[121.562876564,25.0625110989],[121.5622314913,25.0624437813],[121.5616300141,25.0623386224],[121.5616259987,25.0623382822],[121.5616235003,25.062337687],[121.5607763404,25.062242215],[121.5599084028,25.0621073975],[121.5599048218,25.0621071282],[121.5599029565,25.0621066926],[121.559163457,25.0620299758],[121.5583629587,25.061905388],[121.5583598995,25.0619051574],[121.5583582055,25.0619047557],[121.5575770973,25.0618184091],[121.5569140114,25.0617414788],[121.5569041783,25.0617409292],[121.5569033369,25.0617407709],[121.5563261766,25.0617309607],[121.5556200168,25.0616636069],[121.555615288,25.0616633909]]]},"properties":{"section_id":"ZP5QG20","section_name":"民權東路 光復北路-撫遠街","travel_speed":43.0,"level_name":"順暢","level_color":"#19FF1C","data_time":"2025-12-29 20:48:00+08:00"}},{"type":"Feature","geometry":{"type":"Polygon","coordinates":[[[121.5532701228,25.0619515179],[121.5532707956,25.0619516686],[121.5544268512,25.0620508703],[121.5544365533,25.0620512674],[121.5544744515,25.0620442538],[121.5545065182,25.0620245638],[121.5545278715,25.0619951951],[121.5545352605,25.0619606188],[121.5545275604,25.0619260988],[121.5545059435,25.0618968906],[121.5544737007,25.0618774408],[121.5544454427,25.0618711075],[121.5532906722,25.0617720162],[121.5510754299,25.061528807],[121.5510631646,25.0615281589],[121.5510252663,25.0615351718],[121.5509931992,25.061554861],[121.5509718451,25.0615842292],[121.5509644551,25.0616188054],[121.5509721541,25.0616533255],[121.5509937702,25.0616825342],[121.5510260124,25.0617019849],[121.5510517069,25.0617080681],[121.5532682323,25.061951418],[121.5532701228,25.0619515179]]]},"properties":{"section_id":"ZNUNJ60","section_name":"民權東路 光復北路-敦化北路","travel_speed":52.0,"level_name":"順暢","level_color":"#19FF1C","data_time":"2025-12-29 20:48:00+08:00"}},{"type":"Feature","geometry":{"type":"Polygon","coordinates":[[[121.560117891,25.0626288605],[121.5601179941,25.0626288858],[121.5657343704,25.0633437197],[121.5657484995,25.0633445874],[121.5657863974,25.0633375708],[121.5658184625,25.0633178784],[121.5658398133,25.0632885081],[121.5658471993,25.0632539313],[121.5658394959,25.063219412],[121.5658178761,25.0631902055],[121.5657856312,25.0631707581],[121.5657617993,25.0631648983],[121.5601455743,25.0624500835],[121.5587676963,25.06227094],[121.5587676675,25.0622709362],[121.5568871869,25.0620259119],[121.5568812625,25.062025539],[121.556879627,25.0620251949],[121.5546787471,25.0618939074],[121.5546339645,25.0619007289],[121.5546018979,25.0619204189],[121.5545805446,25.0619497876],[121.5545731556,25.0619843639],[121.5545808557,25.0620188838],[121.5546024726,25.062048092],[121.5546347155,25.0620675419],[121.5546657912,25.0620740799],[121.5568628793,25.0622051413],[121.5587396266,25.0624496791],[121.5587396449,25.0624496803],[121.5587396555,25.0624496829],[121.5601177075,25.062628849],[121.560117891,25.0626288605]]]},"properties":{"section_id":"ZNXPC60","section_name":"民權東路 撫遠街-光復北路","travel_speed":45.0,"level_name":"順暢","level_color":"#19FF1C","data_time":"2025-12-29 20:48:00+08:00"}},{"type":"Feature","geometry":{"type":"Polygon","coordinates":[[[121.5848422478,25.068744486],[121.5848523015,25.0687453345],[121.5848553024,25.0687459524],[121.5853757154,25.0687726676],[121.5853761161,25.0687726049],[121.5853766449,25.0687727114],[121.5859464302,25.0687970731],[121.5859465565,25.0687970528],[121.5859467177,25.068797085],[121.5864550651,25.0688174708],[121.5869549037,25.0688518964],[121.5869552784,25.0688519085],[121.5869553664,25.0688519273],[121.5875675041,25.0688914608],[121.5875692826,25.0688911942],[121.5875716403,25.068891649],[121.5882417889,25.0689093543],[121.5882427634,25.0689091891],[121.5882438576,25.0689093893],[121.5890024865,25.0689149994],[121.5890030947,25.0689148903],[121.5890037228,25.0689150015],[121.5890125728,25.0689146057],[121.5895023839,25.0688726444],[121.590019696,25.0688519655],[121.5900201463,25.0688518736],[121.5900237734,25.0688517257],[121.5904455975,25.0688189552],[121.5904755044,25.0688122582],[121.5905075669,25.0687925605],[121.5905289126,25.0687631867],[121.5905290937,25.0687623382],[121.5905295864,25.0687616465],[121.5905781675,25.0686475532],[121.590584873,25.0686145156],[121.5905771624,25.0685799978],[121.5905555358,25.068550795],[121.5905232857,25.0685313531],[121.5904853218,25.068524632],[121.5904474239,25.0685316548],[121.5904153615,25.0685513525],[121.590393342,25.0685822665],[121.5903671244,25.0686438386],[121.5900089621,25.0686716632],[121.5894912199,25.0686923593],[121.5894906609,25.0686924734],[121.5894862836,25.0686926692],[121.5889990413,25.0687344104],[121.5882465022,25.0687288453],[121.587579459,25.068711222],[121.5869696197,25.0686718368],[121.5864684575,25.0686373201],[121.5864657532,25.0686372324],[121.5864653432,25.0686371504],[121.5859555817,25.0686167079],[121.5853864058,25.0685923722],[121.5848730389,25.0685660187],[121.5843871709,25.0684813206],[121.5843681098,25.068479712],[121.5843302114,25.0684867333],[121.584298148,25.0685064297],[121.5842768008,25.0685358025],[121.5842694198,25.0685703801],[121.5842771286,25.0686048983],[121.5842987537,25.068634102],[121.5843310029,25.0686535453],[121.5843499053,25.0686586593],[121.5848422478,25.068744486]]]},"properties":{"section_id":"ZQKWL20","section_name":"民權東往東 瑞光路-成功路","travel_speed":41.0,"level_name":"順暢","level_color":"#19FF1C","data_time":"2025-12-29 20:48:00+08:00"}},{"type":"Feature","geometry":{"type":"Polygon","coordinates":[[[121.5912348471,25.0687346475],[121.5912364407,25.0687356511],[121.5912376475,25.0687372807],[121.5912698978,25.0687567224],[121.5913078617,25.0687634433],[121.5913102815,25.0687629949],[121.5913124328,25.0687633291],[121.5939643787,25.0686411957],[121.5939648774,25.0686410923],[121.5939682667,25.0686409468],[121.5944533335,25.0686011399],[121.5944589625,25.0685998664],[121.5944689011,25.0685987116],[121.594898849,25.0684989794],[121.5949054165,25.0684969756],[121.5949071101,25.0684967101],[121.5953522263,25.0683549116],[121.5953574706,25.068351896],[121.5953634724,25.0683506045],[121.5975561406,25.067362051],[121.5987346285,25.0668544076],[121.5990932425,25.0667166091],[121.5994688645,25.0666360584],[121.6001688118,25.0666921074],[121.600768053,25.0668721773],[121.601194603,25.0671775038],[121.602038377,25.0680499473],[121.6020752308,25.0680738322],[121.6021131951,25.0680805504],[121.6021510922,25.0680735246],[121.6021831526,25.0680538244],[121.6022044953,25.068024449],[121.6022118713,25.0679898706],[121.6022041575,25.0679553535],[121.6021871304,25.067930598],[121.6013373588,25.0670519541],[121.6013348409,25.0670503222],[121.6013327568,25.0670475085],[121.6013242276,25.0670406465],[121.6008768692,25.0667204254],[121.6008531471,25.0667078478],[121.6008493774,25.0667071807],[121.6008466777,25.0667056738],[121.6002200008,25.0665173595],[121.6002102834,25.0665159573],[121.6001976267,25.066513161],[121.5994703464,25.0664549232],[121.5994612262,25.0664545772],[121.5994389502,25.0664569791],[121.5990396892,25.0665425991],[121.5990240684,25.0665472223],[121.5990239806,25.0665472763],[121.5990238773,25.0665472955],[121.5986556317,25.066688795],[121.5986537441,25.0666899574],[121.5986517822,25.0666903628],[121.5974705879,25.0671991719],[121.5974697495,25.0671997122],[121.5974689924,25.0671998752],[121.5952810093,25.0681863161],[121.5948457387,25.0683249781],[121.5944276535,25.0684219585],[121.5939524191,25.0684609585],[121.5913485536,25.0685808778],[121.5912098806,25.0684450706],[121.5911748301,25.0684229957],[121.5911368662,25.0684162747],[121.5910989683,25.0684232977],[121.591066906,25.0684429956],[121.5910455605,25.0684723694],[121.5910381814,25.0685069473],[121.5910458921,25.0685414651],[121.5910647184,25.0685680346],[121.5912348471,25.0687346475]]]},"properties":{"section_id":"ZQUWI20","section_name":"民權東路 成功路-民權隧道","travel_speed":44.0,"level_name":"順暢","level_color":"#19FF1C","data_time":"2025-12-29 20:48:00+08:00"}},{"type":"Feature","geometry":{"type":"Polygon","coordinates":[[[121.5836709914,25.0685606838],[121.5836701852,25.068560578],[121.5836681069,25.0685599418],[121.582877714,25.0683683257],[121.5814119797,25.0679669244],[121.5807484286,25.0677094279],[121.5802909128,25.0674330125],[121.5802909041,25.0674330083],[121.5802908964,25.0674330026],[121.579708695,25.0670814042],[121.5796914594,25.0670730921],[121.5796877572,25.0670724364],[121.5796850977,25.0670709495],[121.578928184,25.0668425073],[121.5789275853,25.0668424205],[121.578925152,25.0668416411],[121.5780122461,25.0665953972],[121.5748096823,25.0656991051],[121.5690500629,25.0637662189],[121.5690496105,25.0637661463],[121.5690458259,25.0637648952],[121.5682317748,25.0635291468],[121.5682285086,25.0635286916],[121.5682207723,25.0635265823],[121.5677614649,25.0634447363],[121.5677601189,25.0634446201],[121.5677589746,25.0634443225],[121.5666615208,25.0632751381],[121.566661253,25.0632751181],[121.5666610572,25.0632750676],[121.5660789606,25.0631879122],[121.5660624686,25.0631867174],[121.5660245708,25.0631937341],[121.5659925057,25.0632134265],[121.565971155,25.0632427968],[121.5659637691,25.0632773736],[121.5659714724,25.0633118929],[121.5659930923,25.0633410994],[121.5660253373,25.0633605467],[121.5660468063,25.0633660794],[121.5666286718,25.0634532001],[121.5677246472,25.0636221566],[121.568177131,25.0637027868],[121.5689836276,25.0639363474],[121.574743704,25.0658693869],[121.5747442688,25.0658694775],[121.574748856,25.065870971],[121.5779545059,25.0667681268],[121.5779547429,25.0667681587],[121.5779554717,25.0667683922],[121.5788673389,25.0670143559],[121.57961018,25.067238551],[121.5801813331,25.0675834773],[121.5801813413,25.0675834822],[121.5806464247,25.0678644698],[121.5806613327,25.0678716609],[121.5806623632,25.067872292],[121.5813393297,25.0681349945],[121.5813400276,25.0681351229],[121.5813406434,25.0681354942],[121.5813496398,25.0681383949],[121.5828221498,25.0685416519],[121.5828229901,25.0685417627],[121.5828251943,25.0685424376],[121.583615669,25.0687340735],[121.5840051456,25.0688400774],[121.5840339527,25.0688438559],[121.5840718512,25.0688368347],[121.5841039147,25.0688171384],[121.584125262,25.0687877655],[121.5841326431,25.0687531879],[121.5841249343,25.0687186697],[121.5841033092,25.068689466],[121.5840710601,25.0686700227],[121.5840619036,25.0686670784],[121.5836709914,25.0685606838]]]},"properties":{"section_id":"ZQEUU60","section_name":"民權東路 瑞光路-撫遠街","travel_speed":39.0,"level_name":"順暢","level_color":"#19FF1C","data_time":"2025-12-29 20:48:00+08:00"}},{"type":"Feature","geometry":{"type":"Polygon","coordinates":[[[121.5905057504,25.0689370105],[121.5904948046,25.0689252794],[121.5904625544,25.0689058375],[121.5904245905,25.0688991164],[121.5904222642,25.0688995475],[121.5904201864,25.0688992231],[121.5894263671,25.0689434442],[121.5894258086,25.0689435595],[121.5894219212,25.0689437334],[121.5889346779,25.0689854744],[121.5881821372,25.068979909],[121.5875150927,25.0689622854],[121.5869052521,25.0689229],[121.586404089,25.068888383],[121.5864013846,25.0688882954],[121.5864009746,25.0688882134],[121.5858912121,25.0688677707],[121.585322035,25.0688434348],[121.5848086671,25.068817081],[121.5843227981,25.0687323827],[121.584303737,25.0687307741],[121.5842658386,25.0687377954],[121.584233775,25.0687574918],[121.5842124278,25.0687868646],[121.5842050467,25.0688214422],[121.5842127556,25.0688559604],[121.5842343807,25.0688851641],[121.58426663,25.0689046074],[121.5842855324,25.0689097215],[121.5847778758,25.0689955484],[121.5847879295,25.0689963968],[121.5847909304,25.0689970147],[121.5853113446,25.0690237302],[121.5853117452,25.0690236674],[121.585312274,25.0690237739],[121.5858820605,25.0690481359],[121.5858821867,25.0690481155],[121.585882348,25.0690481478],[121.5863906965,25.0690685337],[121.586890536,25.0691029595],[121.5868909108,25.0691029717],[121.5868909988,25.0691029904],[121.5875031377,25.0691425242],[121.5875049162,25.0691422576],[121.5875072739,25.0691427124],[121.5881774238,25.0691604179],[121.5881783984,25.0691602527],[121.5881794925,25.0691604529],[121.588938123,25.0691660633],[121.5889387312,25.0691659543],[121.5889393593,25.0691660655],[121.5889482093,25.0691656696],[121.589438266,25.0691236876],[121.5903757379,25.0690819739],[121.5903982213,25.0691107172],[121.590409167,25.0691224483],[121.5904414172,25.0691418902],[121.5904793813,25.0691486113],[121.5905172794,25.0691415884],[121.590549342,25.0691218907],[121.5905706878,25.069092517],[121.590578067,25.0690579391],[121.5905703564,25.0690234213],[121.5905596755,25.0690059495],[121.5905057504,25.0689370105]]]},"properties":{"section_id":"ZQKVX60","section_name":"民權東往西　成功路-瑞光路","travel_speed":42.0,"level_name":"順暢","level_color":"#19FF1C","data_time":"2025-12-29 20:48:00+08:00"}},{"type":"Feature","geometry":{"type":"Polygon","coordinates":[[[121.6012138976,25.0674169937],[121.6012086037,25.0674118014],[121.6012085549,25.0674117352],[121.600825794,25.0670637846],[121.6008256484,25.0670636966],[121.6008255498,25.0670635634],[121.6007982914,25.0670461317],[121.6002328277,25.0668015642],[121.6002303215,25.0668010551],[121.6002278349,25.0667995563],[121.6001989913,25.0667931836],[121.5994717094,25.0667349459],[121.5994625892,25.0667345999],[121.5994403131,25.0667370018],[121.5990410512,25.0668226218],[121.5990254304,25.066827245],[121.5990253425,25.066827299],[121.5990252392,25.0668273182],[121.5986569928,25.0669688177],[121.5986551052,25.0669699801],[121.5986531433,25.0669703855],[121.5974719463,25.0674791947],[121.597471108,25.067479735],[121.5974703508,25.0674798979],[121.5952823628,25.0684663389],[121.5948470913,25.0686050009],[121.5944290051,25.0687019814],[121.5939537696,25.0687409813],[121.5912998967,25.0688632031],[121.5912665697,25.0688701119],[121.5912345073,25.0688898098],[121.5912199005,25.0689069285],[121.5911044136,25.0690822889],[121.5910976749,25.069094544],[121.5910902958,25.0691291219],[121.5910980065,25.0691636397],[121.5911196334,25.0691928424],[121.5911518837,25.0692122841],[121.5911898478,25.0692190051],[121.5912277459,25.069211982],[121.5912598084,25.0691922841],[121.5912744153,25.0691751654],[121.591362707,25.0690410991],[121.5939657292,25.0689212186],[121.593966228,25.0689211152],[121.5939696173,25.0689209696],[121.5944546852,25.0688811628],[121.5944603142,25.0688798892],[121.5944702528,25.0688787344],[121.5949002016,25.0687790022],[121.5949067692,25.0687769984],[121.5949084628,25.0687767329],[121.59535358,25.0686349344],[121.5953588243,25.0686319188],[121.5953648262,25.0686306273],[121.5975574992,25.0676420738],[121.5987359898,25.0671344303],[121.5990946046,25.0669966317],[121.5994702274,25.066916081],[121.6001638858,25.0669716263],[121.6006978383,25.067202565],[121.6010657308,25.0675369998],[121.6017309078,25.0682461754],[121.6017364948,25.0682516551],[121.6017687465,25.0682710945],[121.6018067109,25.0682778127],[121.601844608,25.068270787],[121.6018766685,25.0682510869],[121.6018980114,25.0682217116],[121.6019053874,25.0681871332],[121.6018976737,25.068152616],[121.6018816315,25.0681288946],[121.6012138976,25.0674169937]]]},"properties":{"section_id":"ZQKWL60","section_name":"民權東路 民權隧道-成功路","travel_speed":47.0,"level_name":"順暢","level_color":"#19FF1C","data_time":"2025-12-29 20:48:00+08:00"}},{"type":"Feature","geometry":{"type":"Polygon","coordinates":[[[121.52392093,25.0581682338],[121.5239216339,25.0581683646],[121.5254033448,25.0581870163],[121.5254429975,25.058180018],[121.525475068,25.0581603342],[121.5254964276,25.0581309695],[121.5255038247,25.0580963945],[121.525496133,25.058061873],[121.5254745235,25.0580326604],[121.5254422862,25.0580132041],[121.5254060827,25.0580064741],[121.5239300236,25.0579878936],[121.5230435848,25.0578842033],[121.5230305772,25.0578834686],[121.5229926784,25.0578904743],[121.5229606076,25.0579101576],[121.5229392474,25.0579395219],[121.5229318496,25.0579740968],[121.5229395406,25.0580086185],[121.5229611495,25.0580378315],[121.5229933864,25.0580572883],[121.5230183362,25.0580632921],[121.5239103803,25.058167638],[121.52392093,25.0581682338]]]},"properties":{"section_id":"ZN5HV60","section_name":"民生西路 雙連站-中山北路","travel_speed":39.0,"level_name":"順暢","level_color":"#19FF1C","data_time":"2025-12-29 20:48:00+08:00"}},{"type":"Feature","geometry":{"type":"Polygon","coordinates":[[[121.5256315365,25.0579729461],[121.5255945968,25.0579799448],[121.5255625264,25.0579996286],[121.5255411668,25.0580289933],[121.5255337698,25.0580635683],[121.5255414615,25.0580980899],[121.525563071,25.0581273024],[121.5255953084,25.0581467587],[121.5256342249,25.0581534889],[121.5273961962,25.058131709],[121.5274331358,25.0581247099],[121.5274652059,25.0581050256],[121.5274865651,25.0580756607],[121.5274939615,25.0580410856],[121.5274862693,25.0580065642],[121.5274646594,25.0579773519],[121.5274324217,25.057957896],[121.5273935052,25.0579511663],[121.5256315365,25.0579729461]]]},"properties":{"section_id":"ZN5IG20","section_name":"民生東路 新生北路-林森北路","travel_speed":38.0,"level_name":"順暢","level_color":"#19FF1C","data_time":"2025-12-29 20:48:00+08:00"}},{"type":"Feature","geometry":{"type":"Polygon","coordinates":[[[121.5329829779,25.0578845706],[121.5330193326,25.0578775789],[121.5330514018,25.0578578935],[121.5330727595,25.0578285278],[121.5330801544,25.0577939524],[121.5330724606,25.0577594313],[121.5330508494,25.0577302198],[121.533018611,25.0577107652],[121.5329791098,25.0577040457],[121.5278444368,25.0577952436],[121.5278080818,25.0578022341],[121.5277760118,25.0578219184],[121.5277546528,25.0578512833],[121.5277472564,25.0578858584],[121.5277549487,25.0579203799],[121.5277765587,25.0579495922],[121.5278087964,25.0579690479],[121.5278482974,25.0579757687],[121.5329829779,25.0578845706]]]},"properties":{"section_id":"ZN5JX20","section_name":"民生東路 新生北路-松江路","travel_speed":45.0,"level_name":"順暢","level_color":"#19FF1C","data_time":"2025-12-29 20:48:00+08:00"}},{"type":"Feature","geometry":{"type":"Polygon","coordinates":[[[121.5278291266,25.0579555858],[121.5277927715,25.0579625762],[121.5277607015,25.0579822606],[121.5277393424,25.0580116255],[121.527731946,25.0580462006],[121.5277396384,25.0580807221],[121.5277612484,25.0581099343],[121.5277934861,25.0581293901],[121.5278329872,25.0581361109],[121.5329676744,25.0580449132],[121.5330040291,25.0580379215],[121.5330360983,25.0580182361],[121.5330574561,25.0579888704],[121.533064851,25.057954295],[121.5330571572,25.0579197739],[121.533035546,25.0578905624],[121.5330033075,25.0578711078],[121.5329638063,25.0578643884],[121.5278291266,25.0579555858]]]},"properties":{"section_id":"ZN8PT60","section_name":"民生東路 松江路-新生北路","travel_speed":43.0,"level_name":"順暢","level_color":"#19FF1C","data_time":"2025-12-29 20:48:00+08:00"}},{"type":"Feature","geometry":{"type":"Polygon","coordinates":[[[121.5332759909,25.0579225831],[121.5332388855,25.0579295857],[121.5332068163,25.0579492711],[121.5331854586,25.0579786369],[121.5331780637,25.0580132122],[121.5331857576,25.0580477333],[121.5332073688,25.0580769448],[121.5332396074,25.0580963993],[121.533278358,25.0581031295],[121.5365561427,25.0580674358],[121.536593248,25.0580604324],[121.5366253166,25.0580407462],[121.5366466735,25.05801138],[121.5366540674,25.0579768045],[121.5366463725,25.0579422835],[121.5366247605,25.0579130726],[121.5365925215,25.0578936188],[121.5365537707,25.0578868895],[121.5332759909,25.0579225831]]]},"properties":{"section_id":"ZN5JX60","section_name":"民生東路 建國北路-松江路","travel_speed":41.0,"level_name":"順暢","level_color":"#19FF1C","data_time":"2025-12-29 20:48:00+08:00"}},{"type":"Feature","geometry":{"type":"Polygon","coordinates":[[[121.5461647848,25.0575772279],[121.5461649343,25.0575771997],[121.5461650777,25.0575772245],[121.5474363268,25.057560605],[121.5487600742,25.0575557193],[121.5487979714,25.0575487071],[121.5488300379,25.0575290183],[121.5488513918,25.0574996504],[121.5488587822,25.0574650743],[121.548851084,25.0574305541],[121.5488294692,25.0574013449],[121.5487972285,25.0573818938],[121.5487592701,25.0573751619],[121.5474350137,25.0573800495],[121.5474344968,25.0573801451],[121.547433992,25.0573800581],[121.5461623805,25.0573966822],[121.5443794215,25.0574151712],[121.5443422528,25.0574221772],[121.5443101856,25.057441865],[121.5442888306,25.0574712323],[121.5442814389,25.0575058081],[121.5442891358,25.0575403287],[121.5443107496,25.0575695385],[121.5443429897,25.0575889906],[121.5443816766,25.0575957185],[121.5461647848,25.0575772279]]]},"properties":{"section_id":"ZMYN820","section_name":"民生東路 復興北路-敦化北路","travel_speed":49.0,"level_name":"順暢","level_color":"#19FF1C","data_time":"2025-12-29 20:48:00+08:00"}},{"type":"Feature","geometry":{"type":"Polygon","coordinates":[[[121.5474363933,25.0576905713],[121.5474358764,25.0576906669],[121.5474353716,25.0576905798],[121.546163762,25.057707204],[121.5444482698,25.0577248325],[121.5444110908,25.0577318386],[121.5443790235,25.0577515265],[121.5443576685,25.0577808938],[121.5443502768,25.0578154696],[121.5443579738,25.0578499901],[121.5443795876,25.0578791999],[121.5444118278,25.057898652],[121.5444505046,25.05790538],[121.546166151,25.0578877498],[121.5461663057,25.0578877207],[121.5461664542,25.0578877463],[121.5474377064,25.0578711268],[121.5487614572,25.057866241],[121.5487993545,25.0578592288],[121.548831421,25.05783954],[121.548852775,25.0578101721],[121.5488601654,25.057775596],[121.5488524672,25.0577410757],[121.5488308523,25.0577118666],[121.5487986115,25.0576924155],[121.5487606531,25.0576856836],[121.5474363933,25.0576905713]]]},"properties":{"section_id":"ZMZM960","section_name":"民生東路 敦化北路-復興北路","travel_speed":46.0,"level_name":"順暢","level_color":"#19FF1C","data_time":"2025-12-29 20:48:00+08:00"}},{"type":"Feature","geometry":{"type":"Polygon","coordinates":[[[121.554991073,25.0581824199],[121.5550007543,25.0581828153],[121.5550386513,25.0581758015],[121.5550707169,25.0581561113],[121.5550920694,25.0581267426],[121.5550994581,25.0580921662],[121.5550917581,25.0580576463],[121.5550701417,25.0580284381],[121.5550378998,25.0580089884],[121.5550096222,25.0580026535],[121.5493956601,25.057521909],[121.5493859789,25.0575215133],[121.5493480818,25.0575285256],[121.5493160154,25.0575482145],[121.5492946616,25.0575775825],[121.5492872713,25.0576121586],[121.5492949697,25.0576466788],[121.5493165846,25.0576758879],[121.5493488255,25.0576953389],[121.5493771028,25.0577016749],[121.554991073,25.0581824199]]]},"properties":{"section_id":"ZN8PG20","section_name":"民生東路 敦化北路-光復北路","travel_speed":38.0,"level_name":"順暢","level_color":"#19FF1C","data_time":"2025-12-29 20:48:00+08:00"}},{"type":"Feature","geometry":{"type":"Polygon","coordinates":[[[121.5493966719,25.0577488287],[121.5493869907,25.0577484329],[121.5493490935,25.0577554453],[121.5493170271,25.0577751342],[121.5492956732,25.0578045022],[121.5492882829,25.0578390782],[121.5492959813,25.0578735985],[121.5493175963,25.0579028075],[121.5493498372,25.0579222585],[121.5493781146,25.0579285945],[121.5549920952,25.0584093393],[121.5550017764,25.0584097347],[121.5550396735,25.0584027209],[121.5550717392,25.0583830308],[121.5550930917,25.058353662],[121.5551004804,25.0583190857],[121.5550927804,25.0582845658],[121.555071164,25.0582553576],[121.555038922,25.0582359078],[121.5550106444,25.0582295729],[121.5493966719,25.0577488287]]]},"properties":{"section_id":"ZMYN860","section_name":"民生東路 光復北路-敦化北路","travel_speed":35.0,"level_name":"順暢","level_color":"#19FF1C","data_time":"2025-12-29 20:48:00+08:00"}},{"type":"Feature","geometry":{"type":"Polygon","coordinates":[[[121.5602014832,25.0585552323],[121.5602024493,25.0585552668],[121.5602026791,25.0585553157],[121.5612962707,25.0586254692],[121.5612962751,25.0586254686],[121.5612962813,25.0586254699],[121.5627901109,25.0587211397],[121.562793421,25.0587206428],[121.562797474,25.0587213612],[121.5628353707,25.0587143454],[121.562844629,25.058710285],[121.5631585968,25.0585538315],[121.5631814028,25.0585382001],[121.5632027534,25.0585088302],[121.5632101398,25.0584742535],[121.5632024376,25.0584397341],[121.5631808192,25.0584105271],[121.563148576,25.0583910791],[121.5631106166,25.0583843509],[121.5630727201,25.0583913668],[121.5630634618,25.0583954273],[121.5627750052,25.0585391682],[121.5613101954,25.0584453568],[121.5613101902,25.0584453564],[121.5602172036,25.0583752417],[121.555323319,25.058006937],[121.5553147495,25.0580066311],[121.5552768525,25.058013645],[121.555244787,25.0580333351],[121.5552234346,25.0580627039],[121.5552160459,25.0580972803],[121.5552237459,25.0581318002],[121.5552453624,25.0581610083],[121.5552776043,25.058180458],[121.5553069937,25.0581868823],[121.5602014832,25.0585552323]]]},"properties":{"section_id":"ZNCRE20","section_name":"民生東路 光復北路-三民路","travel_speed":44.0,"level_name":"順暢","level_color":"#19FF1C","data_time":"2025-12-29 20:48:00+08:00"}},{"type":"Feature","geometry":{"type":"Polygon","coordinates":[[[121.5628427029,25.0588039289],[121.5628206786,25.0587925308],[121.5627923802,25.0587861956],[121.5612786501,25.0586569567],[121.5612768154,25.058656882],[121.5612763626,25.0586567857],[121.5601833689,25.0585866704],[121.555289476,25.0582183648],[121.5552809064,25.0582180589],[121.5552430095,25.0582250727],[121.5552109439,25.0582447629],[121.5551895914,25.0582741317],[121.5551822027,25.058308708],[121.5551899027,25.0583432279],[121.5552115192,25.0583724361],[121.5552437612,25.0583918858],[121.5552731506,25.0583983101],[121.5601676484,25.0587666611],[121.5601686145,25.0587666955],[121.5601688444,25.0587667444],[121.5612612931,25.0588368247],[121.5627459677,25.058963583],[121.5629227982,25.0590847186],[121.5629448226,25.0590961167],[121.5629827822,25.059102845],[121.5630206789,25.0590958291],[121.5630527435,25.0590761373],[121.5630740942,25.0590467674],[121.5630814807,25.0590121907],[121.5630737784,25.0589776713],[121.56305216,25.0589484643],[121.563041941,25.0589404145],[121.5628427029,25.0588039289]]]},"properties":{"section_id":"ZN9PZ60","section_name":"民生東路 三民路-光復北路","travel_speed":44.0,"level_name":"順暢","level_color":"#19FF1C","data_time":"2025-12-29 20:48:00+08:00"}},{"type":"Feature","geometry":{"type":"Polygon","coordinates":[[[121.5087252202,25.0566581149],[121.5087238573,25.0566578719],[121.5083828228,25.0566585761],[121.5083447755,25.0566655784],[121.5083127026,25.0566852586],[121.5082913391,25.0567146208],[121.5082839373,25.056749195],[121.5082916241,25.0567837176],[121.5083132293,25.0568129328],[121.5083454637,25.0568323928],[121.508383272,25.0568391355],[121.5087229934,25.056838434],[121.5098237552,25.0568627364],[121.5106315813,25.0568813913],[121.510631791,25.0568813554],[121.5106320304,25.0568814007],[121.5115885682,25.0568995326],[121.5135647994,25.0569498528],[121.5136058435,25.0569428842],[121.5136379156,25.0569232029],[121.5136592779,25.0568938399],[121.5136666782,25.0568592654],[121.5136589899,25.0568247432],[121.5136373834,25.0567955288],[121.5136051482,25.0567760699],[121.5135703368,25.0567693636],[121.5115937543,25.0567190343],[121.5115934247,25.0567190903],[121.5115930458,25.0567190186],[121.5106363798,25.0567008843],[121.5098287239,25.0566822333],[121.5098286723,25.0566822421],[121.5098286129,25.0566822308],[121.508726484,25.0566578982],[121.5087252202,25.0566581149]]]},"properties":{"section_id":"ZMTG520","section_name":"民生西路 環河北路-重慶北路","travel_speed":38.0,"level_name":"順暢","level_color":"#19FF1C","data_time":"2025-12-29 20:48:00+08:00"}},{"type":"Feature","geometry":{"type":"Polygon","coordinates":[[[121.5155343899,25.0567822038],[121.5155333576,25.0567820086],[121.5139204989,25.0567517686],[121.5138801831,25.0567587535],[121.5138481111,25.0567784348],[121.5138267488,25.0568077979],[121.5138193486,25.0568423723],[121.513827037,25.0568768946],[121.5138486435,25.0569061089],[121.5138808787,25.0569255677],[121.5139164185,25.0569322901],[121.5155233735,25.0569624193],[121.5178788936,25.0572639822],[121.5178930664,25.0572648601],[121.5179309654,25.0572578558],[121.5179630369,25.0572381736],[121.5179843982,25.05720881],[121.5179917973,25.0571742353],[121.5179841077,25.0571397133],[121.5179625002,25.0571104996],[121.5179302642,25.0570910416],[121.5179064803,25.0570851797],[121.5155451136,25.0567828682],[121.5155343899,25.0567822038]]]},"properties":{"section_id":"ZMUGG20","section_name":"民生西路 重慶北路-承德路","travel_speed":43.0,"level_name":"順暢","level_color":"#19FF1C","data_time":"2025-12-29 20:48:00+08:00"}},{"type":"Feature","geometry":{"type":"Polygon","coordinates":[[[121.5225933505,25.0578540159],[121.5226076569,25.0578549105],[121.5226455558,25.0578479049],[121.5226776266,25.0578282217],[121.5226989869,25.0577988574],[121.5227063847,25.0577642826],[121.5226986938,25.0577297608],[121.522677085,25.0577005478],[121.5226448482,25.0576810909],[121.5226211974,25.0576752469],[121.520732076,25.0574310724],[121.5207177697,25.0574301776],[121.5206798708,25.0574371827],[121.5206477997,25.0574568655],[121.520626439,25.0574862295],[121.5206190406,25.0575208042],[121.520626731,25.0575553261],[121.5206483392,25.0575845394],[121.5206805757,25.0576039967],[121.5207042264,25.057609841],[121.5225933505,25.0578540159]]]},"properties":{"section_id":"ZN5HV20","section_name":"民生西　中山北(往東)","travel_speed":41.0,"level_name":"順暢","level_color":"#19FF1C","data_time":"2025-12-29 20:48:00+08:00"}},{"type":"Feature","geometry":{"type":"Polygon","coordinates":[[[121.5115786622,25.0568619654],[121.5115783326,25.0568620213],[121.5115779538,25.0568619496],[121.5106212866,25.0568438153],[121.5098136298,25.0568251642],[121.5098135781,25.056825173],[121.5098135187,25.0568251617],[121.5087113886,25.056800829],[121.5087101248,25.0568010458],[121.5087087619,25.0568008027],[121.508367727,25.0568015069],[121.5083296797,25.0568085092],[121.5082976067,25.0568281894],[121.5082762432,25.0568575516],[121.5082688414,25.0568921258],[121.5082765282,25.0569266484],[121.5082981334,25.0569558636],[121.5083303678,25.0569753236],[121.5083681761,25.0569820663],[121.5087078979,25.0569813648],[121.5098086611,25.0570056673],[121.5106164881,25.0570243223],[121.5106166978,25.0570242864],[121.5106169372,25.0570243317],[121.5115734761,25.0570424636],[121.5135497096,25.0570927841],[121.5135907538,25.0570858154],[121.5136228259,25.0570661341],[121.5136441882,25.0570367711],[121.5136515885,25.0570021967],[121.5136439002,25.0569676744],[121.5136222937,25.05693846],[121.5135900585,25.0569190012],[121.513555247,25.0569122948],[121.5115786622,25.0568619654]]]},"properties":{"section_id":"ZMSEX60","section_name":"民生西路 重慶北路-環河北路","travel_speed":48.0,"level_name":"順暢","level_color":"#19FF1C","data_time":"2025-12-29 20:48:00+08:00"}},{"type":"Feature","geometry":{"type":"Polygon","coordinates":[[[121.5155594649,25.0569978446],[121.5155484444,25.0569971443],[121.5155473685,25.0569969408],[121.513934507,25.0569667011],[121.5138941911,25.0569736859],[121.513862119,25.0569933673],[121.5138407568,25.0570227303],[121.5138333565,25.0570573048],[121.5138410449,25.057091827],[121.5138626515,25.0571210414],[121.5138948868,25.0571405002],[121.5139304266,25.0571472225],[121.5155372119,25.0571773483],[121.5178700126,25.0574835226],[121.5178845258,25.0574844446],[121.5179224248,25.0574774402],[121.5179544964,25.057457758],[121.5179758577,25.0574283944],[121.5179832568,25.0573938198],[121.5179755672,25.0573592978],[121.5179539597,25.0573300841],[121.5179217237,25.0573106261],[121.5178982801,25.0573048083],[121.5155594649,25.0569978446]]]},"properties":{"section_id":"ZMTG560","section_name":"民生西路 承德路-重慶北路","travel_speed":41.0,"level_name":"順暢","level_color":"#19FF1C","data_time":"2025-12-29 20:48:00+08:00"}},{"type":"Feature","geometry":{"type":"Polygon","coordinates":[[[121.5207591571,25.0576340148],[121.5207448508,25.05763312],[121.5207069518,25.0576401251],[121.5206748807,25.0576598079],[121.52065352,25.0576891719],[121.5206461216,25.0577237466],[121.520653812,25.0577582685],[121.5206754202,25.0577874818],[121.5207076568,25.0578069391],[121.5207313075,25.0578127834],[121.5226204348,25.0580569578],[121.5226347412,25.0580578525],[121.5226726402,25.0580508469],[121.5227047111,25.0580311637],[121.5227260714,25.0580017994],[121.5227334692,25.0579672245],[121.5227257782,25.0579327028],[121.5227041694,25.0579034898],[121.5226719326,25.0578840329],[121.5226482817,25.0578781889],[121.5207591571,25.0576340148]]]},"properties":{"section_id":"ZMTHB60","section_name":"民生西路 中山北路-雙連站","travel_speed":32.0,"level_name":"車多","level_color":"#F8C920","data_time":"2025-12-29 20:48:00+08:00"}},{"type":"Feature","geometry":{"type":"Polygon","coordinates":[[[121.5183482462,25.0573275116],[121.5183342261,25.0573266531],[121.5182963271,25.0573336576],[121.5182642556,25.0573533399],[121.5182428944,25.0573827035],[121.5182354954,25.0574172782],[121.518243185,25.0574518002],[121.5182647927,25.0574810139],[121.5182970288,25.0575004717],[121.5183209655,25.057506353],[121.5205249124,25.0577852852],[121.5205389326,25.0577861434],[121.5205768316,25.0577791383],[121.5206089028,25.0577594556],[121.5206302635,25.0577300916],[121.5206376619,25.0576955168],[121.5206299716,25.057660995],[121.5206083633,25.0576317816],[121.5205761269,25.0576123243],[121.52055219,25.0576064434],[121.5183482462,25.0573275116]]]},"properties":{"section_id":"ZMXH820","section_name":"民生西路 雙連站-承德路","travel_speed":32.0,"level_name":"車多","level_color":"#F8C920","data_time":"2025-12-29 20:48:00+08:00"}},{"type":"Feature","geometry":{"type":"Polygon","coordinates":[[[121.5719086541,25.0453531132],[121.5719084674,25.0453530831],[121.5673465737,25.0455140959],[121.5673121009,25.045521046],[121.5672800406,25.0455407387],[121.5672586931,25.0455701092],[121.5672513085,25.0456046861],[121.567259011,25.0456392054],[121.567280628,25.0456684118],[121.5673128685,25.045687859],[121.5673542437,25.0456945194],[121.5719159416,25.0455335134],[121.5737719476,25.045474888],[121.5737723461,25.0454748085],[121.5737726838,25.0454748623],[121.5749885977,25.0454281966],[121.57760829,25.0453662311],[121.5776440313,25.0453592412],[121.5776760899,25.0453395463],[121.5776974348,25.0453101743],[121.5777048165,25.045275597],[121.577697111,25.0452410782],[121.5776754917,25.0452118734],[121.5776432498,25.0451924285],[121.5776031435,25.0451857335],[121.5749826546,25.0452477179],[121.5749817962,25.0452478857],[121.5749810542,25.0452477675],[121.57376471,25.0452944496],[121.5719088723,25.0453530696],[121.5719086541,25.0453531132]]]},"properties":{"section_id":"ZKDTY20","section_name":"永吉路 基隆路-松山路","travel_speed":58.0,"level_name":"順暢","level_color":"#19FF1C","data_time":"2025-12-29 20:48:00+08:00"}},{"type":"Feature","geometry":{"type":"Polygon","coordinates":[[[121.5356399058,25.0106167123],[121.5356555492,25.0106240932],[121.5356934925,25.0106308288],[121.5357313761,25.0106238201],[121.5357634326,25.0106041342],[121.5357847818,25.010574768],[121.5357921733,25.0105401924],[121.535784482,25.0105056711],[121.5357628787,25.0104764597],[121.5357462957,25.0104643863],[121.5272012301,25.0055081453],[121.5271855878,25.0055007635],[121.5271476465,25.0054940257],[121.5271097639,25.0055010322],[121.5270777073,25.0055207163],[121.5270563569,25.0055500812],[121.5270489631,25.0055846565],[121.5270566517,25.0056191783],[121.5270782521,25.005648391],[121.5270948336,25.0056604654],[121.5356399058,25.0106167123]]]},"properties":{"section_id":"ZCNKM20","section_name":"福和橋(往東)","travel_speed":26.0,"level_name":"車多","level_color":"#F8C920","data_time":"2025-12-29 20:48:00+08:00"}},{"type":"Feature","geometry":{"type":"Polygon","coordinates":[[[121.5283958949,25.0409957587],[121.5283968659,25.0409954647],[121.5283974372,25.0409953954],[121.5296019735,25.0407022263],[121.5296022945,25.0407021265],[121.5296024653,25.0407021054],[121.5309673561,25.0403630374],[121.5315419357,25.0402497396],[121.5322335755,25.0401542427],[121.5322570084,25.0401482534],[121.5322890731,25.0401285682],[121.5323104281,25.0400992026],[121.5323178222,25.0400646272],[121.5323101298,25.0400301059],[121.532288522,25.0400008942],[121.5322562884,25.0399814393],[121.5322183362,25.0399747031],[121.5322038762,25.0399757217],[121.5315091625,25.0400716431],[121.5315064954,25.0400723247],[121.5315030481,25.040072667],[121.5309228593,25.0401870708],[121.5309197603,25.0401879593],[121.5309177516,25.040188208],[121.529550571,25.0405278447],[121.5283470518,25.0408207661],[121.5262297586,25.0413029815],[121.5262155135,25.0413072933],[121.5261834475,25.0413269772],[121.5261620908,25.041356342],[121.5261546949,25.0413909171],[121.5261623857,25.0414254387],[121.5261839923,25.0414546513],[121.5262162254,25.0414741075],[121.5262541777,25.0414808453],[121.5262778262,25.0414781507],[121.5283958949,25.0409957587]]]},"properties":{"section_id":"ZJWJ720","section_name":"濟南路 杭州南路-新生南路","travel_speed":33.0,"level_name":"車多","level_color":"#F8C920","data_time":"2025-12-29 20:48:00+08:00"}},{"type":"Feature","geometry":{"type":"Polygon","coordinates":[[[121.5315896461,25.0402374609],[121.531586979,25.0402381425],[121.5315835317,25.0402384848],[121.5310033422,25.0403528889],[121.5310002431,25.0403537774],[121.5309982345,25.0403540261],[121.529631579,25.0406935327],[121.5262913759,25.041470649],[121.5262776164,25.041474849],[121.5262455504,25.041494533],[121.5262241937,25.0415238977],[121.5262167978,25.0415584728],[121.5262244886,25.0415929945],[121.5262460953,25.0416222071],[121.5262783284,25.0416416633],[121.5263162808,25.041648401],[121.5263404151,25.0416455946],[121.5296813984,25.0408682967],[121.5296823943,25.0408679926],[121.5296829467,25.0408679242],[121.5310478391,25.0405288555],[121.5316224194,25.0404155574],[121.5323140601,25.0403200601],[121.532337493,25.0403140708],[121.5323695577,25.0402943856],[121.5323909127,25.0402650199],[121.5323983068,25.0402304446],[121.5323906144,25.0401959233],[121.5323690065,25.0401667116],[121.5323367729,25.0401472567],[121.5322988207,25.0401405205],[121.5322843607,25.0401415392],[121.5315896461,25.0402374609]]]},"properties":{"section_id":"ZJBJ960","section_name":"濟南路 新生南路-杭州南路","travel_speed":45.0,"level_name":"順暢","level_color":"#19FF1C","data_time":"2025-12-29 20:48:00+08:00"}},{"type":"Feature","geometry":{"type":"Polygon","coordinates":[[[121.4922018722,25.0328933413],[121.4922042334,25.0328958342],[121.4922050325,25.0328970443],[121.4941642581,25.0350734902],[121.4941710647,25.0350803093],[121.4942032912,25.0350997726],[121.4942412399,25.0351065186],[121.4942791336,25.0350995203],[121.4943112032,25.0350798432],[121.4943325665,25.0350504829],[121.494339971,25.0350159092],[121.4943322896,25.0349813858],[121.4943174982,25.0349589875],[121.4923599048,25.0327843577],[121.4916754901,25.0319379285],[121.4916655235,25.0319274063],[121.4916332983,25.0319079424],[121.4915953506,25.0319011957],[121.4915574578,25.0319081933],[121.4915253885,25.0319278698],[121.4915040251,25.0319572297],[121.4914966199,25.0319918033],[121.4915043004,25.0320263269],[121.4915159306,25.0320450225],[121.4922018722,25.0328933413]]]},"properties":{"section_id":"ZHPBV00","section_name":"環河南路 雙園街-和平西路","travel_speed":32.0,"level_name":"車多","level_color":"#F8C920","data_time":"2025-12-29 20:48:00+08:00"}},{"type":"Feature","geometry":{"type":"Polygon","coordinates":[[[121.6161632213,25.0438556415],[121.6161631809,25.0438558018],[121.6161630354,25.043855989],[121.6158609618,25.0444238205],[121.6158607315,25.0444247438],[121.61585996,25.044425762],[121.6156160229,25.0449135074],[121.6154178512,25.0452940421],[121.6154164451,25.0452997918],[121.6154132302,25.0453045791],[121.6153143974,25.0455788351],[121.6153142874,25.045579471],[121.6153133541,25.0455819145],[121.615231145,25.0458408878],[121.6152286217,25.0458573808],[121.6152272965,25.0458630363],[121.6152126463,25.0462738668],[121.6152129683,25.0462754574],[121.6152125951,25.0462772084],[121.615217823,25.0463057357],[121.6153363182,25.0466247326],[121.6153377659,25.0466268449],[121.6153384302,25.0466298941],[121.6155455796,25.0470924918],[121.6156064115,25.0472768469],[121.6156080058,25.0472808931],[121.6156081487,25.0472816243],[121.615769959,25.0476882707],[121.6158523873,25.0479249091],[121.6158938545,25.0480650166],[121.6159224407,25.048171473],[121.6159187033,25.0483064306],[121.6158999402,25.048553771],[121.6158056703,25.0492427242],[121.6158049425,25.049253811],[121.6158049093,25.0492539652],[121.6158050962,25.049460413],[121.6157699801,25.0496860069],[121.6156455656,25.0499921032],[121.615644977,25.0499951348],[121.6156406125,25.0500093687],[121.6156152062,25.0501559321],[121.6156139943,25.0501704242],[121.6156148515,25.0501742591],[121.6156143232,25.0501773747],[121.6156386064,25.0504477616],[121.6156387313,25.0504482274],[121.6156388413,25.0504500253],[121.6156777414,25.0507805091],[121.6156784896,25.0507831558],[121.6156790799,25.0507884925],[121.6157362161,25.0510502187],[121.6157420302,25.0510675378],[121.6157423377,25.0510679529],[121.6157424473,25.0510684299],[121.6158854212,25.0513697416],[121.6158855819,25.0513699561],[121.6158856372,25.0513701934],[121.6160493324,25.0517100667],[121.6161792396,25.0519875771],[121.6163225825,25.0528506916],[121.6163291852,25.0528721152],[121.616350815,25.0529013143],[121.6163830649,25.0529207506],[121.6164210252,25.0529274652],[121.6164589167,25.0529204358],[121.6164909708,25.0529007326],[121.6165123076,25.0528713552],[121.6165196787,25.0528367761],[121.6165185647,25.0528236833],[121.6163733356,25.0519492197],[121.6163667329,25.0519277961],[121.6163665672,25.0519275723],[121.6163665081,25.0519273119],[121.6162314562,25.0516388122],[121.6162311536,25.0516384063],[121.616231048,25.0516379525],[121.6160672545,25.0512978761],[121.6159285651,25.0510055949],[121.6158743476,25.0507572402],[121.6158360531,25.0504319059],[121.6158128384,25.0501734216],[121.6158348591,25.0500463883],[121.6159595472,25.0497396178],[121.6159602381,25.0497360586],[121.6159647316,25.0497209456],[121.6160023273,25.0494794193],[121.6160032687,25.0494668569],[121.6160033089,25.0494666702],[121.6160031209,25.0492594584],[121.6160969609,25.0485736392],[121.6160972159,25.0485697547],[121.6160974861,25.0485686965],[121.6161165863,25.0483169067],[121.6161162756,25.0483151973],[121.6161167906,25.0483129596],[121.6161209157,25.0481639919],[121.6161206487,25.0481626996],[121.6161209462,25.0481613042],[121.6161181089,25.0481402639],[121.6160861065,25.0480210859],[121.616085641,25.0480198002],[121.6160855279,25.0480190357],[121.6160431915,25.0478759922],[121.6160421418,25.0478732033],[121.6160419667,25.0478721882],[121.6159582729,25.0476319179],[121.6159570815,25.0476289653],[121.6159569822,25.0476284571],[121.6157954292,25.047222459],[121.6157340319,25.0470363909],[121.6157309473,25.0470285626],[121.6157308857,25.04702828],[121.6155230928,25.0465642468],[121.615411327,25.046263367],[121.6154249904,25.0458801921],[121.6155032619,25.0456336216],[121.6155995962,25.0453662977],[121.6157954211,25.0449902685],[121.6157955702,25.0449896587],[121.6157960669,25.0449890032],[121.6160398328,25.0445015987],[121.6163412997,25.0439349061],[121.6170687399,25.0425822416],[121.6170788449,25.0425421114],[121.6170711287,25.0425075949],[121.6170495006,25.0424783959],[121.6170172534,25.0424589597],[121.6169792963,25.0424522452],[121.616941408,25.0424592747],[121.6169093566,25.0424789779],[121.6168907563,25.0425028043],[121.6161632213,25.0438556415]]]},"properties":{"section_id":"ZKP4L00","section_name":"研究院路 舊莊路-忠孝東路","travel_speed":31.0,"level_name":"車多","level_color":"#F8C920","data_time":"2025-12-29 20:48:00+08:00"}},{"type":"Feature","geometry":{"type":"Polygon","coordinates":[[[121.6161631286,25.0346498767],[121.6161615885,25.0346488953],[121.6156475914,25.0344285101],[121.6156049454,25.0344199171],[121.6155670595,25.0344269462],[121.6155350099,25.0344466491],[121.615513676,25.0344760263],[121.6155063056,25.0345106054],[121.6155140208,25.034545122],[121.615535647,25.0345743213],[121.6155632005,25.0345918798],[121.6160724802,25.0348102423],[121.6164475853,25.0350174296],[121.6167010544,25.0353397052],[121.6168426757,25.0356685623],[121.6169405288,25.0361252656],[121.6169797309,25.0366886132],[121.6169892976,25.0377082637],[121.6169657415,25.0381714687],[121.6169661582,25.0381736099],[121.6169656363,25.0381760583],[121.6169663678,25.0381866037],[121.6169917379,25.0383756364],[121.6169987223,25.0383996075],[121.6170005534,25.0384020796],[121.6170011892,25.038404543],[121.6172182848,25.0388064266],[121.6173519811,25.0393047408],[121.6175862346,25.0403586344],[121.6175542369,25.0406749008],[121.6174541623,25.0408711279],[121.6171841614,25.0411774579],[121.6171835816,25.0411783547],[121.6171818054,25.0411802402],[121.6169401546,25.04147739],[121.6169315356,25.041491333],[121.6169293066,25.0414942975],[121.6167924356,25.0417733102],[121.6167921152,25.041774694],[121.6167911833,25.0417759772],[121.6167838128,25.0418105564],[121.6167850467,25.042057219],[121.6167896861,25.0420841101],[121.616873287,25.0423241518],[121.6168763637,25.0423317771],[121.6168979917,25.0423609761],[121.6169302389,25.0423804124],[121.6169681959,25.0423871269],[121.6170060842,25.0423800974],[121.6170381356,25.0423603941],[121.6170594704,25.0423310167],[121.6170668408,25.0422964376],[121.6170622014,25.0422695464],[121.6169831707,25.0420426282],[121.6169821027,25.0418292036],[121.6171058419,25.0415769597],[121.6173399078,25.0412891363],[121.6176162328,25.0409756307],[121.6176246044,25.0409626837],[121.6176288338,25.040957146],[121.6177412097,25.0407367978],[121.6177416818,25.04073483],[121.6177430648,25.0407329256],[121.6177500177,25.0407070443],[121.6177849263,25.0403620004],[121.6177853435,25.0403533026],[121.6177833732,25.0403357968],[121.6175458363,25.0392671388],[121.6175451899,25.0392652252],[121.6175449737,25.0392636207],[121.6174082365,25.0387539757],[121.6174033533,25.0387404831],[121.6174015223,25.038738011],[121.6174008864,25.0387355476],[121.6171864242,25.0383385399],[121.6171641039,25.0381722334],[121.6171873989,25.0377141463],[121.6171869472,25.0377118251],[121.6171875015,25.0377091965],[121.6171778867,25.0366845972],[121.6171772836,25.0366819263],[121.6171776918,25.0366796568],[121.6171379107,25.036108001],[121.6171372557,25.0361054558],[121.6171362736,25.0360964168],[121.6170354652,25.035625924],[121.6170308278,25.035612021],[121.6170304549,25.0356102468],[121.6168810383,25.0352632896],[121.61688041,25.0352624195],[121.6168801676,25.0352613351],[121.6168693403,25.0352436795],[121.6165968603,25.0348972329],[121.6165860609,25.0348856894],[121.6165676841,25.0348726168],[121.6161707653,25.034653381],[121.6161631286,25.0346498767]]]},"properties":{"section_id":"ZJM4U00","section_name":"研究院路 研究院路-舊莊路","travel_speed":41.0,"level_name":"順暢","level_color":"#19FF1C","data_time":"2025-12-29 20:48:00+08:00"}},{"type":"Feature","geometry":{"type":"Polygon","coordinates":[[[121.6160622559,25.0520767818],[121.6160605707,25.0520714262],[121.6160598957,25.0520670067],[121.6159847026,25.0518213907],[121.6159806277,25.0518107142],[121.6159789903,25.0518085037],[121.6159784189,25.0518062605],[121.6158164366,25.0515018787],[121.6157303938,25.0513255671],[121.6155474574,25.0507365653],[121.6154964712,25.0504545113],[121.6155355962,25.0500545417],[121.6155942762,25.0498861646],[121.6156825672,25.0496488962],[121.6156836735,25.0496426958],[121.6156871234,25.049630545],[121.6157096914,25.049457185],[121.615709855,25.0494545605],[121.6157100648,25.0494537588],[121.6157515951,25.0489812471],[121.6158032888,25.0486450412],[121.6158035405,25.0486416394],[121.6158038674,25.0486404112],[121.6158223925,25.0484481213],[121.615822771,25.0484398178],[121.6158219084,25.0484359591],[121.6158224385,25.0484328283],[121.6157993506,25.0481771158],[121.6157986787,25.0481746112],[121.6157979456,25.0481676804],[121.6157628436,25.04799922],[121.6157609139,25.0479933809],[121.6157603494,25.0479899534],[121.6156929861,25.0477867767],[121.6156924235,25.0477853518],[121.6156923478,25.0477849238],[121.6155719817,25.0474482251],[121.615571566,25.0474472068],[121.6155715225,25.0474469719],[121.6152411043,25.0465666545],[121.6152394704,25.0465642788],[121.6152387297,25.0465609627],[121.6151585556,25.0463867205],[121.6150946847,25.0461289274],[121.615113377,25.0458659062],[121.6151581967,25.0457264132],[121.6151998812,25.0456052927],[121.6152723074,25.0454247136],[121.6158095609,25.044392468],[121.6164312833,25.0432162952],[121.6167803201,25.0425640149],[121.6167903395,25.0425240446],[121.6167826233,25.0424895281],[121.6167609953,25.042460329],[121.6167287482,25.0424408927],[121.6166907911,25.0424341782],[121.6166529028,25.0424412076],[121.6166208514,25.0424609108],[121.6166021652,25.0424848969],[121.6162530234,25.0431373718],[121.616252978,25.0431375529],[121.6162528157,25.0431377622],[121.6156308589,25.0443143752],[121.6156308015,25.0443146064],[121.615630601,25.0443148668],[121.6150912543,25.0453511312],[121.6150902681,25.0453551658],[121.6150877173,25.0453588267],[121.615012927,25.0455452994],[121.61501284,25.0455457536],[121.615011447,25.0455492738],[121.6149687904,25.0456732183],[121.6149687265,25.0456736046],[121.6149682424,25.0456748656],[121.614920081,25.0458247583],[121.6149182584,25.0458365315],[121.6149162974,25.0458442865],[121.6148959734,25.0461302629],[121.6148964948,25.0461330931],[121.6148957673,25.0461365057],[121.614898198,25.0461559716],[121.6149671302,25.0464341954],[121.6149723979,25.0464491959],[121.614972403,25.046449219],[121.6150546438,25.0466279531],[121.6153837444,25.0475047634],[121.6155035554,25.0478399108],[121.615569094,25.0480375849],[121.6156022418,25.048196668],[121.6156242097,25.0484399806],[121.6156066444,25.0486223039],[121.6155548977,25.0489588516],[121.6155546021,25.0489628455],[121.6155542557,25.0489641691],[121.6155126411,25.0494376319],[121.6154915182,25.049599889],[121.6154062515,25.0498290293],[121.6154062004,25.0498293152],[121.6154056514,25.0498306948],[121.6153433903,25.0500093469],[121.6153418772,25.0500183795],[121.6153391356,25.0500286512],[121.6152979305,25.0504498796],[121.6152975403,25.0504583031],[121.6152988562,25.050472561],[121.6153527891,25.050770919],[121.6153545384,25.0507764559],[121.6153552154,25.0507808279],[121.6155415973,25.051380926],[121.6155455715,25.0513912758],[121.6155461823,25.0513921004],[121.6155463993,25.0513930215],[121.6156359828,25.0515765891],[121.615637024,25.0515779632],[121.6156373637,25.0515792971],[121.6157961719,25.0518777151],[121.6158674918,25.0521106808],[121.6159922699,25.052810372],[121.6159987052,25.0528308235],[121.6160203349,25.0528600226],[121.6160525847,25.052879459],[121.616090545,25.0528861736],[121.6161284365,25.0528791443],[121.6161604907,25.0528594412],[121.6161818275,25.0528300639],[121.6161891987,25.0527954848],[121.6161879174,25.0527814199],[121.6160622559,25.0520767818]]]},"properties":{"section_id":"ZKE4M40","section_name":"研究院路 忠孝東路-舊莊路","travel_speed":41.0,"level_name":"順暢","level_color":"#19FF1C","data_time":"2025-12-29 20:48:00+08:00"}},{"type":"Feature","geometry":{"type":"Polygon","coordinates":[[[121.6116017598,25.0330498662],[121.6116010484,25.0330500032],[121.6108588138,25.0333454387],[121.610828101,25.033364619],[121.6108067661,25.0333939956],[121.6107993944,25.0334285745],[121.6108071083,25.0334630913],[121.6108287332,25.0334922913],[121.6108609772,25.033511729],[121.6108989312,25.0335184451],[121.6109381544,25.0335108956],[121.6116736704,25.0332181342],[121.6118133925,25.0331837014],[121.6119926101,25.0331804094],[121.6122911897,25.033273198],[121.6127194475,25.0334337032],[121.6129768716,25.0335920612],[121.613313532,25.0338416935],[121.6136616215,25.0341454211],[121.6139368416,25.0343983814],[121.6139372124,25.0343986071],[121.6139374676,25.0343989516],[121.613953664,25.0344107848],[121.6140868275,25.0344887128],[121.6141028758,25.0344963166],[121.6141152381,25.0345000784],[121.6143114226,25.034546964],[121.6143370148,25.0345499175],[121.614338043,25.0345497267],[121.6143390225,25.0345498906],[121.6148317007,25.0345387553],[121.6148323819,25.0345386224],[121.6148416685,25.0345380705],[121.6151284119,25.0345050514],[121.6152184088,25.0344987026],[121.6153278894,25.0345130219],[121.6154285354,25.034542438],[121.6154592552,25.0345467522],[121.6154971412,25.0345397231],[121.6155291908,25.0345200202],[121.6155505247,25.0344906429],[121.6155578951,25.0344560638],[121.6155501799,25.0344215472],[121.6155285537,25.034392348],[121.615489074,25.0343705106],[121.615380491,25.0343387747],[121.6153748052,25.0343379762],[121.6153643028,25.0343353757],[121.615235745,25.0343185612],[121.6152212134,25.034317646],[121.6152172646,25.0343183786],[121.6152140138,25.0343179145],[121.6151107184,25.0343252015],[121.6151097279,25.0343254197],[121.6151059425,25.0343256447],[121.6148217825,25.0343583663],[121.6143481352,25.0343690714],[121.6141807175,25.0343290607],[121.6140699295,25.034264227],[121.6138014661,25.0340174772],[121.6138003642,25.0340168066],[121.6137996294,25.0340158324],[121.6134477218,25.0337087736],[121.6134473539,25.0337085559],[121.6134417322,25.0337039538],[121.6130985384,25.0334494772],[121.6130960815,25.0334481485],[121.6130914392,25.0334446764],[121.6128219577,25.0332789012],[121.6128043909,25.0332703432],[121.6128042049,25.0332702308],[121.612363764,25.0331051597],[121.6123604839,25.033104576],[121.6123580561,25.0331032053],[121.6120400619,25.0330043832],[121.6120076241,25.0329995502],[121.612006835,25.0329996965],[121.6120060745,25.0329995676],[121.6117972503,25.0330034034],[121.6117947662,25.0330038827],[121.6117733744,25.0330065169],[121.6116148459,25.0330455843],[121.6116023856,25.0330494815],[121.6116017598,25.0330498662]]]},"properties":{"section_id":"ZHM3N40","section_name":"研究院路 四段-三段","travel_speed":56.0,"level_name":"順暢","level_color":"#19FF1C","data_time":"2025-12-29 20:48:00+08:00"}},{"type":"Feature","geometry":{"type":"Polygon","coordinates":[[[121.6165419982,25.0422051873],[121.6165422317,25.042206424],[121.6166382884,25.0424568523],[121.6166620864,25.0424911985],[121.6166943336,25.0425106348],[121.6167322907,25.0425173493],[121.616770179,25.0425103199],[121.6168022304,25.0424906167],[121.6168235654,25.0424612393],[121.6168309359,25.0424266602],[121.6168253898,25.0423972908],[121.6167305193,25.042149956],[121.6166958237,25.0420328413],[121.6167090875,25.041913934],[121.6167471361,25.0417080341],[121.616807442,25.0415741711],[121.6168666565,25.0414835221],[121.617082561,25.0412622903],[121.6170829149,25.0412617731],[121.6170853469,25.0412593077],[121.617392246,25.0409159312],[121.6173972295,25.0409082838],[121.6174030263,25.040901092],[121.6174820762,25.0407647428],[121.6174861763,25.0407567471],[121.6174865517,25.0407549859],[121.6174875086,25.0407536135],[121.6175389023,25.0406257095],[121.6175401437,25.0406192446],[121.6175445311,25.040602881],[121.6175564334,25.0404840692],[121.617556669,25.0404791066],[121.6175567998,25.0404785443],[121.6175617154,25.0403277694],[121.6175614139,25.0403262919],[121.617561758,25.0403246773],[121.6175610949,25.0403146551],[121.6175425359,25.0401693449],[121.6175414833,25.0401656894],[121.6175407462,25.0401598135],[121.6174876071,25.0399463311],[121.6174401444,25.0397536362],[121.6174400846,25.0397534656],[121.6174400667,25.0397533232],[121.6173180938,25.0392662295],[121.6173178966,25.0392656702],[121.6173178397,25.0392652406],[121.6172010645,25.0388219587],[121.6171960837,25.0388080988],[121.6171925558,25.0388012565],[121.6170291424,25.0385160031],[121.6169523475,25.0383794015],[121.616919703,25.0382436364],[121.6169051152,25.0377202624],[121.6169148932,25.0372438033],[121.6169144346,25.0372416227],[121.6169148672,25.0372394482],[121.6168859917,25.0363495064],[121.6168859509,25.036349335],[121.6168859806,25.0363491843],[121.6168718212,25.0359598411],[121.6168673984,25.0359414057],[121.6168648504,25.035929444],[121.6167539071,25.035675508],[121.6166949846,25.0354831284],[121.6166909142,25.0354724651],[121.6166898177,25.0354709848],[121.6166894309,25.0354694044],[121.6165537678,25.0352029488],[121.6165501368,25.035198237],[121.6165407502,25.0351839719],[121.6164171444,25.0350455178],[121.6164100187,25.0350383563],[121.6164023138,25.0350320905],[121.616137685,25.03483849],[121.6161261131,25.0348322793],[121.6161191438,25.0348277687],[121.615772441,25.0346734285],[121.6155033795,25.0345522524],[121.6154590173,25.0345429051],[121.6154211313,25.0345499341],[121.6153890817,25.034569637],[121.6153677477,25.0345990143],[121.6153603773,25.0346335933],[121.6153680925,25.03466811],[121.6153897187,25.0346973093],[121.615415556,25.0347141135],[121.6156848219,25.0348353816],[121.6156850086,25.034835421],[121.6156852305,25.0348355646],[121.6160222116,25.034985577],[121.616270029,25.0351668785],[121.6163791916,25.0352891546],[121.6165062573,25.035538725],[121.616564437,25.0357286802],[121.6165676856,25.0357371907],[121.6165678159,25.0357378022],[121.6166743176,25.035981573],[121.6166878976,25.0363550023],[121.6167166959,25.0372426058],[121.616706921,25.0377188768],[121.6167073378,25.0377208586],[121.6167069357,25.0377228562],[121.6167218181,25.0382568313],[121.6167222251,25.0382585598],[121.6167240814,25.0382738577],[121.6167614962,25.0384294632],[121.6167669178,25.038445073],[121.6167692862,25.0384482706],[121.616770096,25.0384512992],[121.6168529168,25.03859862],[121.6168530062,25.0385987313],[121.6168532665,25.0385992361],[121.6170111998,25.0388749243],[121.6171249915,25.0393068833],[121.6172468006,25.0397933256],[121.6172942489,25.0399859635],[121.6172942868,25.0399860715],[121.6172942982,25.0399861624],[121.6173462864,25.0401950223],[121.6173633961,25.0403289866],[121.6173587851,25.0404704163],[121.6173483359,25.0405747213],[121.617303697,25.040685814],[121.6172323597,25.0408088598],[121.6169330146,25.041143784],[121.6167122664,25.0413699787],[121.6167096097,25.0413738611],[121.6167011669,25.0413837956],[121.6166333843,25.041487561],[121.6166269097,25.0414993926],[121.6166268665,25.0414994519],[121.6165595768,25.0416488165],[121.6165595642,25.0416488756],[121.6165595276,25.041648926],[121.6165535311,25.0416681065],[121.616513104,25.0418868764],[121.6165127473,25.0418908735],[121.6165122366,25.0418927365],[121.616496796,25.0420311572],[121.6164962892,25.0420406957],[121.6164997114,25.042063808],[121.6165401079,25.0422001668],[121.6165419982,25.0422051873]]]},"properties":{"section_id":"ZHX4E40","section_name":"研究院路 舊莊路-研究院路","travel_speed":46.0,"level_name":"順暢","level_color":"#19FF1C","data_time":"2025-12-29 20:48:00+08:00"}},{"type":"Feature","geometry":{"type":"Polygon","coordinates":[[[121.5217972714,25.0282867743],[121.5217980087,25.0282859322],[121.5225146216,25.0272562806],[121.5225226306,25.0272421603],[121.5225300268,25.0272075853],[121.522522338,25.0271730634],[121.5225007348,25.0271438501],[121.5224685061,25.027124393],[121.5224305584,25.0271176542],[121.5223926689,25.0271246596],[121.5223606059,25.0271443427],[121.5223472597,25.0271595866],[121.5216313038,25.0281882922],[121.5204903394,25.0297411071],[121.5204902579,25.0297412466],[121.5204901449,25.0297413728],[121.5191117975,25.0316316291],[121.5182250263,25.0328283512],[121.5182247873,25.0328287581],[121.5182244561,25.0328291292],[121.5170877535,25.0343979111],[121.5170787576,25.0344134191],[121.5170713595,25.0344479937],[121.5170790473,25.0344825159],[121.5171006506,25.03451173],[121.5171328804,25.0345311882],[121.5171708301,25.0345379283],[121.5172087222,25.0345309243],[121.5172407879,25.0345112422],[121.5172531498,25.0344973867],[121.5183895684,25.032928994],[121.519276257,25.0317323811],[121.5192764268,25.0317320921],[121.519276666,25.0317318248],[121.5206551183,25.0298414212],[121.5217966674,25.0282878076],[121.5217972714,25.0282867743]]]},"properties":{"section_id":"ZGTHG00","section_name":"羅斯福路 和平東路-愛國東路","travel_speed":47.0,"level_name":"順暢","level_color":"#19FF1C","data_time":"2025-12-29 20:48:00+08:00"}},{"type":"Feature","geometry":{"type":"Polygon","coordinates":[[[121.5234815885,25.0251097992],[121.5234814443,25.0251099566],[121.5222430012,25.026726675],[121.5222325646,25.0267441187],[121.5222251683,25.0267786936],[121.522232857,25.0268132156],[121.5222544601,25.0268424289],[121.5222866887,25.026861886],[121.5223246363,25.0268686249],[121.5223625257,25.0268616195],[121.5223945886,25.0268419364],[121.5224055071,25.0268300159],[121.523643836,25.0252134438],[121.5247925816,25.0237264374],[121.5250662721,25.0233760264],[121.5253124463,25.0231058812],[121.5255283421,25.0228933754],[121.5260949519,25.022395122],[121.5273951099,25.02126321],[121.5281953127,25.0205859717],[121.5281964135,25.0205845229],[121.5281982017,25.0205834252],[121.5284618552,25.0203414067],[121.5284628863,25.0203399891],[121.5284642807,25.0203391],[121.5288543245,25.0199547715],[121.5288732653,25.0199277002],[121.5288806593,25.019893125],[121.5288729693,25.0198586033],[121.5288513659,25.019829391],[121.5288191381,25.0198099352],[121.5287811924,25.019803198],[121.5287433055,25.0198102049],[121.5287088339,25.0198321833],[121.5283199803,25.0202153386],[121.5280589781,25.0204549231],[121.5272597357,25.0211313479],[121.5272593652,25.0211318356],[121.5272587176,25.0211322219],[121.5259578744,25.0222647293],[121.5259577404,25.0222649083],[121.525957516,25.0222650428],[121.5253887189,25.0227652191],[121.5253870981,25.0227673965],[121.5253848141,25.0227688518],[121.5251652082,25.0229850093],[121.5251649128,25.0229854311],[121.5251616887,25.0229886664],[121.5249114517,25.0232632696],[121.5249103909,25.0232648789],[121.5249069554,25.0232685951],[121.5246309763,25.0236219357],[121.5246308714,25.0236221092],[121.5246306793,25.023622318],[121.523481671,25.0251096619],[121.5234815885,25.0251097992]]]},"properties":{"section_id":"ZEVIV40","section_name":"羅斯福路 和平東路-辛亥路","travel_speed":44.0,"level_name":"順暢","level_color":"#19FF1C","data_time":"2025-12-29 20:48:00+08:00"}},{"type":"Feature","geometry":{"type":"Polygon","coordinates":[[[121.5283197179,25.020873509],[121.5283202706,25.0208731697],[121.5291428243,25.0201178086],[121.5291641766,25.0200884433],[121.5291715705,25.0200538681],[121.5291638804,25.0200193465],[121.5291422769,25.0199901342],[121.5291100491,25.0199706784],[121.5290721033,25.0199639413],[121.5290342164,25.0199709483],[121.5290021563,25.0199906328],[121.5281800557,25.020745577],[121.5276732341,25.0211990574],[121.5272703553,25.0215213025],[121.5272694489,25.0215224604],[121.5272677336,25.0215234763],[121.5263517728,25.022310711],[121.5263514687,25.0223111145],[121.5263509527,25.022311424],[121.525782157,25.0228116017],[121.525781386,25.0228126375],[121.5257802024,25.022813369],[121.5254236396,25.0231448383],[121.5254235544,25.0231449562],[121.5254183645,25.0231501479],[121.5252096045,25.0233778107],[121.5252081762,25.0233799699],[121.5252038395,25.0233847523],[121.5238744546,25.0251569159],[121.5227144281,25.0266896044],[121.5227043097,25.0267066302],[121.5226969136,25.0267412051],[121.5227046024,25.0267757271],[121.5227262056,25.0268049403],[121.5227584343,25.0268243974],[121.5227963819,25.0268311361],[121.5228342713,25.0268241306],[121.5228663341,25.0268044474],[121.5228775707,25.0267921089],[121.5240377126,25.0252592654],[121.5240378024,25.0252591143],[121.5240379448,25.0252589573],[121.5253647454,25.0234902355],[121.5255679171,25.0232686668],[121.5259207628,25.0229406526],[121.5264881599,25.0224417042],[121.527402419,25.0216559313],[121.5278060463,25.0213330873],[121.5278074989,25.0213312317],[121.5278101024,25.0213296556],[121.5283193584,25.0208739965],[121.5283197179,25.020873509]]]},"properties":{"section_id":"ZG9HT00","section_name":"羅斯福路 辛亥路-和平東路","travel_speed":28.0,"level_name":"車多","level_color":"#F8C920","data_time":"2025-12-29 20:48:00+08:00"}},{"type":"Feature","geometry":{"type":"Polygon","coordinates":[[[121.5295227103,25.0194406793],[121.5295027478,25.0194687424],[121.529495354,25.0195033177],[121.5295030442,25.0195378393],[121.5295246477,25.0195670516],[121.5295568755,25.0195865072],[121.5295948212,25.0195932443],[121.529632708,25.0195862371],[121.5296661575,25.0195652503],[121.5327423293,25.0166241638],[121.5327622906,25.0165961002],[121.5327696834,25.0165615248],[121.5327619924,25.0165270033],[121.5327403888,25.0164977915],[121.5327081613,25.0164783366],[121.5326702164,25.0164716003],[121.5326323308,25.0164786083],[121.5325988826,25.0164995957],[121.5295227103,25.0194406793]]]},"properties":{"section_id":"ZELJA00","section_name":"羅斯福路 新生南路-辛亥路","travel_speed":48.0,"level_name":"順暢","level_color":"#19FF1C","data_time":"2025-12-29 20:48:00+08:00"}},{"type":"Feature","geometry":{"type":"Polygon","coordinates":[[[121.5368268452,25.0118028236],[121.5368253116,25.0118058187],[121.5368249417,25.0118062996],[121.5365546289,25.0123276977],[121.5362346908,25.0127864836],[121.5356528134,25.0134754909],[121.534950559,25.0141921753],[121.5349327794,25.0142180849],[121.5349253874,25.0142526605],[121.5349330788,25.0142871818],[121.5349546826,25.0143163933],[121.5349869098,25.0143358478],[121.5350248542,25.0143425835],[121.535062739,25.0143355749],[121.535098367,25.0143124328],[121.5358030296,25.0135932897],[121.5358036624,25.0135923676],[121.5358076435,25.0135882203],[121.536394441,25.012893386],[121.5363962862,25.0128904651],[121.5363995437,25.0128867472],[121.5367251875,25.0124197786],[121.5367297532,25.0124117364],[121.5367311489,25.0124099222],[121.5370031932,25.0118851826],[121.5372233504,25.0115039135],[121.5372273551,25.0114960923],[121.5372347462,25.0114615166],[121.5372270544,25.0114269954],[121.5372054506,25.0113977842],[121.5371732238,25.0113783302],[121.5371352802,25.0113715951],[121.5370973965,25.0113786041],[121.5370653399,25.0113982903],[121.5370479956,25.0114198354],[121.5368268452,25.0118028236]]]},"properties":{"section_id":"ZDTJW00","section_name":"羅斯福路 舟山路-新生南路","travel_speed":47.0,"level_name":"順暢","level_color":"#19FF1C","data_time":"2025-12-29 20:48:00+08:00"}},{"type":"Feature","geometry":{"type":"Polygon","coordinates":[[[121.5413913908,24.9938126436],[121.5413907873,24.9938077718],[121.5412173399,24.9931037393],[121.5412120537,24.9930886359],[121.5411904523,24.9930594252],[121.5411582297,24.993039972],[121.5411202916,24.9930332377],[121.5410824137,24.9930402477],[121.5410503625,24.9930599347],[121.5410290176,24.9930893016],[121.5410216284,24.9931238776],[121.5410240339,24.9931432953],[121.5411964757,24.9938432502],[121.5412494445,24.9942173065],[121.5412766407,24.9947842963],[121.5412810665,24.9954265232],[121.5412591862,24.9957331379],[121.5411257438,24.9964930345],[121.5409995817,24.9970038797],[121.5408467856,24.9974364411],[121.5405656646,24.9981271464],[121.540565631,24.998127319],[121.5405655446,24.9981274427],[121.5403442038,24.9986771544],[121.5403441452,24.9986774584],[121.5403439976,24.9986776713],[121.5401183946,24.999248696],[121.5401181019,24.9992502421],[121.5401174403,24.9992512284],[121.5400193459,24.9995247001],[121.5400144433,24.9995531111],[121.5400221351,24.9995876322],[121.5400437375,24.999616843],[121.5400759616,24.9996362965],[121.5401139017,24.999643031],[121.5401517817,24.9996360212],[121.5401838347,24.9996163344],[121.5402076681,24.9995808027],[121.5403053057,24.9993086036],[121.540530308,24.9987390972],[121.5407514845,24.9981897917],[121.541033298,24.9974973824],[121.5410337398,24.9974951131],[121.5410347157,24.9974936507],[121.5411895431,24.9970553369],[121.541189893,24.9970532789],[121.541191891,24.9970474959],[121.5413197146,24.9965299202],[121.5413200572,24.9965270584],[121.5413208874,24.9965243634],[121.5414555538,24.9957574896],[121.5414561066,24.9957509895],[121.5414565897,24.9957490818],[121.5414790001,24.9954350314],[121.5414784631,24.9954321078],[121.541479207,24.9954286054],[121.5414747464,24.9947814735],[121.5414743482,24.9947796966],[121.5414746538,24.9947780977],[121.5414471925,24.9942056006],[121.5414469556,24.994204636],[121.5414464722,24.994197988],[121.5413923788,24.9938159945],[121.5413913908,24.9938126436]]]},"properties":{"section_id":"Z2TLL00","section_name":"羅斯福路 景中街-景隆街","travel_speed":48.0,"level_name":"順暢","level_color":"#19FF1C","data_time":"2025-12-29 20:48:00+08:00"}},{"type":"Feature","geometry":{"type":"Polygon","coordinates":[[[121.5384109403,25.0035858872],[121.5384117412,25.0035946173],[121.5385560293,25.0043949585],[121.5385624112,25.0044152023],[121.5385840141,25.0044444133],[121.5386162393,25.0044638671],[121.5386541808,25.0044706019],[121.5386920624,25.0044635924],[121.5387241169,25.0044439059],[121.5387454643,25.0044145393],[121.5387528546,25.0043799636],[121.5387515449,25.0043656862],[121.5386081811,25.0035704795],[121.5385905196,25.0032333054],[121.5386160759,25.0028867885],[121.5386820393,25.0025940492],[121.5387894105,25.0022654551],[121.5394294898,25.000647923],[121.5394295522,25.000647594],[121.5394297064,25.0006473701],[121.5398012606,24.999688916],[121.5398069175,24.9996584836],[121.5397992257,24.9996239625],[121.5397776235,24.9995947516],[121.5397453994,24.9995752981],[121.5397074593,24.9995685635],[121.5396695793,24.9995755732],[121.5396375262,24.9995952599],[121.5396144469,24.9996287701],[121.5392429986,25.000586947],[121.5386020736,25.0022066101],[121.5386019518,25.0022072526],[121.5386003191,25.0022114711],[121.5384909169,25.0025462796],[121.538490518,25.002548809],[121.5384888215,25.0025538853],[121.53842064,25.002856466],[121.5384196771,25.0028652753],[121.5384188381,25.0028685717],[121.538392449,25.0032263735],[121.5383933564,25.003231346],[121.5383923387,25.0032367322],[121.5384105433,25.0035842858],[121.5384109403,25.0035858872]]]},"properties":{"section_id":"Z2WKS40","section_name":"羅斯福路 興隆路-景隆街","travel_speed":54.0,"level_name":"順暢","level_color":"#19FF1C","data_time":"2025-12-29 20:48:00+08:00"}},{"type":"Feature","geometry":{"type":"Polygon","coordinates":[[[121.5399503244,24.999288586],[121.5399504773,24.9992878144],[121.5399508605,24.9992872617],[121.5401763622,24.998716496],[121.5403975402,24.998167191],[121.5406793557,24.9974747823],[121.5406797975,24.997472513],[121.5406807734,24.9974710507],[121.540835602,24.9970327371],[121.5408359519,24.9970306792],[121.54083795,24.9970248962],[121.540965775,24.9965073208],[121.5409661176,24.996504459],[121.5409669479,24.9965017639],[121.5411016164,24.9957348905],[121.5411021692,24.9957283904],[121.5411026524,24.9957264827],[121.5411250636,24.9954124323],[121.5411245266,24.9954095087],[121.5411252705,24.9954060063],[121.5411208118,24.9947588744],[121.5411204135,24.9947570975],[121.5411207192,24.9947554986],[121.5410932596,24.9941830014],[121.5410930227,24.9941820368],[121.5410925393,24.9941753887],[121.541038447,24.9937933951],[121.5410365361,24.9937869142],[121.541035535,24.9937804201],[121.5408455337,24.9931670943],[121.5408415681,24.9931567433],[121.5408199667,24.9931275325],[121.5407877442,24.9931080792],[121.5407498061,24.9931013448],[121.5407119281,24.9931083547],[121.5406798768,24.9931280417],[121.5406585318,24.9931574085],[121.5406511426,24.9931919844],[121.5406548685,24.9932161545],[121.5408428893,24.9938230906],[121.5408955115,24.9941947068],[121.5409227061,24.9947616967],[121.5409271301,24.9954039236],[121.5409052489,24.9957105383],[121.5407718043,24.9964704347],[121.5406456408,24.9969812795],[121.5404928435,24.9974138406],[121.5402117205,24.9981045453],[121.5402116869,24.9981047179],[121.5402116005,24.9981048416],[121.5399902582,24.9986545528],[121.5399901996,24.9986548568],[121.539990052,24.9986550697],[121.5397647097,24.9992254298],[121.539669802,24.999454353],[121.539663409,24.9994866208],[121.5396711007,24.9995211419],[121.5396927029,24.9995503528],[121.539724927,24.9995698064],[121.5397628671,24.9995765409],[121.5398007471,24.9995695312],[121.5398328001,24.9995498445],[121.5398551433,24.9995181697],[121.5399503244,24.999288586]]]},"properties":{"section_id":"Z2KLN40","section_name":"羅斯福路 景隆街-景中路","travel_speed":54.0,"level_name":"順暢","level_color":"#19FF1C","data_time":"2025-12-29 20:48:00+08:00"}},{"type":"Feature","geometry":{"type":"Polygon","coordinates":[[[121.5373467006,25.0980477419],[121.537345296,25.0980485864],[121.5363516115,25.0989268192],[121.5363289159,25.0989573847],[121.5363215197,25.09899196],[121.5363292172,25.0990264808],[121.5363508366,25.0990556915],[121.5363830865,25.099075145],[121.5364210571,25.0990818799],[121.5364589678,25.0990748706],[121.5364897153,25.0990563838],[121.5374823106,25.0981791128],[121.5378203967,25.0978980855],[121.5380809601,25.0977994047],[121.5396846644,25.0973366646],[121.5399016096,25.0973075696],[121.540594876,25.0972495478],[121.5418934412,25.0971566406],[121.5418935928,25.0971566072],[121.5418942399,25.0971565805],[121.5441394321,25.0969792805],[121.5443810099,25.0970477743],[121.5452478886,25.0974384898],[121.5463897043,25.097959504],[121.5464345218,25.0979690699],[121.5464724315,25.0979620581],[121.5465045088,25.0979423697],[121.5465258701,25.0979130022],[121.5465332633,25.0978784264],[121.546525563,25.0978439062],[121.5465039415,25.097814697],[121.546478537,25.0977980793],[121.5453365041,25.097276966],[121.545336307,25.0972769239],[121.545336067,25.0972767678],[121.5444619465,25.0968827884],[121.5444588082,25.0968821259],[121.5444555371,25.096880153],[121.54444744,25.0968775011],[121.5441797639,25.0968016078],[121.5441498907,25.0967975268],[121.5441417236,25.0967978637],[121.5418775093,25.0969766659],[121.5405786905,25.0970695912],[121.5405784387,25.0970696467],[121.5405773815,25.0970696928],[121.5398807671,25.0971279948],[121.5398794001,25.0971283049],[121.5398753949,25.0971285794],[121.5396478772,25.0971590923],[121.5396384698,25.0971614766],[121.5396323742,25.0971623464],[121.5380169368,25.0976284719],[121.5380088826,25.0976311638],[121.5380088119,25.0976311768],[121.5377282675,25.0977374248],[121.5377281614,25.0977374897],[121.5377280353,25.097737513],[121.5376994985,25.0977541056],[121.5373475062,25.098046692],[121.5373467006,25.0980477419]]]},"properties":{"section_id":"ZWRLS20","section_name":"至善路 福林路-故宮路","travel_speed":45.0,"level_name":"順暢","level_color":"#19FF1C","data_time":"2025-12-29 20:48:00+08:00"}},{"type":"Feature","geometry":{"type":"Polygon","coordinates":[[[121.5453207626,25.097799943],[121.5453210299,25.097800115],[121.5463642897,25.0982575291],[121.5464077017,25.0982664662],[121.5464456116,25.0982594544],[121.5464776889,25.0982397661],[121.5464990502,25.0982103985],[121.5465064435,25.0981758228],[121.5464987432,25.0981413026],[121.5464771216,25.0981120934],[121.5464503116,25.0980948469],[121.5454079617,25.0976378318],[121.54422451,25.0970916555],[121.5442172604,25.0970886369],[121.5441858857,25.0970820798],[121.5439747739,25.0970700416],[121.543967704,25.0970711274],[121.5439607927,25.0970701438],[121.5420196399,25.0972093542],[121.5420196229,25.0972093554],[121.5407204193,25.0973023094],[121.5407201675,25.0973023649],[121.5407191103,25.097302411],[121.5400224947,25.0973607136],[121.5400211276,25.0973610238],[121.5400171224,25.0973612982],[121.5397896044,25.0973918114],[121.5397801969,25.0973941957],[121.5397741013,25.0973950655],[121.5381586615,25.0978611926],[121.5381506073,25.0978638845],[121.5381505366,25.0978638975],[121.5378699917,25.0979701457],[121.5378698856,25.0979702107],[121.5378697595,25.097970234],[121.5378412227,25.0979868266],[121.5374892301,25.0982794133],[121.5374878173,25.0982812546],[121.5374854984,25.0982826819],[121.5365340248,25.0991607628],[121.5365128508,25.0991899543],[121.5365054546,25.0992245296],[121.5365131522,25.0992590504],[121.5365347717,25.099288261],[121.5365670216,25.0993077146],[121.5366049924,25.0993144493],[121.5366429031,25.09930744],[121.5366751721,25.0992875791],[121.5376248267,25.0984111759],[121.5379621214,25.0981308063],[121.5382226851,25.0980321253],[121.5398263918,25.0975693837],[121.5400433374,25.0975402884],[121.540736605,25.0974822659],[121.5420351726,25.0973893575],[121.5420351826,25.0973893552],[121.5420351896,25.0973893562],[121.5439693756,25.0972506454],[121.5441530971,25.0972611218],[121.5453192213,25.0977993013],[121.5453207626,25.097799943]]]},"properties":{"section_id":"ZX9KL60","section_name":"福林路 雨農路-至善路","travel_speed":46.0,"level_name":"順暢","level_color":"#19FF1C","data_time":"2025-12-29 20:48:00+08:00"}},{"type":"Feature","geometry":{"type":"Polygon","coordinates":[[[121.5478761864,25.0987418305],[121.5478762811,25.098741871],[121.5478763103,25.0987418906],[121.5489256244,25.0992504746],[121.5498670007,25.0997648315],[121.5505915153,25.1002125285],[121.5505925926,25.1002130548],[121.550593536,25.1002137446],[121.5517938567,25.1009170686],[121.5522469274,25.1012911731],[121.5523961898,25.1014259789],[121.5529692793,25.1022127377],[121.5532697395,25.1026602468],[121.5532719504,25.1026627925],[121.5532738498,25.1026658828],[121.5533558098,25.1027696083],[121.5533590288,25.1027730419],[121.5533601081,25.1027746607],[121.5534499874,25.102872918],[121.5534563504,25.102879238],[121.5534668766,25.1028874958],[121.5535817306,25.102965531],[121.5535907663,25.1029701853],[121.5535958391,25.1029735337],[121.5537692782,25.103054391],[121.553776438,25.103057388],[121.5537765248,25.1030574406],[121.5539037868,25.1031054335],[121.5539039871,25.1031054694],[121.5539041591,25.1031055731],[121.5539148902,25.1031089346],[121.5541158814,25.1031603885],[121.5541160135,25.1031604049],[121.5541163142,25.1031604984],[121.5542872247,25.1032034913],[121.5543140336,25.1032067502],[121.5543519444,25.1031997364],[121.5543840217,25.1031800463],[121.554405382,25.1031506777],[121.5544127733,25.1031161016],[121.5544050704,25.1030815819],[121.5543834461,25.1030523739],[121.5543511924,25.1030329243],[121.5543400284,25.103029453],[121.5541693347,25.1029865146],[121.5539742259,25.1029365665],[121.5538560924,25.1028920161],[121.5536936331,25.1028162777],[121.5535948543,25.1027491645],[121.5535147209,25.1026615617],[121.553436983,25.1025631796],[121.5531375066,25.1021171367],[121.5531365327,25.1021160154],[121.5531355398,25.1021143253],[121.552555833,25.1013184833],[121.5525430285,25.1013042863],[121.5523849912,25.1011615558],[121.5523829976,25.1011603536],[121.5523817726,25.1011587762],[121.5519209936,25.1007783071],[121.5519182779,25.1007767478],[121.5519080437,25.100769265],[121.5507018575,25.1000625046],[121.549976057,25.0996140131],[121.5499733712,25.099612701],[121.5499713966,25.099611303],[121.5490254673,25.0990944586],[121.5490222497,25.0990929904],[121.5490210387,25.0990921775],[121.547969541,25.0985825353],[121.5467997443,25.0980136055],[121.5467906051,25.0980096916],[121.5467526342,25.0980029594],[121.5467147245,25.0980099713],[121.5466826473,25.0980296597],[121.546661286,25.0980590272],[121.5466538928,25.098093603],[121.5466615932,25.0981281232],[121.5466832148,25.0981573324],[121.5467063268,25.0981728698],[121.5478761864,25.0987418305]]]},"properties":{"section_id":"ZXWNW20","section_name":"至善路 故宮路-至善路","travel_speed":42.0,"level_name":"順暢","level_color":"#19FF1C","data_time":"2025-12-29 20:48:00+08:00"}},{"type":"Feature","geometry":{"type":"Polygon","coordinates":[[[121.5549358686,25.1034368012],[121.5549364216,25.1034369016],[121.5549369006,25.1034371898],[121.55582267,25.1037654192],[121.5565052721,25.1041488721],[121.5569849474,25.1045364304],[121.5571060894,25.1047547829],[121.5572623208,25.1051410125],[121.5573391707,25.1053708105],[121.5574051097,25.1057676914],[121.5574417659,25.10611563],[121.55748693,25.1065513034],[121.5575487887,25.1075696678],[121.5575370916,25.1077892126],[121.5575108118,25.1081209233],[121.5574216038,25.108606117],[121.5573016559,25.1090656269],[121.55720985,25.1094087442],[121.5572092317,25.1094135166],[121.557207949,25.1094178663],[121.5571771243,25.1096228498],[121.5571762087,25.1096354689],[121.5571762857,25.1096358138],[121.5571762146,25.1096361531],[121.5571786155,25.1098228862],[121.5571787439,25.1098234502],[121.5571804144,25.1098389801],[121.557221546,25.1100325219],[121.5572250375,25.1100430222],[121.5572256103,25.1100459728],[121.5573294909,25.1103084849],[121.5573307785,25.1103103235],[121.5573313258,25.1103127754],[121.5573395856,25.1103270084],[121.5579470749,25.1111798131],[121.5582162967,25.1115635588],[121.558220059,25.1115678037],[121.5582221734,25.1115710616],[121.5585292092,25.1119235117],[121.5585370719,25.1119315105],[121.5585693286,25.1119509591],[121.5586073044,25.1119576881],[121.5586452176,25.1119506731],[121.5586772965,25.1119309821],[121.5586986572,25.1119016129],[121.5587060478,25.1118670366],[121.5586983431,25.1118325172],[121.5586845789,25.1118113087],[121.5583806919,25.1114624736],[121.5581140123,25.1110823523],[121.5581138189,25.1110821341],[121.5581136396,25.111081825],[121.5575121824,25.1102374899],[121.5574147809,25.1099913515],[121.5573768033,25.1098126518],[121.5573745925,25.1096407217],[121.5574037286,25.1094469648],[121.5574943915,25.1091081174],[121.5574944168,25.1091079217],[121.5574945218,25.1091076243],[121.5576153072,25.1086449032],[121.5576156735,25.1086420055],[121.5576166335,25.1086389338],[121.557707162,25.1081465533],[121.557707723,25.1081402513],[121.5577082659,25.1081381429],[121.5577349642,25.1078011436],[121.5577348042,25.1078002546],[121.5577351047,25.1077990226],[121.5577471074,25.1075737356],[121.5577462055,25.1075690688],[121.5577470725,25.1075643757],[121.5576848215,25.1065395807],[121.5576846961,25.1065390842],[121.5576845341,25.1065360825],[121.557639181,25.1060985941],[121.5576391726,25.1060985632],[121.5576391667,25.1060984572],[121.5576022447,25.1057480004],[121.5576018867,25.1057467036],[121.5576015823,25.1057431174],[121.557534158,25.1053373003],[121.5575318562,25.1053298287],[121.5575309735,25.1053245058],[121.5574511913,25.1050859407],[121.5574495138,25.1050817067],[121.5574493811,25.1050810367],[121.5572901965,25.1046875077],[121.557286951,25.1046829094],[121.5572856554,25.1046780029],[121.5571534083,25.1044396348],[121.5571347296,25.1044162419],[121.5571322221,25.1044147299],[121.5571307172,25.1044128142],[121.5566304541,25.1040086221],[121.5566267742,25.1040065345],[121.556616706,25.1039993157],[121.5559197549,25.1036078025],[121.5559052612,25.1036010874],[121.5559051571,25.103601069],[121.5559050692,25.103601016],[121.5550121646,25.1032701427],[121.5544871108,25.1030692702],[121.5544482981,25.1030622228],[121.5544103873,25.1030692366],[121.55437831,25.1030889267],[121.5543569498,25.1031182954],[121.5543495584,25.1031528715],[121.5543572613,25.1031873912],[121.5543788857,25.1032165992],[121.5544102995,25.1032357315],[121.5549358686,25.1034368012]]]},"properties":{"section_id":"ZZKPR20","section_name":"至善路 至善路-中社路","travel_speed":46.0,"level_name":"順暢","level_color":"#19FF1C","data_time":"2025-12-29 20:48:00+08:00"}},{"type":"Feature","geometry":{"type":"Polygon","coordinates":[[[121.5539726488,25.1033639759],[121.5539729495,25.1033640694],[121.5541438602,25.1034070625],[121.5541706691,25.1034103214],[121.55420858,25.1034033076],[121.5542406574,25.1033836176],[121.5542620177,25.1033542489],[121.5542694091,25.1033196728],[121.5542617063,25.1032851531],[121.5542400819,25.1032559451],[121.5542078282,25.1032364955],[121.5541966642,25.1032330242],[121.5540259702,25.1031900856],[121.5538308612,25.1031401374],[121.5537127275,25.1030955869],[121.5535502681,25.1030198483],[121.5534514892,25.102952735],[121.5533713558,25.1028651322],[121.5532936178,25.1027667499],[121.5529941414,25.1023207068],[121.5529931675,25.1023195854],[121.5529921746,25.1023178954],[121.5524124677,25.1015220528],[121.5523996632,25.1015078559],[121.5522416259,25.1013651252],[121.5522396322,25.101363923],[121.5522384072,25.1013623456],[121.5517776279,25.1009818761],[121.5517749122,25.1009803168],[121.551764678,25.100972834],[121.5505584906,25.1002660724],[121.5498326893,25.0998175802],[121.5498300035,25.0998162681],[121.549828029,25.0998148702],[121.5488820987,25.0992980248],[121.5488788811,25.0992965566],[121.54887767,25.0992957437],[121.5478261712,25.0987861006],[121.5466563732,25.0982171696],[121.5466472339,25.0982132557],[121.546609263,25.0982065235],[121.5465713532,25.0982135354],[121.5465392759,25.0982332237],[121.5465179146,25.0982625913],[121.5465105213,25.0982971671],[121.5465182216,25.0983316872],[121.5465398433,25.0983608964],[121.5465629553,25.0983764339],[121.5477328163,25.0989453956],[121.5477329109,25.0989454362],[121.5477329401,25.0989454558],[121.5487822554,25.0994540407],[121.5497236327,25.0999683985],[121.550448148,25.1004160962],[121.5504492253,25.1004166225],[121.5504501687,25.1004173123],[121.5516504906,25.1011206374],[121.5521035616,25.1014947424],[121.5522528242,25.1016295483],[121.5528259137,25.1024163076],[121.5531263739,25.102863817],[121.5531285848,25.1028663627],[121.5531304843,25.102869453],[121.5532124443,25.1029731786],[121.5532156632,25.1029766122],[121.5532167425,25.102978231],[121.5533066219,25.1030764884],[121.5533129849,25.1030828083],[121.5533235111,25.1030910662],[121.5534383652,25.1031691015],[121.553447401,25.1031737558],[121.5534524737,25.1031771042],[121.553625913,25.1032579616],[121.5536330728,25.1032609587],[121.5536331596,25.1032610112],[121.5537604218,25.1033090043],[121.5537606221,25.1033090402],[121.5537607941,25.1033091439],[121.5537715252,25.1033125054],[121.5539725166,25.1033639595],[121.5539726488,25.1033639759]]]},"properties":{"section_id":"ZWXMM60","section_name":"至善路 至善路-故宮路","travel_speed":41.0,"level_name":"順暢","level_color":"#19FF1C","data_time":"2025-12-29 20:48:00+08:00"}},{"type":"Feature","geometry":{"type":"Polygon","coordinates":[[[121.5581360904,25.1118533237],[121.5581382778,25.111856524],[121.5583886989,25.1121183324],[121.5584259072,25.1121425911],[121.558463883,25.1121493202],[121.5585017963,25.1121423053],[121.5585338752,25.1121226143],[121.558555236,25.1120932451],[121.5585626266,25.1120586688],[121.558554922,25.1120241494],[121.5585382465,25.1119997522],[121.5582924793,25.1117428097],[121.5577987508,25.1110473007],[121.5577987057,25.1110472501],[121.5577986654,25.1110471806],[121.5571972105,25.1102028441],[121.5570998096,25.1099567055],[121.5570618326,25.1097780057],[121.5570596221,25.1096060756],[121.5570887587,25.1094123188],[121.5571794225,25.1090734716],[121.5571794478,25.1090732758],[121.5571795528,25.1090729784],[121.5573003394,25.1086102576],[121.5573007057,25.1086073599],[121.5573016657,25.1086042881],[121.5573921955,25.1081119078],[121.5573927564,25.1081056058],[121.5573932993,25.1081034974],[121.5574199985,25.1077664982],[121.5574198385,25.1077656092],[121.557420139,25.1077643771],[121.5574321423,25.1075390902],[121.5574314222,25.1075353643],[121.5574321926,25.1075314204],[121.5573968274,25.1066498431],[121.5573964444,25.1066482588],[121.5573966652,25.1066470158],[121.5573547704,25.1060858405],[121.5573545036,25.106084814],[121.5573541814,25.1060803958],[121.5572999826,25.1056984154],[121.5572994536,25.105696624],[121.5572991265,25.1056934668],[121.5572186408,25.1052996419],[121.5572166106,25.1052934565],[121.5572160142,25.1052898598],[121.5571362326,25.1050512945],[121.5571328279,25.1050427005],[121.5571322573,25.1050419299],[121.5571320548,25.1050410661],[121.5569466925,25.1046595783],[121.5569449448,25.1046572673],[121.5569345318,25.1046409694],[121.5567630984,25.1044385778],[121.5567544069,25.1044296135],[121.5567388089,25.1044181297],[121.5561601188,25.1040739466],[121.556156819,25.1040723686],[121.5561549313,25.1040710638],[121.5555370032,25.1037509119],[121.5555277458,25.1037468094],[121.5555271669,25.1037464535],[121.5544102826,25.1033087325],[121.5543706772,25.1033013782],[121.5543327663,25.103308392],[121.554300689,25.103328082],[121.5542793287,25.1033574507],[121.5542719373,25.1033920268],[121.5542796401,25.1034265465],[121.5543012645,25.1034557545],[121.5543318858,25.1034745799],[121.5554437174,25.1039103208],[121.5560542215,25.1042266264],[121.5566163223,25.1045609429],[121.5567701959,25.104742604],[121.5569482829,25.1051091197],[121.557024702,25.1053376315],[121.5571036705,25.1057240351],[121.557157131,25.1061008161],[121.5571987156,25.1066578485],[121.5572338688,25.1075341751],[121.557222126,25.1077545668],[121.5571958453,25.1080862774],[121.5571066361,25.108571471],[121.5569866871,25.1090309806],[121.5568948803,25.1093740978],[121.556894262,25.1093788702],[121.5568929793,25.1093832199],[121.5568621541,25.1095882032],[121.5568612384,25.1096008223],[121.5568613154,25.1096011673],[121.5568612443,25.1096015065],[121.5568636448,25.1097882396],[121.5568637731,25.1097888037],[121.5568654436,25.1098043336],[121.5569065747,25.1099978755],[121.5569100661,25.1100083758],[121.556910639,25.1100113264],[121.5570145188,25.1102738388],[121.5570158065,25.1102756773],[121.5570163537,25.1102781293],[121.5570246136,25.1102923623],[121.5576322451,25.1111453713],[121.5581297772,25.1118462396],[121.5581360904,25.1118533237]]]},"properties":{"section_id":"ZZKPR60","section_name":"至善路 中社路-至善路","travel_speed":47.0,"level_name":"順暢","level_color":"#19FF1C","data_time":"2025-12-29 20:48:00+08:00"}},{"type":"Feature","geometry":{"type":"Polygon","coordinates":[[[121.5623263995,24.9826228664],[121.5623263814,24.9826229717],[121.5623262096,24.9826234017],[121.5609112046,24.9866553033],[121.5601817225,24.9885496528],[121.5601761338,24.9885799238],[121.5601838304,24.9886144438],[121.5602054355,24.9886436517],[121.5602376598,24.9886631008],[121.5602755975,24.9886698302],[121.5603134729,24.9886628153],[121.5603455198,24.9886431242],[121.5603686542,24.9886094488],[121.5610985921,24.986713908],[121.5610986567,24.9867135581],[121.5610994722,24.986711516],[121.5625147993,24.9826786791],[121.56268543,24.9822027065],[121.5626903277,24.9821742922],[121.5626826308,24.9821397723],[121.5626610263,24.9821105647],[121.5626288034,24.9820911161],[121.5625908676,24.9820843873],[121.5625529943,24.9820914026],[121.5625209494,24.9821110942],[121.5624971267,24.9821466267],[121.5623263995,24.9826228664]]]},"properties":{"section_id":"Z1VQH00","section_name":"興隆路 木新路-木柵路","travel_speed":42.0,"level_name":"順暢","level_color":"#19FF1C","data_time":"2025-12-29 20:48:00+08:00"}},{"type":"Feature","geometry":{"type":"Polygon","coordinates":[[[121.5608259302,24.9866988091],[121.5608259948,24.9866984592],[121.5608268103,24.9866964171],[121.5622421462,24.9826635826],[121.562412778,24.9821876103],[121.5624176757,24.982159196],[121.5624099789,24.9821246761],[121.5623883744,24.9820954685],[121.5623561515,24.9820760198],[121.5623182158,24.9820692909],[121.5622803425,24.9820763062],[121.5622482976,24.9820959977],[121.5622244748,24.9821315302],[121.5620537465,24.9826077696],[121.5620537284,24.9826078748],[121.5620535567,24.9826083049],[121.5606385429,24.9866402041],[121.5599090566,24.9885345523],[121.5599034678,24.9885648233],[121.5599111644,24.9885993433],[121.5599327694,24.9886285512],[121.5599649937,24.9886480004],[121.5600029314,24.9886547298],[121.5600408068,24.9886477151],[121.5600728537,24.988628024],[121.5600959881,24.9885943486],[121.5608259302,24.9866988091]]]},"properties":{"section_id":"Z1NQM40","section_name":"興隆路 木柵路-木新路","travel_speed":33.0,"level_name":"車多","level_color":"#F8C920","data_time":"2025-12-29 20:48:00+08:00"}},{"type":"Feature","geometry":{"type":"Polygon","coordinates":[[[121.4986123122,25.0329651967],[121.4986144844,25.0329646587],[121.4986179734,25.032964346],[121.4997772162,25.0327585684],[121.5002590022,25.0327338402],[121.5008993221,25.0328133157],[121.5023623808,25.0331650709],[121.5045794248,25.0337306592],[121.5046065124,25.0337340022],[121.504644405,25.0337270013],[121.5046764726,25.0337073219],[121.5046978331,25.0336779602],[121.5047052346,25.033643386],[121.5046975504,25.0336088631],[121.5046759502,25.0335796473],[121.5046437225,25.0335601863],[121.5046328613,25.0335567859],[121.5024151035,25.0329910155],[121.5024146481,25.0329909593],[121.5024136671,25.0329906596],[121.5009440091,25.0326373178],[121.500938154,25.0326366358],[121.5009321006,25.0326351557],[121.5002763156,25.0325537607],[121.5002625733,25.032552935],[121.5002597929,25.0325534486],[121.5002573657,25.0325530773],[121.4997593239,25.0325786398],[121.499756624,25.0325792063],[121.4997459466,25.0325801633],[121.4985828908,25.0327866177],[121.4980878364,25.0328476539],[121.4980628674,25.0328538383],[121.4980307989,25.0328735162],[121.4980094369,25.032902877],[121.4980020335,25.0329374508],[121.4980097159,25.0329719741],[121.4980313144,25.033001191],[121.4980635409,25.0330206534],[121.4981014892,25.0330273985],[121.498114413,25.0330265836],[121.4986123122,25.0329651967]]]},"properties":{"section_id":"ZHPEB20","section_name":"艋舺大道 西園路-和平西路","travel_speed":34.0,"level_name":"車多","level_color":"#F8C920","data_time":"2025-12-29 20:48:00+08:00"}},{"type":"Feature","geometry":{"type":"Polygon","coordinates":[[[121.4974957292,25.0333074552],[121.4974964045,25.0333075708],[121.497740557,25.0333036706],[121.4977770769,25.0332966847],[121.4978091455,25.0332770068],[121.4978305076,25.033247646],[121.4978379111,25.0332130722],[121.4978302288,25.0331785489],[121.4978086303,25.033149332],[121.4977764038,25.0331298695],[121.4977370825,25.0331231377],[121.4974983742,25.0331269509],[121.4973757847,25.0331166181],[121.497169594,25.0330882107],[121.4969250123,25.0330495234],[121.4966818175,25.0329909375],[121.4961331264,25.03278629],[121.4958343436,25.0326285884],[121.4948598417,25.031867268],[121.4916391961,25.0290597845],[121.4916082803,25.0290414828],[121.4915703336,25.0290347361],[121.4915324416,25.0290417336],[121.4915003731,25.0290614101],[121.4914790101,25.0290907701],[121.4914716051,25.0291253436],[121.4914792854,25.0291598673],[121.4915021904,25.0291902473],[121.494724787,25.0319994339],[121.494727372,25.0320009641],[121.4947287869,25.0320027352],[121.4957122686,25.0327710716],[121.4957176895,25.0327740923],[121.4957270982,25.0327806551],[121.4960396422,25.0329456202],[121.49605173,25.0329510362],[121.4960517533,25.0329510404],[121.4960517731,25.0329510523],[121.4966127062,25.0331602658],[121.4966127289,25.0331602698],[121.4966249172,25.0331639962],[121.4968785015,25.0332250848],[121.4968821414,25.0332255096],[121.4968868816,25.0332267537],[121.4971367585,25.0332662786],[121.4971380245,25.0332663759],[121.4971388926,25.0332665944],[121.4973489862,25.0332955395],[121.497353073,25.0332958125],[121.4973546738,25.0332961704],[121.497485539,25.0333072008],[121.4974950315,25.033307584],[121.4974957292,25.0333074552]]]},"properties":{"section_id":"ZGBBW60","section_name":"艋舺大道 西園路-西藏路","travel_speed":35.0,"level_name":"順暢","level_color":"#19FF1C","data_time":"2025-12-29 20:48:00+08:00"}},{"type":"Feature","geometry":{"type":"Polygon","coordinates":[[[121.502506505,25.0332411709],[121.5025064866,25.0332411688],[121.5025064515,25.033241158],[121.5010367903,25.0328878172],[121.5010309352,25.0328871352],[121.5010248817,25.0328856551],[121.5003690953,25.0328042605],[121.500355353,25.0328034348],[121.5003525726,25.0328039484],[121.5003501454,25.0328035771],[121.4998521026,25.03282914],[121.4998494027,25.0328297064],[121.4998387253,25.0328306634],[121.4986756673,25.0330371186],[121.4981806119,25.0330981551],[121.4981556429,25.0331043395],[121.4981235744,25.0331240175],[121.4981022123,25.0331533783],[121.498094809,25.0331879521],[121.4981024914,25.0332224754],[121.4981240899,25.0332516923],[121.4981563165,25.0332711547],[121.4981942649,25.0332778997],[121.4982071887,25.0332770849],[121.4987050889,25.0332156976],[121.4987072611,25.0332151596],[121.4987107501,25.0332148469],[121.4998699951,25.0330090686],[121.500351782,25.0329843401],[121.5009921033,25.0330638151],[121.5024558581,25.0334157359],[121.5024558848,25.0334157423],[121.5044110252,25.0338868431],[121.50443673,25.0338898432],[121.5044746226,25.0338828423],[121.5045066903,25.033863163],[121.5045280509,25.0338338013],[121.5045354525,25.0337992272],[121.5045277683,25.0337647043],[121.5045061681,25.0337354884],[121.5044739404,25.0337160273],[121.5044616963,25.033712284],[121.502506505,25.0332411709]]]},"properties":{"section_id":"ZHHDF60","section_name":"艋舺大道 和平西路-西園路","travel_speed":44.0,"level_name":"順暢","level_color":"#19FF1C","data_time":"2025-12-29 20:48:00+08:00"}},{"type":"Feature","geometry":{"type":"Polygon","coordinates":[[[121.5039081448,25.0312011004],[121.5039489632,25.0311941292],[121.5039810302,25.03117445],[121.5040023905,25.0311450883],[121.5040097921,25.0311105142],[121.5040021082,25.0310759912],[121.5039805086,25.0310467753],[121.5039482817,25.0310273141],[121.5039132603,25.0310206],[121.5006408404,25.0309435799],[121.5006000219,25.0309505502],[121.5005679544,25.0309702287],[121.5005465933,25.0309995899],[121.5005391907,25.0310341638],[121.5005468737,25.031068687],[121.5005684724,25.0310979035],[121.5006006988,25.0311173654],[121.5006357202,25.0311240803],[121.5039081448,25.0312011004]]]},"properties":{"section_id":"ZH7E720","section_name":"莒光路 萬大路-中華路","travel_speed":24.0,"level_name":"壅塞","level_color":"#FA0300","data_time":"2025-12-29 20:48:00+08:00"}},{"type":"Feature","geometry":{"type":"Polygon","coordinates":[[[121.5075779205,25.031186413],[121.5076154126,25.0311794134],[121.507647479,25.0311597335],[121.5076688384,25.0311303713],[121.507676239,25.031095797],[121.5076685541,25.0310612742],[121.5076469536,25.0310320588],[121.5076147262,25.0310125985],[121.5075763785,25.0310058579],[121.504325461,25.0310288687],[121.5042879687,25.0310358675],[121.5042559018,25.0310555467],[121.5042345416,25.0310849084],[121.5042271401,25.0311194825],[121.504234824,25.0311540055],[121.5042564237,25.0311832214],[121.5042886506,25.0312026825],[121.5043269982,25.0312094239],[121.5075779205,25.031186413]]]},"properties":{"section_id":"ZH7EV20","section_name":"莒光路 中華路-和平西路","travel_speed":37.0,"level_name":"順暢","level_color":"#19FF1C","data_time":"2025-12-29 20:48:00+08:00"}},{"type":"Feature","geometry":{"type":"Polygon","coordinates":[[[121.5006679304,25.0311584706],[121.5006271118,25.0311654409],[121.5005950442,25.0311851194],[121.5005736831,25.0312144806],[121.5005662805,25.0312490545],[121.5005739635,25.0312835777],[121.5005955623,25.0313127942],[121.5006277887,25.0313322561],[121.5006628102,25.0313389709],[121.5039352405,25.0314159904],[121.503976059,25.0314090191],[121.504008126,25.0313893399],[121.5040294863,25.0313599783],[121.5040368879,25.0313254041],[121.504029204,25.0312908812],[121.5040076044,25.0312616652],[121.5039753775,25.0312422041],[121.5039403559,25.03123549],[121.5006679304,25.0311584706]]]},"properties":{"section_id":"ZH6DG60","section_name":"莒光路 中華路-萬大路","travel_speed":41.0,"level_name":"順暢","level_color":"#19FF1C","data_time":"2025-12-29 20:48:00+08:00"}},{"type":"Feature","geometry":{"type":"Polygon","coordinates":[[[121.5043914102,25.0312436295],[121.5043543913,25.0312506239],[121.5043223243,25.0312703032],[121.5043009641,25.0312996649],[121.5042935626,25.031334239],[121.5043012466,25.0313687619],[121.5043228463,25.0313979779],[121.5043550733,25.0314174389],[121.5043938945,25.0314241759],[121.5073694889,25.0313901603],[121.5074065077,25.0313831651],[121.5074385742,25.0313634852],[121.5074599337,25.0313341231],[121.5074673343,25.0312995488],[121.5074596494,25.0312650261],[121.507438049,25.0312358106],[121.5074058216,25.0312163502],[121.5073670004,25.031209614],[121.5043914102,25.0312436295]]]},"properties":{"section_id":"ZH7E760","section_name":"莒光路 和平西路-中華路","travel_speed":55.0,"level_name":"順暢","level_color":"#19FF1C","data_time":"2025-12-29 20:48:00+08:00"}},{"type":"Feature","geometry":{"type":"Polygon","coordinates":[[[121.5005753095,25.030981149],[121.5005829731,25.0310141924],[121.5006045718,25.0310434089],[121.5006367982,25.0310628708],[121.5006747461,25.0310696152],[121.5007126381,25.0310626153],[121.5007447056,25.0310429368],[121.5007660667,25.0310135756],[121.5007734498,25.0309775219],[121.5007413182,25.0295205303],[121.5007336547,25.0294874869],[121.5007120562,25.0294582704],[121.5006798302,25.0294388085],[121.5006418829,25.0294320641],[121.5006039913,25.029439064],[121.5005719242,25.0294587425],[121.5005505633,25.0294881037],[121.5005431802,25.0295241574],[121.5005753095,25.030981149]]]},"properties":{"section_id":"ZH6DG00","section_name":"萬大路 西藏路-莒光路","travel_speed":55.0,"level_name":"順暢","level_color":"#19FF1C","data_time":"2025-12-29 20:48:00+08:00"}},{"type":"Feature","geometry":{"type":"Polygon","coordinates":[[[121.5004529777,25.0295334449],[121.5004453143,25.0295004015],[121.5004237158,25.029471185],[121.5003914899,25.029451723],[121.5003535426,25.0294449786],[121.500315651,25.0294519784],[121.5002835838,25.0294716568],[121.5002622229,25.0295010179],[121.5002548397,25.0295370716],[121.5002869655,25.0309940634],[121.5002946291,25.0310271068],[121.5003162278,25.0310563233],[121.5003484541,25.0310757853],[121.5003864019,25.0310825297],[121.500424294,25.0310755299],[121.5004563616,25.0310558515],[121.5004777227,25.0310264903],[121.500485106,25.0309904366],[121.5004529777,25.0295334449]]]},"properties":{"section_id":"ZGQDF40","section_name":"萬大路 莒光路-西藏路","travel_speed":39.0,"level_name":"順暢","level_color":"#19FF1C","data_time":"2025-12-29 20:48:00+08:00"}},{"type":"Feature","geometry":{"type":"Polygon","coordinates":[[[121.496686512,25.0307940448],[121.4966886182,25.0307968714],[121.496689321,25.0307995205],[121.4973723652,25.0320225125],[121.4973725618,25.0320227581],[121.4973731384,25.0320238683],[121.4980710003,25.0332227223],[121.4980717452,25.0332236369],[121.4980733038,25.0332264621],[121.4992337652,25.0350098284],[121.499249194,25.0350278612],[121.4992814212,25.0350473234],[121.4993193702,25.0350540681],[121.4993572636,25.0350470685],[121.4993893323,25.0350273903],[121.4994106944,25.0349980293],[121.4994180975,25.0349634554],[121.4994104146,25.0349289322],[121.4994042442,25.0349177483],[121.4982449818,25.0331362284],[121.4975486147,25.031939945],[121.4968674547,25.0307203298],[121.4959507032,25.0287651449],[121.4959293903,25.0287365403],[121.4958971652,25.0287170773],[121.4958592183,25.0287103317],[121.4958213267,25.0287173304],[121.495789259,25.0287370078],[121.4957678971,25.0287663683],[121.4957604934,25.0288009421],[121.4957684591,25.0288360781],[121.496686512,25.0307940448]]]},"properties":{"section_id":"ZHZD800","section_name":"西園路 西藏路-和平西路","travel_speed":53.0,"level_name":"順暢","level_color":"#19FF1C","data_time":"2025-12-29 20:48:00+08:00"}},{"type":"Feature","geometry":{"type":"Polygon","coordinates":[[[121.4977970401,25.0333678851],[121.4977986084,25.0333707267],[121.4988667232,25.035011084],[121.4988821371,25.0350290939],[121.4989143642,25.0350485562],[121.4989523132,25.035055301],[121.4989902066,25.0350483015],[121.4990222754,25.0350286234],[121.4990436375,25.0349992624],[121.4990510407,25.0349646885],[121.499043358,25.0349301653],[121.4990371728,25.0349189586],[121.4979702651,25.0332804587],[121.4972739066,25.0320841858],[121.4965925251,25.0308641696],[121.4956182869,25.028842162],[121.4955973649,25.0288143797],[121.4955651398,25.0287949167],[121.495527193,25.0287881709],[121.4954893013,25.0287951695],[121.4954572335,25.0288148469],[121.4954358716,25.0288442074],[121.4954284677,25.0288787811],[121.4954368242,25.0289147394],[121.4964121963,25.0309391062],[121.4964140235,25.0309415325],[121.4964146144,25.0309437597],[121.4970976567,25.0321667529],[121.4970978532,25.0321669985],[121.4970984299,25.0321681088],[121.49779629,25.033366964],[121.4977970401,25.0333678851]]]},"properties":{"section_id":"ZGKCG40","section_name":"西園路 和平西路-西藏路","travel_speed":41.0,"level_name":"順暢","level_color":"#19FF1C","data_time":"2025-12-29 20:48:00+08:00"}},{"type":"Feature","geometry":{"type":"Polygon","coordinates":[[[121.4961234467,25.0285465332],[121.4961229954,25.028545868],[121.4960345286,25.0284522428],[121.4959970191,25.0284276108],[121.4959590723,25.0284208652],[121.4959211808,25.0284278639],[121.4958891131,25.0284475414],[121.4958677514,25.0284769019],[121.4958603476,25.0285114756],[121.4958680291,25.0285459991],[121.4958843418,25.0285700472],[121.4959715492,25.0286623397],[121.496068444,25.0287733508],[121.496075827,25.0287808606],[121.4960759148,25.0287809799],[121.4962044707,25.0288981666],[121.4962046344,25.0288982658],[121.4962047453,25.0288984159],[121.4962118223,25.0289026255],[121.4962369705,25.0289178788],[121.4962376758,25.0289180041],[121.4962382564,25.0289183495],[121.4964343583,25.0289886887],[121.4964355154,25.0289888868],[121.4964514835,25.028993258],[121.496684856,25.0290351916],[121.4966855665,25.0290352537],[121.4966862167,25.0290354271],[121.4969394163,25.0290775819],[121.4969418257,25.0290777767],[121.4969434339,25.0290781733],[121.4971639408,25.0291064161],[121.497446666,25.029148806],[121.4974590368,25.0291497063],[121.497460475,25.0291499802],[121.4977173303,25.0291553678],[121.4979592701,25.0291885249],[121.4979728998,25.0291894306],[121.497973432,25.0291895276],[121.4982276098,25.0291908757],[121.498227664,25.0291908659],[121.4982277207,25.0291908762],[121.4984537619,25.0291918442],[121.4986281699,25.0292193022],[121.4986347309,25.0292198038],[121.4986371781,25.0292203358],[121.4989032065,25.0292396324],[121.4991536902,25.0292587668],[121.4991549164,25.0292588115],[121.4991551995,25.0292588715],[121.4993735933,25.0292724969],[121.4993776121,25.0292718909],[121.4993823092,25.0292726904],[121.4997195023,25.0292666535],[121.4999929094,25.029283741],[121.4999949583,25.0292834322],[121.499997599,25.0292839325],[121.5001981303,25.0292877896],[121.5001993673,25.0292875756],[121.5002006823,25.0292878088],[121.500375146,25.0292870697],[121.5004129429,25.0292800703],[121.50044501,25.0292603919],[121.5004663708,25.0292310307],[121.5004737733,25.0291964567],[121.5004660906,25.0291619336],[121.5004444922,25.029132717],[121.5004122663,25.0291132551],[121.5003742245,25.029106511],[121.5002010371,25.0291072446],[121.5000041292,25.0291034572],[121.4997287055,25.0290862437],[121.4997246819,25.0290868502],[121.4997199774,25.0290860494],[121.4993827786,25.0290920864],[121.4991694935,25.0290787797],[121.4989195568,25.0290596871],[121.4989192288,25.0290596751],[121.4989191416,25.0290596562],[121.498657436,25.0290406732],[121.4984793633,25.0290126382],[121.4984635561,25.0290114297],[121.4984629567,25.0290113208],[121.4982287077,25.0290103177],[121.4979817063,25.0290090077],[121.4977406131,25.0289759666],[121.4977293845,25.0289752204],[121.4977281546,25.0289749862],[121.497471986,25.028969613],[121.4971949747,25.0289280798],[121.4971935531,25.0289279763],[121.4971926787,25.0289277607],[121.4969730374,25.0288996288],[121.4967225215,25.0288579209],[121.4964986181,25.0288176887],[121.4963300514,25.028757226],[121.4962200547,25.0286569574],[121.4961254563,25.0285485774],[121.4961234467,25.0285465332]]]},"properties":{"section_id":"ZGQDF20","section_name":"西藏路 西園路-萬大路","travel_speed":41.0,"level_name":"順暢","level_color":"#19FF1C","data_time":"2025-12-29 20:48:00+08:00"}},{"type":"Feature","geometry":{"type":"Polygon","coordinates":[[[121.504880201,25.0298925923],[121.5048784359,25.0298920842],[121.5041232602,25.0297360348],[121.504100974,25.0297337993],[121.5040630826,25.0297408],[121.5040310159,25.0297604792],[121.5040096559,25.0297898409],[121.5040022543,25.029824415],[121.5040099382,25.029858938],[121.5040315375,25.029888154],[121.5040637641,25.0299076151],[121.5040794255,25.0299121231],[121.5048331624,25.0300678752],[121.5054030012,25.030202006],[121.5054033484,25.0302020456],[121.50540395,25.0302022248],[121.5058583621,25.0303048328],[121.5058593098,25.0303049366],[121.5058606959,25.0303053326],[121.5062854151,25.0303913541],[121.5066456327,25.0304748725],[121.5066475073,25.0304750832],[121.5066501674,25.0304758212],[121.5069571485,25.0305331663],[121.5069584636,25.0305332856],[121.5069596864,25.0305336091],[121.5071898219,25.0305709299],[121.5072075573,25.0305723263],[121.5072454488,25.0305653247],[121.5072775152,25.0305456448],[121.5072988745,25.0305162827],[121.5073062752,25.0304817084],[121.5072985904,25.0304471857],[121.5072769902,25.0304179702],[121.5072447629,25.0303985097],[121.5072245504,25.0303931634],[121.5069956874,25.0303560489],[121.5066922521,25.0302993661],[121.506332828,25.0302160317],[121.5063316672,25.0302159012],[121.506329893,25.0302153944],[121.5059048719,25.0301293117],[121.5054520991,25.0300270738],[121.5048813054,25.0298927182],[121.504880201,25.0298925923]]]},"properties":{"section_id":"ZGYER20","section_name":"西藏路 中華路-汀州路","travel_speed":41.0,"level_name":"順暢","level_color":"#19FF1C","data_time":"2025-12-29 20:48:00+08:00"}},{"type":"Feature","geometry":{"type":"Polygon","coordinates":[[[121.4921402677,25.0282401559],[121.4921202128,25.0282504421],[121.4916495453,25.0285625296],[121.4916375319,25.0285719199],[121.4916161691,25.0286012799],[121.4916087641,25.0286358534],[121.4916164444,25.0286703771],[121.4916380406,25.0286995949],[121.491670265,25.0287190588],[121.4917082117,25.0287258055],[121.4917461036,25.0287188079],[121.4917661586,25.0287085217],[121.492211546,25.0284131967],[121.4924947211,25.0284086],[121.4929734994,25.0284472097],[121.493488938,25.0285153885],[121.4940112165,25.0285936224],[121.4943267751,25.0286428016],[121.4943291504,25.0286429814],[121.4943305617,25.0286433233],[121.4946190997,25.0286778958],[121.494914989,25.0287140439],[121.4949285197,25.0287148441],[121.495321775,25.0287135341],[121.4953596667,25.0287065355],[121.4953917345,25.0286868582],[121.4954130964,25.0286574977],[121.4954205003,25.028622924],[121.495412819,25.0285884006],[121.4953912219,25.0285591833],[121.4953589969,25.0285397202],[121.4953210502,25.0285329744],[121.4949345908,25.0285342619],[121.4946453126,25.0284989214],[121.4946451477,25.0284989117],[121.4946450636,25.0284988913],[121.4943583004,25.0284645314],[121.4940443143,25.0284155973],[121.4940439496,25.0284155697],[121.4940436824,25.0284155007],[121.4935201701,25.0283370821],[121.4935190441,25.0283370002],[121.4935183309,25.0283368227],[121.4929992309,25.0282681595],[121.4929952054,25.0282679014],[121.4929937305,25.0282675744],[121.4925069528,25.0282283196],[121.4924978561,25.0282279686],[121.4924971419,25.0282281005],[121.4924964513,25.0282279823],[121.4921767545,25.0282331719],[121.4921402677,25.0282401559]]]},"properties":{"section_id":"ZGKCG20","section_name":"西藏路 艋舺大道-西園路","travel_speed":48.0,"level_name":"順暢","level_color":"#19FF1C","data_time":"2025-12-29 20:48:00+08:00"}},{"type":"Feature","geometry":{"type":"Polygon","coordinates":[[[121.500121781,25.0295505925],[121.500123096,25.0295508256],[121.5002975601,25.0295500867],[121.5003353571,25.0295430872],[121.5003674243,25.0295234088],[121.5003887852,25.0294940477],[121.5003961877,25.0294594737],[121.5003885049,25.0294249505],[121.5003669065,25.029395734],[121.5003346806,25.029376272],[121.5002966387,25.0293695279],[121.500123451,25.0293702614],[121.4999265426,25.029366474],[121.4996511184,25.0293492603],[121.4996470947,25.0293498668],[121.4996423902,25.0293490661],[121.4993051907,25.0293551028],[121.4990919052,25.0293417961],[121.4988419679,25.0293227033],[121.49884164,25.0293226914],[121.4988415527,25.0293226724],[121.4985798466,25.0293036893],[121.4984017735,25.0292756542],[121.4983859663,25.0292744457],[121.4983853669,25.0292743368],[121.4981511174,25.0292733336],[121.4979041155,25.0292720235],[121.4976630217,25.0292389823],[121.4976517932,25.0292382361],[121.4976505632,25.0292380019],[121.4973943941,25.0292326285],[121.4971173822,25.0291910952],[121.4971159606,25.0291909917],[121.4971150862,25.0291907761],[121.4968954445,25.0291626441],[121.4966449281,25.029120936],[121.4964210241,25.0290807038],[121.4962524571,25.029020241],[121.4961424603,25.0289199723],[121.4960478618,25.0288115922],[121.4960458521,25.0288095481],[121.4960454009,25.0288088829],[121.4959569339,25.0287152576],[121.4959194243,25.0286906257],[121.4958814775,25.02868388],[121.4958435859,25.0286908787],[121.4958115181,25.0287105561],[121.4957901563,25.0287399167],[121.4957827525,25.0287744904],[121.495790434,25.0288090138],[121.4958067467,25.028833062],[121.4958939542,25.0289253545],[121.4959908492,25.0290363657],[121.4959982322,25.0290438754],[121.49599832,25.0290439947],[121.4961268762,25.0291611815],[121.4961270398,25.0291612807],[121.4961271508,25.0291614308],[121.4961342277,25.0291656404],[121.496159376,25.0291808937],[121.4961600813,25.0291810191],[121.4961606618,25.0291813644],[121.4963567642,25.0292517038],[121.4963579213,25.0292519018],[121.4963738893,25.029256273],[121.4966072623,25.0292982068],[121.4966079729,25.0292982688],[121.4966086231,25.0292984423],[121.4968618232,25.0293405971],[121.4968642326,25.029340792],[121.4968658407,25.0293411886],[121.4970863482,25.0293694315],[121.4973690739,25.0294118215],[121.4973814447,25.0294127218],[121.4973828829,25.0294129957],[121.4976397388,25.0294183834],[121.4978816791,25.0294515406],[121.4978953088,25.0294524464],[121.4978958411,25.0294525434],[121.4981500194,25.0294538916],[121.4981500736,25.0294538818],[121.4981501303,25.0294538921],[121.4983761719,25.0294548602],[121.4985505804,25.0294823183],[121.4985571413,25.0294828199],[121.4985595885,25.0294833519],[121.4988256175,25.0295026486],[121.4990761017,25.0295217831],[121.499077328,25.0295218278],[121.499077611,25.0295218878],[121.4992960053,25.0295355133],[121.4993000241,25.0295349073],[121.4993047212,25.0295357068],[121.4996419151,25.0295296701],[121.4999153226,25.0295467577],[121.4999173716,25.0295464489],[121.4999200123,25.0295469493],[121.500120544,25.0295508065],[121.500121781,25.0295505925]]]},"properties":{"section_id":"ZGKCG60","section_name":"西藏路 萬大路-西園路","travel_speed":70.0,"level_name":"順暢","level_color":"#19FF1C","data_time":"2025-12-29 20:48:00+08:00"}},{"type":"Feature","geometry":{"type":"Polygon","coordinates":[[[121.5067888848,25.0307369024],[121.5067901076,25.0307372258],[121.5070202434,25.0307745469],[121.5070379789,25.0307759433],[121.5070758705,25.0307689418],[121.5071079369,25.0307492619],[121.5071292963,25.0307198998],[121.507136697,25.0306853255],[121.5071290123,25.0306508028],[121.5071074121,25.0306215873],[121.5070751848,25.0306021268],[121.5070549723,25.0305967804],[121.5068261089,25.0305596657],[121.5065226732,25.0305029826],[121.5061632485,25.0304196477],[121.5061620878,25.0304195173],[121.5061603136,25.0304190104],[121.5057352919,25.0303329273],[121.5052825185,25.0302306888],[121.5047117239,25.0300963326],[121.5047106196,25.0300962067],[121.5047088545,25.0300956986],[121.5039536777,25.0299396484],[121.5039313915,25.0299374128],[121.5038935,25.0299444135],[121.5038614332,25.0299640927],[121.5038400731,25.0299934543],[121.5038326715,25.0300280284],[121.5038403553,25.0300625514],[121.5038619547,25.0300917674],[121.5038941813,25.0301112286],[121.5039098428,25.0301157366],[121.5046635807,25.0302714895],[121.5052334202,25.030405621],[121.5052337675,25.0304056606],[121.5052343691,25.0304058397],[121.5056887817,25.0305084483],[121.5056897295,25.0305085521],[121.5056911156,25.0305089481],[121.5061158353,25.0305949701],[121.5064760534,25.0306784889],[121.506477928,25.0306786996],[121.5064805881,25.0306794376],[121.5067875697,25.0307367831],[121.5067888848,25.0307369024]]]},"properties":{"section_id":"ZGUEI60","section_name":"西藏路 汀洲路-中華路","travel_speed":29.0,"level_name":"車多","level_color":"#F8C920","data_time":"2025-12-29 20:48:00+08:00"}},{"type":"Feature","geometry":{"type":"Polygon","coordinates":[[[121.5368535455,25.0226408468],[121.5368504091,25.0226401841],[121.5368471401,25.022638211],[121.5368332358,25.0226340845],[121.5365540524,25.0225715595],[121.5365317124,25.0225691355],[121.5365306883,25.0225689504],[121.5344951088,25.02256358],[121.5336448502,25.0225535499],[121.5331013092,25.0225249463],[121.5328454457,25.0224892245],[121.5325633924,25.0224252127],[121.5322162157,25.0222886541],[121.5316827718,25.0219920944],[121.5297998001,25.020388559],[121.5297989578,25.0203880668],[121.5297984843,25.0203874585],[121.5275852787,25.0185695994],[121.5275564982,25.0185531138],[121.5275185529,25.0185463762],[121.5274806663,25.0185533829],[121.5274486064,25.018573067],[121.5274272539,25.018602432],[121.5274198595,25.0186370072],[121.5274275491,25.0186715289],[121.5274525987,25.018703712],[121.5296651415,25.0205210282],[121.531554862,25.0221303121],[121.5315575475,25.0221318812],[121.5315709103,25.022141422],[121.5321189459,25.0224460938],[121.5321304246,25.0224513843],[121.5321312821,25.0224519126],[121.532492301,25.0225939159],[121.5324932059,25.0225940845],[121.5324940141,25.0225945724],[121.5325076235,25.0225986328],[121.5328019793,25.0226654366],[121.5328063481,25.022665917],[121.53281092,25.0226670717],[121.5330759192,25.0227040689],[121.5330833236,25.0227045694],[121.5330852128,25.0227049602],[121.5336356376,25.022733926],[121.5336376269,25.0227336159],[121.5336400675,25.0227340687],[121.5344930414,25.0227441308],[121.5344935239,25.0227440454],[121.5344940361,25.0227441379],[121.5365182627,25.0227494785],[121.5367753735,25.0228070602],[121.5370171404,25.0229161142],[121.5370614929,25.0229254852],[121.5370993802,25.0229184761],[121.5371314397,25.0228987898],[121.5371527906,25.0228694235],[121.5371601825,25.0228348479],[121.5371524899,25.0228003267],[121.537130884,25.0227711156],[121.5371050596,25.0227542975],[121.5368535455,25.0226408468]]]},"properties":{"section_id":"ZF9KB60","section_name":"辛亥路 建國南路-汀州路","travel_speed":36.0,"level_name":"順暢","level_color":"#19FF1C","data_time":"2025-12-29 20:48:00+08:00"}},{"type":"Feature","geometry":{"type":"Polygon","coordinates":[[[121.5379227765,25.021789025],[121.5379121419,25.0218016786],[121.5375996903,25.0222924886],[121.5375937079,25.0223035693],[121.5375863162,25.0223381449],[121.5375940089,25.022372666],[121.5376156147,25.0224018771],[121.5376478445,25.0224213309],[121.5376857915,25.0224280659],[121.5377236786,25.0224210566],[121.5377557379,25.0224013702],[121.5377711061,25.0223830845],[121.5380780328,25.0219009521],[121.5384254766,25.0215590481],[121.5388463228,25.0213427562],[121.5392728039,25.021232954],[121.5396777844,25.0211791398],[121.54116668,25.0211051356],[121.5431780517,25.0210446228],[121.5432130649,25.0210376606],[121.5432451229,25.0210179731],[121.543266472,25.0209886059],[121.5432738621,25.02095403],[121.5432661679,25.0209195092],[121.543244561,25.020890299],[121.5432123307,25.0208708464],[121.5431715108,25.0208641613],[121.5411590773,25.020924706],[121.5411579085,25.0209249384],[121.5411569489,25.0209247909],[121.5396625205,25.02099907],[121.5396610586,25.0209993757],[121.5396536183,25.0209998811],[121.5392377973,25.0210551357],[121.5392310909,25.0210568318],[121.5392251536,25.0210575924],[121.5387810299,25.0211719369],[121.5387696908,25.0211755455],[121.5387592937,25.0211801817],[121.5383146243,25.0214087174],[121.5382929625,25.0214237677],[121.5382919591,25.0214251478],[121.5382905994,25.0214260141],[121.5379251469,25.0217856393],[121.5379227765,25.021789025]]]},"properties":{"section_id":"ZEWM520","section_name":"辛亥路 復興南路-建國南路","travel_speed":51.0,"level_name":"順暢","level_color":"#19FF1C","data_time":"2025-12-29 20:48:00+08:00"}},{"type":"Feature","geometry":{"type":"Polygon","coordinates":[[[121.5411741225,25.0213665573],[121.5411729537,25.0213667896],[121.5411719941,25.0213666422],[121.5396775604,25.0214409215],[121.5396760985,25.0214412272],[121.5396686581,25.0214417325],[121.5392528357,25.0214969873],[121.539240028,25.0215002264],[121.5392344225,25.0215011043],[121.5387249674,25.0216634592],[121.5387226136,25.0216648126],[121.5387193977,25.0216654075],[121.538698578,25.0216762161],[121.5383650024,25.0219020923],[121.5383537632,25.0219109703],[121.53834663,25.0219182732],[121.5380214284,25.0222899221],[121.5380170283,25.0222967505],[121.5380118257,25.022303125],[121.5378454391,25.0225823459],[121.5378408243,25.0225912066],[121.5378334327,25.0226257823],[121.5378411254,25.0226603034],[121.5378627314,25.0226895144],[121.5378949613,25.0227089681],[121.5379329084,25.022715703],[121.5379707956,25.0227086937],[121.5380028549,25.0226890073],[121.5380195908,25.0226685016],[121.5381818138,25.0223962671],[121.5384935444,25.0220400129],[121.5388046522,25.0218293503],[121.5392908562,25.0216744051],[121.5396928244,25.0216209913],[121.5411817253,25.0215469869],[121.5431931042,25.0214864737],[121.5432281175,25.0214795115],[121.5432601757,25.021459824],[121.5432815248,25.0214304568],[121.5432889149,25.0213958809],[121.5432812207,25.0213613601],[121.5432596137,25.0213321499],[121.5432273833,25.0213126973],[121.5431865632,25.0213060122],[121.5411741225,25.0213665573]]]},"properties":{"section_id":"ZF9KW60","section_name":"辛亥路 復興南路-建國南路","travel_speed":37.0,"level_name":"順暢","level_color":"#19FF1C","data_time":"2025-12-29 20:48:00+08:00"}},{"type":"Feature","geometry":{"type":"Polygon","coordinates":[[[121.5473772246,25.0178978543],[121.547376775,25.0178981327],[121.5464874708,25.0187274337],[121.5464666468,25.0187563165],[121.5464592578,25.0187908926],[121.5464669527,25.0188254132],[121.54648856,25.0188546229],[121.5465207902,25.0188740748],[121.5465587365,25.0188808075],[121.546596622,25.0188737961],[121.5466292028,25.0188536229],[121.5475181321,25.0180246706],[121.5482521641,25.0173548158],[121.5482522953,25.0173546359],[121.5482524928,25.0173545144],[121.5489272939,25.0167328782],[121.5494670014,25.0164710548],[121.5494730694,25.0164669438],[121.5494817141,25.0164623099],[121.5502266204,25.015928127],[121.5511195308,25.0153209911],[121.5515604926,25.0150231846],[121.5520838649,25.0147174365],[121.552089805,25.0147130613],[121.5520935255,25.0147110114],[121.5527466784,25.0142189053],[121.5527538869,25.0142129054],[121.552754324,25.014212304],[121.5527549518,25.0142119119],[121.5535902558,25.0134205398],[121.5535910686,25.0134194026],[121.5535921137,25.0134187305],[121.5570887971,25.0099183913],[121.5572582305,25.009750741],[121.5572587191,25.0097500409],[121.5572632301,25.0097453903],[121.5574792086,25.0094951275],[121.5577654202,25.0092248561],[121.5577655924,25.0092246154],[121.5577702986,25.0092198954],[121.5581093893,25.0088483777],[121.558112382,25.0088438405],[121.5581183824,25.0088367775],[121.5583526752,25.0084775959],[121.5583591983,25.0084656713],[121.5583665834,25.0084310947],[121.5583588859,25.0083965746],[121.5583372777,25.0083673666],[121.5583050485,25.0083479172],[121.5582671048,25.0083411875],[121.5582292233,25.0083482019],[121.558197171,25.0083678926],[121.5581823508,25.0083853372],[121.5579520519,25.0087383952],[121.5576202985,25.0091018734],[121.557333143,25.0093730359],[121.5573328849,25.0093733964],[121.5573265584,25.0093799188],[121.5571098641,25.0096310106],[121.5569428498,25.009796267],[121.5569426764,25.0097965154],[121.556942461,25.0097966539],[121.5534464984,25.0132962675],[121.5526160547,25.014083034],[121.5519718748,25.0145683793],[121.5514507209,25.0148728313],[121.5514479293,25.0148748874],[121.551445199,25.0148763029],[121.5510014116,25.0151760175],[121.5510012601,25.015176137],[121.5510011529,25.0151761928],[121.5501070935,25.0157841096],[121.55010581,25.0157851256],[121.5501050727,25.0157855208],[121.5493660955,25.0163154515],[121.5488208808,25.0165799463],[121.5487970998,25.0165960577],[121.5487970602,25.0165961122],[121.548797001,25.0165961486],[121.5481117751,25.0172273877],[121.5473775288,25.0178974373],[121.5473772246,25.0178978543]]]},"properties":{"section_id":"ZDYN960","section_name":"辛亥路 基隆路-辛亥隧道","travel_speed":43.0,"level_name":"順暢","level_color":"#19FF1C","data_time":"2025-12-29 20:48:00+08:00"}},{"type":"Feature","geometry":{"type":"Polygon","coordinates":[[[121.5437132526,25.020995447],[121.5437152979,25.0209948956],[121.5437174223,25.0209946762],[121.5439599451,25.0209448826],[121.5439655604,25.0209432483],[121.5439679968,25.0209429016],[121.5441844367,25.0208806341],[121.5441926275,25.020877899],[121.5441926896,25.0208778876],[121.5443403009,25.0208218866],[121.5443413252,25.020821259],[121.5443424726,25.0208210348],[121.5445032878,25.0207558796],[121.5445037191,25.0207556085],[121.5445101119,25.0207528238],[121.5446513234,25.0206833387],[121.544655199,25.0206806968],[121.5446622347,25.0206771027],[121.5448583101,25.0205481361],[121.5448698909,25.020539115],[121.5448702312,25.0205389075],[121.5449619855,25.0204556549],[121.5449619863,25.0204556538],[121.5449619875,25.0204556531],[121.5450331088,25.020391118],[121.5450345681,25.0203891238],[121.5450365106,25.0203878739],[121.5462906352,25.0191307454],[121.5463090084,25.0191042322],[121.5463163975,25.0190696561],[121.5463087026,25.0190351355],[121.5462870953,25.0190059257],[121.5462548651,25.0189864738],[121.5462169187,25.018979741],[121.5461790332,25.0189867524],[121.5461440014,25.0190092949],[121.5448915332,25.0202647616],[121.5448221591,25.0203277112],[121.5448221581,25.0203277121],[121.5447359643,25.0204059193],[121.5445514833,25.0205272597],[121.544419298,25.0205923033],[121.5442630396,25.0206556123],[121.5441205793,25.0207096591],[121.543912313,25.0207695752],[121.5436759379,25.0208181066],[121.5434553608,25.0208544064],[121.5434346873,25.0208599804],[121.5434026293,25.020879668],[121.5433812803,25.0209090352],[121.5433738903,25.0209436111],[121.5433815845,25.0209781319],[121.5434031915,25.0210073421],[121.5434354218,25.0210267947],[121.5434733686,25.0210335281],[121.5434905814,25.0210320915],[121.5437132526,25.020995447]]]},"properties":{"section_id":"ZEWM560","section_name":"辛亥路 復興南路-基隆路","travel_speed":12.0,"level_name":"壅塞","level_color":"#FA0300","data_time":"2025-12-29 20:48:00+08:00"}},{"type":"Feature","geometry":{"type":"Polygon","coordinates":[[[121.5454887468,25.0203771256],[121.5454884831,25.0203774905],[121.545488107,25.0203777252],[121.5450970416,25.0207475619],[121.5449635048,25.0208451342],[121.5448627954,25.0209139418],[121.5446104173,25.0210609184],[121.5443464826,25.0211740776],[121.5441215247,25.0212471945],[121.5438293629,25.0213138852],[121.5435960337,25.0213402366],[121.5435699372,25.0213465625],[121.5435378792,25.0213662501],[121.5435165301,25.0213956173],[121.5435091401,25.0214301933],[121.5435168343,25.021464714],[121.5435384414,25.0214939242],[121.5435706719,25.0215133767],[121.5436086189,25.0215201102],[121.5436204089,25.0215194253],[121.5438597513,25.0214923948],[121.5438649183,25.0214911423],[121.5438716415,25.0214903741],[121.5441743543,25.021421275],[121.5441818247,25.021419011],[121.5441835654,25.0214187333],[121.5444175984,25.0213426668],[121.544421655,25.0213403182],[121.5444264941,25.0213393234],[121.5447005738,25.0212218146],[121.5447022816,25.0212207163],[121.5447117482,25.0212161959],[121.544972634,25.0210642646],[121.544975757,25.0210619679],[121.5449787151,25.0210604245],[121.5450836749,25.0209887129],[121.5450853432,25.0209873893],[121.54508622,25.0209869144],[121.5452259707,25.0208848016],[121.5452343274,25.0208779507],[121.5452347413,25.0208773814],[121.545235337,25.0208770098],[121.5456304928,25.0205033042],[121.5467091064,25.019501956],[121.5467300847,25.0194729297],[121.5467374736,25.0194383536],[121.5467297786,25.019403833],[121.5467081712,25.0193746233],[121.5466759408,25.0193551715],[121.5466379943,25.0193484388],[121.5466001087,25.0193554503],[121.5465676819,25.01937548],[121.5454887468,25.0203771256]]]},"properties":{"section_id":"ZEFMN20","section_name":"辛亥路 基隆路-復興南路","travel_speed":46.0,"level_name":"順暢","level_color":"#19FF1C","data_time":"2025-12-29 20:48:00+08:00"}},{"type":"Feature","geometry":{"type":"Polygon","coordinates":[[[121.5582942496,25.008654795],[121.5582937896,25.008655609],[121.5582933462,25.0086561262],[121.5581836889,25.0088208713],[121.5579165967,25.0092168353],[121.5579164042,25.0092171807],[121.5579162274,25.0092173872],[121.5576916739,25.0095556907],[121.5575042788,25.0098137883],[121.5536061798,25.0136771913],[121.5526977024,25.0145118005],[121.5523413904,25.0147726435],[121.5517694547,25.0151245024],[121.5517666971,25.0151265833],[121.5517645751,25.015127705],[121.5512202115,25.0155083663],[121.5504966263,25.0159784505],[121.550494295,25.0159802559],[121.5504928435,25.0159810343],[121.5498229721,25.0164617332],[121.5498225542,25.0164620729],[121.54982235,25.0164621834],[121.5493578158,25.0168010625],[121.5493516889,25.0168060816],[121.5493510924,25.0168064386],[121.5489802295,25.0171311254],[121.5489790663,25.0171326845],[121.5489773304,25.0171337708],[121.5473924812,25.0186411115],[121.5473920421,25.018641727],[121.5473914607,25.0186420968],[121.5469270072,25.0190973068],[121.5469078816,25.0191245659],[121.5469004928,25.019159142],[121.5469081878,25.0191936626],[121.5469297953,25.0192228723],[121.5469620257,25.0192423241],[121.5469999721,25.0192490567],[121.5470378577,25.0192420451],[121.5470721369,25.0192202482],[121.5475360841,25.0187655338],[121.5491189993,25.0172600308],[121.5494851542,25.0169394656],[121.5499458834,25.0166033619],[121.5506135855,25.0161242193],[121.5513366648,25.0156544633],[121.5513383236,25.0156531788],[121.5513394663,25.0156525747],[121.5518828263,25.015272615],[121.5524556768,25.0149201931],[121.5524597125,25.0149171477],[121.5524622896,25.0149157503],[121.5528261628,25.0146493718],[121.5528344533,25.0146425684],[121.5537481862,25.0138031301],[121.5537492926,25.0138016078],[121.5537507764,25.0138006586],[121.5576554833,25.0099307017],[121.5576568521,25.0099287384],[121.5576651757,25.0099194142],[121.5578580314,25.0096537954],[121.5578590838,25.0096519823],[121.557860178,25.0096507045],[121.5580855867,25.009311112],[121.5583526463,25.0089151954],[121.5583528049,25.0089149108],[121.5583529518,25.0089147394],[121.5584623156,25.008750435],[121.5585784073,25.0085826527],[121.5585862889,25.0085687064],[121.558593674,25.0085341297],[121.5585859764,25.0084996097],[121.5585643681,25.0084704017],[121.5585321388,25.0084509524],[121.5584941951,25.0084442227],[121.5584563136,25.0084512371],[121.5584242613,25.0084709279],[121.5584107996,25.0084863509],[121.5582942496,25.008654795]]]},"properties":{"section_id":"ZEFMN60","section_name":"辛亥路 辛亥隧道-基隆路","travel_speed":46.0,"level_name":"順暢","level_color":"#19FF1C","data_time":"2025-12-29 20:48:00+08:00"}},{"type":"Feature","geometry":{"type":"Polygon","coordinates":[[[121.5554352903,25.0020572949],[121.555435549,25.002057606],[121.5554360059,25.0020584473],[121.5559196285,25.0028241321],[121.5569932599,25.0046671172],[121.557303757,25.0052559604],[121.5573043576,25.0052567291],[121.5573068017,25.005261275],[121.5573868453,25.0053903533],[121.557390362,25.0053945519],[121.5573939129,25.0054001934],[121.5574617249,25.0054823784],[121.5574656925,25.0054865248],[121.5574665655,25.0054877952],[121.5575898888,25.005615382],[121.5575949872,25.0056186893],[121.5575987308,25.0056234414],[121.557833339,25.0058118455],[121.5578343565,25.005812421],[121.5578384318,25.0058156685],[121.5580777611,25.0059834492],[121.5581006329,25.0059954427],[121.5581385759,25.0060021725],[121.5581764567,25.0059951581],[121.5582085084,25.0059754674],[121.5582298514,25.0059460982],[121.5582372363,25.0059115215],[121.5582295391,25.0058770015],[121.5582079313,25.0058477934],[121.5581985746,25.0058403375],[121.5579618618,25.0056743912],[121.5577344309,25.005491751],[121.5576177843,25.0053710718],[121.5575561636,25.0052963906],[121.5574809205,25.0051750539],[121.5571709877,25.0045872825],[121.5571706519,25.0045868526],[121.5571691957,25.0045840515],[121.5560938353,25.0027381028],[121.5560933179,25.0027374678],[121.5560921934,25.0027353971],[121.5556080861,25.0019689467],[121.5548464423,25.0007210926],[121.5548296309,25.0007008786],[121.5547974042,25.0006814284],[121.554759463,25.0006746977],[121.5547215836,25.0006817112],[121.5546895327,25.0007014011],[121.5546681898,25.0007307699],[121.5546608041,25.0007653464],[121.5546685,25.0007998667],[121.5546732946,25.0008088614],[121.5554352903,25.0020572949]]]},"properties":{"section_id":"ZB5PL00","section_name":"辛亥路 興隆路-萬美街","travel_speed":44.0,"level_name":"順暢","level_color":"#19FF1C","data_time":"2025-12-29 20:48:00+08:00"}},{"type":"Feature","geometry":{"type":"Polygon","coordinates":[[[121.5575860444,25.0059686165],[121.5575901198,25.005971864],[121.557829449,25.006139645],[121.5578523208,25.0061516386],[121.5578902638,25.0061583685],[121.5579281447,25.0061513542],[121.5579601965,25.0061316635],[121.5579815395,25.0061022943],[121.5579889246,25.0060677177],[121.5579812274,25.0060331976],[121.5579596197,25.0060039895],[121.557950263,25.0059965336],[121.5577135502,25.0058305869],[121.5574861194,25.0056479463],[121.5573694728,25.005527267],[121.5573078522,25.0054525856],[121.5572326092,25.0053312487],[121.5569226772,25.0047434768],[121.5569223414,25.004743047],[121.5569208852,25.0047402458],[121.5558455271,25.0028942954],[121.5558450096,25.0028936604],[121.5558438851,25.0028915897],[121.5553597787,25.0021251384],[121.5545981364,25.000877283],[121.554581325,25.0008570691],[121.5545490983,25.0008376188],[121.5545111572,25.000830888],[121.5544732777,25.0008379014],[121.5544412267,25.0008575913],[121.5544198837,25.0008869601],[121.5544124979,25.0009215366],[121.5544201938,25.0009560569],[121.5544249883,25.0009650516],[121.5551869826,25.0022134864],[121.5551872412,25.0022137974],[121.5551876981,25.0022146387],[121.5556713199,25.0029803243],[121.556744949,25.0048233113],[121.5570554453,25.005412155],[121.5570560459,25.0054129237],[121.55705849,25.0054174696],[121.5571385335,25.005546548],[121.5571420502,25.0055507466],[121.5571456011,25.0055563881],[121.557213413,25.0056385732],[121.5572173806,25.0056427197],[121.5572182536,25.0056439901],[121.5573415768,25.0057715771],[121.5573466752,25.0057748843],[121.5573504188,25.0057796365],[121.5575850269,25.005968041],[121.5575860444,25.0059686165]]]},"properties":{"section_id":"ZB5PL40","section_name":"辛亥路 萬美街-興隆路","travel_speed":33.0,"level_name":"車多","level_color":"#F8C920","data_time":"2025-12-29 20:48:00+08:00"}},{"type":"Feature","geometry":{"type":"Polygon","coordinates":[[[121.5519566004,24.9967467005],[121.5519638519,24.9967730489],[121.5519640175,24.9967732727],[121.5519640764,24.9967735332],[121.5520699304,24.9970000656],[121.5520703792,24.9970006687],[121.5520810749,24.9970179408],[121.5523578289,24.9973632729],[121.5523680646,24.9973741225],[121.5523746061,24.9973795303],[121.552570763,24.9975277166],[121.5532675696,24.9981710211],[121.5533945196,24.9983432695],[121.5539032751,24.999206691],[121.5541662054,24.999763462],[121.5541668365,24.9997643063],[121.5541670527,24.9997652052],[121.5545902295,25.0006116111],[121.5546106155,25.000638277],[121.5546428422,25.0006577272],[121.5546807833,25.000664458],[121.5547186627,25.0006574445],[121.5547507136,25.0006377546],[121.5547720565,25.0006083858],[121.5547794422,25.0005738092],[121.5547705263,25.0005367462],[121.5543477823,24.9996912084],[121.5540835722,24.9991317291],[121.5540834203,24.9991315259],[121.5540798538,24.9991247069],[121.5535667579,24.9982539211],[121.5535648435,24.9982515835],[121.5535617169,24.9982462939],[121.553426847,24.9980633001],[121.5534156417,24.998050939],[121.553415112,24.9980502146],[121.5527082896,24.9973976641],[121.5527078531,24.9973973976],[121.5527075513,24.9973969897],[121.5527010098,24.9973915819],[121.5525105462,24.9972476966],[121.5522477659,24.9969198012],[121.5521523822,24.9967156763],[121.55211276,24.9963356405],[121.5521055084,24.9963092921],[121.5520839038,24.996280083],[121.5520516787,24.9962606322],[121.5520137391,24.9962539007],[121.5519758609,24.9962609135],[121.5519438106,24.9962806028],[121.5519224678,24.9963099712],[121.5519150815,24.9963445476],[121.5519155249,24.9963527196],[121.5519566004,24.9967467005]]]},"properties":{"section_id":"ZAGPE40","section_name":"辛亥路 懷恩隧道-興隆路","travel_speed":45.0,"level_name":"順暢","level_color":"#19FF1C","data_time":"2025-12-29 20:48:00+08:00"}},{"type":"Feature","geometry":{"type":"Polygon","coordinates":[[[121.551322048,24.9912518442],[121.5513210394,24.9912532322],[121.5513151293,24.9912719104],[121.5512667042,24.9915246302],[121.5512652282,24.9915405284],[121.5512729225,24.9915750489],[121.5512945261,24.9916042581],[121.5513267498,24.9916237091],[121.551364688,24.9916304408],[121.5514025648,24.9916234282],[121.551434614,24.991603739],[121.5514559562,24.9915743706],[121.5514618663,24.9915556924],[121.5515081463,24.9913141655],[121.5515893615,24.9911498693],[121.5516835399,24.9910214869],[121.5520024798,24.9906655881],[121.5520053572,24.9906611807],[121.5520107508,24.9906548519],[121.5521371557,24.9904624142],[121.5521438351,24.9904502506],[121.5521439377,24.9904497703],[121.552144224,24.9904493717],[121.5522439787,24.9902205055],[121.5522441401,24.9902197283],[121.5522490111,24.9902050696],[121.5523120657,24.9899208794],[121.552312835,24.9899137271],[121.5523136876,24.9899104955],[121.5523748107,24.9892431292],[121.5523751135,24.9892361639],[121.5523751532,24.9892359821],[121.5523761489,24.9890101375],[121.55237607,24.9890097762],[121.5523761488,24.9890094071],[121.5523741592,24.9889917675],[121.5523372117,24.9888263321],[121.5523371691,24.9888262061],[121.5523371544,24.9888260775],[121.5522853333,24.9885974139],[121.5522478189,24.9884057271],[121.552233697,24.9882211365],[121.5522446011,24.9879642768],[121.5522934078,24.9874881654],[121.5523320199,24.9872267099],[121.552461936,24.9870046002],[121.5528841671,24.9866464607],[121.5528876187,24.986641911],[121.5528920386,24.9866389701],[121.5530724872,24.9864462097],[121.5530807343,24.9864338804],[121.5530868052,24.9864259642],[121.5532495451,24.9861098803],[121.5532501715,24.9861072948],[121.5532519429,24.9861048282],[121.5533912135,24.9857849567],[121.5536376163,24.985473634],[121.5536489506,24.9854550247],[121.5536563358,24.9854204482],[121.5536486412,24.9853859278],[121.5536270382,24.9853567189],[121.5535948158,24.9853372683],[121.5535568794,24.9853305372],[121.5535190046,24.9853375503],[121.5534869574,24.98535724],[121.5534769511,24.9853679994],[121.5532233501,24.9856884162],[121.5532120157,24.9857070255],[121.5532119097,24.985707522],[121.553211614,24.9857079337],[121.5530689192,24.9860356687],[121.5529131264,24.9863382585],[121.5527450311,24.9865178226],[121.552314841,24.9868827125],[121.5523137558,24.986884143],[121.5523119963,24.986885224],[121.552294914,24.9869063304],[121.5521488188,24.9871560999],[121.5521445599,24.987164362],[121.5521380587,24.9871865277],[121.5520968007,24.9874658973],[121.5520966114,24.9874685535],[121.5520963449,24.987469542],[121.5520470991,24.9879499295],[121.5520468889,24.9879542271],[121.5520467436,24.9879548374],[121.5520355272,24.9882190447],[121.5520365279,24.9882240845],[121.552035693,24.9882288148],[121.5520505566,24.9884231047],[121.5520511193,24.9884252639],[121.5520518558,24.988432678],[121.5520905368,24.9886303274],[121.5520908974,24.9886314422],[121.5520910454,24.9886327362],[121.5521431095,24.9888624738],[121.5521779979,24.9890186901],[121.5521770586,24.9892316766],[121.5521167406,24.9898902404],[121.552056586,24.9901613583],[121.5519630615,24.9903759301],[121.5518444754,24.9905564642],[121.5515271041,24.9909106122],[121.5515255285,24.9909130255],[121.5515214761,24.9909175434],[121.5514200841,24.9910557589],[121.5514135431,24.9910669628],[121.5514121171,24.9910688531],[121.551322395,24.991250358],[121.551322048,24.9912518442]]]},"properties":{"section_id":"Z1SNV00","section_name":"辛亥路 懷恩隧道-光輝路","travel_speed":50.0,"level_name":"順暢","level_color":"#19FF1C","data_time":"2025-12-29 20:48:00+08:00"}},{"type":"Feature","geometry":{"type":"Polygon","coordinates":[[[121.5543678402,24.9803307362],[121.5543700988,24.9803284805],[121.5545135383,24.9801726812],[121.5545293282,24.9801488551],[121.5545367129,24.9801142785],[121.5545290184,24.9800797581],[121.5545074161,24.9800505493],[121.554475195,24.9800310989],[121.5544372602,24.980024368],[121.5543993871,24.9800313813],[121.5543673414,24.9800510711],[121.5543617918,24.9800566138],[121.5542195826,24.9802110765],[121.5540190744,24.9804125138],[121.5540163832,24.9804164028],[121.5540068302,24.9804277563],[121.5538346251,24.9806973827],[121.5538285627,24.9807085949],[121.553824126,24.9807209371],[121.5537271142,24.9810751517],[121.553725167,24.9810898371],[121.5537242275,24.9810938144],[121.5537086139,24.9814946595],[121.5537089534,24.9814963537],[121.5537085524,24.9814982312],[121.5537099553,24.9815130083],[121.553791391,24.9819491845],[121.5537921795,24.9819516592],[121.5537925162,24.9819543097],[121.5540799375,24.983091261],[121.5543659614,24.9842694277],[121.5543693223,24.9844753045],[121.5543474629,24.984607752],[121.5543115698,24.9847071437],[121.5541603361,24.9850639701],[121.5540577693,24.9851807687],[121.5539034399,24.985334406],[121.5538848311,24.985361162],[121.553877446,24.9853957385],[121.5538851407,24.9854302589],[121.5539067437,24.9854594678],[121.5539389662,24.9854789183],[121.5539769026,24.9854856493],[121.5540147775,24.9854786361],[121.5540495563,24.9854563337],[121.5542061059,24.9853004859],[121.5542065388,24.9852998634],[121.5542103806,24.9852959361],[121.5543245571,24.9851659168],[121.5543388911,24.9851437105],[121.5543390887,24.9851427857],[121.5543396226,24.9851420348],[121.5544972702,24.9847700737],[121.554497789,24.9847675084],[121.554498959,24.9847657676],[121.5545382544,24.984656954],[121.5545390784,24.9846522085],[121.5545421179,24.9846421577],[121.5545664349,24.9844948178],[121.5545675361,24.9844810195],[121.5545674261,24.9844805263],[121.5545675259,24.9844800453],[121.5545638935,24.9842575524],[121.55456366,24.9842565333],[121.5545615651,24.9842393907],[121.554273268,24.9830518681],[121.5542731223,24.9830514496],[121.5542730781,24.9830511017],[121.5539862024,24.9819163158],[121.5539069486,24.9814918289],[121.5539218329,24.98110969],[121.5540129145,24.9807771262],[121.5541727897,24.9805268044],[121.5543675823,24.9803311089],[121.5543678402,24.9803307362]]]},"properties":{"section_id":"Z1CPB00","section_name":"辛亥路 木新路-光輝路","travel_speed":41.0,"level_name":"順暢","level_color":"#19FF1C","data_time":"2025-12-29 20:48:00+08:00"}},{"type":"Feature","geometry":{"type":"Polygon","coordinates":[[[121.5539044513,24.9852418918],[121.5539048843,24.9852412693],[121.553908726,24.985237342],[121.5540229029,24.9851073229],[121.5540372369,24.9850851167],[121.5540374344,24.9850841918],[121.5540379683,24.9850834409],[121.5541956168,24.9847114801],[121.5541961356,24.9847089148],[121.5541973056,24.9847071741],[121.5542366013,24.9845983605],[121.5542374252,24.984593615],[121.5542404648,24.9845835642],[121.5542647822,24.9844362244],[121.5542658834,24.984422426],[121.5542657735,24.9844219329],[121.5542658732,24.9844214519],[121.5542622413,24.984198959],[121.5542620079,24.9841979399],[121.554259913,24.9841807972],[121.5539716189,24.9829932739],[121.5539714732,24.9829928555],[121.553971429,24.9829925076],[121.5536845563,24.981857721],[121.5536053035,24.9814332339],[121.5536201888,24.9810510951],[121.5537112711,24.9807185314],[121.5538738601,24.9804639618],[121.5540267493,24.9802722731],[121.5540368946,24.9802556873],[121.5540378292,24.980254418],[121.5541152674,24.9800878898],[121.5541231199,24.9800522899],[121.5541154256,24.9800177694],[121.5540938235,24.9799885606],[121.5540616024,24.9799691101],[121.5540236676,24.979962379],[121.5539857945,24.9799693922],[121.5539537488,24.979989082],[121.5539328769,24.9800174273],[121.5538598585,24.9801744504],[121.5537106731,24.9803614951],[121.5537081028,24.980365697],[121.5537051877,24.9803691615],[121.553532982,24.9806387876],[121.5535269195,24.9806499997],[121.5535224828,24.9806623419],[121.5534254702,24.9810165564],[121.5534235229,24.9810312417],[121.5534225835,24.981035219],[121.5534069689,24.9814360642],[121.5534073084,24.9814377584],[121.5534069074,24.9814396359],[121.5534083103,24.9814544129],[121.5534897448,24.9818905894],[121.5534905334,24.981893064],[121.5534908701,24.9818957146],[121.5537782885,24.9830326665],[121.5540643093,24.9842108338],[121.5540676697,24.9844167107],[121.55404581,24.9845491581],[121.5540099167,24.9846485497],[121.5538586822,24.9850053759],[121.5537561151,24.9851221742],[121.5536017854,24.9852758112],[121.5535831765,24.9853025672],[121.5535757914,24.9853371437],[121.553583486,24.9853716642],[121.5536050889,24.9854008731],[121.5536373114,24.9854203236],[121.5536752477,24.9854270547],[121.5537131226,24.9854200416],[121.5537479015,24.9853977392],[121.5539044513,24.9852418918]]]},"properties":{"section_id":"Z1CPB40","section_name":"辛亥路 光輝路-木新路","travel_speed":31.0,"level_name":"車多","level_color":"#F8C920","data_time":"2025-12-29 20:48:00+08:00"}},{"type":"Feature","geometry":{"type":"Polygon","coordinates":[[[121.5615408889,25.0410344224],[121.5615485587,25.0410670353],[121.5615701736,25.0410962426],[121.561602412,25.041115691],[121.5616403659,25.0411224197],[121.5616782573,25.0411154043],[121.5617103174,25.0410957128],[121.5617316654,25.0410663431],[121.5617390205,25.0410298596],[121.5616449142,25.0376383038],[121.5616372446,25.0376056909],[121.5616156303,25.0375764836],[121.5615833929,25.0375570351],[121.56154544,25.0375503063],[121.5615075498,25.0375573217],[121.5614754905,25.0375770132],[121.561454143,25.0376063829],[121.561446788,25.0376428663],[121.5615408889,25.0410344224]]]},"properties":{"section_id":"ZJFQQ00","section_name":"忠孝東　逸仙路(往北)","travel_speed":17.0,"level_name":"壅塞","level_color":"#FA0300","data_time":"2025-12-29 20:48:00+08:00"}},{"type":"Feature","geometry":{"type":"Polygon","coordinates":[[[121.5124706603,25.0496758618],[121.5124696025,25.0496764713],[121.5124680563,25.0496767354],[121.5119358379,25.0498630355],[121.5112663515,25.0500318091],[121.5105271188,25.0501677217],[121.5100405667,25.0502526122],[121.5093536405,25.0503554278],[121.5085630673,25.0504581089],[121.5085620879,25.0504583549],[121.5085604179,25.0504584864],[121.5078521891,25.0505683542],[121.507471123,25.0506104596],[121.5074706085,25.0506105836],[121.5074694373,25.0506106592],[121.5071299631,25.0506535622],[121.5071285628,25.0506539113],[121.507126193,25.0506541063],[121.5068589508,25.0506974936],[121.5068380708,25.0507030953],[121.5068378827,25.0507032107],[121.506837663,25.0507032518],[121.5065708012,25.0508062918],[121.5065391374,25.0508258151],[121.5065177744,25.0508551771],[121.5065103724,25.0508897512],[121.5065180584,25.0509242739],[121.5065396621,25.0509534894],[121.5065718947,25.0509729499],[121.5066098489,25.0509796926],[121.5066481545,25.0509725347],[121.506904729,25.0508734667],[121.507159092,25.0508321703],[121.5074958338,25.0507896126],[121.5078784168,25.0507473396],[121.5078799827,25.0507469623],[121.5078831206,25.0507467153],[121.5085923721,25.0506366888],[121.5093826601,25.0505340447],[121.5093834162,25.0505338548],[121.5093847389,25.0505337542],[121.5100739938,25.05043059],[121.5100750901,25.0504303032],[121.5100765679,25.0504301729],[121.5105648872,25.0503449741],[121.510565345,25.0503448483],[121.510565851,25.0503448014],[121.5113090076,25.0502081673],[121.5113130908,25.0502070256],[121.5113158328,25.0502066815],[121.5119933342,25.0500358874],[121.5120015015,25.0500333121],[121.5120024494,25.0500331502],[121.5125378579,25.0498457334],[121.5131480115,25.0496498259],[121.5131854098,25.0496282752],[121.5132067709,25.0495989122],[121.5132141709,25.0495643378],[121.5132064832,25.0495298154],[121.5131848782,25.0495006009],[121.513152645,25.0494811419],[121.5131146909,25.0494744008],[121.513082122,25.0494795344],[121.5124706603,25.0496758618]]]},"properties":{"section_id":"ZLAFP60","section_name":"市民大道 重慶北路-環河北路","travel_speed":42.0,"level_name":"順暢","level_color":"#19FF1C","data_time":"2025-12-29 20:48:00+08:00"}},{"type":"Feature","geometry":{"type":"Polygon","coordinates":[[[121.5139338785,25.0530829099],[121.5139340752,25.053084871],[121.5140625405,25.0537335857],[121.5140686552,25.0537524239],[121.5140902612,25.0537816383],[121.5141224957,25.053801097],[121.5141604512,25.0538078379],[121.5141983494,25.0538008344],[121.5142304206,25.053781153],[121.5142517822,25.05375179],[121.5142591822,25.0537172155],[121.5142576086,25.0537015315],[121.5141294556,25.0530543991],[121.514012915,25.0523163672],[121.5140128773,25.0523162432],[121.5140128583,25.0523160132],[121.5139036833,25.0516435421],[121.5139026489,25.0516401594],[121.5139021263,25.0516361155],[121.5138062571,25.0512641352],[121.5138058864,25.0512630936],[121.5138057881,25.0512623934],[121.5134641949,25.0500460815],[121.513464147,25.0500459512],[121.5134641357,25.0500458717],[121.5132962586,25.0494540197],[121.5132449826,25.0491712448],[121.5132922305,25.0480346269],[121.5132914074,25.0480304908],[121.5132921626,25.0480264341],[121.5132582999,25.0474442166],[121.5132507505,25.0474141284],[121.5132291458,25.0473849139],[121.5131969132,25.0473654549],[121.5131589597,25.0473587138],[121.5131210634,25.0473657169],[121.5130889937,25.0473853981],[121.5130676329,25.047414761],[121.513060371,25.0474537697],[121.5130939946,25.0480318922],[121.5130465361,25.0491735348],[121.5130468898,25.0491753125],[121.5130464658,25.0491772935],[121.5130477901,25.0491916645],[121.5131014193,25.0494874197],[121.5131027092,25.0494915045],[121.5131032456,25.0494952917],[121.5132721981,25.0500909379],[121.5136135161,25.0513062765],[121.5137082103,25.0516737004],[121.5138167479,25.0523422517],[121.5139335107,25.0530816978],[121.5139338785,25.0530829099]]]},"properties":{"section_id":"ZLMG600","section_name":"重慶北路 南京西路-忠孝西路","travel_speed":38.0,"level_name":"順暢","level_color":"#19FF1C","data_time":"2025-12-29 20:48:00+08:00"}},{"type":"Feature","geometry":{"type":"Polygon","coordinates":[[[121.513933462,25.064344085],[121.5139336823,25.0643429387],[121.5138760516,25.0631010274],[121.5138684505,25.0630699746],[121.5138468428,25.0630407603],[121.513814606,25.0630213016],[121.5137766476,25.0630145607],[121.5137387466,25.0630215641],[121.513706673,25.0630412454],[121.5136853096,25.0630706084],[121.5136779967,25.0631086523],[121.5137355688,25.0643493423],[121.5137530443,25.0653990761],[121.5137530446,25.0653990772],[121.5137530444,25.0653990782],[121.5137859796,25.0673742963],[121.5137918639,25.0684197077],[121.5137995525,25.0684541101],[121.5138211611,25.0684833243],[121.5138533994,25.0685027831],[121.5138913595,25.0685095239],[121.5139292622,25.0685025205],[121.5139613372,25.0684828391],[121.5139827013,25.0684534761],[121.5139901016,25.0684187819],[121.513984213,25.0673729164],[121.5139841101,25.0673724556],[121.5139842029,25.0673720082],[121.5139512569,25.0653963384],[121.5139512569,25.0653963373],[121.5139337593,25.0643453823],[121.513933462,25.064344085]]]},"properties":{"section_id":"ZQGFY00","section_name":"重慶北路 民權西路-民族西路","travel_speed":59.0,"level_name":"順暢","level_color":"#19FF1C","data_time":"2025-12-29 20:48:00+08:00"}},{"type":"Feature","geometry":{"type":"Polygon","coordinates":[[[121.5137068572,25.0708430961],[121.5137064282,25.0708411471],[121.5137067753,25.0708393499],[121.5136692207,25.0699983013],[121.5136471462,25.0690839397],[121.5136399021,25.0687150376],[121.5136322281,25.0686817869],[121.5136106195,25.0686525726],[121.5135783812,25.0686331138],[121.5135404211,25.068626373],[121.5135025183,25.0686333762],[121.5134704432,25.0686530575],[121.5134490789,25.0686824205],[121.513441693,25.0687182664],[121.5134489403,25.0690873536],[121.5134489846,25.0690875458],[121.5134489484,25.0690877237],[121.5134710461,25.0700031127],[121.5134712557,25.0700040115],[121.513471104,25.0700047966],[121.5135086113,25.0708448146],[121.5135075747,25.0719410541],[121.5135152647,25.071975997],[121.5135368738,25.0720052113],[121.513569113,25.0720246701],[121.5136070742,25.0720314109],[121.513644978,25.0720244076],[121.5136770539,25.0720047263],[121.5136984188,25.0719753633],[121.5137058205,25.0719412095],[121.5137068572,25.0708430961]]]},"properties":{"section_id":"ZQGFY40","section_name":"重慶北路　民族往南","travel_speed":34.0,"level_name":"車多","level_color":"#F8C920","data_time":"2025-12-29 20:48:00+08:00"}},{"type":"Feature","geometry":{"type":"Polygon","coordinates":[[[121.5130165712,25.0814811358],[121.5130161013,25.0814834905],[121.5130150448,25.0814850619],[121.5128309305,25.0819957526],[121.5126115883,25.0824642636],[121.5126109745,25.0824670266],[121.5126094555,25.0824692193],[121.5123735186,25.08306889],[121.5120042783,25.0839440806],[121.5116971696,25.0846425766],[121.5116969747,25.0846435071],[121.5116964619,25.0846442335],[121.5111497951,25.085962201],[121.5111489808,25.0859663068],[121.5111440616,25.0859836855],[121.511105958,25.0862824003],[121.5111052966,25.086293159],[121.511105687,25.0863008294],[121.5111434881,25.086687204],[121.5111465574,25.0866984951],[121.5111483035,25.0867080648],[121.511333993,25.0872090452],[121.5113580882,25.0872442508],[121.5113903312,25.08726371],[121.5114282969,25.0872704513],[121.5114662055,25.0872634485],[121.5114982857,25.0872437676],[121.5115196537,25.0872144049],[121.5115270562,25.0871798307],[121.5115218503,25.0871512995],[121.5113399295,25.0866604891],[121.5113040766,25.0862940328],[121.5113395946,25.0860155842],[121.5118815926,25.0847088679],[121.5121885958,25.0840106092],[121.5121887337,25.0840099512],[121.5121891035,25.0840094306],[121.5125589967,25.0831326892],[121.5125592222,25.0831315706],[121.5125597822,25.0831307622],[121.5127951128,25.0825326303],[121.5130149763,25.0820630041],[121.5130159018,25.0820588378],[121.5130179722,25.0820557586],[121.5132026994,25.0815433655],[121.5133317323,25.0812343364],[121.5133382046,25.0812019053],[121.5133305147,25.0811673832],[121.513308904,25.0811381689],[121.5132766624,25.0811187102],[121.5132386985,25.0811119693],[121.5132007918,25.0811189726],[121.5131687135,25.0811386538],[121.5131464175,25.0811701599],[121.5130165712,25.0814811358]]]},"properties":{"section_id":"ZTGFS00","section_name":"重慶北路 後港街-中正路","travel_speed":54.0,"level_name":"順暢","level_color":"#19FF1C","data_time":"2025-12-29 20:48:00+08:00"}},{"type":"Feature","geometry":{"type":"Polygon","coordinates":[[[121.5138487323,25.0726137123],[121.5138489539,25.0726146483],[121.513848804,25.0726154399],[121.5138910691,25.0734280393],[121.5139092267,25.0745467969],[121.5139199201,25.0758117515],[121.513920177,25.0758128933],[121.513919968,25.0758139485],[121.513963374,25.0770473228],[121.5139663495,25.0788024261],[121.5138665629,25.0793845986],[121.5135200726,25.0802717122],[121.5132220641,25.0809397266],[121.5132147744,25.080974051],[121.5132224642,25.0810085731],[121.5132440749,25.0810377874],[121.5132763165,25.0810572462],[121.5133142804,25.081063987],[121.513352187,25.0810569837],[121.5133842653,25.0810373025],[121.5134057437,25.0810076896],[121.5137045753,25.0803378281],[121.5137050263,25.0803357044],[121.5137061327,25.0803341032],[121.514056469,25.0794371391],[121.5140571829,25.0794333281],[121.5140610156,25.0794208071],[121.5141634322,25.0788232849],[121.5141645896,25.0788093539],[121.5141646182,25.0788092213],[121.5141616255,25.0770456672],[121.5141613109,25.0770442467],[121.5141615748,25.0770429144],[121.5141181571,25.0758092624],[121.5141074682,25.074545087],[121.514107395,25.0745447618],[121.5141074603,25.0745444477],[121.5140892719,25.073423901],[121.5140889125,25.073422332],[121.5140891717,25.0734209634],[121.5140468738,25.0726077595],[121.5140317432,25.0721189983],[121.5140240924,25.0720866774],[121.5140024831,25.0720574631],[121.5139702439,25.0720380045],[121.5139322827,25.0720312637],[121.5138943789,25.0720382671],[121.513862303,25.0720579485],[121.5138409382,25.0720873115],[121.5138335758,25.0721240871],[121.5138487323,25.0726137123]]]},"properties":{"section_id":"ZT9FV00","section_name":"重慶北路 酒泉街-後港街","travel_speed":45.0,"level_name":"順暢","level_color":"#19FF1C","data_time":"2025-12-29 20:48:00+08:00"}},{"type":"Feature","geometry":{"type":"Polygon","coordinates":[[[121.5133119627,25.0409380357],[121.5133118697,25.040936124],[121.5132234594,25.0399883001],[121.5132161275,25.0399610796],[121.5131945242,25.039931865],[121.5131622935,25.0399124059],[121.5131243423,25.0399056648],[121.5130864483,25.0399126679],[121.5130543805,25.039932349],[121.513033021,25.0399617119],[121.5130256214,25.0399962864],[121.5130259766,25.0400035883],[121.5131142806,25.0409502894],[121.5131991945,25.0422421924],[121.5132511624,25.0430589928],[121.5132695475,25.0444228768],[121.5132696087,25.0444231459],[121.5132695562,25.0444234009],[121.5132926709,25.0455875677],[121.5132985361,25.0469962235],[121.5133062237,25.0470307459],[121.5133278283,25.0470599604],[121.5133600609,25.0470794194],[121.5133980143,25.0470861604],[121.5134359105,25.0470791572],[121.51346798,25.047059476],[121.5134893407,25.047030113],[121.5134967405,25.0469955385],[121.5134908703,25.0455862375],[121.5134907242,25.0455855815],[121.5134908548,25.0455849473],[121.5134677307,25.0444203975],[121.5134493192,25.0430547162],[121.5134488135,25.0430524938],[121.5134491606,25.0430506007],[121.5133970551,25.0422316582],[121.5133970303,25.0422315607],[121.5133970439,25.042231486],[121.5133120484,25.040938372],[121.5133119627,25.0409380357]]]},"properties":{"section_id":"ZJTFX00","section_name":"重慶南路 凱達格蘭-忠孝西路","travel_speed":37.0,"level_name":"順暢","level_color":"#19FF1C","data_time":"2025-12-29 20:48:00+08:00"}},{"type":"Feature","geometry":{"type":"Polygon","coordinates":[[[121.5126947835,25.0365971334],[121.512694828,25.0365972929],[121.5126948578,25.0365977754],[121.5128034726,25.037504818],[121.5130445355,25.0396424267],[121.5130517043,25.0396680644],[121.5130733076,25.039697279],[121.5131055382,25.0397167381],[121.5131434893,25.0397234792],[121.5131813832,25.0397164762],[121.5132134509,25.039696795],[121.5132348104,25.039667432],[121.5132422099,25.0396328575],[121.5132416917,25.0396239729],[121.5130005936,25.0374860823],[121.5130005541,25.0374859412],[121.513000528,25.037485518],[121.5128919163,25.0365785143],[121.5127557946,25.0353610766],[121.5127486174,25.0353353613],[121.512727015,25.0353061466],[121.5126947856,25.0352866874],[121.5126568359,25.0352799461],[121.5126189433,25.0352869491],[121.5125868766,25.0353066301],[121.5125655177,25.035335993],[121.5125581183,25.0353705674],[121.5125586277,25.0353793745],[121.5126947835,25.0365971334]]]},"properties":{"section_id":"ZISFV00","section_name":"重慶南路 愛國西路-凱達格蘭","travel_speed":45.0,"level_name":"順暢","level_color":"#19FF1C","data_time":"2025-12-29 20:48:00+08:00"}},{"type":"Feature","geometry":{"type":"Polygon","coordinates":[[[121.5131739808,25.0459841745],[121.5131738315,25.0459835114],[121.5131739591,25.0459828839],[121.5131260523,25.0440368948],[121.5131259448,25.044036434],[121.5131260262,25.0440360227],[121.513080888,25.0427548592],[121.5130807811,25.0427544117],[121.5130808546,25.0427540302],[121.5130370252,25.0417871479],[121.5130365763,25.0417853093],[121.5130368155,25.0417839228],[121.5129639725,25.0409244714],[121.512963924,25.0409242882],[121.5129638842,25.0409234983],[121.5128647691,25.0398985892],[121.5128574637,25.0398716478],[121.5128358605,25.0398424332],[121.5128036299,25.039822974],[121.5127656788,25.0398162328],[121.5127277848,25.0398232358],[121.512695717,25.0398429169],[121.5126743574,25.0398722797],[121.5126669577,25.0399068542],[121.5126673394,25.0399144352],[121.5127664059,25.0409388582],[121.5128390697,25.0417962121],[121.5128828056,25.0427610659],[121.5129279118,25.044041379],[121.5129757889,25.045986287],[121.5129857585,25.0471041135],[121.5129934434,25.0471382446],[121.513015048,25.0471674591],[121.5130472806,25.0471869182],[121.513085234,25.0471936593],[121.5131231302,25.0471866562],[121.5131551999,25.047166975],[121.5131765606,25.0471376121],[121.5131839579,25.0471026464],[121.5131739808,25.0459841745]]]},"properties":{"section_id":"ZJLFX40","section_name":"重慶南路 忠孝西路-貴陽街","travel_speed":45.0,"level_name":"順暢","level_color":"#19FF1C","data_time":"2025-12-29 20:48:00+08:00"}},{"type":"Feature","geometry":{"type":"Polygon","coordinates":[[[121.5125398204,25.0370218079],[121.5125398097,25.0370217695],[121.5125398027,25.0370216535],[121.5124446527,25.0361982284],[121.5123628585,25.0354344745],[121.5123556396,25.0354083773],[121.5123340373,25.0353791625],[121.512301808,25.0353597032],[121.5122638583,25.0353529619],[121.5122259656,25.0353599647],[121.5121938988,25.0353796456],[121.5121725398,25.0354090085],[121.5121651403,25.0354435829],[121.5121656079,25.0354520082],[121.5122474376,25.0362161049],[121.5122474827,25.0362162679],[121.5122475139,25.0362167899],[121.5123426932,25.0370404804],[121.5126674086,25.0398976763],[121.5126745692,25.0399232428],[121.5126961724,25.0399524575],[121.512728403,25.0399719166],[121.5127663542,25.0399786579],[121.5128042482,25.0399716549],[121.5128363161,25.0399519738],[121.5128576757,25.0399226109],[121.5128650753,25.0398880364],[121.512864549,25.0398790805],[121.5125398204,25.0370218079]]]},"properties":{"section_id":"ZHYFT40","section_name":"重慶南路 凱達格蘭-愛國西路","travel_speed":52.0,"level_name":"順暢","level_color":"#19FF1C","data_time":"2025-12-29 20:48:00+08:00"}},{"type":"Feature","geometry":{"type":"Polygon","coordinates":[[[121.5122780743,25.0347575862],[121.5122754545,25.0347614312],[121.5121587618,25.0350723624],[121.5121534329,25.0351019126],[121.5121611194,25.035136435],[121.5121827216,25.0351656498],[121.5122149508,25.0351851091],[121.5122529005,25.0351918505],[121.5122907931,25.0351848476],[121.5123228598,25.0351651667],[121.5123462894,25.0351307795],[121.5124613547,25.0348241833],[121.5126418317,25.0344664777],[121.5133021063,25.0333826105],[121.5139151718,25.0324567502],[121.5142818067,25.0319449368],[121.5142905166,25.0319298262],[121.5142979153,25.0318952516],[121.5142902285,25.0318607293],[121.5142686264,25.0318315148],[121.5142363977,25.0318120559],[121.514198449,25.031805315],[121.5141605575,25.0318123183],[121.514128492,25.0318319997],[121.5141158439,25.0318462522],[121.5137482495,25.0323594039],[121.5137473175,25.0323610208],[121.513746384,25.0323621117],[121.5131314859,25.0332907376],[121.5131304052,25.0332926959],[121.5131296914,25.0332935619],[121.5124667226,25.0343818491],[121.512463898,25.0343872065],[121.5124633291,25.0343879542],[121.5122791817,25.0347529334],[121.5122780743,25.0347575862]]]},"properties":{"section_id":"ZHBGA40","section_name":"重慶南路 愛國西路-南海路","travel_speed":44.0,"level_name":"順暢","level_color":"#19FF1C","data_time":"2025-12-29 20:48:00+08:00"}},{"type":"Feature","geometry":{"type":"Polygon","coordinates":[[[121.5147096184,25.03105553],[121.5147099584,25.031053909],[121.5147108108,25.0310526829],[121.5149962113,25.0303350887],[121.5149963182,25.0303345277],[121.514996579,25.0303341479],[121.5152170318,25.0297600994],[121.515222591,25.0297299402],[121.515214904,25.0296954178],[121.5151933021,25.0296662035],[121.5151610738,25.0296467448],[121.5151231257,25.0296400041],[121.515085235,25.0296470076],[121.5150531702,25.0296666892],[121.5150299735,25.0297004678],[121.5148097009,25.0302740446],[121.5145250561,25.0309897361],[121.5142222453,25.0316776692],[121.5142151257,25.0317116164],[121.5142228124,25.0317461388],[121.5142444145,25.0317753532],[121.5142766432,25.0317948121],[121.5143145919,25.031801553],[121.5143524834,25.0317945497],[121.5143845489,25.0317748682],[121.5144061859,25.0317448777],[121.5147096184,25.03105553]]]},"properties":{"section_id":"ZGSGF40","section_name":"重慶南路 南海路-寧波西路","travel_speed":43.0,"level_name":"順暢","level_color":"#19FF1C","data_time":"2025-12-29 20:48:00+08:00"}},{"type":"Feature","geometry":{"type":"Polygon","coordinates":[[[121.5142677108,25.0321431576],[121.5142664611,25.0321453406],[121.5142653701,25.032146636],[121.5136534636,25.0331038663],[121.5132629142,25.033702029],[121.5132611357,25.0337052769],[121.5132602462,25.033706385],[121.5128590769,25.034406091],[121.5126315646,25.0347957647],[121.5126273576,25.0348039297],[121.5126245274,25.0348110621],[121.5125461707,25.0350379117],[121.5125416014,25.0350653538],[121.512549288,25.0350998763],[121.5125708903,25.0351290909],[121.5126031196,25.0351485502],[121.5126410693,25.0351552915],[121.5126789618,25.0351482885],[121.5127110285,25.0351286075],[121.5127323873,25.0350992446],[121.5127352175,25.0350921122],[121.5128108298,25.0348732069],[121.513034223,25.0344905873],[121.5130344634,25.0344901208],[121.5130345692,25.034489989],[121.5134346415,25.0337921944],[121.5138240244,25.0331958171],[121.5138242865,25.0331953384],[121.5138244889,25.0331950981],[121.5144354978,25.0322392699],[121.5146037029,25.0320015301],[121.5146121076,25.031986848],[121.5146195063,25.0319522734],[121.5146118194,25.031917751],[121.5145902172,25.0318885366],[121.5145579884,25.0318690778],[121.5145200396,25.031862337],[121.5144821482,25.0318693404],[121.5144500827,25.0318890218],[121.5144371296,25.0319037028],[121.5142677108,25.0321431576]]]},"properties":{"section_id":"ZHYFT00","section_name":"重慶南路 南海路-愛國西路","travel_speed":31.0,"level_name":"車多","level_color":"#F8C920","data_time":"2025-12-29 20:48:00+08:00"}},{"type":"Feature","geometry":{"type":"Polygon","coordinates":[[[121.5153574122,25.0302751846],[121.515358716,25.0302732477],[121.515543552,25.0297629399],[121.5155485427,25.0297343041],[121.5155408556,25.0296997818],[121.5155192536,25.0296705676],[121.5154870253,25.0296511089],[121.5154490772,25.0296443683],[121.5154111865,25.0296513719],[121.5153791217,25.0296710536],[121.5153553568,25.0297063556],[121.5151713884,25.0302142658],[121.515001026,25.030608976],[121.5144400749,25.0317931084],[121.5144319633,25.031829227],[121.5144396501,25.0318637494],[121.5144612523,25.0318929638],[121.514493481,25.0319124227],[121.5145314298,25.0319191635],[121.5145693213,25.0319121601],[121.5146013868,25.0318924786],[121.5146220317,25.0318646595],[121.5151836251,25.0306791676],[121.5151839546,25.0306777002],[121.5151848632,25.0306764316],[121.5153568336,25.0302779946],[121.5153574122,25.0302751846]]]},"properties":{"section_id":"ZHBGA00","section_name":"重慶南路 寧波西街-南海路","travel_speed":43.0,"level_name":"順暢","level_color":"#19FF1C","data_time":"2025-12-29 20:48:00+08:00"}},{"type":"Feature","geometry":{"type":"Polygon","coordinates":[[[121.6073118121,25.0579357546],[121.6073102536,25.0579353286],[121.6054525884,25.057601378],[121.6054329544,25.0575996704],[121.6053950607,25.057606697],[121.6053630035,25.0576263978],[121.6053416633,25.0576557736],[121.6053342888,25.0576903522],[121.6053420027,25.0577248693],[121.6053636308,25.0577540699],[121.6053958803,25.0577735086],[121.6054142075,25.0577785183],[121.6072704275,25.0581122091],[121.6074664327,25.058153001],[121.6079299101,25.0582765313],[121.6082586954,25.0583707055],[121.6085768162,25.0584979477],[121.6102465791,25.0592205826],[121.6104743729,25.0593354868],[121.6107161983,25.0594842092],[121.6109099434,25.0596180317],[121.6113233979,25.0599928986],[121.6120640019,25.060780214],[121.6124774199,25.0612605193],[121.6126702903,25.0614860662],[121.6128984516,25.0617697551],[121.6129086405,25.0617805287],[121.6129408923,25.0617999656],[121.6129788551,25.061806681],[121.6130167496,25.0617996525],[121.6130488066,25.06177995],[121.6130701457,25.0617505731],[121.6130775182,25.0617159942],[121.6130698018,25.0616814776],[121.6130583602,25.0616630518],[121.612829335,25.0613782892],[121.6128280968,25.06137698],[121.6128275733,25.0613761652],[121.612633708,25.0611494551],[121.6126335654,25.0611493088],[121.6126335139,25.0611492289],[121.6122186672,25.0606672644],[121.6122164634,25.0606650097],[121.6122159322,25.0606642256],[121.6114713669,25.0598727],[121.6114660549,25.0598674976],[121.6114660239,25.0598674557],[121.6110450599,25.0594857805],[121.6110449674,25.0594857246],[121.6110449049,25.0594856403],[121.611035025,25.0594778291],[121.6108337997,25.05933884],[121.6108319435,25.0593378753],[121.6108293741,25.059335954],[121.6105816706,25.0591836166],[121.6105769308,25.0591813081],[121.6105742253,25.0591794605],[121.6103399111,25.0590612674],[121.6103352774,25.0590592443],[121.6103344289,25.0590587016],[121.6086605493,25.0583342852],[121.6086592379,25.0583340186],[121.608657864,25.0583331674],[121.6083334365,25.0582034027],[121.6083322156,25.0582031719],[121.6083311042,25.058202502],[121.6083233186,25.0581999419],[121.6079884251,25.0581040181],[121.6079879831,25.0581039572],[121.6079865275,25.0581034935],[121.6075192428,25.0579789485],[121.6075174013,25.0579787119],[121.607513485,25.0579775833],[121.60731314,25.0579358883],[121.6073118121,25.0579357546]]]},"properties":{"section_id":"ZND3C20","section_name":"重陽路 興華路-向陽路","travel_speed":36.0,"level_name":"順暢","level_color":"#19FF1C","data_time":"2025-12-29 20:48:00+08:00"}},{"type":"Feature","geometry":{"type":"Polygon","coordinates":[[[121.612547698,25.0613776547],[121.6125436145,25.0613732253],[121.6125421759,25.0613710785],[121.611495861,25.0602368334],[121.6114947653,25.0602357499],[121.611494563,25.0602354547],[121.611169009,25.0598966167],[121.6111657015,25.0598944658],[121.6111630156,25.0598909038],[121.6109545067,25.0597088208],[121.6109539314,25.0597084804],[121.6109458022,25.0597020532],[121.6107445766,25.059563064],[121.6107427204,25.0595620993],[121.610740151,25.0595601781],[121.6104924471,25.0594078405],[121.6104877073,25.0594055319],[121.6104850018,25.0594036844],[121.6102506873,25.0592854911],[121.6102454981,25.0592832255],[121.6102446519,25.0592826878],[121.6095749647,25.0589974657],[121.6085716895,25.0585586675],[121.6085702086,25.0585583636],[121.6085686376,25.0585573902],[121.6082442096,25.0584276253],[121.6082429886,25.0584273945],[121.6082418772,25.0584267246],[121.6082340916,25.0584241645],[121.6078991976,25.0583282405],[121.6078981004,25.0583280894],[121.6078947974,25.0583270812],[121.6075815019,25.0582516398],[121.6074351114,25.0582046664],[121.607433125,25.0582043612],[121.6074242567,25.0582018055],[121.6072239114,25.0581601103],[121.6072224782,25.058159966],[121.607220814,25.0581595129],[121.6064106719,25.0580155399],[121.6053635196,25.0578256284],[121.6053437225,25.0578238914],[121.6053058288,25.057830918],[121.6052737715,25.0578506188],[121.6052524312,25.0578799946],[121.6052450567,25.0579145731],[121.6052527706,25.0579490902],[121.6052743987,25.0579782908],[121.6053066483,25.0579977295],[121.6053248125,25.0580027099],[121.6063721531,25.0581926555],[121.6063723411,25.058192672],[121.6063725271,25.0581927226],[121.6071813035,25.058336453],[121.6073745886,25.0583766788],[121.6075193945,25.0584231437],[121.6075206419,25.0584233354],[121.607526994,25.0584252742],[121.6078419218,25.0585011087],[121.6081694682,25.0585949281],[121.6084874035,25.058722096],[121.6094896245,25.0591604333],[121.6094900602,25.0591605227],[121.6094905442,25.0591608303],[121.6101576227,25.0594449414],[121.6103851491,25.0595597106],[121.6106269749,25.0597084332],[121.6108214641,25.0598427696],[121.6110227015,25.0600185028],[121.6113447395,25.0603536817],[121.6123874859,25.0614840599],[121.6127720291,25.0619883493],[121.6127836674,25.0620009734],[121.6128159192,25.0620204104],[121.6128538821,25.0620271258],[121.6128917767,25.0620200973],[121.6129238338,25.0620003949],[121.6129451729,25.061971018],[121.6129525455,25.0619364391],[121.6129448291,25.0619019225],[121.6129348368,25.0618853472],[121.612547698,25.0613776547]]]},"properties":{"section_id":"ZMZZC60","section_name":"重陽路 三重路-興華路","travel_speed":44.0,"level_name":"順暢","level_color":"#19FF1C","data_time":"2025-12-29 20:48:00+08:00"}},{"type":"Feature","geometry":{"type":"Polygon","coordinates":[[[121.5293673557,25.04035491],[121.5293671317,25.0403536639],[121.5286208701,25.038307584],[121.5285966269,25.038271965],[121.5285643943,25.0382525093],[121.5285264429,25.0382457721],[121.5284885504,25.0382527791],[121.5284564855,25.0382724635],[121.5284351299,25.0383018286],[121.5284277348,25.0383364038],[121.5284327895,25.0383645186],[121.5291780957,25.0404079878],[121.5299224459,25.0429585574],[121.5299268115,25.0429702354],[121.5299484192,25.0429994474],[121.5299806533,25.0430189028],[121.5300186063,25.0430256396],[121.5300565002,25.0430186322],[121.530088566,25.0429989475],[121.5301099219,25.0429695822],[121.5301173168,25.0429350069],[121.5301139904,25.0429121635],[121.5293688604,25.0403589353],[121.5293673557,25.04035491]]]},"properties":{"section_id":"ZJBJ900","section_name":"金山南路 仁愛路-忠孝東路","travel_speed":38.0,"level_name":"順暢","level_color":"#19FF1C","data_time":"2025-12-29 20:48:00+08:00"}},{"type":"Feature","geometry":{"type":"Polygon","coordinates":[[[121.5274071172,25.0348992061],[121.5274077047,25.034901449],[121.5274084427,25.0349087847],[121.5274210364,25.0349722309],[121.5274223591,25.0349763025],[121.5274228346,25.0349795426],[121.5283010757,25.0379640501],[121.5283053875,25.0379755459],[121.528326994,25.0380047582],[121.5283592264,25.038024214],[121.5283971778,25.0380309513],[121.5284350703,25.0380239443],[121.528467135,25.0380042599],[121.5284884906,25.0379748948],[121.5284958857,25.0379403196],[121.5284925063,25.0379172939],[121.5276153267,25.0349364094],[121.5276044096,25.03488141],[121.5275452494,25.0341332671],[121.5275378141,25.034104881],[121.5275162085,25.0340756685],[121.5274839772,25.0340562125],[121.5274460271,25.034049475],[121.5274081358,25.0340564817],[121.5273760719,25.0340761659],[121.5273547167,25.0341055308],[121.5273475769,25.0341462415],[121.5274071172,25.0348992061]]]},"properties":{"section_id":"ZIPIZ00","section_name":"金山南路 信義路-仁愛路","travel_speed":43.0,"level_name":"順暢","level_color":"#19FF1C","data_time":"2025-12-29 20:48:00+08:00"}},{"type":"Feature","geometry":{"type":"Polygon","coordinates":[[[121.529014899,25.040360196],[121.5290133943,25.0403561707],[121.5290131703,25.0403549246],[121.5282669146,25.0383088429],[121.5282426715,25.0382732238],[121.528210439,25.038253768],[121.5281724876,25.0382470307],[121.528134595,25.0382540376],[121.5281025301,25.038273722],[121.5280811744,25.038303087],[121.5280737792,25.0383376622],[121.5280788338,25.038365777],[121.5288241342,25.0404092481],[121.5295684771,25.0429598195],[121.5295728426,25.0429714976],[121.5295944503,25.0430007097],[121.5296266843,25.0430201651],[121.5296646373,25.043026902],[121.5297025312,25.0430198947],[121.5297345971,25.04300021],[121.5297559531,25.0429708448],[121.5297633481,25.0429362695],[121.5297600218,25.0429134262],[121.529014899,25.040360196]]]},"properties":{"section_id":"ZIXJ740","section_name":"金山南路 忠孝東路-仁愛路","travel_speed":40.0,"level_name":"順暢","level_color":"#19FF1C","data_time":"2025-12-29 20:48:00+08:00"}},{"type":"Feature","geometry":{"type":"Polygon","coordinates":[[[121.5272996343,25.0328774007],[121.5272995246,25.0328761815],[121.527087373,25.0316760907],[121.5270809427,25.0316555731],[121.5270593376,25.0316263605],[121.527027107,25.0316069045],[121.5269891577,25.0316001668],[121.5269512671,25.0316071734],[121.5269192037,25.0316268575],[121.5268978489,25.0316562223],[121.5268904537,25.0316907975],[121.5268917137,25.0317048015],[121.5271036965,25.0329039488],[121.5272359079,25.0337680144],[121.5272426501,25.0337904226],[121.5272642556,25.0338196351],[121.5272964868,25.0338390912],[121.5273344368,25.0338458287],[121.5273723281,25.033838822],[121.527404392,25.0338191379],[121.527425747,25.0337897729],[121.5274331422,25.0337551978],[121.5274321939,25.0337430844],[121.5272998363,25.0328780722],[121.5272996343,25.0328774007]]]},"properties":{"section_id":"ZDYJC00","section_name":"金山南路 愛國東路-信義路","travel_speed":44.0,"level_name":"順暢","level_color":"#19FF1C","data_time":"2025-12-29 20:48:00+08:00"}},{"type":"Feature","geometry":{"type":"Polygon","coordinates":[[[121.5291986351,25.0480410769],[121.5291630116,25.0480351786],[121.5291443033,25.0480368697],[121.5288036865,25.0480977996],[121.5288027335,25.0480980636],[121.5288017793,25.0480981585],[121.5281860973,25.0482197828],[121.5281851882,25.0482200436],[121.5281844386,25.0482201241],[121.5273330212,25.0484022998],[121.5273306667,25.0484029954],[121.5273292911,25.0484031679],[121.5262584658,25.0486726585],[121.5246566686,25.0490465243],[121.5246429855,25.0490507062],[121.5246109172,25.0490703898],[121.5245895589,25.0490997543],[121.5245821621,25.0491343293],[121.524589853,25.049168851],[121.5246114606,25.0491980638],[121.5246436955,25.0492175203],[121.5246816501,25.0492242584],[121.5247058631,25.0492214342],[121.5263085605,25.0488473583],[121.526309725,25.0488470024],[121.5263103522,25.0488469238],[121.5273802168,25.0485776749],[121.5282289332,25.048396077],[121.5288428334,25.0482748047],[121.5291546683,25.0482190234],[121.5292737322,25.0482602829],[121.5293093558,25.0482661812],[121.5293472513,25.048259174],[121.5293793186,25.0482394894],[121.5294006756,25.0482101241],[121.529408071,25.0481755489],[121.5294003789,25.0481410275],[121.5293787703,25.0481118154],[121.529344204,25.0480915213],[121.5291986351,25.0480410769]]]},"properties":{"section_id":"ZL6IA60","section_name":"長安東路 中山北路-林森北路","travel_speed":43.0,"level_name":"順暢","level_color":"#19FF1C","data_time":"2025-12-29 20:48:00+08:00"}},{"type":"Feature","geometry":{"type":"Polygon","coordinates":[[[121.5085056896,25.0517670433],[121.5085043108,25.0517667984],[121.5084682222,25.0517731294],[121.5072637855,25.0522072101],[121.5072299042,25.0522275609],[121.5072085412,25.052256923],[121.5072011393,25.0522914972],[121.5072088255,25.0523260199],[121.5072304297,25.0523552352],[121.5072626627,25.0523746955],[121.5073006175,25.0523814381],[121.5073367063,25.0523751074],[121.5085224688,25.0519477569],[121.5094406314,25.0519671125],[121.5103903936,25.0519886269],[121.5103908333,25.0519885516],[121.5103913283,25.0519886441],[121.5109386929,25.0519963351],[121.5109387323,25.0519963282],[121.5109387755,25.0519963362],[121.5117943823,25.0520077043],[121.5117952709,25.0520075478],[121.5117962022,25.0520077132],[121.5118075597,25.052007079],[121.5121482957,25.0519700743],[121.5121527658,25.0519690017],[121.5121593393,25.0519682928],[121.5128929064,25.0518104973],[121.5128943389,25.0518100733],[121.5128952578,25.0518099638],[121.513707339,25.051616063],[121.5137204841,25.0516120093],[121.5137525548,25.051592328],[121.5137739162,25.051562965],[121.5137813161,25.0515283905],[121.5137736281,25.0514938682],[121.5137520226,25.0514646538],[121.5137197888,25.0514451949],[121.513681834,25.051438454],[121.5136570816,25.0514414036],[121.5128461736,25.0516350242],[121.5121192532,25.0517913899],[121.5117906608,25.0518270757],[121.5109417082,25.0518157961],[121.5103948531,25.0518081122],[121.5094454738,25.0517866064],[121.5094453939,25.0517866201],[121.5094453023,25.0517866027],[121.5085069765,25.0517668219],[121.5085056896,25.0517670433]]]},"properties":{"section_id":"ZLMG620","section_name":"長安西路 環河北路-重慶北路","travel_speed":30.0,"level_name":"車多","level_color":"#F8C920","data_time":"2025-12-29 20:48:00+08:00"}},{"type":"Feature","geometry":{"type":"Polygon","coordinates":[[[121.5167985005,25.0508767829],[121.516811603,25.050872739],[121.516843673,25.0508530571],[121.5168650335,25.0508236936],[121.5168724325,25.050789119],[121.5168647437,25.0507545969],[121.5168431376,25.050725383],[121.5168109035,25.0507059248],[121.5167729488,25.0506991846],[121.5167481542,25.0507021448],[121.5140630783,25.0513444618],[121.5140499757,25.0513485054],[121.5140179051,25.0513681868],[121.5139965438,25.0513975498],[121.5139891439,25.0514321243],[121.513996832,25.0514666466],[121.5140184376,25.0514958609],[121.5140506714,25.0515153198],[121.5140886263,25.0515220606],[121.5141134211,25.0515191008],[121.5167985005,25.0508767829]]]},"properties":{"section_id":"ZLIGO20","section_name":"長安西路 重慶北路-承德路","travel_speed":40.0,"level_name":"順暢","level_color":"#19FF1C","data_time":"2025-12-29 20:48:00+08:00"}},{"type":"Feature","geometry":{"type":"Polygon","coordinates":[[[121.5213690528,25.0497979945],[121.5213827824,25.0497938022],[121.5214148513,25.0497741192],[121.5214362105,25.0497447552],[121.5214436082,25.0497101803],[121.5214359182,25.0496756585],[121.5214143112,25.0496464452],[121.5213820767,25.049626988],[121.5213441222,25.049620249],[121.5213199552,25.0496230619],[121.5171547655,25.0505930932],[121.5171410357,25.0505972852],[121.5171089659,25.0506169672],[121.5170876055,25.0506463307],[121.5170802065,25.0506809053],[121.5170878954,25.0507154274],[121.5171095015,25.0507446413],[121.5171417357,25.0507640995],[121.5171796904,25.0507708395],[121.5172038577,25.0507680273],[121.5213690528,25.0497979945]]]},"properties":{"section_id":"ZLBHN20","section_name":"長安西路 承德路-中山北路","travel_speed":46.0,"level_name":"順暢","level_color":"#19FF1C","data_time":"2025-12-29 20:48:00+08:00"}},{"type":"Feature","geometry":{"type":"Polygon","coordinates":[[[121.5172080106,25.0507840021],[121.5171942808,25.050788194],[121.5171622109,25.0508078761],[121.5171408504,25.0508372396],[121.5171334515,25.0508718142],[121.5171411403,25.0509063363],[121.5171627466,25.0509355502],[121.5171949808,25.0509550083],[121.5172329356,25.0509617483],[121.5172571029,25.0509589362],[121.521422304,25.0499889018],[121.5214360336,25.0499847094],[121.5214681026,25.0499650265],[121.5214894618,25.0499356624],[121.5214968595,25.0499010875],[121.5214891695,25.0498665657],[121.5214675624,25.0498373524],[121.5214353279,25.0498178952],[121.5213973732,25.0498111563],[121.5213732062,25.0498139691],[121.5172080106,25.0507840021]]]},"properties":{"section_id":"ZLGGY60","section_name":"長安西路 中山北路-承德路","travel_speed":45.0,"level_name":"順暢","level_color":"#19FF1C","data_time":"2025-12-29 20:48:00+08:00"}},{"type":"Feature","geometry":{"type":"Polygon","coordinates":[[[121.5301893481,25.0547526176],[121.5301895033,25.0547526437],[121.5329435396,25.0546927531],[121.532979461,25.05468577],[121.5330115293,25.0546660845],[121.5330328865,25.0546367188],[121.5330402812,25.0546021435],[121.5330325876,25.0545676223],[121.533010977,25.0545384108],[121.5329787395,25.0545189562],[121.5329388069,25.0545122453],[121.5301849368,25.0545721321],[121.5278252378,25.0546163649],[121.5277889917,25.0546233534],[121.5277569225,25.0546430377],[121.527735564,25.0546724026],[121.5277281678,25.0547069777],[121.5277358599,25.0547414992],[121.5277574693,25.0547707115],[121.5277897061,25.0547901673],[121.5278293142,25.0547968862],[121.5301891788,25.0547526502],[121.5301893481,25.0547526176]]]},"properties":{"section_id":"ZMDL820","section_name":"長春路 新生北路-松江路","travel_speed":41.0,"level_name":"順暢","level_color":"#19FF1C","data_time":"2025-12-29 20:48:00+08:00"}},{"type":"Feature","geometry":{"type":"Polygon","coordinates":[[[121.5365570897,25.0546467293],[121.5365937736,25.0546397314],[121.5366258413,25.0546200452],[121.5366471977,25.054590679],[121.5366545914,25.0545561035],[121.5366468968,25.0545215825],[121.5366252853,25.0544923715],[121.5365930472,25.0544729177],[121.5365538772,25.0544661938],[121.5332952807,25.0545142715],[121.5332585967,25.0545212686],[121.5332265285,25.0545409541],[121.5332051713,25.0545703198],[121.5331977766,25.0546048952],[121.5332054703,25.0546394163],[121.5332270809,25.0546686278],[121.5332593186,25.0546880824],[121.5332984885,25.0546948071],[121.5365570897,25.0546467293]]]},"properties":{"section_id":"ZMEKQ20","section_name":"長春路 松江路-建國北路","travel_speed":38.0,"level_name":"順暢","level_color":"#19FF1C","data_time":"2025-12-29 20:48:00+08:00"}},{"type":"Feature","geometry":{"type":"Polygon","coordinates":[[[121.540462808,25.0545911237],[121.54046296,25.0545910939],[121.5404630947,25.0545911161],[121.5419903979,25.0545484476],[121.5438612432,25.0545108641],[121.5438973523,25.0545038744],[121.5439294188,25.0544841867],[121.5439507733,25.0544548195],[121.543958165,25.0544202436],[121.5439504683,25.054385723],[121.5439288552,25.0543565132],[121.543896616,25.054337061],[121.5438568714,25.054330349],[121.5419856018,25.0543679409],[121.5419851517,25.0543680281],[121.5419847475,25.0543679614],[121.5404571628,25.0544106378],[121.5372004194,25.0544929788],[121.5371648775,25.054499954],[121.5371328099,25.0545196403],[121.5371114537,25.0545490066],[121.5371040601,25.0545835821],[121.5371117548,25.0546181031],[121.5371333664,25.054647314],[121.5371656046,25.0546667677],[121.5372059166,25.0546734686],[121.540462808,25.0545911237]]]},"properties":{"section_id":"ZMDLH20","section_name":"長春路 建國北路-復興北路","travel_speed":34.0,"level_name":"車多","level_color":"#F8C920","data_time":"2025-12-29 20:48:00+08:00"}},{"type":"Feature","geometry":{"type":"Polygon","coordinates":[[[121.5229204673,25.0549266737],[121.5228840765,25.0549336636],[121.5228520064,25.0549533469],[121.5228306467,25.0549827111],[121.5228232491,25.055017286],[121.5228309398,25.0550518078],[121.5228525481,25.0550810208],[121.5228847843,25.0551004776],[121.5229242478,25.0551072004],[121.5273685513,25.0550299068],[121.5274049418,25.0550229158],[121.5274370112,25.0550032316],[121.5274583698,25.0549738667],[121.5274657661,25.0549392916],[121.527458074,25.0549047701],[121.5274364647,25.0548755578],[121.5274042279,25.0548561019],[121.5273647642,25.0548493803],[121.5229204673,25.0549266737]]]},"properties":{"section_id":"ZMFHU60","section_name":"長春路 新生北路-中山北路","travel_speed":45.0,"level_name":"順暢","level_color":"#19FF1C","data_time":"2025-12-29 20:48:00+08:00"}},{"type":"Feature","geometry":{"type":"Polygon","coordinates":[[[121.5411156754,25.0625195185],[121.5411079982,25.0624864487],[121.5410863843,25.0624572384],[121.5410541434,25.0624377857],[121.5410161839,25.0624310518],[121.5409782847,25.0624380621],[121.5409462157,25.0624577492],[121.5409248591,25.062487116],[121.5409174853,25.0625231425],[121.541035733,25.067888231],[121.5410434106,25.0679213008],[121.5410650254,25.067950511],[121.5410972678,25.0679699638],[121.541135229,25.0679766976],[121.5411731299,25.0679696873],[121.5412052003,25.0679500001],[121.5412265578,25.0679206332],[121.5412339317,25.0678846067],[121.5411156754,25.0625195185]]]},"properties":{"section_id":"ZQDLJ00","section_name":"龍江路 民權東路-民族東路","travel_speed":41.0,"level_name":"順暢","level_color":"#19FF1C","data_time":"2025-12-29 20:48:00+08:00"}},{"type":"Feature","geometry":{"type":"Polygon","coordinates":[[[121.5407734289,25.0678772434],[121.5407811064,25.0679103132],[121.5408027212,25.0679395235],[121.5408349635,25.0679589763],[121.5408729247,25.0679657101],[121.5409108256,25.0679586999],[121.540942896,25.0679390128],[121.5409642536,25.067909646],[121.5409716276,25.0678736195],[121.5408533828,25.0625085308],[121.5408457056,25.062475461],[121.5408240918,25.0624462507],[121.5407918509,25.0624267979],[121.5407538914,25.0624200639],[121.5407159922,25.0624270741],[121.5406839232,25.0624467612],[121.5406625665,25.062476128],[121.5406551927,25.0625121545],[121.5407734289,25.0678772434]]]},"properties":{"section_id":"ZNZLJ40","section_name":"龍江路 民族東路-民權東路","travel_speed":55.0,"level_name":"順暢","level_color":"#19FF1C","data_time":"2025-12-29 20:48:00+08:00"}},{"type":"Feature","geometry":{"type":"Polygon","coordinates":[[[121.543936786,25.0725289858],[121.5444970157,25.0794795725],[121.5445082308,25.07954087],[121.5445311204,25.0795912473],[121.5445690196,25.0796186326],[121.5446194198,25.0796253287],[121.5446672204,25.0796136848],[121.5447023372,25.0795814442],[121.5447222923,25.0795377907],[121.5447245469,25.0794781464],[121.544152462,25.0725141601],[121.5441462297,25.0724636606],[121.5441286738,25.0724230295],[121.5440962442,25.0723869746],[121.5440365994,25.0723713673],[121.5439870436,25.0723918966],[121.5439549436,25.0724304488],[121.5439377574,25.0724734681],[121.543936786,25.0725289858]]]},"properties":{"section_id":"ZSVMA00","section_name":"濱江街　　大直橋(往北)","travel_speed":57.0,"level_name":"順暢","level_color":"#19FF1C","data_time":"2025-12-29 20:48:00+08:00"}},{"type":"Feature","geometry":{"type":"Polygon","coordinates":[[[121.5436040988,25.0725379135],[121.5441643098,25.0794885018],[121.5441755247,25.0795497993],[121.5441984142,25.0796001767],[121.5442363133,25.0796275621],[121.5442867135,25.0796342583],[121.5443345141,25.0796226145],[121.544369631,25.079590374],[121.5443895862,25.0795467206],[121.544391841,25.0794870762],[121.5438197749,25.0725230883],[121.5438135426,25.0724725888],[121.5437959869,25.0724319577],[121.5437635574,25.0723959027],[121.5437039126,25.0723802952],[121.5436543567,25.0724008244],[121.5436222567,25.0724393766],[121.5436050703,25.0724823958],[121.5436040988,25.0725379135]]]},"properties":{"section_id":"ZRCM940","section_name":"北安路　　大直橋(往南)","travel_speed":51.0,"level_name":"順暢","level_color":"#19FF1C","data_time":"2025-12-29 20:48:00+08:00"}},{"type":"Feature","geometry":{"type":"Polygon","coordinates":[[[121.4948244065,25.0316817759],[121.4948253375,25.0316823373],[121.4948259329,25.0316831231],[121.495716879,25.0324527556],[121.4957190372,25.0324540268],[121.4957332283,25.0324641878],[121.496002665,25.0326148338],[121.4960067836,25.0326167386],[121.4960083259,25.03261777],[121.4964286286,25.0328194051],[121.496437212,25.0328230567],[121.4964405982,25.0328236586],[121.496443066,25.032825049],[121.4969418314,25.0329786467],[121.4969497915,25.0329798256],[121.4969632136,25.0329829067],[121.4975701042,25.0330409655],[121.4975808162,25.0330414585],[121.497618709,25.0330344594],[121.4976507776,25.0330147816],[121.4976721397,25.0329854208],[121.4976795432,25.032950847],[121.4976718609,25.0329163237],[121.4976502625,25.0328871068],[121.4976180361,25.0328676442],[121.4975907999,25.0328613921],[121.496994861,25.032804381],[121.4965139925,25.0326562947],[121.496103546,25.032459388],[121.4958457175,25.0323152324],[121.4949630613,25.0315527616],[121.491921099,25.0288096505],[121.4918889807,25.0287902826],[121.491851034,25.028783536],[121.4918131421,25.0287905336],[121.4917810737,25.0288102102],[121.4917597109,25.0288395701],[121.491752306,25.0288741437],[121.4917599863,25.0289086673],[121.4917816888,25.0289379811],[121.4948244065,25.0316817759]]]},"properties":{"section_id":"ZH9H820","section_name":"艋舺大道 西藏路-西園路","travel_speed":42.0,"level_name":"順暢","level_color":"#19FF1C","data_time":"2025-12-29 20:48:00+08:00"}},{"type":"Feature","geometry":{"type":"Polygon","coordinates":[[[121.4905068847,25.0257270997],[121.4905081407,25.025725384],[121.4910344555,25.0245740975],[121.4910420723,25.0245390568],[121.4910343924,25.0245045331],[121.4910127971,25.0244753151],[121.4909805739,25.0244558511],[121.4909426286,25.0244491042],[121.490904738,25.0244561016],[121.4908726706,25.0244757779],[121.4908515201,25.0245046707],[121.490326003,25.0256542085],[121.4890162798,25.0282113326],[121.4890157979,25.0282133285],[121.4890143898,25.0282152637],[121.4890109098,25.0282243493],[121.4887116365,25.0291639206],[121.4887100675,25.0291741076],[121.4887080234,25.02918191],[121.4885785691,25.0306617698],[121.4885782565,25.0306692682],[121.4885793029,25.0306820324],[121.4887642815,25.031832095],[121.488765852,25.0318372471],[121.4887665904,25.0318423017],[121.4892040411,25.0333344633],[121.4892083654,25.0333460161],[121.4892142636,25.0333567809],[121.4900004917,25.034580214],[121.4900056821,25.0345863152],[121.4900091429,25.0345915791],[121.4909248287,25.0356168342],[121.4909318762,25.0356239224],[121.4909641023,25.0356433863],[121.4910020511,25.0356501332],[121.4910399451,25.0356431357],[121.4910720154,25.0356234593],[121.4910933796,25.0355940994],[121.491100785,25.0355595259],[121.4910931044,25.0355250023],[121.4910785546,25.0355028725],[121.4901676732,25.0344829981],[121.4893920571,25.0332760807],[121.4889595385,25.0318007505],[121.4887770123,25.0306659459],[121.4889047733,25.0292054174],[121.4891991004,25.0282813701],[121.4905064627,25.025728848],[121.4905068847,25.0257270997]]]},"properties":{"section_id":"Z5050A0","section_name":"環河快往北 西園華江","travel_speed":55.0,"level_name":"順暢","level_color":"#19FF1C","data_time":"2025-12-29 20:48:00+08:00"}},{"type":"Feature","geometry":{"type":"Polygon","coordinates":[[[121.537205936,25.011211562],[121.5371790278,25.0111965772],[121.5371687225,25.0111933222],[121.5367318507,25.0110794545],[121.5367270084,25.0110788448],[121.536720122,25.0110770878],[121.5360701334,25.0109831611],[121.5358591403,25.0109282441],[121.5349242263,25.0104240051],[121.5349113156,25.0104181529],[121.5348733724,25.0104114171],[121.5348354888,25.0104184256],[121.5348034321,25.0104381113],[121.5347820828,25.0104674773],[121.5347746909,25.0105020529],[121.534782382,25.0105365743],[121.5348039851,25.0105657858],[121.5348233006,25.0105793881],[121.5357691972,25.0110895507],[121.535782108,25.0110954028],[121.5357924493,25.0110986672],[121.5360214811,25.0111582793],[121.5360263182,25.0111588876],[121.5360331738,25.0111606368],[121.5366831447,25.0112545609],[121.5370934403,25.0113615017],[121.5376985053,25.01183387],[121.5377254136,25.0118488547],[121.5377633574,25.0118555898],[121.5378012412,25.0118485805],[121.5378332978,25.0118288942],[121.5378546466,25.0117995277],[121.5378620377,25.011764952],[121.5378543457,25.0117304309],[121.537827423,25.0116967506],[121.537205936,25.011211562]]]},"properties":{"section_id":"Z2330G0","section_name":"基隆快往西 羅斯福水源","travel_speed":44.0,"level_name":"順暢","level_color":"#19FF1C","data_time":"2025-12-29 20:48:00+08:00"}},{"type":"Feature","geometry":{"type":"Polygon","coordinates":[[[121.5335806192,24.9916154341],[121.5335787617,24.9916123497],[121.5324706202,24.9901589469],[121.5324590427,24.9901463763],[121.5324268223,24.9901269211],[121.5323888855,24.9901201846],[121.5323510079,24.9901271924],[121.532318956,24.9901468775],[121.5322976095,24.9901762432],[121.5322902181,24.9902108188],[121.5322979071,24.9902453403],[121.5323079285,24.9902619818],[121.5334141157,24.9917128238],[121.5343716899,24.9931746717],[121.5351783111,24.9945340097],[121.5352672289,24.9947937478],[121.5354988797,24.9955777239],[121.5355409834,24.9962000704],[121.5354963388,24.9969492156],[121.5354111878,24.9979929595],[121.5353326379,24.9988290967],[121.5353324586,24.9988331075],[121.5353323384,24.9988336164],[121.535321858,24.999104484],[121.5353294877,24.9991425433],[121.5353510888,24.9991717548],[121.5353833121,24.9991912093],[121.5354212518,24.999197945],[121.535459132,24.9991909364],[121.5354911857,24.9991712505],[121.535512533,24.9991418844],[121.5355198632,24.9991108467],[121.5355302557,24.9988422424],[121.5356086395,24.9980078582],[121.5356086755,24.9980070536],[121.5356087279,24.9980068509],[121.5356939916,24.9969617048],[121.5356938585,24.996960959],[121.5356941185,24.996959907],[121.535739127,24.9962046353],[121.5357381371,24.9961994172],[121.535739085,24.9961941835],[121.5356960106,24.9955575041],[121.535694645,24.9955521674],[121.5356927907,24.9955395844],[121.5354580279,24.9947450807],[121.5354570993,24.9947426087],[121.5354569399,24.9947416674],[121.5353645799,24.9944718754],[121.5353613846,24.9944638862],[121.5353571495,24.9944558179],[121.5345449569,24.9930870942],[121.5345442404,24.9930862218],[121.5345428782,24.9930837621],[121.5335824699,24.9916175905],[121.5335806192,24.9916154341]]]},"properties":{"section_id":"Z4010A0","section_name":"水源快往北 中正路-景美","travel_speed":44.0,"level_name":"順暢","level_color":"#19FF1C","data_time":"2025-12-29 20:48:00+08:00"}}]}